retailer,retailer_label,channel,external_id,name,brand,packaging,packaging_label,volume_l,pack_count,is_pack,price,currency,price_basis,pfand,price_incl_pfand,price_per_litre,price_per_litre_incl_pfand,bottle_equivalent_price,unit_price,list_price,on_promotion,in_stock,product_type,colour,sweetness,abv,vintage,country,region,grape_varieties,category_path,packaging_evidence,url,image_url,scraped_at
lidl,Lidl,discounter,100336259,"Vino Rosado Tempranillo 3-l-Bag-in-Box trocken, Roséwein 2025",DUMM,bag_in_box,Bag-in-Box,3.0,1,False,4.99,EUR,gross,0.0,4.99,1.66,1.66,1.24,1.66,,False,True,still,rose,trocken,,2025,Spanien,,Tempranillo,Kategorien/Weinwelt/Weinart/Roséwein,bag in box,https://www.lidl.de/p/vino-rosado-tempranillo-3-l-bag-in-box-trocken-rosewein-2025/p100336259,https://www.lidl.de/assets/gcp6a4634698da44808aa95b4a5c0b4f2e0.jpeg,2026-08-14T14:35:22.516601+00:00
lidl,Lidl,discounter,100200049,"CIMAROSA Shiraz 3-l-Bag-in-Box trocken, Roséwein 2025",CIMA,bag_in_box,Bag-in-Box,3.0,1,False,11.99,EUR,gross,0.0,11.99,4.0,4.0,3.0,4.0,,False,True,still,rose,trocken,,2025,Südafrika,,Shiraz,Kategorien/Weinwelt/Weinart/Roséwein,bag in box,https://www.lidl.de/p/cimarosa-shiraz-3-l-bag-in-box-trocken-rosewein-2025/p100200049,https://www.lidl.de/assets/gcp8f3c2f273cf94734bb83a8e03374c2e0.jpg,2026-08-14T14:35:22.518112+00:00
lidl,Lidl,discounter,100388928,"Grand Sud Merlot 3-l-Bag-in-Box trocken, Rotwein 2025",DUMY,bag_in_box,Bag-in-Box,3.0,1,False,9.99,EUR,gross,0.0,9.99,3.33,3.33,2.5,3.33,,False,True,still,rot,trocken,,2025,Frankreich,Languedoc,Merlot,Kategorien/Weinwelt/Weinart/Rotwein,bag in box,https://www.lidl.de/p/grand-sud-merlot-3-l-bag-in-box-trocken-rotwein-2025/p100388928,https://www.lidl.de/assets/gcp26bfdc1bfcd64824bf31492a98067768.jpg,2026-08-14T14:35:22.518850+00:00
lidl,Lidl,discounter,100274756,"CIMAROSA Chardonnay Chile 3-l-Bag-in-Box trocken, Weißwein 2024",CIMA,bag_in_box,Bag-in-Box,3.0,1,False,8.99,EUR,gross,0.0,8.99,3.0,3.0,2.25,3.0,,False,True,still,weiss,trocken,,2024,Chile,,Chardonnay,Kategorien/Weinwelt/Weinart/Weißwein,bag in box,https://www.lidl.de/p/cimarosa-chardonnay-chile-3-l-bag-in-box-trocken-weisswein-2024/p100274756,https://www.lidl.de/assets/gcpf963126f267348f184b66ce692331de0.jpg,2026-08-14T14:35:22.519324+00:00
lidl,Lidl,discounter,100359207,"Vino Tinto Tempranillo Spanien 3,0-l-Bag-in-Box trocken, Rotwein 2025",DUMM,bag_in_box,Bag-in-Box,3.0,1,False,4.99,EUR,gross,0.0,4.99,1.66,1.66,1.24,1.66,,False,True,still,rot,trocken,,2025,Spanien,,Tempranillo,Kategorien/Weinwelt/Weinart/Rotwein,bag in box,https://www.lidl.de/p/vino-tinto-tempranillo-spanien-3-0-l-bag-in-box-trocken-rotwein-2025/p100359207,https://www.lidl.de/assets/gcp872ef413bb2a409fb80172b24cdf7467.jpeg,2026-08-14T14:35:22.519850+00:00
lidl,Lidl,discounter,100248885,"CIMAROSA Cabernet Sauvignon Chile 3-l-Bag-in-Box trocken, Rotwein 2023",CIMA,bag_in_box,Bag-in-Box,3.0,1,False,12.99,EUR,gross,0.0,12.99,4.33,4.33,3.25,4.33,,False,True,still,rot,trocken,,2023,Chile,,Cabernet Sauvignon,Kategorien/Weinwelt/Weinart/Rotwein,bag in box,https://www.lidl.de/p/cimarosa-cabernet-sauvignon-chile-3-l-bag-in-box-trocken-rotwein-2023/p100248885,https://www.lidl.de/assets/gcp078fa5a768e5463eb59620c8119c16bf.jpg,2026-08-14T14:35:22.520328+00:00
lidl,Lidl,discounter,100223797,"CHEVALIER DE FAUVERT Pays d'Oc Merlot IGP 3-l-Bag-in-Box trocken, Rotwein 2023",CHEV,bag_in_box,Bag-in-Box,3.0,1,False,7.99,EUR,gross,0.0,7.99,2.66,2.66,2.0,2.66,,False,True,still,rot,trocken,,2023,Frankreich,,Merlot,Kategorien/Weinwelt/Weinart/Rotwein,bag in box,https://www.lidl.de/p/chevalier-de-fauvert-pays-d-oc-merlot-igp-3-l-bag-in-box-trocken-rotwein-2023/p100223797,https://www.lidl.de/assets/gcp3de3206da3e64438aeddb7bebed64825.jpg,2026-08-14T14:35:22.520938+00:00
lidl,Lidl,discounter,100352773,"Sol & Mar Sangria 3-l-Bag-in-Box 7,0% Vol",DUMM,bag_in_box,Bag-in-Box,3.0,1,False,6.99,EUR,gross,0.0,6.99,2.33,2.33,1.75,2.33,,False,True,sangria,,,7.0,,,,,Kategorien/Weinwelt/Weinart/Rotwein,bag in box,https://www.lidl.de/p/sol-mar-sangria-3-l-bag-in-box-7-0-vol/p100352773,https://www.lidl.de/assets/gcpecbfe6051a5844d0b7a58b4fe9334faf.jpg,2026-08-14T14:35:22.521459+00:00
lidl,Lidl,discounter,100393170,"MAYBACH Riesling QbA 3-l-Bag-in-Box trocken, Weißwein 2025",MACH,bag_in_box,Bag-in-Box,3.0,1,False,9.99,EUR,gross,0.0,9.99,3.33,3.33,2.5,3.33,,False,True,still,weiss,trocken,,2025,Deutschland,,Riesling,Kategorien/Weinwelt/Weinart/Weißwein,bag in box,https://www.lidl.de/p/maybach-riesling-qba-3-l-bag-in-box-trocken-weisswein-2025/p100393170,https://www.lidl.de/assets/gcp09869bd134334ed8ae45069383b14549.jpg,2026-08-14T14:35:22.522200+00:00
lidl,Lidl,discounter,100337413,"Méditerranée Rosé IGP 3-l-Bag-in-Box trocken, Roséwein 2025",DUMM,bag_in_box,Bag-in-Box,3.0,1,False,11.99,EUR,gross,0.0,11.99,4.0,4.0,3.0,4.0,,False,True,still,rose,trocken,,2025,Frankreich,,,Kategorien/Weinwelt/Weinart/Roséwein,bag in box,https://www.lidl.de/p/mediterranee-rose-igp-3-l-bag-in-box-trocken-rosewein-2025/p100337413,https://www.lidl.de/assets/gcpc1d202992aa4404884969bb499305cea.jpg,2026-08-14T14:35:22.522689+00:00
lidl,Lidl,discounter,100396913,"Vino Blanco Airén 3-l-Bag-in-Box halbtrocken, Weißwein 2025",DUMM,bag_in_box,Bag-in-Box,3.0,1,False,4.99,EUR,gross,0.0,4.99,1.66,1.66,1.24,1.66,,False,True,still,weiss,halbtrocken,,2025,Spanien,,Airén,Kategorien/Weinwelt/Weinart/Rotwein,bag in box,https://www.lidl.de/p/vino-blanco-airen-3-l-bag-in-box-halbtrocken-weisswein-2025/p100396913,https://www.lidl.de/assets/gcp2841b93347a74d81b0b0a733f4c7b8d8.jpg,2026-08-14T14:35:22.523176+00:00
lidl,Lidl,discounter,100389306,"GIULIO PASOTTI Pinot Grigio delle Venezie DOC 3-l-Bag-in-Box trocken, Weißwein 2025",PASO,bag_in_box,Bag-in-Box,3.0,1,False,8.49,EUR,gross,0.0,8.49,2.83,2.83,2.12,2.83,,False,True,still,weiss,trocken,,2025,Italien,Venetien,Pinot Grigio,Kategorien/Weinwelt/Weinart/Weißwein,bag in box,https://www.lidl.de/p/giulio-pasotti-pinot-grigio-delle-venezie-doc-3-l-bag-in-box-trocken-weisswein-2025/p100389306,https://www.lidl.de/assets/gcpefb0d914a0bb4635876e16ea35136c25.jpg,2026-08-14T14:35:22.523709+00:00
lidl,Lidl,discounter,100388896,"Grand Sud Chardonnay 3,0-l-Bag-in-Box trocken, Weißwein",DUMY,bag_in_box,Bag-in-Box,3.0,1,False,12.95,EUR,gross,0.0,12.95,4.32,4.32,3.24,4.32,,False,True,still,weiss,trocken,,,Frankreich,,Chardonnay,Kategorien/Weinwelt/Weinart/Weißwein,bag in box,https://www.lidl.de/p/grand-sud-chardonnay-3-0-l-bag-in-box-trocken-weisswein/p100388896,https://www.lidl.de/assets/gcp02179fcc629c40bd9dcbd74bdda780a5.jpg,2026-08-14T14:35:22.524164+00:00
lidl,Lidl,discounter,100310894,"ALMOCREVE Alentejano Vinho Regional 3-l-Bag-in-Box trocken vegan, Rotwein 2023",ALMC,bag_in_box,Bag-in-Box,3.0,1,False,11.99,EUR,gross,0.0,11.99,4.0,4.0,3.0,4.0,,False,True,still,rot,trocken,,2023,Portugal,Alentejano,,Kategorien/Weinwelt/Weinart/Rotwein,bag in box,https://www.lidl.de/p/almocreve-alentejano-vinho-regional-3-l-bag-in-box-trocken-vegan-rotwein-2023/p100310894,https://www.lidl.de/assets/cfe573c309f65c4840f70e1c6be37e80.jpeg,2026-08-14T14:35:22.524711+00:00
lidl,Lidl,discounter,100407549,"MAYBACH Grauer Burgunder 3-l-Bag-in-Box trocken, Weißwein 2025",MACH,bag_in_box,Bag-in-Box,3.0,1,False,11.49,EUR,gross,0.0,11.49,3.83,3.83,2.87,3.83,,False,True,still,weiss,trocken,,2025,Deutschland,Pfalz,,Kategorien/Weinwelt/Weinart/Weißwein,bag in box,https://www.lidl.de/p/maybach-grauer-burgunder-3-l-bag-in-box-trocken-weisswein-2025/p100407549,https://www.lidl.de/assets/gcp50d16bca28ba4854ac37b2e0dbc023cc.jpg,2026-08-14T14:35:22.525233+00:00
lidl,Lidl,discounter,100407539,"BREE Riesling 3-l-Bag-in-Box feinherb, Weißwein 2025",BREE,bag_in_box,Bag-in-Box,3.0,1,False,11.99,EUR,gross,0.0,11.99,4.0,4.0,3.0,4.0,,False,True,still,weiss,halbtrocken,,2025,Deutschland,Pfalz,Riesling,Kategorien/Weinwelt/Weinart/Weißwein,bag in box,https://www.lidl.de/p/bree-riesling-3-l-bag-in-box-feinherb-weisswein-2025/p100407539,https://www.lidl.de/assets/gcp17e14876201846fcb50e559286cea958.jpg,2026-08-14T14:35:22.525630+00:00
lidl,Lidl,discounter,100384322,"Primitivo Puglia IGT trocken 3-l-Bag-in-Box, Rotwein",DUMM,bag_in_box,Bag-in-Box,3.0,1,False,7.49,EUR,gross,0.0,7.49,2.5,2.5,1.88,2.5,,False,True,still,rot,trocken,,,Italien,Apulien,Primitivo,Kategorien/Weinwelt/Weinart/Rotwein,bag in box,https://www.lidl.de/p/primitivo-puglia-igt-trocken-3-l-bag-in-box-rotwein/p100384322,https://www.lidl.de/assets/gcp15b922d6b7824e648f7af5910b696799.jpg,2026-08-14T14:35:22.526002+00:00
lidl,Lidl,discounter,100407548,"BREE Pinot Noir Rosé 3-l-Bag-in-Box feinherb, Roséwein 2025",BREE,bag_in_box,Bag-in-Box,3.0,1,False,12.99,EUR,gross,0.0,12.99,4.33,4.33,3.25,4.33,,False,True,still,rose,halbtrocken,,2025,Deutschland,Baden,Pinot Noir,Kategorien/Weinwelt/Weinart/Roséwein,bag in box,https://www.lidl.de/p/bree-pinot-noir-rose-3-l-bag-in-box-feinherb-rosewein-2025/p100407548,https://www.lidl.de/assets/gcpb05e325e116048bfbd07bdd47c74d105.jpg,2026-08-14T14:35:22.526508+00:00
lidl,Lidl,discounter,100393423,"CIMAROSA Sauvignon Blanc Marlborough 3-l-Bag-in-Box trocken, Weißwein 2025",CIMA,bag_in_box,Bag-in-Box,3.0,1,False,17.99,EUR,gross,0.0,17.99,6.0,6.0,4.5,6.0,,False,True,still,weiss,trocken,,2025,Neuseeland,,Sauvignon Blanc,Kategorien/Weinwelt/Weinart/Weißwein,bag in box,https://www.lidl.de/p/cimarosa-sauvignon-blanc-marlborough-3-l-bag-in-box-trocken-weisswein-2025/p100393423,https://www.lidl.de/assets/gcp7722e6f3907a4dff8c9b3807709847a3.jpg,2026-08-14T14:35:22.526905+00:00
lidl,Lidl,discounter,100392385,"CIMAROSA Chenin Blanc Western Cape 3-l-Bag-in-Box trocken, Weißwein 2025",CIMA,bag_in_box,Bag-in-Box,3.0,1,False,11.99,EUR,gross,0.0,11.99,4.0,4.0,3.0,4.0,,False,True,still,weiss,trocken,,2025,Südafrika,,Chenin Blanc,Kategorien/Weinwelt/Weinart/Rotwein,bag in box,https://www.lidl.de/p/cimarosa-chenin-blanc-western-cape-3-l-bag-in-box-trocken-weisswein-2025/p100392385,https://www.lidl.de/assets/gcpea2e0a40db3746bda43d729a213dab51.jpg,2026-08-14T14:35:22.527439+00:00
lidl,Lidl,discounter,100393189,"KÄFER Pinot Grigio delle Venezie DOP 3-l-Bag-in-Box trocken, Weißwein 2025",KÄFE,bag_in_box,Bag-in-Box,3.0,1,False,12.99,EUR,gross,0.0,12.99,4.33,4.33,3.25,4.33,,False,True,still,weiss,trocken,,2025,Italien,Venetien,Pinot Grigio,Kategorien/Weinwelt/Weinart/Weißwein,bag in box,https://www.lidl.de/p/kaefer-pinot-grigio-delle-venezie-dop-3-l-bag-in-box-trocken-weisswein-2025/p100393189,https://www.lidl.de/assets/gcp035423653def464c97d8ad27d61ae96f.jpg,2026-08-14T14:35:22.527965+00:00
lidl,Lidl,discounter,100393610,"MARKGRÄFLER WINZER Gutedel QbA trocken 3-l-Bag-in-Box, Weißwein 2024",MGW,bag_in_box,Bag-in-Box,3.0,1,False,13.99,EUR,gross,0.0,13.99,4.66,4.66,3.5,4.66,,False,True,still,weiss,trocken,,2024,Deutschland,Baden,Gutedel,Kategorien/Weinwelt/Weinart/Rotwein,bag in box,https://www.lidl.de/p/markgraefler-winzer-gutedel-qba-trocken-3-l-bag-in-box-weisswein-2024/p100393610,https://www.lidl.de/assets/gcpbe836c4a3d934e3998ccd8f4eeb25b40.jpg,2026-08-14T14:35:22.528445+00:00
lidl,Lidl,discounter,100407511,"MAYBACH Weisser Burgunder 3-l-Bag-in-Box trocken, Weißwein 2025",MACH,bag_in_box,Bag-in-Box,3.0,1,False,11.49,EUR,gross,0.0,11.49,3.83,3.83,2.87,3.83,,False,True,still,weiss,trocken,,2025,Deutschland,Mosel,,Kategorien/Weinwelt/Weinart/Weißwein,bag in box,https://www.lidl.de/p/maybach-weisser-burgunder-3-l-bag-in-box-trocken-weisswein-2025/p100407511,https://www.lidl.de/assets/gcp3b91132b7d5e466f8802518ff23fa1ab.jpg,2026-08-14T14:35:22.529789+00:00
lidl,Lidl,discounter,100364696,"Silvaner Kabinett Bocksbeutel Franken QbA trocken, Weißwein 2024",DUMM,glass,Glasflasche,0.75,1,False,3.79,EUR,gross,0.0,3.79,5.05,5.05,3.79,5.05,,False,True,still,weiss,trocken,,2024,Deutschland,Franken,Silvaner,Kategorien/Weinwelt/Weinart/Weißwein,"beutel, bocksbeutel",https://www.lidl.de/p/silvaner-kabinett-bocksbeutel-franken-qba-trocken-weisswein-2024/p100364696,https://www.lidl.de/assets/gcp48bfb4c7d81746d78d12a4c811526ba6.jpeg,2026-08-14T14:35:22.530233+00:00
lidl,Lidl,discounter,100407532,"MERTES Liebfraumilch 3-l-Bag-in-Box lieblich, Weißwein 2025",MERS,bag_in_box,Bag-in-Box,3.0,1,False,8.99,EUR,gross,0.0,8.99,3.0,3.0,2.25,3.0,,False,True,still,weiss,lieblich,,2025,Deutschland,Rheinhessen,,Kategorien/Weinwelt/Weinart/Zwischenerzeugnis Weiß,bag in box,https://www.lidl.de/p/mertes-liebfraumilch-3-l-bag-in-box-lieblich-weisswein-2025/p100407532,https://www.lidl.de/assets/gcp1518e301f7734176913ae8bb06543c47.jpg,2026-08-14T14:35:22.530746+00:00
lidl,Lidl,discounter,100338226,"Cigar Box Cabernet Sauvignon Chile Valle Maipo DO trocken, Rotwein 2023",DUMM,glass,Glasflasche,0.75,1,False,7.49,EUR,gross,0.0,7.49,9.99,9.99,7.49,9.99,,False,True,still,rot,trocken,,2023,Chile,,Cabernet Sauvignon,Kategorien/Weinwelt/Weinart/Rotwein,,https://www.lidl.de/p/cigar-box-cabernet-sauvignon-chile-valle-maipo-do-trocken-rotwein-2023/p100338226,https://www.lidl.de/assets/gcpc85910715876405c984e07bcbad35078.jpeg,2026-08-14T14:35:22.531134+00:00
lidl,Lidl,discounter,100392285,"SCHAUBECK 1272 Weißburgunder mit Muskateller feinherb, Weißwein 2025",SCCK,unknown,unbekannt,0.75,1,False,3.99,EUR,gross,,,5.32,,3.99,5.32,,False,True,still,weiss,halbtrocken,,2025,Deutschland,,Weißburgunder,Kategorien/Weinwelt/Weinart/Weißwein,,https://www.lidl.de/p/schaubeck-1272-weissburgunder-mit-muskateller-feinherb-weisswein-2025/p100392285,https://www.lidl.de/assets/gcp48beaf04311643ad8d7729b0f1952373.jpg,2026-08-14T14:35:22.546137+00:00
lidl,Lidl,discounter,100408001,"Riesling mit Grauburgunder feinherb, Weißwein 2024",DUMM,glass,Glasflasche,0.75,1,False,3.79,EUR,gross,0.0,3.79,5.05,5.05,3.79,5.05,,False,True,still,weiss,halbtrocken,,2024,Deutschland,,"Riesling, Grauburgunder",Kategorien/Weinwelt/Weinart/Weißwein,,https://www.lidl.de/p/riesling-mit-grauburgunder-feinherb-weisswein-2024/p100408001,https://www.lidl.de/assets/gcp1a92a8606e1942f1abd84ca75ae578ef.jpg,2026-08-14T14:35:22.546901+00:00
lidl,Lidl,discounter,100238743,"Rheingau Riesling QbA trocken, Weißwein 2024",DUMM,unknown,unbekannt,0.75,1,False,3.29,EUR,gross,,,4.39,,3.29,4.39,,False,True,still,weiss,trocken,,2024,Deutschland,Rheingau,Riesling,Kategorien/Weinwelt/Weinart/Weißwein,,https://www.lidl.de/p/rheingau-riesling-qba-trocken-weisswein-2024/p100238743,https://www.lidl.de/assets/gcp9f4b9db1a139400781bc08f5bb839342.jpg,2026-08-14T14:35:22.547672+00:00
lidl,Lidl,discounter,100299776,"DEIDESHEIMER WEINMANUFAKTUR Forster Mariengarten Riesling Pfalz QbA trocken, Weißwein 2024",DEWI,unknown,unbekannt,0.75,1,False,4.99,EUR,gross,,,6.65,,4.99,6.65,,False,True,still,weiss,trocken,,2024,Deutschland,Pfalz,Riesling,Kategorien/Weinwelt/Weinart/Weißwein,,https://www.lidl.de/p/deidesheimer-weinmanufaktur-forster-mariengarten-riesling-pfalz-qba-trocken-weisswein-2024/p100299776,https://www.lidl.de/assets/gcpab7426c434bd403e8541f4e56c2bace1.jpg,2026-08-14T14:35:22.548297+00:00
lidl,Lidl,discounter,100359201,"Grüner Veltliner Reserve Niederösterreich trocken, Weißwein 2025",DUMM,glass,Glasflasche,0.75,1,False,3.79,EUR,gross,0.0,3.79,5.05,5.05,3.79,5.05,,False,True,still,weiss,trocken,,2025,Österreich,,Grüner Veltliner,Kategorien/Weinwelt/Weinart/Weißwein,,https://www.lidl.de/p/gruener-veltliner-reserve-niederoesterreich-trocken-weisswein-2025/p100359201,https://www.lidl.de/assets/gcpd954973f261e4a8ea7eee0075fcc9e84.jpg,2026-08-14T14:35:22.548984+00:00
lidl,Lidl,discounter,100012176,"Junge Winzer Weißburgunder QbA trocken, Weißwein 2025",JUWI,glass,Glasflasche,0.75,1,False,5.99,EUR,gross,0.0,5.99,7.99,7.99,5.99,7.99,,False,True,still,weiss,trocken,,2025,Deutschland,Baden,Weißburgunder,Kategorien/Weinwelt/Weinart/Weißwein,,https://www.lidl.de/p/junge-winzer-weissburgunder-qba-trocken-weisswein-2025/p100012176,https://www.lidl.de/assets/gcp5655fabaa42b42e8880c07c571e377ec.jpg,2026-08-14T14:35:22.549790+00:00
lidl,Lidl,discounter,100356922,"Stellenbosch Handcrafted Cabernet Sauvignon Merlot trocken, Rotwein 2024",DUMM,glass,Glasflasche,0.75,1,False,7.77,EUR,gross,0.0,7.77,10.36,10.36,7.77,10.36,,False,True,still,rot,trocken,,2024,Südafrika,,"Cabernet Sauvignon, Merlot",Kategorien/Weinwelt/Weinart/Rotwein,,https://www.lidl.de/p/stellenbosch-handcrafted-cabernet-sauvignon-merlot-trocken-rotwein-2024/p100356922,https://www.lidl.de/assets/gcp1651c204a5f94701ad69a030e4692a05.jpeg,2026-08-14T14:35:22.550255+00:00
lidl,Lidl,discounter,100407333,"WEINGUT VON OTHEGRAVEN Riesling Kabinett VDP.Gutswein feinherb, Weißwein 2024",WVOG,unknown,unbekannt,0.75,1,False,12.5,EUR,gross,,,16.67,,12.5,16.67,,False,True,still,weiss,halbtrocken,,2024,Deutschland,Mosel,Riesling,Kategorien/Weinwelt/Weinart/Weißwein,,https://www.lidl.de/p/weingut-von-othegraven-riesling-kabinett-vdp-gutswein-feinherb-weisswein-2024/p100407333,https://www.lidl.de/assets/gcp76b5973b40984bc490786ddd720de2b0.jpg,2026-08-14T14:35:22.551100+00:00
lidl,Lidl,discounter,100196590,"ERBEN Auslese edelsüß, Weißwein 2025",ERBE,glass,Glasflasche,0.75,1,False,4.99,EUR,gross,0.0,4.99,6.65,6.65,4.99,6.65,,False,True,still,weiss,suess,,2025,Deutschland,Rheinhessen,,Kategorien/Weinwelt/Weinart/Weißwein,,https://www.lidl.de/p/erben-auslese-edelsuess-weisswein-2025/p100196590,https://www.lidl.de/assets/gcp66dc34f4f630454192dfb7dc5d2104f0.jpg,2026-08-14T14:35:22.551823+00:00
lidl,Lidl,discounter,100339492,"Silvaner Rheinhessen QbA trocken, Weißwein 2024",DUMM,glass,Glasflasche,0.75,1,False,2.49,EUR,gross,0.0,2.49,3.32,3.32,2.49,3.32,,False,True,still,weiss,trocken,,2024,Deutschland,Rheinhessen,Silvaner,Kategorien/Weinwelt/Weinart/Weißwein,,https://www.lidl.de/p/silvaner-rheinhessen-qba-trocken-weisswein-2024/p100339492,https://www.lidl.de/assets/gcp0c58b07e1f6a462f9c7bed5f848df963.jpg,2026-08-14T14:35:22.552546+00:00
lidl,Lidl,discounter,100406942,ALLINI Weinbergspfirsich Secco,ALIN,glass,Glasflasche,0.75,1,False,1.49,EUR,gross,0.0,1.49,1.99,1.99,1.49,1.99,,False,True,sparkling,,trocken,,,,,,"Kategorien/Weinwelt/Weinart/Champagner, Sekt & Secco",,https://www.lidl.de/p/allini-weinbergspfirsich-secco/p100406942,https://www.lidl.de/assets/gcp148c3073d9d8431dbb2b9369010c0931.jpg,2026-08-14T14:35:22.553081+00:00
lidl,Lidl,discounter,100398479,"CHÂTEAU MALAUSANNE Cuvée Tradition AOC trocken, Rotwein 2023",ALAU,unknown,unbekannt,0.75,1,False,6.99,EUR,gross,,,9.32,,6.99,9.32,,False,True,still,rot,trocken,,2023,Frankreich,Bordeaux,,Kategorien/Weinwelt/Weinart/Rotwein,,https://www.lidl.de/p/chateau-malausanne-cuvee-tradition-aoc-trocken-rotwein-2023/p100398479,https://www.lidl.de/assets/gcpe8d719f14d67450d9cf8dd9fc4037f6e.jpg,2026-08-14T14:35:22.553723+00:00
lidl,Lidl,discounter,100393188,"MAYBACH Riesling QbA trocken, Weißwein 2025",MACH,unknown,unbekannt,0.75,1,False,4.99,EUR,gross,,,6.65,,4.99,6.65,,False,True,still,weiss,trocken,,2025,Deutschland,,Riesling,Kategorien/Weinwelt/Weinart/Rotwein,,https://www.lidl.de/p/maybach-riesling-qba-trocken-weisswein-2025/p100393188,https://www.lidl.de/assets/gcpe0633b3b262f4b7fbdf15b7f098a4595.jpg,2026-08-14T14:35:22.554214+00:00
lidl,Lidl,discounter,100396949,"RAINER BAUER Riesling Weißburgunder halbtrocken, Weißwein 2024",BAUE,unknown,unbekannt,0.75,1,False,6.29,EUR,gross,,,8.39,,6.29,8.39,,False,True,still,weiss,halbtrocken,,2024,Deutschland,,"Riesling, Weißburgunder",Kategorien/Weinwelt/Weinart/Rotwein,,https://www.lidl.de/p/rainer-bauer-riesling-weissburgunder-halbtrocken-weisswein-2024/p100396949,https://www.lidl.de/assets/gcp4e5a83eba8d34568a55df5bc592fde1d.jpg,2026-08-14T14:35:22.554660+00:00
lidl,Lidl,discounter,100354594,"Weißburgunder Rheinhessen QbA trocken, Weißwein 2024",DUMM,unknown,unbekannt,0.75,1,False,1.99,EUR,gross,,,2.65,,1.99,2.65,,False,True,still,weiss,trocken,,2024,Deutschland,Rheinhessen,Weißburgunder,Kategorien/Weinwelt/Weinart/Weißwein,,https://www.lidl.de/p/weissburgunder-rheinhessen-qba-trocken-weisswein-2024/p100354594,https://www.lidl.de/assets/gcpe51de59ac89d4d2f9a5052f163a2ebfb.jpg,2026-08-14T14:35:22.555208+00:00
lidl,Lidl,discounter,100385222,"Zweigelt Cuvée BA Burgenland trocken, Rotwein 2023",DUMM,glass,Glasflasche,0.75,1,False,3.49,EUR,gross,0.0,3.49,4.65,4.65,3.49,4.65,,False,True,still,rot,trocken,,2023,,,Zweigelt,Kategorien/Weinwelt/Weinart/Rotwein,,https://www.lidl.de/p/zweigelt-cuvee-ba-burgenland-trocken-rotwein-2023/p100385222,https://www.lidl.de/assets/gcpb3f143d4d76541b29e9c0e29fb55ba7c.jpg,2026-08-14T14:35:22.555835+00:00
lidl,Lidl,discounter,100262321,"MARKGRÄFLER WINZER Spätburgunder Weißherbst QbA feinherb, Literflasche, Roséwein 2024",MGW,glass,Glasflasche,1.0,1,False,5.99,EUR,gross,0.0,5.99,5.99,5.99,4.49,5.99,,False,True,still,rose,halbtrocken,,2024,Deutschland,Baden,Spätburgunder,Kategorien/Weinwelt/Weinart/Roséwein,,https://www.lidl.de/p/markgraefler-winzer-spaetburgunder-weissherbst-qba-feinherb-literflasche-rosewein-2024/p100262321,https://www.lidl.de/assets/gcpb15beedf74184ca1a659c64caa37ffb2.jpg,2026-08-14T14:35:22.556817+00:00
lidl,Lidl,discounter,100326451,"DEIDESHEIMER WEINMANUFAKTUR Riesling Sekt b.A. brut, Schaumwein",DEWI,glass,Glasflasche,0.75,1,False,9.99,EUR,gross,0.0,9.99,13.32,13.32,9.99,13.32,,False,True,sparkling,weiss,trocken,,,Deutschland,Pfalz,Riesling,"Kategorien/Weinwelt/Weinart/Champagner, Sekt & Secco",,https://www.lidl.de/p/deidesheimer-weinmanufaktur-riesling-sekt-b-a-brut-schaumwein/p100326451,https://www.lidl.de/assets/99ecfca70b0eb4b15fd42ca3feeb16c2.jpeg,2026-08-14T14:35:22.557315+00:00
lidl,Lidl,discounter,100262322,"MARKGRÄFLER WINZER Spätburgunder Rotwein QbA trocken, Literflasche, Rotwein 2024",MGW,glass,Glasflasche,1.0,1,False,5.99,EUR,gross,0.0,5.99,5.99,5.99,4.49,5.99,,False,True,still,rot,trocken,,2024,Deutschland,Baden,Spätburgunder,Kategorien/Weinwelt/Weinart/Rotwein,,https://www.lidl.de/p/markgraefler-winzer-spaetburgunder-rotwein-qba-trocken-literflasche-rotwein-2024/p100262322,https://www.lidl.de/assets/gcp3ed2efb405814a27abca5afedc76498a.jpeg,2026-08-14T14:35:22.557766+00:00
lidl,Lidl,discounter,100407390,"WEINGUT VON OTHEGRAVEN VO Riesling feinherb, Weißwein 2025",WVOG,glass,Glasflasche,0.75,1,False,9.9,EUR,gross,0.0,9.9,13.2,13.2,9.9,13.2,,False,True,still,weiss,halbtrocken,,2025,Deutschland,Mosel,Riesling,Kategorien/Weinwelt/Weinart/Weißwein,,https://www.lidl.de/p/weingut-von-othegraven-vo-riesling-feinherb-weisswein-2025/p100407390,https://www.lidl.de/assets/gcp4c9526f6cfc440679d17fc7253e18bfc.jpg,2026-08-14T14:35:22.558327+00:00
lidl,Lidl,discounter,100342454,"STAATSWEINGUT WEINSBERG Riesling VDP.Gutswein trocken, Weißwein 2024",STWE,glass,Glasflasche,0.75,1,False,7.9,EUR,gross,0.0,7.9,10.53,10.53,7.9,10.53,,False,True,still,weiss,trocken,,2024,Deutschland,Wurttemberg,Riesling,Kategorien/Weinwelt/Weinart/Weißwein,,https://www.lidl.de/p/staatsweingut-weinsberg-riesling-vdp-gutswein-trocken-weisswein-2024/p100342454,https://www.lidl.de/assets/gcp053f7d38ca4c4f6890f0c248c4f99544.jpeg,2026-08-14T14:35:22.558992+00:00
lidl,Lidl,discounter,100264748,"ROTWILD Dornfelder Rheinhessen QbA trocken, Rotwein 2023",ROIL,glass,Glasflasche,0.75,1,False,4.49,EUR,gross,0.0,4.49,5.99,5.99,4.49,5.99,,False,True,still,rot,trocken,,2023,Deutschland,Rheinhessen,Dornfelder,Kategorien/Weinwelt/Weinart/Rotwein,,https://www.lidl.de/p/rotwild-dornfelder-rheinhessen-qba-trocken-rotwein-2023/p100264748,https://www.lidl.de/assets/f78cef214b3c58bb340688cc414fed08.jpeg,2026-08-14T14:35:22.559486+00:00
lidl,Lidl,discounter,100291373,"Der pfeffrige Grüne Veltliner Niederösterreich trocken, Weißwein 2024",DUMM,glass,Glasflasche,0.75,1,False,5.99,EUR,gross,0.0,5.99,7.99,7.99,5.99,7.99,,False,True,still,weiss,trocken,,2024,Österreich,,Grüner Veltliner,Kategorien/Weinwelt/Weinart/Weißwein,,https://www.lidl.de/p/der-pfeffrige-gruene-veltliner-niederoesterreich-trocken-weisswein-2024/p100291373,https://www.lidl.de/assets/gcpd9b863700b644231b719ded35e4864a4.jpg,2026-08-14T14:35:22.559922+00:00
lidl,Lidl,discounter,100258219,"Sonnenschein Sauvignon Blanc Rheinhessen QbA trocken, Weißwein 2023",DUMM,glass,Glasflasche,0.75,1,False,6.49,EUR,gross,0.0,6.49,8.65,8.65,6.49,8.65,,False,True,still,weiss,trocken,,2023,Deutschland,Rheinhessen,Sauvignon Blanc,Kategorien/Weinwelt/Weinart/Weißwein,,https://www.lidl.de/p/sonnenschein-sauvignon-blanc-rheinhessen-qba-trocken-weisswein-2023/p100258219,https://www.lidl.de/assets/6b3f9898acd42c95c4e8451819386a95.jpeg,2026-08-14T14:35:22.560542+00:00
lidl,Lidl,discounter,100176170,"Dornfelder QbA trocken, Rotwein",DUMM,glass,Glasflasche,0.75,1,False,2.29,EUR,gross,0.0,2.29,3.05,3.05,2.29,3.05,,False,True,still,rot,trocken,,,Deutschland,,Dornfelder,Kategorien/Weinwelt/Weinart/Rotwein,,https://www.lidl.de/p/dornfelder-qba-trocken-rotwein/p100176170,https://www.lidl.de/assets/gcp44d15e3b9217424d8fe0a76ba7464f62.jpg,2026-08-14T14:35:22.560968+00:00
lidl,Lidl,discounter,100384277,"Dornfelder Rheinhessen QbA lieblich, Rotwein",DUMM,glass,Glasflasche,0.75,1,False,2.29,EUR,gross,0.0,2.29,3.05,3.05,2.29,3.05,,False,True,still,rot,lieblich,,,Deutschland,Rheinhessen,Dornfelder,Kategorien/Weinwelt/Weinart/Rotwein,,https://www.lidl.de/p/dornfelder-rheinhessen-qba-lieblich-rotwein/p100384277,https://www.lidl.de/assets/gcp753f6259340648ddbf6f8c4b95dc433c.jpg,2026-08-14T14:35:22.561404+00:00
lidl,Lidl,discounter,100384303,"Riesling QbA feinherb, Weißwein",DUMM,glass,Glasflasche,1.0,1,False,2.79,EUR,gross,0.0,2.79,2.79,2.79,2.09,2.79,,False,True,still,weiss,halbtrocken,,,Deutschland,,Riesling,Kategorien/Weinwelt/Weinart/Weißwein,,https://www.lidl.de/p/riesling-qba-feinherb-weisswein/p100384303,https://www.lidl.de/assets/gcp6845a7e8597a4d868b3e6acc2c866a78.jpg,2026-08-14T14:35:22.561806+00:00
lidl,Lidl,discounter,100369302,"ROTKÄPPCHEN Sekt Flaschengärung Riesling trocken, Schaumwein",ROTK,glass,Glasflasche,0.75,1,False,6.49,EUR,gross,0.0,6.49,8.65,8.65,6.49,8.65,,False,True,sparkling,weiss,trocken,,,Deutschland,,Riesling,"Kategorien/Weinwelt/Weinart/Champagner, Sekt & Secco",,https://www.lidl.de/p/rotkaeppchen-sekt-flaschengaerung-riesling-trocken-schaumwein/p100369302,https://www.lidl.de/assets/gcpd85fe19e77384e9c9e31500c4e3a7d35.jpeg,2026-08-14T14:35:22.562231+00:00
lidl,Lidl,discounter,100040979,"ALMOCREVE Alentejano, Weißwein 2024",ALMC,glass,Glasflasche,0.75,1,False,4.49,EUR,gross,0.0,4.49,5.99,5.99,4.49,5.99,,False,True,still,weiss,trocken,,2024,Portugal,Alentejano,,Kategorien/Weinwelt/Weinart/Weißwein,,https://www.lidl.de/p/almocreve-alentejano-weisswein-2024/p100040979,https://www.lidl.de/assets/83f54fbf53d49db687a58c373a752e4c.jpeg,2026-08-14T14:35:22.562749+00:00
lidl,Lidl,discounter,100160515,"Nemea Barrique POP trocken, Rotwein 2021",DUMM,glass,Glasflasche,0.75,1,False,5.49,EUR,gross,0.0,5.49,7.32,7.32,5.49,7.32,,False,True,still,rot,trocken,,2021,Griechenland,,,Kategorien/Weinwelt/Weinart/Rotwein,,https://www.lidl.de/p/nemea-barrique-pop-trocken-rotwein-2021/p100160515,https://www.lidl.de/assets/09fa835ae3f19593cc686348dc8ccff3.jpeg,2026-08-14T14:35:22.563184+00:00
lidl,Lidl,discounter,100347760,"CAVINO Ionos Imiglykos lieblich, Weißwein",CAVI,glass,Glasflasche,0.75,1,False,5.99,EUR,gross,0.0,5.99,7.99,7.99,5.99,7.99,,False,True,still,weiss,lieblich,,,Griechenland,,,Kategorien/Weinwelt/Weinart/Weißwein,,https://www.lidl.de/p/cavino-ionos-imiglykos-lieblich-weisswein/p100347760,https://www.lidl.de/assets/gcp27133578f34949f485a36ddd03a95863.jpeg,2026-08-14T14:35:22.563664+00:00
lidl,Lidl,discounter,100191200,"REMY & KOHLHAAS Johannisberger Erntebringer Riesling QbA trocken, Weißwein 2024",RYKO,glass,Glasflasche,0.75,1,False,5.99,EUR,gross,0.0,5.99,7.99,7.99,5.99,7.99,,False,True,still,weiss,trocken,,2024,Deutschland,Rheingau,Riesling,Kategorien/Weinwelt/Weinart/Weißwein,,https://www.lidl.de/p/remy-kohlhaas-johannisberger-erntebringer-riesling-qba-trocken-weisswein-2024/p100191200,https://www.lidl.de/assets/gcp15f740447b8846f785cbb3a98a94cd77.jpeg,2026-08-14T14:35:22.564189+00:00
lidl,Lidl,discounter,100299718,"CHÂTEAU D'AIGUILHE Castillon Côtes de Bordeaux, Rotwein 2021",UILH,glass,Glasflasche,0.75,1,False,18.99,EUR,gross,0.0,18.99,25.32,25.32,18.99,25.32,,False,True,still,rot,trocken,,2021,Frankreich,Bordeaux,Merlot,Kategorien/Weinwelt/Weinart/Rotwein,,https://www.lidl.de/p/chateau-d-aiguilhe-castillon-cotes-de-bordeaux-rotwein-2021/p100299718,https://www.lidl.de/assets/gcp5ffbdb7509bc4522878a898ba59c6ab4.jpeg,2026-08-14T14:35:22.564702+00:00
lidl,Lidl,discounter,100329914,"DEUTSCHES WEINTOR BIO Riesling QbA trocken, Weißwein 2024",DEWE,glass,Glasflasche,0.75,1,False,5.79,EUR,gross,0.0,5.79,7.72,7.72,5.79,7.72,,False,True,still,weiss,trocken,,2024,Deutschland,Pfalz,Riesling,Kategorien/Weinwelt/Weinart/Weißwein,,https://www.lidl.de/p/deutsches-weintor-bio-riesling-qba-trocken-weisswein-2024/p100329914,https://www.lidl.de/assets/f132518497f5926226e392a12350fec0.jpeg,2026-08-14T14:35:22.565303+00:00
lidl,Lidl,discounter,100291374,"Riesling Urgestein Niederösterreich trocken, Weißwein 2024",DUMM,glass,Glasflasche,0.75,1,False,5.99,EUR,gross,0.0,5.99,7.99,7.99,5.99,7.99,,False,True,still,weiss,trocken,,2024,,,Riesling,Kategorien/Weinwelt/Weinart/Weißwein,,https://www.lidl.de/p/riesling-urgestein-niederoesterreich-trocken-weisswein-2024/p100291374,https://www.lidl.de/assets/4799531c3ee287e689d86bb529b7267f.jpeg,2026-08-14T14:35:22.565714+00:00
lidl,Lidl,discounter,100347756,"CAVINO Ionos Imiglykos lieblich, Rotwein",CAVI,glass,Glasflasche,0.75,1,False,5.99,EUR,gross,0.0,5.99,7.99,7.99,5.99,7.99,,False,True,still,rot,lieblich,,,Griechenland,,"Syrah, Cabernet Sauvignon",Kategorien/Weinwelt/Weinart/Rotwein,,https://www.lidl.de/p/cavino-ionos-imiglykos-lieblich-rotwein/p100347756,https://www.lidl.de/assets/gcp63ce0c77bfd447d08f762f07ee64a6e9.jpeg,2026-08-14T14:35:22.566311+00:00
lidl,Lidl,discounter,100361260,"PFAFFL Selection Chardonnay Niederösterreich trocken, Weißwein 2023",PFFF,glass,Glasflasche,0.75,1,False,7.99,EUR,gross,0.0,7.99,10.65,10.65,7.99,10.65,,False,True,still,weiss,trocken,,2023,,,Chardonnay,Kategorien/Weinwelt/Weinart/Weißwein,,https://www.lidl.de/p/pfaffl-selection-chardonnay-niederoesterreich-trocken-weisswein-2023/p100361260,https://www.lidl.de/assets/gcpa68517e4bcf642d98d665c0017f3acfc.jpeg,2026-08-14T14:35:22.566902+00:00
lidl,Lidl,discounter,100276125,"Juhász Muscat Ottonel PGI lieblich, Weißwein 2025",DUMY,glass,Glasflasche,0.75,1,False,4.99,EUR,gross,0.0,4.99,6.65,6.65,4.99,6.65,,False,True,still,weiss,lieblich,,2025,Ungarn,,,Kategorien/Weinwelt/Weinart/Weißwein,,https://www.lidl.de/p/juhasz-muscat-ottonel-pgi-lieblich-weisswein-2025/p100276125,https://www.lidl.de/assets/81c7039337baa764ed5bd5017a8cf5b1.jpeg,2026-08-14T14:35:22.567673+00:00
lidl,Lidl,discounter,100291370,"Grüner Veltliner Niederösterreich trocken, Weißwein 2025",DUMM,glass,Glasflasche,0.75,1,False,5.99,EUR,gross,0.0,5.99,7.99,7.99,5.99,7.99,,False,True,still,weiss,trocken,,2025,,,Grüner Veltliner,Kategorien/Weinwelt/Weinart/Weißwein,,https://www.lidl.de/p/gruener-veltliner-niederoesterreich-trocken-weisswein-2025/p100291370,https://www.lidl.de/assets/gcp882df94cbc024fdbbc432740600cd2e3.jpeg,2026-08-14T14:35:22.568210+00:00
lidl,Lidl,discounter,100264750,"MAYBACH Sauvignon Blanc Rheinhessen QbA feinherb, Weißwein 2024",MACH,glass,Glasflasche,0.75,1,False,4.99,EUR,gross,0.0,4.99,6.65,6.65,4.99,6.65,,False,True,still,weiss,halbtrocken,,2024,Deutschland,Pfalz,Sauvignon Blanc,Kategorien/Weinwelt/Weinart/Weißwein,,https://www.lidl.de/p/maybach-sauvignon-blanc-rheinhessen-qba-feinherb-weisswein-2024/p100264750,https://www.lidl.de/assets/08e57d2e9fc8517f9e052c3bee8bf013.jpeg,2026-08-14T14:35:22.569036+00:00
lidl,Lidl,discounter,100408678,"Struktur Chardonnay Mosel trocken, Weißwein 2025",DUMM,glass,Glasflasche,0.75,1,False,5.99,EUR,gross,0.0,5.99,7.99,7.99,5.99,7.99,,False,True,still,weiss,trocken,,2025,Deutschland,Mosel,Chardonnay,Kategorien/Weinwelt/Weinart/Weißwein,,https://www.lidl.de/p/struktur-chardonnay-mosel-trocken-weisswein-2025/p100408678,https://www.lidl.de/assets/gcp75b4156d828f483a8ef733cbce7046e7.jpg,2026-08-14T14:35:22.569594+00:00
lidl,Lidl,discounter,100409542,"Gros Manseng IGP Côtes de Gascogne trocken, Weißwein 2025",DUMM,unknown,unbekannt,0.75,1,False,5.99,EUR,gross,,,7.99,,5.99,7.99,,False,True,still,weiss,trocken,,2025,Frankreich,Cotes De Gascogne,,Kategorien/Weinwelt/Weinart/Weißwein,,https://www.lidl.de/p/gros-manseng-igp-cotes-de-gascogne-trocken-weisswein-2025/p100409542,https://www.lidl.de/assets/gcp71f30e2d35e245ea88d55fbd2ef3ac05.jpg,2026-08-14T14:35:22.570159+00:00
lidl,Lidl,discounter,100260841,"MARKGRÄFLER WINZER Nobilé Jahrgangssekt Blanc brut, Schaumwein 2023",MGW,glass,Glasflasche,0.75,1,False,8.49,EUR,gross,0.0,8.49,11.32,11.32,8.49,11.32,,False,True,sparkling,weiss,trocken,,2023,Deutschland,Baden,,"Kategorien/Weinwelt/Weinart/Champagner, Sekt & Secco",,https://www.lidl.de/p/markgraefler-winzer-nobile-jahrgangssekt-blanc-brut-schaumwein-2023/p100260841,https://www.lidl.de/assets/768e6791b672ad407e73ed75137df604.jpeg,2026-08-14T14:35:22.570786+00:00
lidl,Lidl,discounter,100200661,"LOUIS ROEDERER Collection 246 brut, Champagner",LORO,unknown,unbekannt,0.75,1,False,49.9,EUR,gross,,,66.53,,49.9,66.53,,False,True,sparkling,,trocken,,,Frankreich,,,"Kategorien/Weinwelt/Weinart/Champagner, Sekt & Secco",,https://www.lidl.de/p/louis-roederer-collection-246-brut-champagner/p100200661,https://www.lidl.de/assets/gcp2eb8410058d744dab02d5162eebe15db.jpg,2026-08-14T14:35:22.571296+00:00
lidl,Lidl,discounter,100167930,"LES AUMÔNIERS Vacqueyras Cuvée Prestige AOP trocken, Rotwein 2024",NIES,glass,Glasflasche,0.75,1,False,12.99,EUR,gross,0.0,12.99,17.32,17.32,12.99,17.32,,False,True,still,rot,trocken,,2024,Frankreich,Rhone,,Kategorien/Weinwelt/Weinart/Rotwein,,https://www.lidl.de/p/les-aumoniers-vacqueyras-cuvee-prestige-aop-trocken-rotwein-2024/p100167930,https://www.lidl.de/assets/gcp66eba58bc59348a383d34844d445e039.jpeg,2026-08-14T14:35:22.572272+00:00
lidl,Lidl,discounter,100365446,"Riesling Kalk & Steine Niederösterreich trocken, Weißwein 2022",DUMY,glass,Glasflasche,0.75,1,False,7.99,EUR,gross,0.0,7.99,10.65,10.65,7.99,10.65,,False,True,still,weiss,trocken,,2022,Österreich,,Riesling,Kategorien/Weinwelt/Weinart/Weißwein,,https://www.lidl.de/p/riesling-kalk-steine-niederoesterreich-trocken-weisswein-2022/p100365446,https://www.lidl.de/assets/gcp373bcec6714541e3abe8ce6fc950b2f1.jpeg,2026-08-14T14:35:22.573003+00:00
lidl,Lidl,discounter,100408797,"LENZ MOSER Noah Mailberg Niederösterreich trocken, Rotwein 2017",MOSE,unknown,unbekannt,0.75,1,False,22.5,EUR,gross,,,30.0,,22.5,30.0,,False,True,still,rot,trocken,,2017,,,,Kategorien/Weinwelt/Weinart/Rotwein,bib,https://www.lidl.de/p/lenz-moser-noah-mailberg-niederoesterreich-trocken-rotwein-2017/p100408797,https://www.lidl.de/assets/gcp6903bebca1e94c6e9c50143c6e5520ea.jpg,2026-08-14T14:35:22.573677+00:00
lidl,Lidl,discounter,100407334,"WEINGUT VON OTHEGRAVEN Riesling Sekt brut, Schaumwein",WVOG,unknown,unbekannt,0.75,1,False,14.5,EUR,gross,,,19.33,,14.5,19.33,,False,True,sparkling,weiss,trocken,,,Deutschland,Mosel,Riesling,"Kategorien/Weinwelt/Weinart/Champagner, Sekt & Secco",,https://www.lidl.de/p/weingut-von-othegraven-riesling-sekt-brut-schaumwein/p100407334,https://www.lidl.de/assets/gcp348558c9de584ca38e13fe35042551a4.jpg,2026-08-14T14:35:22.574621+00:00
lidl,Lidl,discounter,100408991,Europa Kleinflaschen Pinot Grigio,DUMM,glass,Glasflasche,0.25,1,False,0.99,EUR,gross,0.0,0.99,3.96,3.96,2.97,3.96,,False,True,still,,,,,Italien,,Pinot Grigio,Kategorien/Weinwelt/Weinart/Weißwein,,https://www.lidl.de/p/europa-kleinflaschen-pinot-grigio/p100408991,https://www.lidl.de/assets/gcpc29a4fd895414aa7801be65a04650ae5.jpg,2026-08-14T14:35:22.577172+00:00
lidl,Lidl,discounter,100399725,Cavaneta Weißwein lieblich 1l,DUMM,unknown,unbekannt,1.0,1,False,1.35,EUR,gross,,,1.35,,1.01,1.35,,False,True,still,weiss,lieblich,,,,,,Kategorien/Weinwelt/Weinart/Rotwein,,https://www.lidl.de/p/cavaneta-weisswein-lieblich-1l/p100399725,https://www.lidl.de/assets/gcp3d3596220d4c4cb6bec277cafd66258c.jpg,2026-08-14T14:35:22.577750+00:00
lidl,Lidl,discounter,100408985,Europa Kleinflaschen Pinot Grigio Rosato,DUMM,glass,Glasflasche,0.25,1,False,0.99,EUR,gross,0.0,0.99,3.96,3.96,2.97,3.96,,False,True,still,rose,,,,,,Pinot Grigio,Kategorien/Weinwelt/Weinart/Roséwein,,https://www.lidl.de/p/europa-kleinflaschen-pinot-grigio-rosato/p100408985,https://www.lidl.de/assets/gcpada1d22da6354cbeac376493bb6180ab.jpg,2026-08-14T14:35:22.578659+00:00
lidl,Lidl,discounter,100332871,"Rotwein lieblich 0,5-l, Rotwein",DUMM,glass,Glasflasche,0.5,1,False,3.99,EUR,gross,0.0,3.99,7.98,7.98,5.99,7.98,,False,True,still,rot,lieblich,,,Griechenland,,,Kategorien/Weinwelt/Weinart/Rotwein,,https://www.lidl.de/p/rotwein-lieblich-0-5-l-rotwein/p100332871,https://www.lidl.de/assets/fb454c6a8693d9cd82e358304f097334.jpeg,2026-08-14T14:35:22.579160+00:00
lidl,Lidl,discounter,100408937,Europa Kleinflaschen Primitivo,DUMM,glass,Glasflasche,0.25,1,False,0.99,EUR,gross,0.0,0.99,3.96,3.96,2.97,3.96,,False,True,still,rot,,,,Italien,Puglia,Primitivo,Kategorien/Weinwelt/Weinart/Rotwein,,https://www.lidl.de/p/europa-kleinflaschen-primitivo/p100408937,https://www.lidl.de/assets/gcpc1b6d33038c34406a3179840ae593514.jpg,2026-08-14T14:35:22.580110+00:00
lidl,Lidl,discounter,100407009,"Holiday Mood Pouch IGP Pays D'Oc rosé trocken, Roséwein 2025",DUMM,bag_in_box,Bag-in-Box,1.5,1,False,9.99,EUR,gross,0.0,9.99,6.66,6.66,5.0,6.66,,False,True,still,rose,trocken,,2025,Frankreich,,,Kategorien/Weinwelt/Weinart/Roséwein,"beutel, zapfhahn",https://www.lidl.de/p/holiday-mood-pouch-igp-pays-d-oc-rose-trocken-rosewein-2025/p100407009,https://www.lidl.de/assets/gcp053bccb082924765be5a121d234670c5.jpg,2026-08-14T14:35:22.584649+00:00
lidl,Lidl,discounter,100353725,"CHÂTEAU MAURAS Sauternes AOC süß vegan 0,5-l-Flasche, Süßwein 2013",CHMA,glass,Glasflasche,0.5,1,False,11.99,EUR,gross,0.0,11.99,23.98,23.98,17.98,23.98,,False,True,dessert,,suess,,2013,Frankreich,Bordeaux,,Kategorien/Weinwelt/Weinart/Aperitifs & Dessertweine,,https://www.lidl.de/p/chateau-mauras-sauternes-aoc-suess-vegan-0-5-l-flasche-suesswein-2013/p100353725,https://www.lidl.de/assets/gcpbf3e19fdeed0451fae51a19d8cdf2ee6.jpeg,2026-08-14T14:35:22.585966+00:00
lidl,Lidl,discounter,100356189,"WINZERGENOSSENSCHAFT ACHKARREN Pinot Sekt aus Baden b.A. extra trocken, Schaumwein 2022",WIGE,glass,Glasflasche,0.75,1,False,9.99,EUR,gross,0.0,9.99,13.32,13.32,9.99,13.32,,False,True,sparkling,weiss,trocken,,2022,Deutschland,Baden,Grauburgunder,"Kategorien/Weinwelt/Weinart/Champagner, Sekt & Secco",,https://www.lidl.de/p/winzergenossenschaft-achkarren-pinot-sekt-aus-baden-b-a-extra-trocken-schaumwein-2022/p100356189,https://www.lidl.de/assets/gcp1db27bdfd8a943f38b6785bc15faecdf.jpeg,2026-08-14T14:35:22.587089+00:00
lidl,Lidl,discounter,100326129,"Opus One Napa Valley Oakville trocken, Rotwein 2019",DUMY,glass,Glasflasche,0.75,1,False,430.0,EUR,gross,0.0,430.0,573.33,573.33,430.0,573.33,,False,True,still,rot,trocken,,2019,USA,,,Kategorien/Weinwelt/Weinart/Rotwein,,https://www.lidl.de/p/opus-one-napa-valley-oakville-trocken-rotwein-2019/p100326129,https://www.lidl.de/assets/gcpeea0b59c64a342dda225634d77f3a5e0.jpeg,2026-08-14T14:35:22.589200+00:00
lidl,Lidl,discounter,100359249,"Riesling Nahe QbA feinherb, Weißwein 2024",DUMM,glass,Glasflasche,0.75,1,False,2.79,EUR,gross,0.0,2.79,3.72,3.72,2.79,3.72,,False,True,still,weiss,halbtrocken,,2024,Deutschland,Nahe,Riesling,Kategorien/Weinwelt/Weinart/Weißwein,,https://www.lidl.de/p/riesling-nahe-qba-feinherb-weisswein-2024/p100359249,https://www.lidl.de/assets/gcp798620b0f63d465aba4962d91efb2375.jpg,2026-08-14T14:35:22.589903+00:00
lidl,Lidl,discounter,100176169,"Müller-Thurgau QbA trocken, Literflasche, Weißwein",DUMM,glass,Glasflasche,1.0,1,False,2.29,EUR,gross,0.0,2.29,2.29,2.29,1.72,2.29,,False,True,still,weiss,trocken,,,Deutschland,,Müller-Thurgau,Kategorien/Weinwelt/Weinart/Weißwein,,https://www.lidl.de/p/mueller-thurgau-qba-trocken-literflasche-weisswein/p100176169,https://www.lidl.de/assets/gcpf0ca91034b234c56ab8f832c054cdd43.jpg,2026-08-14T14:35:22.590429+00:00
lidl,Lidl,discounter,100385210,"Müller Thurgau QbA trocken, 0,25-l-Miniaturflasche, Weißwein",DUMM,glass,Glasflasche,0.25,1,False,0.99,EUR,gross,0.0,0.99,3.96,3.96,2.97,3.96,,False,True,still,weiss,trocken,,,Deutschland,Pfalz,Müller-Thurgau,Kategorien/Weinwelt/Weinart/Rotwein,,https://www.lidl.de/p/mueller-thurgau-qba-trocken-0-25-l-miniaturflasche-weisswein/p100385210,https://www.lidl.de/assets/gcp6cfa90b6107e499386dfae959c811144.jpg,2026-08-14T14:35:22.590922+00:00
lidl,Lidl,discounter,100359243,"Grüner Veltliner Kamptal DAC trocken, Weißwein 2024",DUMM,glass,Glasflasche,0.75,1,False,4.49,EUR,gross,0.0,4.49,5.99,5.99,4.49,5.99,,False,True,still,weiss,trocken,,2024,,,Grüner Veltliner,Kategorien/Weinwelt/Weinart/Weißwein,,https://www.lidl.de/p/gruener-veltliner-kamptal-dac-trocken-weisswein-2024/p100359243,https://www.lidl.de/assets/gcpdf29517fa52b47dd8436e43f9c879eda.jpg,2026-08-14T14:35:22.591412+00:00
lidl,Lidl,discounter,100365592,"Haraszthy Sauvignon Blanc Eteyek-Budai Ungarn trocken, Weißwein 2022",DUMY,glass,Glasflasche,0.75,1,False,6.99,EUR,gross,0.0,6.99,9.32,9.32,6.99,9.32,,False,True,still,weiss,trocken,,2022,Ungarn,,Sauvignon Blanc,Kategorien/Weinwelt/Weinart/Weißwein,,https://www.lidl.de/p/haraszthy-sauvignon-blanc-eteyek-budai-ungarn-trocken-weisswein-2022/p100365592,https://www.lidl.de/assets/gcpbd55e7bc1e4b4b6e820b513a02c4490a.jpeg,2026-08-14T14:35:22.592190+00:00
lidl,Lidl,discounter,100287033,"Percheron Südafrika Shiraz Mourvedre trocken, Rotwein 2025",DUMY,glass,Glasflasche,0.75,1,False,7.99,EUR,gross,0.0,7.99,10.65,10.65,7.99,10.65,,False,True,still,rot,trocken,,2025,Südafrika,,"Shiraz, Viognier",Kategorien/Weinwelt/Weinart/Rotwein,,https://www.lidl.de/p/percheron-suedafrika-shiraz-mourvedre-trocken-rotwein-2025/p100287033,https://www.lidl.de/assets/58bc0db27ef02a0742c166e66505a2a8.jpeg,2026-08-14T14:35:22.592848+00:00
lidl,Lidl,discounter,100350656,"CASATO DEI MEDICI RICCARDI Chianti Montalbano DOCG trocken, Rotwein 2018",CRIC,glass,Glasflasche,0.75,1,False,9.99,EUR,gross,0.0,9.99,13.32,13.32,9.99,13.32,,False,True,still,rot,trocken,,2018,Italien,Toskana,,Kategorien/Weinwelt/Weinart/Rotwein,,https://www.lidl.de/p/casato-dei-medici-riccardi-chianti-montalbano-docg-trocken-rotwein-2018/p100350656,https://www.lidl.de/assets/gcp0a20133c07184eb4a2a35e00a1fb9744.jpeg,2026-08-14T14:35:22.593473+00:00
lidl,Lidl,discounter,100262327,"MARKGRÄFLER WINZER Gutedel QbA trocken, Edition MRKGRFLR, Weißwein 2025",MGW,glass,Glasflasche,0.75,1,False,4.49,EUR,gross,0.0,4.49,5.99,5.99,4.49,5.99,,False,True,still,weiss,halbtrocken,,2025,Deutschland,Baden,Gutedel,Kategorien/Weinwelt/Weinart/Weißwein,,https://www.lidl.de/p/markgraefler-winzer-gutedel-qba-trocken-edition-mrkgrflr-weisswein-2025/p100262327,https://www.lidl.de/assets/d3bf9ce3df8a5a9a345a21e691037746.jpeg,2026-08-14T14:35:22.593988+00:00
lidl,Lidl,discounter,100086635,"Cepa Lebrel Rioja DOCa trocken vegan, Roséwein 2025",DUMM,glass,Glasflasche,0.75,1,False,2.69,EUR,gross,0.0,2.69,3.59,3.59,2.69,3.59,,False,True,still,rose,trocken,,2025,Spanien,Rioja,,Kategorien/Weinwelt/Weinart/Roséwein,,https://www.lidl.de/p/cepa-lebrel-rioja-doca-trocken-vegan-rosewein-2025/p100086635,https://www.lidl.de/assets/gcp21ef7d4f64c3465f8598381426f93602.jpg,2026-08-14T14:35:22.594457+00:00
lidl,Lidl,discounter,100397318,"Dornfelder Pfalz QbA trocken, Rotwein 2024",DUMM,unknown,unbekannt,0.75,1,False,4.99,EUR,gross,,,6.65,,4.99,6.65,,False,True,still,rot,trocken,,2024,Deutschland,Pfalz,Dornfelder,Kategorien/Weinwelt/Weinart/Rotwein,,https://www.lidl.de/p/dornfelder-pfalz-qba-trocken-rotwein-2024/p100397318,https://www.lidl.de/assets/gcp175f496bdf6b4fc2866c1b30a752499b.jpg,2026-08-14T14:35:22.595021+00:00
lidl,Lidl,discounter,100365582,"Tokaji Amethyst Szamorodni süß, Weißwein 2022",DUMM,glass,Glasflasche,0.5,1,False,6.99,EUR,gross,0.0,6.99,13.98,13.98,10.48,13.98,,False,True,still,weiss,suess,,2022,Ungarn,,,Kategorien/Weinwelt/Weinart/Weißwein,,https://www.lidl.de/p/tokaji-amethyst-szamorodni-suess-weisswein-2022/p100365582,https://www.lidl.de/assets/gcp15ecff4c3f2e4017b961f5fc2a7ccf46.jpg,2026-08-14T14:35:22.595619+00:00
lidl,Lidl,discounter,100299640,"CORTE ALLE MURA Chianti DOCG trocken, Rotwein",CTMU,glass,Glasflasche,0.75,1,False,2.99,EUR,gross,0.0,2.99,3.99,3.99,2.99,3.99,,False,True,still,rot,trocken,,,Italien,Toskana,,Kategorien/Weinwelt/Weinart/Rotwein,,https://www.lidl.de/p/corte-alle-mura-chianti-docg-trocken-rotwein/p100299640,https://www.lidl.de/assets/gcpf4f6c486991c4d229c8f60c13f17a0c0.jpg,2026-08-14T14:35:22.596331+00:00
lidl,Lidl,discounter,100299661,"CASATO DEI MEDICI RICCARDI Chianti Rufina DOCG trocken, Rotwein 2023",CRIC,glass,Glasflasche,0.75,1,False,7.99,EUR,gross,0.0,7.99,10.65,10.65,7.99,10.65,,False,True,still,rot,trocken,,2023,Italien,,,Kategorien/Weinwelt/Weinart/Rotwein,,https://www.lidl.de/p/casato-dei-medici-riccardi-chianti-rufina-docg-trocken-rotwein-2023/p100299661,https://www.lidl.de/assets/be5813bcdc8a38203ee2b5498fcf1a45.jpeg,2026-08-14T14:35:22.597547+00:00
lidl,Lidl,discounter,100269051,"Assyrtiko PGE trocken, Weißwein 2024",DUMM,unknown,unbekannt,0.75,1,False,4.99,EUR,gross,,,6.65,,4.99,6.65,,False,True,still,weiss,trocken,,2024,Griechenland,,,Kategorien/Weinwelt/Weinart/Weißwein,,https://www.lidl.de/p/assyrtiko-pge-trocken-weisswein-2024/p100269051,https://www.lidl.de/assets/gcpa56290457bdc4c059b06d81301a5295c.jpg,2026-08-14T14:35:22.598076+00:00
lidl,Lidl,discounter,100262320,"MARKGRÄFLER WINZER Müller-Thurgau QbA feinherb, Literflasche, Weißwein 2024",MGW,glass,Glasflasche,1.0,1,False,4.49,EUR,gross,0.0,4.49,4.49,4.49,3.37,4.49,,False,True,still,weiss,halbtrocken,,2024,Deutschland,Baden,Müller-Thurgau,Kategorien/Weinwelt/Weinart/Weißwein,,https://www.lidl.de/p/markgraefler-winzer-mueller-thurgau-qba-feinherb-literflasche-weisswein-2024/p100262320,https://www.lidl.de/assets/gcp4a2e00ac3694418383eac3c2a22682c0.jpeg,2026-08-14T14:35:22.598797+00:00
lidl,Lidl,discounter,100354577,"Portugieser Weißherbst QbA lieblich, Roséwein",DUMM,glass,Glasflasche,1.0,1,False,2.49,EUR,gross,0.0,2.49,2.49,2.49,1.87,2.49,,False,True,still,rose,lieblich,,,Deutschland,,,Kategorien/Weinwelt/Weinart/Roséwein,,https://www.lidl.de/p/portugieser-weissherbst-qba-lieblich-rosewein/p100354577,https://www.lidl.de/assets/gcp5a2f6e5d9de0420e839009c8a10c602b.jpg,2026-08-14T14:35:22.599237+00:00
lidl,Lidl,discounter,100188329,"Kretischer Rotwein PGI trocken, Rotwein 2025",DUMM,glass,Glasflasche,0.75,1,False,4.99,EUR,gross,0.0,4.99,6.65,6.65,4.99,6.65,,False,True,still,rot,trocken,,2025,Griechenland,,,Kategorien/Weinwelt/Weinart/Rotwein,,https://www.lidl.de/p/kretischer-rotwein-pgi-trocken-rotwein-2025/p100188329,https://www.lidl.de/assets/936624b6e5ee74f86b95d97f576e2955.jpeg,2026-08-14T14:35:22.599709+00:00
lidl,Lidl,discounter,100356894,"Key Reserve Carmenere Chile Rapel Valley trocken, Rotwein 2022",DUMM,glass,Glasflasche,0.75,1,False,9.99,EUR,gross,0.0,9.99,13.32,13.32,9.99,13.32,,False,True,still,rot,trocken,,2022,Chile,,Carmenère,Kategorien/Weinwelt/Weinart/Rotwein,,https://www.lidl.de/p/key-reserve-carmenere-chile-rapel-valley-trocken-rotwein-2022/p100356894,https://www.lidl.de/assets/gcp0db52dd78e064780af08e3ec85cd19aa.jpeg,2026-08-14T14:35:22.600286+00:00
lidl,Lidl,discounter,100262333,"MARKGRÄFLER WINZER Rosé QbA feinherb, Edition MRKGRFLR, Roséwein 2024",MGW,glass,Glasflasche,0.75,1,False,5.49,EUR,gross,0.0,5.49,7.32,7.32,5.49,7.32,,False,True,still,rose,halbtrocken,,2024,Deutschland,Baden,,Kategorien/Weinwelt/Weinart/Roséwein,,https://www.lidl.de/p/markgraefler-winzer-rose-qba-feinherb-edition-mrkgrflr-rosewein-2024/p100262333,https://www.lidl.de/assets/7b9356d0f2319f1776f26bc9a06ec870.jpeg,2026-08-14T14:35:22.601523+00:00
lidl,Lidl,discounter,100401388,"Kinvale Cabernet Sauvignon South Australia trocken, Rotwein 2024",DUMM,unknown,unbekannt,0.75,1,False,4.89,EUR,gross,,,6.52,,4.89,6.52,,False,True,still,rot,trocken,,2024,,,Cabernet Sauvignon,Kategorien/Weinwelt/Weinart/Rotwein,,https://www.lidl.de/p/kinvale-cabernet-sauvignon-south-australia-trocken-rotwein-2024/p100401388,https://www.lidl.de/assets/gcp77140be2af1849fcb57fd06ef3c11eef.jpg,2026-08-14T14:35:22.602005+00:00
lidl,Lidl,discounter,100239128,"DUCA DI SASSETA Chianti DOCG Governo trocken, Rotwein 2024",DUCA,glass,Glasflasche,0.75,1,False,5.99,EUR,gross,0.0,5.99,7.99,7.99,5.99,7.99,,False,True,still,rot,trocken,,2024,Italien,Toskana,Sangiovese,Kategorien/Weinwelt/Weinart/Rotwein,,https://www.lidl.de/p/duca-di-sasseta-chianti-docg-governo-trocken-rotwein-2024/p100239128,https://www.lidl.de/assets/gcp899af35231ca4ae2a838ee020a123063.jpg,2026-08-14T14:35:22.602666+00:00
lidl,Lidl,discounter,100243559,"DIE JUNGEN FRANK'N Müller-Thurgau QbA trocken, Weißwein 2025",DIJU,unknown,unbekannt,0.75,1,False,5.5,EUR,gross,,,7.33,,5.5,7.33,,False,True,still,weiss,trocken,,2025,Deutschland,Franken,Müller-Thurgau,Kategorien/Weinwelt/Weinart/Weißwein,,https://www.lidl.de/p/die-jungen-frank-n-mueller-thurgau-qba-trocken-weisswein-2025/p100243559,https://www.lidl.de/assets/gcpef1ed7d69ef74da7b77b049b46640d86.jpg,2026-08-14T14:35:22.603185+00:00
lidl,Lidl,discounter,100202913,"Chianti DOCG trocken Magnum, Rotwein 2023",DUMM,glass,Glasflasche,1.5,1,False,11.99,EUR,gross,0.0,11.99,7.99,7.99,5.99,7.99,,False,True,still,rot,trocken,,2023,Italien,Toskana,Sangiovese,Kategorien/Weinwelt/Weinart/Rotwein,,https://www.lidl.de/p/chianti-docg-trocken-magnum-rotwein-2023/p100202913,https://www.lidl.de/assets/9ddac8ad3c8b24bab4ab40d7f1e9577a.jpeg,2026-08-14T14:35:22.603790+00:00
lidl,Lidl,discounter,100221157,"ROTWILD Dornfelder Pfalz QbA lieblich, Rotwein 2023",ROIL,glass,Glasflasche,0.75,1,False,4.49,EUR,gross,0.0,4.49,5.99,5.99,4.49,5.99,,False,True,still,rot,lieblich,,2023,Deutschland,Pfalz,Dornfelder,Kategorien/Weinwelt/Weinart/Rotwein,,https://www.lidl.de/p/rotwild-dornfelder-pfalz-qba-lieblich-rotwein-2023/p100221157,https://www.lidl.de/assets/8c779765449e693478d999190b0eeafe.jpeg,2026-08-14T14:35:22.604259+00:00
lidl,Lidl,discounter,100377627,"CASTILLO DE ALBAI Crianza Rioja DOCa, Rotwein 2019",CDAL,glass,Glasflasche,0.75,1,False,6.99,EUR,gross,0.0,6.99,9.32,9.32,6.99,9.32,,False,True,still,rot,trocken,,2019,Spanien,Rioja,Tempranillo,Kategorien/Weinwelt/Weinart/Rotwein,,https://www.lidl.de/p/castillo-de-albai-crianza-rioja-doca-rotwein-2019/p100377627,https://www.lidl.de/assets/gcp6574f7e5fedb4b9abf62a2c359d91729.jpeg,2026-08-14T14:35:22.604708+00:00
lidl,Lidl,discounter,100387037,"Meander Sauvignon Blanc WO Breedekloof Südafrika trocken, Weißwein 2024",DUMM,glass,Glasflasche,0.75,1,False,5.99,EUR,gross,0.0,5.99,7.99,7.99,5.99,7.99,,False,True,still,weiss,trocken,,2024,Südafrika,,Sauvignon Blanc,Kategorien/Weinwelt/Weinart/Weißwein,,https://www.lidl.de/p/meander-sauvignon-blanc-wo-breedekloof-suedafrika-trocken-weisswein-2024/p100387037,https://www.lidl.de/assets/gcpb87e1b9b67664326910285549b3e5295.jpg,2026-08-14T14:35:22.605308+00:00
lidl,Lidl,discounter,100387101,"Inthaba Sauvignon Blanc Coastal Region trocken, Weißwein 2024",DUMM,glass,Glasflasche,0.75,1,False,7.99,EUR,gross,0.0,7.99,10.65,10.65,7.99,10.65,,False,True,still,weiss,trocken,,2024,Südafrika,,Sauvignon Blanc,Kategorien/Weinwelt/Weinart/Weißwein,,https://www.lidl.de/p/inthaba-sauvignon-blanc-coastal-region-trocken-weisswein-2024/p100387101,https://www.lidl.de/assets/gcp548794cc247a4758b898894bc1c13883.jpg,2026-08-14T14:35:22.606042+00:00
lidl,Lidl,discounter,100188294,"Mantineia Moschofilero POP trocken, Weißwein 2024",DUMM,glass,Glasflasche,0.75,1,False,5.99,EUR,gross,0.0,5.99,7.99,7.99,5.99,7.99,,False,True,still,weiss,trocken,,2024,Griechenland,,,Kategorien/Weinwelt/Weinart/Weißwein,,https://www.lidl.de/p/mantineia-moschofilero-pop-trocken-weisswein-2024/p100188294,https://www.lidl.de/assets/bc932bc17242192fb7f0cc61d6e0ab0f.jpeg,2026-08-14T14:35:22.606671+00:00
lidl,Lidl,discounter,100212598,"DEUTSCHES WEINTOR Dornfelder QbA trocken, Rotwein 2024",DEWE,glass,Glasflasche,0.75,1,False,5.29,EUR,gross,0.0,5.29,7.05,7.05,5.29,7.05,,False,True,still,rot,trocken,,2024,Deutschland,Pfalz,Dornfelder,Kategorien/Weinwelt/Weinart/Rotwein,,https://www.lidl.de/p/deutsches-weintor-dornfelder-qba-trocken-rotwein-2024/p100212598,https://www.lidl.de/assets/c2c4b4c2a5a4cd633f3a5f62cf3d5798.jpeg,2026-08-14T14:35:22.607176+00:00
lidl,Lidl,discounter,100387553,"The Howlings Chardonnay Limestone Coast Australien trocken, Weißwein 2024",DUMM,glass,Glasflasche,0.75,1,False,7.99,EUR,gross,0.0,7.99,10.65,10.65,7.99,10.65,,False,True,still,weiss,trocken,,2024,Australien,,Chardonnay,Kategorien/Weinwelt/Weinart/Weißwein,,https://www.lidl.de/p/the-howlings-chardonnay-limestone-coast-australien-trocken-weisswein-2024/p100387553,https://www.lidl.de/assets/gcpd032d490bd6342f288260ab9aa641971.jpg,2026-08-14T14:35:22.607650+00:00
lidl,Lidl,discounter,100352758,"Pagos del Rey Altos de Tamaron Tempranillo Crianza Ribera del Duero DO trocken, Rotwein 2020",DUMM,glass,Glasflasche,0.75,1,False,7.99,EUR,gross,0.0,7.99,10.65,10.65,7.99,10.65,,False,True,still,rot,trocken,,2020,Spanien,,Tempranillo,Kategorien/Weinwelt/Weinart/Rotwein,,https://www.lidl.de/p/pagos-del-rey-altos-de-tamaron-tempranillo-crianza-ribera-del-duero-do-trocken-rotwein-2020/p100352758,https://www.lidl.de/assets/gcp3f52241d48db4b47a7e90a333db9158d.jpeg,2026-08-14T14:35:22.608290+00:00
lidl,Lidl,discounter,100408990,"Flora Cantada Vino Blanco Afrutado süß, Weißwein",DUMM,glass,Glasflasche,0.75,1,False,5.99,EUR,gross,0.0,5.99,7.99,7.99,5.99,7.99,,False,True,still,weiss,suess,,,Spanien,,,Kategorien/Weinwelt/Weinart/Weißwein,,https://www.lidl.de/p/flora-cantada-vino-blanco-afrutado-suess-weisswein/p100408990,https://www.lidl.de/assets/gcp5adc7f5913cc4e0fa0c739a040b64d2a.jpg,2026-08-14T14:35:22.608969+00:00
lidl,Lidl,discounter,100347122,"NICO LAZARIDI King of Hearts Macedonia PGI trocken, Rotwein 2025",NILA,glass,Glasflasche,0.75,1,False,6.99,EUR,gross,0.0,6.99,9.32,9.32,6.99,9.32,,False,True,still,rot,trocken,,2025,Griechenland,,"Cabernet Sauvignon, Merlot",Kategorien/Weinwelt/Weinart/Rotwein,,https://www.lidl.de/p/nico-lazaridi-king-of-hearts-macedonia-pgi-trocken-rotwein-2025/p100347122,https://www.lidl.de/assets/gcp7f58706d1f134d9786e72b7c4ef59d9b.jpeg,2026-08-14T14:35:22.609505+00:00
lidl,Lidl,discounter,100339945,"3 x 0,75-l-Flasche Cà dei Frati Pietro Dal Cero Amarone Della Valpolicella DOCG trocken, Rotwein 2018 - mit Holzkiste",CATI,glass,Glasflasche,0.75,3,True,164.99,EUR,gross,0.0,164.99,73.33,73.33,55.0,73.33,,False,True,still,rot,trocken,,2018,Italien,Venetien,Corvina,Kategorien/Weinwelt/Weinart/Rotwein,,https://www.lidl.de/p/3-x-0-75-l-flasche-ca-dei-frati-pietro-dal-cero-amarone-della-valpolicella-docg-trocken-rotwein-2018-mit-holzkiste/p100339945,https://www.lidl.de/assets/c699d41eb46a19cf42ff9e86f14d30e4.jpeg,2026-08-14T14:35:22.655180+00:00
lidl,Lidl,discounter,100385155,"3 x 0,2-l-Flasche Sektpaket Burg Schöneck Sekt Miniatur halbtrocken, Schaumwein",DUMY,glass,Glasflasche,0.0667,3,True,2.99,EUR,gross,0.0,2.99,14.94,14.94,11.21,14.95,,False,True,sparkling,,halbtrocken,,,,,,"Kategorien/Weinwelt/Weinart/Champagner, Sekt & Secco",,https://www.lidl.de/p/3-x-0-2-l-flasche-sektpaket-burg-schoeneck-sekt-miniatur-halbtrocken-schaumwein/p100385155,https://www.lidl.de/assets/gcp1638d07bb01c4779bf6d8dbe45f6ed01.jpg,2026-08-14T14:35:22.655947+00:00
lidl,Lidl,discounter,100385145,"3 x 0,2-l-Flasche Sektpaket Burg Schöneck Sekt Miniatur trocken, Schaumwein",DUMY,glass,Glasflasche,0.0667,3,True,2.99,EUR,gross,0.0,2.99,14.94,14.94,11.21,14.95,,False,True,sparkling,,trocken,,,,,,"Kategorien/Weinwelt/Weinart/Champagner, Sekt & Secco",,https://www.lidl.de/p/3-x-0-2-l-flasche-sektpaket-burg-schoeneck-sekt-miniatur-trocken-schaumwein/p100385145,https://www.lidl.de/assets/gcpc4d8ef28d6c442b9838cc69721d54bf3.jpg,2026-08-14T14:35:22.659670+00:00
lidl,Lidl,discounter,100337871,"6 x 0,75-l-Flasche Château Pédesclaux Pauillac 5éme Grand Cru Classé AOC trocken, Rotwein 2017 - Original-Holzkiste",DUMY,glass,Glasflasche,0.75,6,True,299.0,EUR,gross,0.0,299.0,66.44,66.44,49.83,66.44,,False,True,still,rot,trocken,,2017,Frankreich,Bordeaux,,Kategorien/Weinwelt/Weinart/Rotwein,,https://www.lidl.de/p/6-x-0-75-l-flasche-chateau-pedesclaux-pauillac-5eme-grand-cru-classe-aoc-trocken-rotwein-2017-original-holzkiste/p100337871,https://www.lidl.de/assets/d802439a8063642d818d2968dc12c441.jpeg,2026-08-14T14:35:22.685502+00:00
lidl,Lidl,discounter,100328653,"VinTonic Wein & Tonic 5,5% Vol",DUMY,glass,Glasflasche,0.75,1,False,5.99,EUR,gross,0.0,5.99,7.99,7.99,5.99,7.99,,False,True,still,weiss,halbtrocken,5.5,,,,,Kategorien/Weinwelt/Weinart/Weißwein,,https://www.lidl.de/p/vintonic-wein-tonic-5-5-vol/p100328653,https://www.lidl.de/assets/gcpefa72995a9dc4ef48eea2ac476d59870.jpg,2026-08-14T14:35:22.688702+00:00
lidl,Lidl,discounter,100260879,"Passito di Pantelleria DOC 0,5-l-Flasche süß, Süßwein 2024",DUMM,glass,Glasflasche,0.5,1,False,12.99,EUR,gross,0.0,12.99,25.98,25.98,19.48,25.98,,False,True,dessert,,suess,,2024,Italien,Sizilien,,Kategorien/Weinwelt/Weinart/Aperitifs & Dessertweine,,https://www.lidl.de/p/passito-di-pantelleria-doc-0-5-l-flasche-suess-suesswein-2024/p100260879,https://www.lidl.de/assets/gcpb00db59fe0c44643b3c6b2e93b8643ac.jpeg,2026-08-14T14:35:22.693264+00:00
lidl,Lidl,discounter,100337843,"6 x 0,75-l-Flasche Château Dauzac Margaux 5er Grand Cru Classé AOC trocken, Rotwein 2017 - Original-Holzkiste",DUMM,glass,Glasflasche,0.75,6,True,255.0,EUR,gross,0.0,255.0,56.67,56.67,42.5,56.67,,False,True,still,rot,trocken,,2017,Frankreich,Bordeaux,,Kategorien/Weinwelt/Weinart/Rotwein,,https://www.lidl.de/p/6-x-0-75-l-flasche-chateau-dauzac-margaux-5er-grand-cru-classe-aoc-trocken-rotwein-2017-original-holzkiste/p100337843,https://www.lidl.de/assets/gcp20183c71b8ed46b7a5f85644d74bbdcf.jpeg,2026-08-14T14:35:22.696394+00:00
lidl,Lidl,discounter,100406993,"WEINGUT FRIEDRICH BECKER Petit Blanc trocken, Weißwein",WNBE,unknown,unbekannt,0.75,1,False,6.99,EUR,gross,,,9.32,,6.99,9.32,,False,True,still,weiss,trocken,,,Deutschland,Pfalz,,Kategorien/Weinwelt/Weinart/Weißwein,pet,https://www.lidl.de/p/weingut-friedrich-becker-petit-blanc-trocken-weisswein/p100406993,https://www.lidl.de/assets/gcp7e09e82d17b349b9af20944967077e67.jpg,2026-08-14T14:35:22.702371+00:00
lidl,Lidl,discounter,100385184,"ROTKÄPPCHEN Sekt halbtrocken 0,2-l-Flasche, Schaumwein",ROTK,glass,Glasflasche,0.2,1,False,1.69,EUR,gross,0.0,1.69,8.45,8.45,6.34,8.45,,False,True,sparkling,,halbtrocken,,,,,,"Kategorien/Weinwelt/Weinart/Champagner, Sekt & Secco",,https://www.lidl.de/p/rotkaeppchen-sekt-halbtrocken-0-2-l-flasche-schaumwein/p100385184,https://www.lidl.de/assets/gcp8aece8f3b1654e7b929143999f249efb.jpg,2026-08-14T14:35:22.702836+00:00
lidl,Lidl,discounter,100356450,"SANSIBAR DELUXE Defontaine Premium Champagner Brut 0,375-l-Flasche, Champagner",SADE,glass,Glasflasche,0.375,1,False,12.99,EUR,gross,0.0,12.99,34.64,34.64,25.98,34.64,,False,True,sparkling,,trocken,,,Frankreich,,,"Kategorien/Weinwelt/Weinart/Champagner, Sekt & Secco",,https://www.lidl.de/p/sansibar-deluxe-defontaine-premium-champagner-brut-0-375-l-flasche-champagner/p100356450,https://www.lidl.de/assets/gcpe78ff3f443004b99a460a8954bf8f591.jpg,2026-08-14T14:35:22.703481+00:00
lidl,Lidl,discounter,100367214,"DOMAINE DU COMTE Colombard Sauvignon Côtes de Gascogne IGP trocken, Weißwein 2024",DACS,unknown,unbekannt,0.75,1,False,5.99,EUR,gross,,,7.99,,5.99,7.99,,False,True,still,weiss,trocken,,2024,Frankreich,Cotes De Gascogne,,Kategorien/Weinwelt/Weinart/Weißwein,,https://www.lidl.de/p/domaine-du-comte-colombard-sauvignon-cotes-de-gascogne-igp-trocken-weisswein-2024/p100367214,https://www.lidl.de/assets/gcpafc4e5803c484cd789ab973160b8eedd.jpg,2026-08-14T14:35:22.704249+00:00
lidl,Lidl,discounter,100382050,"Cap Atlantique Sauvignon Blanc IGP halbtrocken, Weißwein 2023",DUMY,glass,Glasflasche,0.75,1,False,4.99,EUR,gross,0.0,4.99,6.65,6.65,4.99,6.65,,False,True,still,weiss,halbtrocken,,2023,Frankreich,,Sauvignon Blanc,Kategorien/Weinwelt/Weinart/Weißwein,,https://www.lidl.de/p/cap-atlantique-sauvignon-blanc-igp-halbtrocken-weisswein-2023/p100382050,https://www.lidl.de/assets/gcpa7f3d3331196472a8e621b94c4e4dc2e.jpeg,2026-08-14T14:35:22.704949+00:00
lidl,Lidl,discounter,100243560,"DIE JUNGEN FRANK'N Silvaner QbA trocken, Weißwein 2025",DIJU,unknown,unbekannt,0.75,1,False,5.99,EUR,gross,,,7.99,,5.99,7.99,,False,True,still,weiss,trocken,,2025,Deutschland,Franken,Silvaner,Kategorien/Weinwelt/Weinart/Weißwein,,https://www.lidl.de/p/die-jungen-frank-n-silvaner-qba-trocken-weisswein-2025/p100243560,https://www.lidl.de/assets/gcpd0aafa19750f4c6d83f4b444bda81b08.jpg,2026-08-14T14:35:22.705569+00:00
lidl,Lidl,discounter,100359309,"MUMM Jahrgangssekt trocken, Schaumwein 2023",MUMM,glass,Glasflasche,0.75,1,False,6.49,EUR,gross,0.0,6.49,8.65,8.65,6.49,8.65,,False,True,sparkling,,trocken,,2023,,,,"Kategorien/Weinwelt/Weinart/Champagner, Sekt & Secco",,https://www.lidl.de/p/mumm-jahrgangssekt-trocken-schaumwein-2023/p100359309,https://www.lidl.de/assets/gcpe0b9aba4f28146ec9ce9072b5bb7f359.jpeg,2026-08-14T14:35:22.706180+00:00
lidl,Lidl,discounter,100391777,"GELDERMANN Sekt Classique trocken, Schaumwein",GELD,glass,Glasflasche,0.75,1,False,9.99,EUR,gross,0.0,9.99,13.32,13.32,9.99,13.32,,False,True,sparkling,,trocken,,,Deutschland,Baden,,"Kategorien/Weinwelt/Weinart/Champagner, Sekt & Secco",,https://www.lidl.de/p/geldermann-sekt-classique-trocken-schaumwein/p100391777,https://www.lidl.de/assets/gcp39fc3f9080e440c582793d7d8401ee32.jpg,2026-08-14T14:35:22.706770+00:00
lidl,Lidl,discounter,100261925,"BRUT DARGENT Blanc de Blancs Chardonnay brut, Schaumwein",BRTU,glass,Glasflasche,0.75,1,False,7.99,EUR,gross,0.0,7.99,10.65,10.65,7.99,10.65,,False,True,sparkling,weiss,trocken,,,Frankreich,Loire,Chardonnay,"Kategorien/Weinwelt/Weinart/Champagner, Sekt & Secco",,https://www.lidl.de/p/brut-dargent-blanc-de-blancs-chardonnay-brut-schaumwein/p100261925,https://www.lidl.de/assets/gcp21a0e53d308b4b6e902d14b56cc5c734.jpeg,2026-08-14T14:35:22.707844+00:00
lidl,Lidl,discounter,100229321,"Comte de Senneval Champagne brut, Champagner",COMS,glass,Glasflasche,0.75,1,False,17.99,EUR,gross,0.0,17.99,23.99,23.99,17.99,23.99,,False,True,sparkling,,trocken,12.5,,Frankreich,,,"Kategorien/Weinwelt/Weinart/Champagner, Sekt & Secco",,https://www.lidl.de/p/comte-de-senneval-champagne-brut-champagner/p100229321,https://www.lidl.de/assets/gcpd57497f151284c10aab6dfaff6e28d47.jpg,2026-08-14T14:35:22.708442+00:00
lidl,Lidl,discounter,100163541,"CHÂTEAU D`YQUEM Sauternes AOC süß 0,375-l, Süßwein 2016",YQUM,glass,Glasflasche,0.375,1,False,279.0,EUR,gross,0.0,279.0,744.0,744.0,558.0,744.0,,False,True,dessert,weiss,suess,,2016,Frankreich,Bordeaux,,Kategorien/Weinwelt/Weinart/Aperitifs & Dessertweine,,https://www.lidl.de/p/chateau-d-yquem-sauternes-aoc-suess-0-375-l-suesswein-2016/p100163541,https://www.lidl.de/assets/758000e9f626fb212915d7fe244b1c3d.jpeg,2026-08-14T14:35:22.709149+00:00
lidl,Lidl,discounter,100356162,"SANSIBAR DELUXE Prosecco Treviso DOC brut, Schaumwein 2024",SADE,glass,Glasflasche,0.75,1,False,12.99,EUR,gross,0.0,12.99,17.32,17.32,12.99,17.32,,False,True,sparkling,,trocken,,2024,Italien,Venetien,,"Kategorien/Weinwelt/Weinart/Champagner, Sekt & Secco",,https://www.lidl.de/p/sansibar-deluxe-prosecco-treviso-doc-brut-schaumwein-2024/p100356162,https://www.lidl.de/assets/gcpd153cbfbef0d4723bf9b64bbcd1888f1.jpeg,2026-08-14T14:35:22.709761+00:00
lidl,Lidl,discounter,100412160,"SCAVI & RAY Ice Prestige Spumante halbtrocken, Schaumwein",SCAV,unknown,unbekannt,0.75,1,False,10.95,EUR,gross,,,14.6,,10.95,14.6,,False,True,sparkling,,halbtrocken,,,Italien,,,Kategorien/Weinwelt/Weinart/Schaumwein,,https://www.lidl.de/p/scavi-ray-ice-prestige-spumante-halbtrocken-schaumwein/p100412160,https://www.lidl.de/assets/gcp991baeff11594bdda15aa7c6358f3a86.jpg,2026-08-14T14:35:22.710988+00:00
lidl,Lidl,discounter,100001180,"ALLINI Asti Vino Spumante Millesimato DOCG mild, Schaumwein 2025",ALIN,glass,Glasflasche,0.75,1,False,8.99,EUR,gross,0.0,8.99,11.99,11.99,8.99,11.99,,False,True,sparkling,weiss,lieblich,,2025,Italien,Piemont,,"Kategorien/Weinwelt/Weinart/Champagner, Sekt & Secco",,https://www.lidl.de/p/allini-asti-vino-spumante-millesimato-docg-mild-schaumwein-2025/p100001180,https://www.lidl.de/assets/gcpa885d9d840364f699e91a0852f2e877f.jpg,2026-08-14T14:35:22.711572+00:00
lidl,Lidl,discounter,100398472,"COMTE DE SENNEVAL Premium Champagne brut, Champagner",COMS,glass,Glasflasche,0.75,1,False,24.99,EUR,gross,0.0,24.99,33.32,33.32,24.99,33.32,,False,True,sparkling,,trocken,,,Frankreich,,,"Kategorien/Weinwelt/Weinart/Champagner, Sekt & Secco",,https://www.lidl.de/p/comte-de-senneval-premium-champagne-brut-champagner/p100398472,https://www.lidl.de/assets/gcp60b49cd8fc45438088442a7ddb5c6789.jpg,2026-08-14T14:35:22.712131+00:00
lidl,Lidl,discounter,100330776,"PRATELLO Mille 1 Garda Rosso DOC trocken, Rotwein 2022",PRAT,glass,Glasflasche,0.75,1,False,12.99,EUR,gross,0.0,12.99,17.32,17.32,12.99,17.32,,False,True,still,rot,trocken,,2022,Italien,,Merlot,Kategorien/Weinwelt/Weinart/Rotwein,,https://www.lidl.de/p/pratello-mille-1-garda-rosso-doc-trocken-rotwein-2022/p100330776,https://www.lidl.de/assets/b8d53b653fdfff1dd5cfec27143bb7d9.jpeg,2026-08-14T14:35:22.714122+00:00
lidl,Lidl,discounter,100322413,"PIPER-HEIDSIECK Champagne Cuvée brut, Champagner",PIHE,glass,Glasflasche,0.75,1,False,36.9,EUR,gross,0.0,36.9,49.2,49.2,36.9,49.2,,False,True,sparkling,weiss,trocken,,,Frankreich,,"Pinot Noir, Chardonnay","Kategorien/Weinwelt/Weinart/Champagner, Sekt & Secco",,https://www.lidl.de/p/piper-heidsieck-champagne-cuvee-brut-champagner/p100322413,https://www.lidl.de/assets/gcp555d1ea62ffd430d954f3af3b3090fd8.jpeg,2026-08-14T14:35:22.714742+00:00
lidl,Lidl,discounter,100332037,"PRATELLO Bollé Lugana DOC Spumante brut, Schaumwein",PRAT,glass,Glasflasche,0.75,1,False,13.99,EUR,gross,0.0,13.99,18.65,18.65,13.99,18.65,,False,True,sparkling,weiss,trocken,,,Italien,Venetien,Trebbiano,"Kategorien/Weinwelt/Weinart/Champagner, Sekt & Secco",,https://www.lidl.de/p/pratello-bolle-lugana-doc-spumante-brut-schaumwein/p100332037,https://www.lidl.de/assets/gcp672fcc163fd541c88ea3e6b9f4b2d693.jpg,2026-08-14T14:35:22.715369+00:00
lidl,Lidl,discounter,100236629,"BISSINGER Blanc de Blancs brut, Champagner",BISI,glass,Glasflasche,0.75,1,False,27.99,EUR,gross,0.0,27.99,37.32,37.32,27.99,37.32,,False,True,sparkling,weiss,trocken,,,Frankreich,,Chardonnay,"Kategorien/Weinwelt/Weinart/Champagner, Sekt & Secco",,https://www.lidl.de/p/bissinger-blanc-de-blancs-brut-champagner/p100236629,https://www.lidl.de/assets/gcp7ea62953700b4f94bdffb54e4bf9351f.jpg,2026-08-14T14:35:22.715992+00:00
lidl,Lidl,discounter,100367147,"Spätlese Deutscher Prädikatswein Rheinhessen süß, Weißwein 2025",DUMM,glass,Glasflasche,0.75,1,False,2.69,EUR,gross,0.0,2.69,3.59,3.59,2.69,3.59,,False,True,still,weiss,suess,,2025,Deutschland,Rheinhessen,,Kategorien/Weinwelt/Weinart/Weißwein,,https://www.lidl.de/p/spaetlese-deutscher-praedikatswein-rheinhessen-suess-weisswein-2025/p100367147,https://www.lidl.de/assets/gcp7ecfe1fb060b4aa3ab8b2a6f4f5ddd0f.jpeg,2026-08-14T14:35:22.716802+00:00
lidl,Lidl,discounter,100299644,"GIULIO PASOTTI Lugana DOC trocken, Weißwein 2025",PASO,glass,Glasflasche,0.75,1,False,6.49,EUR,gross,0.0,6.49,8.65,8.65,6.49,8.65,,False,True,still,weiss,trocken,,2025,Italien,Venetien,Trebbiano,Kategorien/Weinwelt/Weinart/Weißwein,,https://www.lidl.de/p/giulio-pasotti-lugana-doc-trocken-weisswein-2025/p100299644,https://www.lidl.de/assets/86eed3e4b0594162896bedc5b6ab06ff.jpeg,2026-08-14T14:35:22.717261+00:00
lidl,Lidl,discounter,100075406,"CIMAROSA Sauvignon Blanc Western Cape Südafrika trocken, Weißwein 2025",CIMA,glass,Glasflasche,0.75,1,False,2.69,EUR,gross,0.0,2.69,3.59,3.59,2.69,3.59,,False,True,still,weiss,trocken,,2025,Südafrika,,Sauvignon Blanc,Kategorien/Weinwelt/Weinart/Weißwein,,https://www.lidl.de/p/cimarosa-sauvignon-blanc-western-cape-suedafrika-trocken-weisswein-2025/p100075406,https://www.lidl.de/assets/gcp7b6e622914e74abcbbb5e5ce2466ca27.jpeg,2026-08-14T14:35:22.717766+00:00
lidl,Lidl,discounter,100305907,"I MANENTI Gavi di Gavi DOCG trocken, Weißwein 2025",IMAN,glass,Glasflasche,0.75,1,False,8.99,EUR,gross,0.0,8.99,11.99,11.99,8.99,11.99,,False,True,still,weiss,trocken,,2025,Italien,,,Kategorien/Weinwelt/Weinart/Weißwein,,https://www.lidl.de/p/i-manenti-gavi-di-gavi-docg-trocken-weisswein-2025/p100305907,https://www.lidl.de/assets/7e5b7c93aed012efa780936c4dde9acd.jpeg,2026-08-14T14:35:22.718295+00:00
lidl,Lidl,discounter,100176104,"TORRE DE FERRO Dão DOC Reserva trocken, Rotwein 2023",TOFE,glass,Glasflasche,0.75,1,False,3.49,EUR,gross,0.0,3.49,4.65,4.65,3.49,4.65,,False,True,still,rot,trocken,,2023,Portugal,,,Kategorien/Weinwelt/Weinart/Rotwein,,https://www.lidl.de/p/torre-de-ferro-dao-doc-reserva-trocken-rotwein-2023/p100176104,https://www.lidl.de/assets/b32339151871d42aaa5c67aa035183d7.jpeg,2026-08-14T14:35:22.718777+00:00
lidl,Lidl,discounter,100366091,"ERBEN Spätlese Rot lieblich, Rotwein 2024",ERBE,glass,Glasflasche,0.75,1,False,4.99,EUR,gross,0.0,4.99,6.65,6.65,4.99,6.65,,False,True,still,rot,lieblich,,2024,Deutschland,Rheinhessen,,Kategorien/Weinwelt/Weinart/Rotwein,,https://www.lidl.de/p/erben-spaetlese-rot-lieblich-rotwein-2024/p100366091,https://www.lidl.de/assets/gcp235852f676044d528e62564752966d08.jpg,2026-08-14T14:35:22.719314+00:00
lidl,Lidl,discounter,100157842,"Vega Eslora Tempranillo Vdt de la Castilla halbtrocken, Rotwein 2022",DUMM,glass,Glasflasche,0.75,1,False,3.33,EUR,gross,0.0,3.33,4.44,4.44,3.33,4.44,,False,True,still,rot,halbtrocken,,2022,Spanien,Kastilien,Tempranillo,Kategorien/Weinwelt/Weinart/Rotwein,,https://www.lidl.de/p/vega-eslora-tempranillo-vdt-de-la-castilla-halbtrocken-rotwein-2022/p100157842,https://www.lidl.de/assets/064bd199e0b49c7b60521a24f499a5a5.jpeg,2026-08-14T14:35:22.719785+00:00
lidl,Lidl,discounter,100208214,"CIMAROSA Cabernet Sauvignon trocken, Rotwein 2022",CIMA,glass,Glasflasche,0.75,1,False,3.99,EUR,gross,0.0,3.99,5.32,5.32,3.99,5.32,,False,True,still,rot,trocken,,2022,Australien,,Cabernet Sauvignon,Kategorien/Weinwelt/Weinart/Rotwein,,https://www.lidl.de/p/cimarosa-cabernet-sauvignon-trocken-rotwein-2022/p100208214,https://www.lidl.de/assets/gcp26269f0803014957b87b2e4460d569fd.jpg,2026-08-14T14:35:22.720289+00:00
lidl,Lidl,discounter,100004770,"CORTE ALLE MURA Chianti Riserva DOCG trocken, Rotwein 2022",CTMU,unknown,unbekannt,0.75,1,False,4.99,EUR,gross,,,6.65,,4.99,6.65,,False,True,still,rot,trocken,,2022,Italien,Toskana,Sangiovese,Kategorien/Weinwelt/Weinart/Rotwein,,https://www.lidl.de/p/corte-alle-mura-chianti-riserva-docg-trocken-rotwein-2022/p100004770,https://www.lidl.de/assets/gcp8e83d120dd7644f698dac9b4f19afc3b.jpg,2026-08-14T14:35:22.721149+00:00
lidl,Lidl,discounter,100382658,LIVARNO HOME Wein-/Sekt-Accesoires,LIHO,unknown,unbekannt,,1,False,1.99,EUR,gross,,,,,,,,False,True,sparkling,,,,,,,,Kategorien/Weinwelt/Rund um den Wein/Sonstiges,,https://www.lidl.de/p/livarno-home-wein-sekt-accesoires/p100382658,https://www.lidl.de/assets/gcpbf24bbe84f33418d8b0a2f2680d508d7.jpg,2026-08-14T14:35:22.722169+00:00
lidl,Lidl,discounter,100319175,"Retsina trocken, Weißwein",DUMM,glass,Glasflasche,0.75,1,False,4.99,EUR,gross,0.0,4.99,6.65,6.65,4.99,6.65,,False,True,still,weiss,trocken,,,Griechenland,,,Kategorien/Weinwelt/Weinart/Weißwein,pet,https://www.lidl.de/p/retsina-trocken-weisswein/p100319175,https://www.lidl.de/assets/3db7d0ea0fa5618fa34d6ca2d5b40a0d.jpeg,2026-08-14T14:35:22.722872+00:00
lidl,Lidl,discounter,100175324,"Junge Winzer Grauburgunder Baden QbA trocken, Weißwein 2024",JUWI,unknown,unbekannt,0.75,1,False,5.99,EUR,gross,,,7.99,,5.99,7.99,,False,True,still,weiss,trocken,,2024,Deutschland,Baden,Grauburgunder,Kategorien/Weinwelt/Weinart/Weißwein,,https://www.lidl.de/p/junge-winzer-grauburgunder-baden-qba-trocken-weisswein-2024/p100175324,https://www.lidl.de/assets/gcp08347e0328fe40a9a44b30737f35694d.jpg,2026-08-14T14:35:22.723442+00:00
lidl,Lidl,discounter,100180919,"PORTA DA RAVESSA Alentejo DOC trocken, Rotwein 2024",TADS,glass,Glasflasche,0.75,1,False,4.99,EUR,gross,0.0,4.99,6.65,6.65,4.99,6.65,,False,True,still,rot,trocken,,2024,Portugal,,,Kategorien/Weinwelt/Weinart/Rotwein,,https://www.lidl.de/p/porta-da-ravessa-alentejo-doc-trocken-rotwein-2024/p100180919,https://www.lidl.de/assets/840965c70ce159a8fd2ef78792b8b68f.jpeg,2026-08-14T14:35:22.723979+00:00
lidl,Lidl,discounter,100176178,"Bourgogne Chardonnay AOP trocken, Weißwein 2023",DUMM,glass,Glasflasche,0.75,1,False,7.49,EUR,gross,0.0,7.49,9.99,9.99,7.49,9.99,,False,True,still,weiss,trocken,,2023,Frankreich,Burgund,Chardonnay,Kategorien/Weinwelt/Weinart/Weißwein,,https://www.lidl.de/p/bourgogne-chardonnay-aop-trocken-weisswein-2023/p100176178,https://www.lidl.de/assets/3dd8aa0a146ebef5a984c73e6d1f84cd.jpeg,2026-08-14T14:35:22.724555+00:00
lidl,Lidl,discounter,100353800,"CHÂTEAU DE LANDIRAS Graves AOC trocken, Rotwein 2022",CTLA,glass,Glasflasche,0.75,1,False,12.99,EUR,gross,0.0,12.99,17.32,17.32,12.99,17.32,,False,True,still,rot,trocken,,2022,Frankreich,Bordeaux,"Merlot, Cabernet Sauvignon",Kategorien/Weinwelt/Weinart/Rotwein,,https://www.lidl.de/p/chateau-de-landiras-graves-aoc-trocken-rotwein-2022/p100353800,https://www.lidl.de/assets/gcp16b167b15fa64f20ae842b57234c8ab7.jpg,2026-08-14T14:35:22.725116+00:00
lidl,Lidl,discounter,100175333,"Amarone della Valpolicella Classico DOCG trocken, Rotwein 2020",DUMM,glass,Glasflasche,0.75,1,False,16.99,EUR,gross,0.0,16.99,22.65,22.65,16.99,22.65,,False,True,still,rot,trocken,,2020,Italien,Venetien,Corvina,Kategorien/Weinwelt/Weinart/Rotwein,,https://www.lidl.de/p/amarone-della-valpolicella-classico-docg-trocken-rotwein-2020/p100175333,https://www.lidl.de/assets/gcpc94470ad9e7548a19832583abb5e0ebd.jpg,2026-08-14T14:35:22.725786+00:00
lidl,Lidl,discounter,100040974,"PORTAL DO MINHO Alvarinho Vinho Verde DOC trocken, Weißwein 2024",PTMI,glass,Glasflasche,0.75,1,False,5.99,EUR,gross,0.0,5.99,7.99,7.99,5.99,7.99,,False,True,still,weiss,trocken,,2024,Portugal,,,Kategorien/Weinwelt/Weinart/Weißwein,,https://www.lidl.de/p/portal-do-minho-alvarinho-vinho-verde-doc-trocken-weisswein-2024/p100040974,https://www.lidl.de/assets/gcpbac077b63f6d423cb8628fa9adf749c4.jpeg,2026-08-14T14:35:22.727067+00:00
lidl,Lidl,discounter,100061593,"Vin d'Alsace Gewürztraminer AOP halbtrocken, Weißwein 2024",DUMM,glass,Glasflasche,0.75,1,False,7.99,EUR,gross,0.0,7.99,10.65,10.65,7.99,10.65,,False,True,still,weiss,halbtrocken,,2024,Frankreich,,,Kategorien/Weinwelt/Weinart/Weißwein,,https://www.lidl.de/p/vin-d-alsace-gewuerztraminer-aop-halbtrocken-weisswein-2024/p100061593,https://www.lidl.de/assets/2221888bdc7765886b316c703da28682.jpeg,2026-08-14T14:35:22.727691+00:00
lidl,Lidl,discounter,100175248,"GIULIO PASOTTI Chiaretto di Bardolino DOC trocken, Roséwein 2024",PASO,glass,Glasflasche,0.75,1,False,2.79,EUR,gross,0.0,2.79,3.72,3.72,2.79,3.72,,False,True,still,rose,trocken,,2024,Italien,Venetien,Corvina,Kategorien/Weinwelt/Weinart/Roséwein,,https://www.lidl.de/p/giulio-pasotti-chiaretto-di-bardolino-doc-trocken-rosewein-2024/p100175248,https://www.lidl.de/assets/gcpc743085e7fd649fd9a4f2fd86566d63a.jpg,2026-08-14T14:35:22.728214+00:00
lidl,Lidl,discounter,100180741,"CORTE ALLE MURA Vernaccia di San Gimignano DOCG trocken, Weißwein 2024",CTMU,glass,Glasflasche,0.75,1,False,6.99,EUR,gross,0.0,6.99,9.32,9.32,6.99,9.32,,False,True,still,weiss,trocken,,2024,Italien,Toskana,,Kategorien/Weinwelt/Weinart/Weißwein,,https://www.lidl.de/p/corte-alle-mura-vernaccia-di-san-gimignano-docg-trocken-weisswein-2024/p100180741,https://www.lidl.de/assets/cdc5c3b693e9a29f264613f9f7e21d1e.jpeg,2026-08-14T14:35:22.728863+00:00
lidl,Lidl,discounter,100005329,"CASATO DEI MEDICI RICCARDI Morellino di Scansano DOCG trocken, Rotwein 2024",CRIC,glass,Glasflasche,0.75,1,False,6.99,EUR,gross,0.0,6.99,9.32,9.32,6.99,9.32,,False,True,still,rot,trocken,,2024,Italien,Toskana,Sangiovese,Kategorien/Weinwelt/Weinart/Rotwein,,https://www.lidl.de/p/casato-dei-medici-riccardi-morellino-di-scansano-docg-trocken-rotwein-2024/p100005329,https://www.lidl.de/assets/gcpb31eaab0b40b448b99bf565f69141343.jpg,2026-08-14T14:35:22.729317+00:00
lidl,Lidl,discounter,100365639,"Cabernet/Tempranillo, alkoholfreier Rotwein",DUMM,glass,Glasflasche,0.75,1,False,4.99,EUR,gross,0.0,4.99,6.65,6.65,4.99,6.65,,False,True,still,rot,trocken,,,Spanien,,Tempranillo,Kategorien/Weinwelt/Alkoholfreie Getränke/Sonstige alkoholfreie Getränke,,https://www.lidl.de/p/cabernet-tempranillo-alkoholfreier-rotwein/p100365639,https://www.lidl.de/assets/gcpfa1e2f419eca43b48fe40f9b0a6e8da4.jpeg,2026-08-14T14:35:22.729855+00:00
lidl,Lidl,discounter,100001259,"Ehrentrudis Tuniberger Spätburgunder Weißherbst QbA lieblich, Roséwein 2024",DUMY,glass,Glasflasche,0.75,1,False,4.99,EUR,gross,0.0,4.99,6.65,6.65,4.99,6.65,,False,True,still,rose,lieblich,,2024,Deutschland,Baden,Spätburgunder,Kategorien/Weinwelt/Weinart/Roséwein,,https://www.lidl.de/p/ehrentrudis-tuniberger-spaetburgunder-weissherbst-qba-lieblich-rosewein-2024/p100001259,https://www.lidl.de/assets/c1e426bb82fb75c014647029406c3d16.jpeg,2026-08-14T14:35:22.730831+00:00
lidl,Lidl,discounter,100059869,"Monte Plogar Crianza Cariñena DOP trocken, Rotwein 2020",MOPL,glass,Glasflasche,0.75,1,False,5.99,EUR,gross,0.0,5.99,7.99,7.99,5.99,7.99,,False,True,still,rot,trocken,,2020,Spanien,,"Garnacha, Tempranillo",Kategorien/Weinwelt/Weinart/Rotwein,,https://www.lidl.de/p/monte-plogar-crianza-carinena-dop-trocken-rotwein-2020/p100059869,https://www.lidl.de/assets/gcpfdd753d5f8a04c1bb29a7fb2e0740544.jpeg,2026-08-14T14:35:22.731288+00:00
lidl,Lidl,discounter,100175304,"CASATO DEI MEDICI RICCARDI Colli Senesi Chianti DOCG trocken, Rotwein 2023",CRIC,glass,Glasflasche,0.75,1,False,6.49,EUR,gross,0.0,6.49,8.65,8.65,6.49,8.65,,False,True,still,rot,trocken,,2023,Italien,Toskana,Sangiovese,Kategorien/Weinwelt/Weinart/Rotwein,,https://www.lidl.de/p/casato-dei-medici-riccardi-colli-senesi-chianti-docg-trocken-rotwein-2023/p100175304,https://www.lidl.de/assets/44b7709ad7476c4311f61e54d7cedea5.jpeg,2026-08-14T14:35:22.731864+00:00
lidl,Lidl,discounter,100001673,"COMTE DE BRISMAND Brut Reserve, Champagner",COMT,glass,Glasflasche,0.75,1,False,17.99,EUR,gross,0.0,17.99,23.99,23.99,17.99,23.99,,False,True,sparkling,,trocken,,,Frankreich,,,"Kategorien/Weinwelt/Weinart/Champagner, Sekt & Secco",,https://www.lidl.de/p/comte-de-brismand-brut-reserve-champagner/p100001673,https://www.lidl.de/assets/gcpc90ccc5726fd40c29b5caa5b548f7703.jpg,2026-08-14T14:35:22.732454+00:00
lidl,Lidl,discounter,100181236,"TORRE DE FERRO Dão DOC trocken, Rotwein 2023",TOFE,glass,Glasflasche,0.75,1,False,5.99,EUR,gross,0.0,5.99,7.99,7.99,5.99,7.99,,False,True,still,rot,trocken,,2023,Portugal,,,Kategorien/Weinwelt/Weinart/Rotwein,,https://www.lidl.de/p/torre-de-ferro-dao-doc-trocken-rotwein-2023/p100181236,https://www.lidl.de/assets/9d1439bec9d48c3b42cc5ea700b70f8c.jpeg,2026-08-14T14:35:22.733195+00:00
lidl,Lidl,discounter,100060220,"BARÓN DEL CEGA Valdepenas DO Reserva trocken, Rotwein 2019",BOCG,glass,Glasflasche,0.75,1,False,4.89,EUR,gross,0.0,4.89,6.52,6.52,4.89,6.52,,False,True,still,rot,trocken,,2019,Spanien,,Tempranillo,Kategorien/Weinwelt/Weinart/Rotwein,,https://www.lidl.de/p/baron-del-cega-valdepenas-do-reserva-trocken-rotwein-2019/p100060220,https://www.lidl.de/assets/gcp4a285474176147fb932783a759b003c2.jpeg,2026-08-14T14:35:22.733771+00:00
lidl,Lidl,discounter,100004467,"Vino Nobile di Montepulciano DOCG trocken, Rotwein 2022",DUMM,glass,Glasflasche,0.75,1,False,6.99,EUR,gross,0.0,6.99,9.32,9.32,6.99,9.32,,False,True,still,rot,trocken,,2022,Italien,Toskana,"Montepulciano, Sangiovese",Kategorien/Weinwelt/Weinart/Rotwein,,https://www.lidl.de/p/vino-nobile-di-montepulciano-docg-trocken-rotwein-2022/p100004467,https://www.lidl.de/assets/50d1eb3a13af25789406f2fa00622131.jpeg,2026-08-14T14:35:22.734327+00:00
lidl,Lidl,discounter,100061626,"Côtes du Rhône Villages AOP trocken, Rotwein 2024",DUMM,glass,Glasflasche,0.75,1,False,5.99,EUR,gross,0.0,5.99,7.99,7.99,5.99,7.99,,False,True,still,rot,trocken,,2024,Frankreich,Rhone,"Grenache, Syrah",Kategorien/Weinwelt/Weinart/Rotwein,,https://www.lidl.de/p/cotes-du-rhone-villages-aop-trocken-rotwein-2024/p100061626,https://www.lidl.de/assets/gcp89a12ce0419f4859a07a0ccb114891bf.jpeg,2026-08-14T14:35:22.734815+00:00
lidl,Lidl,discounter,100273820,"MEDINET rosé fruchtig-süß, Literflasche, Roséwein",MEET,glass,Glasflasche,1.0,1,False,4.99,EUR,gross,0.0,4.99,4.99,4.99,3.74,4.99,,False,True,still,rose,suess,,,Frankreich,,,Kategorien/Weinwelt/Weinart/Roséwein,,https://www.lidl.de/p/medinet-rose-fruchtig-suess-literflasche-rosewein/p100273820,https://www.lidl.de/assets/gcp0ce1d806c5644813ab0697786fc3723c.jpg,2026-08-14T14:35:22.735880+00:00
lidl,Lidl,discounter,100157845,"LIBERTARIO Tempranillo trocken vegan, Rotwein 2024",LELB,unknown,unbekannt,0.75,1,False,3.99,EUR,gross,,,5.32,,3.99,5.32,,False,True,still,rot,trocken,,2024,Spanien,La Mancha,Tempranillo,Kategorien/Weinwelt/Weinart/Rotwein,,https://www.lidl.de/p/libertario-tempranillo-trocken-vegan-rotwein-2024/p100157845,https://www.lidl.de/assets/gcpcfdfec5243a3491d83bff116efcda22f.jpg,2026-08-14T14:35:22.737230+00:00
lidl,Lidl,discounter,100061628,"Costières de Nîmes AOP trocken, Rotwein 2023",DUMM,glass,Glasflasche,0.75,1,False,4.89,EUR,gross,0.0,4.89,6.52,6.52,4.89,6.52,,False,True,still,rot,trocken,,2023,Frankreich,Languedoc,,Kategorien/Weinwelt/Weinart/Rotwein,,https://www.lidl.de/p/costieres-de-nimes-aop-trocken-rotwein-2023/p100061628,https://www.lidl.de/assets/gcpe4343851ac24491497cb83bf61217af6.jpeg,2026-08-14T14:35:22.738574+00:00
lidl,Lidl,discounter,100175336,"Primitivo Salento IGP trocken, Rotwein 2023",DUMM,glass,Glasflasche,0.75,1,False,6.99,EUR,gross,0.0,6.99,9.32,9.32,6.99,9.32,,False,True,still,rot,trocken,,2023,Italien,Apulien,Primitivo,Kategorien/Weinwelt/Weinart/Rotwein,,https://www.lidl.de/p/primitivo-salento-igp-trocken-rotwein-2023/p100175336,https://www.lidl.de/assets/gcp6398642426fb4e52b17f4dddeb64e202.jpeg,2026-08-14T14:35:22.739201+00:00
lidl,Lidl,discounter,100161490,"MEZQUIRIZ Tempranillo Reserva DO trocken, Rotwein 2018",MEZQ,glass,Glasflasche,0.75,1,False,9.99,EUR,gross,0.0,9.99,13.32,13.32,9.99,13.32,,False,True,still,rot,trocken,,2018,Spanien,,Tempranillo,Kategorien/Weinwelt/Weinart/Rotwein,,https://www.lidl.de/p/mezquiriz-tempranillo-reserva-do-trocken-rotwein-2018/p100161490,https://www.lidl.de/assets/gcp1d0d979cf0bb412a97d5aa39979d354e.jpg,2026-08-14T14:35:22.740119+00:00
lidl,Lidl,discounter,100158038,"Casa Ermelinda Vinha do Rosário Reserva, Rotwein 2023",DUMY,glass,Glasflasche,0.75,1,False,4.99,EUR,gross,0.0,4.99,6.65,6.65,4.99,6.65,,False,True,still,rot,trocken,,2023,Portugal,,"Syrah, Cabernet Sauvignon",Kategorien/Weinwelt/Weinart/Rotwein,,https://www.lidl.de/p/casa-ermelinda-vinha-do-rosario-reserva-rotwein-2023/p100158038,https://www.lidl.de/assets/ee055099f33b7bece978286716df27be.jpeg,2026-08-14T14:35:22.740717+00:00
lidl,Lidl,discounter,100018168,"Junge Winzer Spätburgunder Rosé Baden QbA trocken, Roséwein",JUWI,glass,Glasflasche,0.75,1,False,5.99,EUR,gross,0.0,5.99,7.99,7.99,5.99,7.99,,False,True,still,rose,trocken,,,Deutschland,Baden,Spätburgunder,Kategorien/Weinwelt/Weinart/Roséwein,,https://www.lidl.de/p/junge-winzer-spaetburgunder-rose-baden-qba-trocken-rosewein/p100018168,https://www.lidl.de/assets/gcp537b79c6588b41ae8c01f5af7ed3262a.jpg,2026-08-14T14:35:22.741398+00:00
lidl,Lidl,discounter,100012177,"Junge Winzer Spätburgunder Baden QbA trocken, Rotwein 2022",JUWI,glass,Glasflasche,0.75,1,False,5.99,EUR,gross,0.0,5.99,7.99,7.99,5.99,7.99,,False,True,still,rot,trocken,,2022,Deutschland,Baden,Spätburgunder,Kategorien/Weinwelt/Weinart/Rotwein,,https://www.lidl.de/p/junge-winzer-spaetburgunder-baden-qba-trocken-rotwein-2022/p100012177,https://www.lidl.de/assets/gcp3d4bc1e1bf7742d59090aa6a546f841f.jpeg,2026-08-14T14:35:22.742479+00:00
lidl,Lidl,discounter,100160431,"GIULIO PASOTTI Pinot Grigio delle Venezie DOC trocken, Roséwein 2024",PASO,glass,Glasflasche,0.75,1,False,6.99,EUR,gross,0.0,6.99,9.32,9.32,6.99,9.32,,False,True,still,rose,trocken,,2024,Italien,Venetien,Pinot Grigio,Kategorien/Weinwelt/Weinart/Roséwein,,https://www.lidl.de/p/giulio-pasotti-pinot-grigio-delle-venezie-doc-trocken-rosewein-2024/p100160431,https://www.lidl.de/assets/gcpd8b689b4fa804da2bece2695380d0c05.jpg,2026-08-14T14:35:22.743079+00:00
lidl,Lidl,discounter,100178729,"Nemea Agiorgitiko POP lieblich, Rotwein 2024",DUMM,glass,Glasflasche,0.75,1,False,6.99,EUR,gross,0.0,6.99,9.32,9.32,6.99,9.32,,False,True,still,rot,lieblich,,2024,Griechenland,,,Kategorien/Weinwelt/Weinart/Rotwein,,https://www.lidl.de/p/nemea-agiorgitiko-pop-lieblich-rotwein-2024/p100178729,https://www.lidl.de/assets/d9eaff319f7ff41959120658223466cb.jpeg,2026-08-14T14:35:22.743612+00:00
lidl,Lidl,discounter,100040994,"ALMOCREVE Alentejano trocken vegan, Rotwein 2023",ALMC,glass,Glasflasche,0.75,1,False,4.99,EUR,gross,0.0,4.99,6.65,6.65,4.99,6.65,,False,True,still,rot,trocken,,2023,Portugal,Alentejano,,Kategorien/Weinwelt/Weinart/Rotwein,,https://www.lidl.de/p/almocreve-alentejano-trocken-vegan-rotwein-2023/p100040994,https://www.lidl.de/assets/267156064588115ffe73c561cbb82c54.jpeg,2026-08-14T14:35:22.744110+00:00
lidl,Lidl,discounter,100004455,"BISSINGER Rosé brut, Champagner",BISI,glass,Glasflasche,0.75,1,False,27.99,EUR,gross,0.0,27.99,37.32,37.32,27.99,37.32,,False,True,sparkling,rose,trocken,,,Frankreich,,,"Kategorien/Weinwelt/Weinart/Champagner, Sekt & Secco",,https://www.lidl.de/p/bissinger-rose-brut-champagner/p100004455,https://www.lidl.de/assets/gcp59155ef7f57e44e0a668f8c7812e82dd.jpg,2026-08-14T14:35:22.744646+00:00
lidl,Lidl,discounter,100177659,"VIAJERO Chardonnay-Viognier Reserva Privada Valle Central trocken vegan, Weißwein 2024",VIAJ,glass,Glasflasche,0.75,1,False,5.99,EUR,gross,0.0,5.99,7.99,7.99,5.99,7.99,,False,True,still,weiss,trocken,,2024,Chile,,"Chardonnay, Viognier",Kategorien/Weinwelt/Weinart/Weißwein,,https://www.lidl.de/p/viajero-chardonnay-viognier-reserva-privada-valle-central-trocken-vegan-weisswein-2024/p100177659,https://www.lidl.de/assets/gcpf131f6c9787b4b809b42b832f9b1f966.jpg,2026-08-14T14:35:22.745386+00:00
lidl,Lidl,discounter,100181704,"Die Sonnenwinzer Kaiserstühler Müller-Thurgau feinherb, Literflasche, Weißwein",DUMY,glass,Glasflasche,1.0,1,False,4.99,EUR,gross,0.0,4.99,4.99,4.99,3.74,4.99,,False,True,still,weiss,halbtrocken,,,Deutschland,Baden,Müller-Thurgau,Kategorien/Weinwelt/Weinart/Weißwein,,https://www.lidl.de/p/die-sonnenwinzer-kaiserstuehler-mueller-thurgau-feinherb-literflasche-weisswein/p100181704,https://www.lidl.de/assets/02245c00e3cbc4742912ebfe694a703c.jpeg,2026-08-14T14:35:22.747222+00:00
lidl,Lidl,discounter,100174457,"CASATO DEI MEDICI RICCARDI Chianti Classico DOCG Riserva trocken, Rotwein 2021",CRIC,glass,Glasflasche,0.75,1,False,9.99,EUR,gross,0.0,9.99,13.32,13.32,9.99,13.32,,False,True,still,rot,trocken,,2021,Italien,Toskana,,Kategorien/Weinwelt/Weinart/Rotwein,,https://www.lidl.de/p/casato-dei-medici-riccardi-chianti-classico-docg-riserva-trocken-rotwein-2021/p100174457,https://www.lidl.de/assets/gcpedab39927a47445a888385628907da71.jpeg,2026-08-14T14:35:22.748416+00:00
lidl,Lidl,discounter,800006818,"Wein Set klassisch 4teilig + Weinkühler »Artico«, flexibel, schwarz",DUMY,glass,Glasflasche,,1,True,30.38,EUR,gross,0.0,30.38,,,,,,False,True,still,weiss,,,,,,,Kategorien/Haushalt & Küche/Küchenzubehör/Barzubehör,,https://www.lidl.de/p/wein-set-klassisch-4teilig-weinkuehler-artico-flexibel-schwarz/p800006818,https://www.lidl.de/assets/gcpd6a38d2a8eb540d2af7bfc840f229f0b.jpeg,2026-08-14T14:35:22.749491+00:00
lidl,Lidl,discounter,100180727,"Garda DOC trocken, Perlwein 2023",DUMM,unknown,unbekannt,0.75,1,False,4.99,EUR,gross,,,6.65,,4.99,6.65,,False,True,sparkling,,trocken,,2023,Italien,Venetien,,"Kategorien/Weinwelt/Weinart/Champagner, Sekt & Secco",,https://www.lidl.de/p/garda-doc-trocken-perlwein-2023/p100180727,https://www.lidl.de/assets/gcpd60c25cf39f242c3af756d651b5c8c19.jpg,2026-08-14T14:35:22.752090+00:00
lidl,Lidl,discounter,100368832,VACU VIN Wein-/ Champagnerkühler »Artico« mit Neoprenhülle und Lederband,VACU,glass,Glasflasche,,1,False,27.99,EUR,gross,0.0,27.99,,,,,,False,True,still,weiss,,,,,,,Kategorien/Weinwelt/Rund um den Wein/Weinkühlschränke,,https://www.lidl.de/p/vacu-vin-wein-champagnerkuehler-artico-mit-neoprenhuelle-und-lederband/p100368832,https://www.lidl.de/assets/gcp871c936a57da44e9b53219961fd19a1b.jpeg,2026-08-14T14:35:22.753139+00:00
lidl,Lidl,discounter,100157836,"CEPA LEBREL Blanco Rioja DOCa trocken vegan, Weißwein 2023",CEPA,glass,Glasflasche,0.75,1,False,4.99,EUR,gross,0.0,4.99,6.65,6.65,4.99,6.65,,False,True,still,weiss,trocken,,2023,Spanien,Rioja,,Kategorien/Weinwelt/Weinart/Weißwein,,https://www.lidl.de/p/cepa-lebrel-blanco-rioja-doca-trocken-vegan-weisswein-2023/p100157836,https://www.lidl.de/assets/gcp0d1bb21a0db9407c9ad5f4f41d1543fe.jpg,2026-08-14T14:35:22.754793+00:00
lidl,Lidl,discounter,100157841,"MEZQUIRIZ Garnacha Rosado Navarra DO trocken vegan, Roséwein 2023",MEZQ,glass,Glasflasche,0.75,1,False,4.99,EUR,gross,0.0,4.99,6.65,6.65,4.99,6.65,,False,True,still,rose,trocken,,2023,Spanien,,Garnacha,Kategorien/Weinwelt/Weinart/Roséwein,,https://www.lidl.de/p/mezquiriz-garnacha-rosado-navarra-do-trocken-vegan-rosewein-2023/p100157841,https://www.lidl.de/assets/gcp8d16f2352baf47ba912be09614a7c81b.jpg,2026-08-14T14:35:22.755285+00:00
lidl,Lidl,discounter,100175274,"CORTE AURELIO Grillo Sicilia DOP trocken, Weißwein 2024",RELO,glass,Glasflasche,0.75,1,False,5.99,EUR,gross,0.0,5.99,7.99,7.99,5.99,7.99,,False,True,still,weiss,trocken,,2024,Italien,Sizilien,,Kategorien/Weinwelt/Weinart/Weißwein,,https://www.lidl.de/p/corte-aurelio-grillo-sicilia-dop-trocken-weisswein-2024/p100175274,https://www.lidl.de/assets/gcp667db00fe71e4797a8370f346c3a68a2.jpeg,2026-08-14T14:35:22.755898+00:00
lidl,Lidl,discounter,100040995,"ALMOCREVE Vinho Regional Alentejano Reserva halbtrocken, Rotwein 2022",ALMC,glass,Glasflasche,0.75,1,False,5.99,EUR,gross,0.0,5.99,7.99,7.99,5.99,7.99,,False,True,still,rot,halbtrocken,,2022,Portugal,Alentejano,,Kategorien/Weinwelt/Weinart/Rotwein,,https://www.lidl.de/p/almocreve-vinho-regional-alentejano-reserva-halbtrocken-rotwein-2022/p100040995,https://www.lidl.de/assets/e4e32cb9e1c36a188b95e8875dcec790.jpeg,2026-08-14T14:35:22.756498+00:00
lidl,Lidl,discounter,100033109,"MEZQUIRIZ Tempranillo Tinto Roble Navarra DO trocken, Rotwein 2022",MEZQ,glass,Glasflasche,0.75,1,False,6.99,EUR,gross,0.0,6.99,9.32,9.32,6.99,9.32,,False,True,still,rot,trocken,,2022,Spanien,,Tempranillo,Kategorien/Weinwelt/Weinart/Rotwein,,https://www.lidl.de/p/mezquiriz-tempranillo-tinto-roble-navarra-do-trocken-rotwein-2022/p100033109,https://www.lidl.de/assets/gcp8f3e837ceb424d1b9504e3fc64020b45.jpg,2026-08-14T14:35:22.758050+00:00
lidl,Lidl,discounter,100180819,"Cuvée Prestige Crémant de Bourgogne AOC brut, Schaumwein",DUMM,glass,Glasflasche,0.75,1,False,11.99,EUR,gross,0.0,11.99,15.99,15.99,11.99,15.99,,False,True,sparkling,,trocken,,,Frankreich,Burgund,,"Kategorien/Weinwelt/Weinart/Champagner, Sekt & Secco",,https://www.lidl.de/p/cuvee-prestige-cremant-de-bourgogne-aoc-brut-schaumwein/p100180819,https://www.lidl.de/assets/gcpa45fcb3f0e97495880752cadafb0b53a.jpg,2026-08-14T14:35:22.758719+00:00
lidl,Lidl,discounter,100158021,"Amorany Cava Cuvée Especial brut, Schaumwein",DUMM,glass,Glasflasche,0.75,1,False,8.99,EUR,gross,0.0,8.99,11.99,11.99,8.99,11.99,,False,True,sparkling,,trocken,,,Spanien,,,"Kategorien/Weinwelt/Weinart/Champagner, Sekt & Secco",,https://www.lidl.de/p/amorany-cava-cuvee-especial-brut-schaumwein/p100158021,https://www.lidl.de/assets/gcp82e116c60cdb4c4eb2de1cef20c32c24.jpg,2026-08-14T14:35:22.759278+00:00
lidl,Lidl,discounter,100154886,"Vigna La Cupa Brindisi Rosso Riserva DOP trocken, Rotwein 2022",DUMM,unknown,unbekannt,0.75,1,False,9.99,EUR,gross,,,13.32,,9.99,13.32,,False,True,still,rot,trocken,,2022,Italien,Apulien,Negroamaro,Kategorien/Weinwelt/Weinart/Rotwein,,https://www.lidl.de/p/vigna-la-cupa-brindisi-rosso-riserva-dop-trocken-rotwein-2022/p100154886,https://www.lidl.de/assets/gcp6e9aa33434be493aade241925a5da807.jpg,2026-08-14T14:35:22.759972+00:00
lidl,Lidl,discounter,100212612,"DEUTSCHES WEINTOR EXCLUSIV Spätburgunder Blanc de Noir QbA trocken, Weißwein 2025",DEWE,glass,Glasflasche,0.75,1,False,5.29,EUR,gross,0.0,5.29,7.05,7.05,5.29,7.05,,False,True,still,weiss,trocken,,2025,Deutschland,Pfalz,Spätburgunder,Kategorien/Weinwelt/Weinart/Weißwein,,https://www.lidl.de/p/deutsches-weintor-exclusiv-spaetburgunder-blanc-de-noir-qba-trocken-weisswein-2025/p100212612,https://www.lidl.de/assets/45ec1104ae57cc97e0caf0d05a263143.jpeg,2026-08-14T14:35:22.760669+00:00
lidl,Lidl,discounter,100212593,"DEUTSCHES WEINTOR EDITION MILD Dornfelder Pfalz QbA halbtrocken, Rotwein 2024",DEWE,glass,Glasflasche,0.75,1,False,5.29,EUR,gross,0.0,5.29,7.05,7.05,5.29,7.05,,False,True,still,rot,halbtrocken,,2024,Deutschland,Pfalz,Dornfelder,Kategorien/Weinwelt/Weinart/Rotwein,,https://www.lidl.de/p/deutsches-weintor-edition-mild-dornfelder-pfalz-qba-halbtrocken-rotwein-2024/p100212593,https://www.lidl.de/assets/gcp3af0558a838a4893bd2ae1c105827184.jpg,2026-08-14T14:35:22.761245+00:00
lidl,Lidl,discounter,100256285,"Primitivo Rosato Puglia IGP trocken, Roséwein",DUMM,glass,Glasflasche,0.75,1,False,2.29,EUR,gross,0.0,2.29,3.05,3.05,2.29,3.05,,False,True,still,rose,trocken,,,Italien,Apulien,Primitivo,Kategorien/Weinwelt/Weinart/Roséwein,,https://www.lidl.de/p/primitivo-rosato-puglia-igp-trocken-rosewein/p100256285,https://www.lidl.de/assets/gcpdf174742edb6429fbbfa557af0ae9487.jpg,2026-08-14T14:35:22.761828+00:00
lidl,Lidl,discounter,100192075,"Nemea Agiorgitiko PDO trocken, Rotwein 2024",DUMM,glass,Glasflasche,0.75,1,False,4.79,EUR,gross,0.0,4.79,6.39,6.39,4.79,6.39,,False,True,still,rot,trocken,,2024,Griechenland,,,Kategorien/Weinwelt/Weinart/Rotwein,,https://www.lidl.de/p/nemea-agiorgitiko-pdo-trocken-rotwein-2024/p100192075,https://www.lidl.de/assets/02823ceb194d86d2e861c284814bf6f9.jpeg,2026-08-14T14:35:22.762288+00:00
lidl,Lidl,discounter,100196595,"ERBEN Spätlese feinfruchtig, Weißwein 2025",ERBE,glass,Glasflasche,0.75,1,False,4.99,EUR,gross,0.0,4.99,6.65,6.65,4.99,6.65,,False,True,still,weiss,,,2025,Deutschland,Rheinhessen,,Kategorien/Weinwelt/Weinart/Weißwein,,https://www.lidl.de/p/erben-spaetlese-feinfruchtig-weisswein-2025/p100196595,https://www.lidl.de/assets/d8d419b590c63e67c290368307bc7ce6.jpeg,2026-08-14T14:35:22.762816+00:00
lidl,Lidl,discounter,100243561,"DIE JUNGEN FRANK'N Rotling QbA halbtrocken, Rotling 2025",DIJU,glass,Glasflasche,0.75,1,False,5.5,EUR,gross,0.0,5.5,7.33,7.33,5.5,7.33,,False,True,still,rose,halbtrocken,,2025,Deutschland,Franken,,Kategorien/Weinwelt/Weinart/Roséwein,,https://www.lidl.de/p/die-jungen-frank-n-rotling-qba-halbtrocken-rotling-2025/p100243561,https://www.lidl.de/assets/gcpf465dfb89b9747febb5a4a5f6afdadc2.jpg,2026-08-14T14:35:22.763615+00:00
lidl,Lidl,discounter,100213108,"VEUVE CLICQUOT Yellow Label brut, Champagner",VEUV,glass,Glasflasche,0.75,1,False,44.99,EUR,gross,0.0,44.99,59.99,59.99,44.99,59.99,,False,True,sparkling,,trocken,,,Frankreich,,,"Kategorien/Weinwelt/Weinart/Champagner, Sekt & Secco",,https://www.lidl.de/p/veuve-clicquot-yellow-label-brut-champagner/p100213108,https://www.lidl.de/assets/gcpbae22317eb354a66ae418a34937d4133.jpg,2026-08-14T14:35:22.764281+00:00
lidl,Lidl,discounter,100251680,"CIMAROSA Südafrika Rosé halbtrocken, Roséwein 2024",CIMA,glass,Glasflasche,0.75,1,False,3.99,EUR,gross,0.0,3.99,5.32,5.32,3.99,5.32,,False,True,still,rose,halbtrocken,,2024,Südafrika,,,Kategorien/Weinwelt/Weinart/Roséwein,,https://www.lidl.de/p/cimarosa-suedafrika-rose-halbtrocken-rosewein-2024/p100251680,https://www.lidl.de/assets/gcp47429f676e914369908a940df4e30c63.jpeg,2026-08-14T14:35:22.765104+00:00
lidl,Lidl,discounter,100212604,"DEUTSCHES WEINTOR EXCLUSIV Grauburgunder QbA trocken, Weißwein 2024",DEWE,glass,Glasflasche,0.75,1,False,5.29,EUR,gross,0.0,5.29,7.05,7.05,5.29,7.05,,False,True,still,weiss,trocken,,2024,Deutschland,Pfalz,Grauburgunder,Kategorien/Weinwelt/Weinart/Weißwein,,https://www.lidl.de/p/deutsches-weintor-exclusiv-grauburgunder-qba-trocken-weisswein-2024/p100212604,https://www.lidl.de/assets/gcp4c7b3e26061140879e6b31b7bd159e2b.jpg,2026-08-14T14:35:22.765757+00:00
lidl,Lidl,discounter,100212611,"DEUTSCHES WEINTOR EXCLUSIV Spätburgunder QbA trocken, Rotwein 2023",DEWE,glass,Glasflasche,0.75,1,False,5.29,EUR,gross,0.0,5.29,7.05,7.05,5.29,7.05,,False,True,still,rot,trocken,,2023,Deutschland,Pfalz,Spätburgunder,Kategorien/Weinwelt/Weinart/Rotwein,,https://www.lidl.de/p/deutsches-weintor-exclusiv-spaetburgunder-qba-trocken-rotwein-2023/p100212611,https://www.lidl.de/assets/gcp50b5ef647d5e4876882a50a778765e4f.jpeg,2026-08-14T14:35:22.766333+00:00
lidl,Lidl,discounter,100221154,"MAYBACH Grauburgunder QbA trocken, Weißwein 2025",MACH,unknown,unbekannt,0.75,1,False,4.99,EUR,gross,,,6.65,,4.99,6.65,,False,True,still,weiss,trocken,,2025,Deutschland,Rheinhessen,Grauburgunder,Kategorien/Weinwelt/Weinart/Weißwein,,https://www.lidl.de/p/maybach-grauburgunder-qba-trocken-weisswein-2025/p100221154,https://www.lidl.de/assets/gcp81cbbfea19bd48a191ec447015b89028.jpg,2026-08-14T14:35:22.766806+00:00
lidl,Lidl,discounter,100216602,"CIMAROSA Chile Sauvignon Blanc trocken, Weißwein 2022",CIMA,glass,Glasflasche,0.75,1,False,4.99,EUR,gross,0.0,4.99,6.65,6.65,4.99,6.65,,False,True,still,weiss,trocken,,2022,Chile,,Sauvignon Blanc,Kategorien/Weinwelt/Weinart/Weißwein,,https://www.lidl.de/p/cimarosa-chile-sauvignon-blanc-trocken-weisswein-2022/p100216602,https://www.lidl.de/assets/gcp7823810f5e934cc49a036033496403fc.jpeg,2026-08-14T14:35:22.767242+00:00
lidl,Lidl,discounter,100233942,"Riesling Scheurebe Rheinhessen QbA halbtrocken, Weißwein 2024",DUMM,glass,Glasflasche,0.75,1,False,4.99,EUR,gross,0.0,4.99,6.65,6.65,4.99,6.65,,False,True,still,weiss,halbtrocken,,2024,Deutschland,Rheinhessen,"Riesling, Scheurebe",Kategorien/Weinwelt/Weinart/Weißwein,,https://www.lidl.de/p/riesling-scheurebe-rheinhessen-qba-halbtrocken-weisswein-2024/p100233942,https://www.lidl.de/assets/gcp4002ad4cb1d148fe9982b39375107cfb.jpeg,2026-08-14T14:35:22.767818+00:00
lidl,Lidl,discounter,100247274,"SACRED HILL Chardonnay Hawke´s Bay trocken, Weißwein 2024",SACR,glass,Glasflasche,0.75,1,False,6.99,EUR,gross,0.0,6.99,9.32,9.32,6.99,9.32,,False,True,still,weiss,trocken,,2024,Neuseeland,,Chardonnay,Kategorien/Weinwelt/Weinart/Weißwein,,https://www.lidl.de/p/sacred-hill-chardonnay-hawke-s-bay-trocken-weisswein-2024/p100247274,https://www.lidl.de/assets/gcp8e0a49249e45486c8494811e6084695e.jpg,2026-08-14T14:35:22.768334+00:00
lidl,Lidl,discounter,100241495,"Mâcon-Villages Chardonnay AOP trocken, Weißwein 2023",DUMM,glass,Glasflasche,0.75,1,False,12.99,EUR,gross,0.0,12.99,17.32,17.32,12.99,17.32,,False,True,still,weiss,trocken,,2023,Frankreich,Burgund,Chardonnay,Kategorien/Weinwelt/Weinart/Weißwein,,https://www.lidl.de/p/macon-villages-chardonnay-aop-trocken-weisswein-2023/p100241495,https://www.lidl.de/assets/gcp5b177511735d41bab07b0d0e1d7cf46d.jpg,2026-08-14T14:35:22.769223+00:00
lidl,Lidl,discounter,100250791,"PENFOLDS BIN 28 Shiraz, Rotwein 2023",PENF,glass,Glasflasche,0.75,1,False,39.0,EUR,gross,0.0,39.0,52.0,52.0,39.0,52.0,,False,True,still,rot,trocken,,2023,Australien,,Shiraz,Kategorien/Weinwelt/Weinart/Rotwein,,https://www.lidl.de/p/penfolds-bin-28-shiraz-rotwein-2023/p100250791,https://www.lidl.de/assets/gcpefeaeb9d58da42549e6b1ac0f00c8c84.jpeg,2026-08-14T14:35:22.769848+00:00
lidl,Lidl,discounter,100196597,"ERBEN Dornfelder QbA halbtrocken, Rotwein 2023",ERBE,glass,Glasflasche,0.75,1,False,4.99,EUR,gross,0.0,4.99,6.65,6.65,4.99,6.65,,False,True,still,rot,halbtrocken,,2023,Deutschland,Pfalz,Dornfelder,Kategorien/Weinwelt/Weinart/Rotwein,,https://www.lidl.de/p/erben-dornfelder-qba-halbtrocken-rotwein-2023/p100196597,https://www.lidl.de/assets/gcp96c97b600d5c42ef96baa072fa8abc2b.jpg,2026-08-14T14:35:22.770439+00:00
lidl,Lidl,discounter,100250134,"Costières de Nîmes AOP trocken, Roséwein 2024",DUMM,glass,Glasflasche,0.75,1,False,5.99,EUR,gross,0.0,5.99,7.99,7.99,5.99,7.99,,False,True,still,rose,trocken,,2024,Frankreich,Languedoc,,Kategorien/Weinwelt/Weinart/Roséwein,,https://www.lidl.de/p/costieres-de-nimes-aop-trocken-rosewein-2024/p100250134,https://www.lidl.de/assets/gcpf193ce1b429a4c38a126ddc581af43b7.jpg,2026-08-14T14:35:22.770923+00:00
lidl,Lidl,discounter,100221152,"BREE Chardonnay Pays d´Oc IGP halbtrocken, Weißwein 2024",BREE,glass,Glasflasche,0.75,1,False,5.49,EUR,gross,0.0,5.49,7.32,7.32,5.49,7.32,,False,True,still,weiss,halbtrocken,,2024,Frankreich,Languedoc,Chardonnay,Kategorien/Weinwelt/Weinart/Weißwein,,https://www.lidl.de/p/bree-chardonnay-pays-d-oc-igp-halbtrocken-weisswein-2024/p100221152,https://www.lidl.de/assets/e3cc59786b5852bd48325267910d79d5.jpeg,2026-08-14T14:35:22.771524+00:00
lidl,Lidl,discounter,100216937,"Barbera d'Asti DOCG Superiore trocken, Rotwein 2021",DUMM,glass,Glasflasche,0.75,1,False,5.99,EUR,gross,0.0,5.99,7.99,7.99,5.99,7.99,,False,True,still,rot,trocken,,2021,Italien,Piemont,Barbera,Kategorien/Weinwelt/Weinart/Rotwein,,https://www.lidl.de/p/barbera-d-asti-docg-superiore-trocken-rotwein-2021/p100216937,https://www.lidl.de/assets/9326b6419cd49110ad04611eae6f9328.jpeg,2026-08-14T14:35:22.772052+00:00
lidl,Lidl,discounter,100181706,"Tuniberger Spätburgunder Weißherbst QbA lieblich, Literflasche, Roséwein",DUMY,glass,Glasflasche,1.0,1,False,5.29,EUR,gross,0.0,5.29,5.29,5.29,3.97,5.29,,False,True,still,rose,lieblich,,,Deutschland,Baden,Spätburgunder,Kategorien/Weinwelt/Weinart/Roséwein,,https://www.lidl.de/p/tuniberger-spaetburgunder-weissherbst-qba-lieblich-literflasche-rosewein/p100181706,https://www.lidl.de/assets/gcpb7cf470773604339bb79cff9a8769084.jpg,2026-08-14T14:35:22.772577+00:00
lidl,Lidl,discounter,100186619,"Saar Riesling Hochgewächs QbA trocken, Weißwein 2024",DUMY,glass,Glasflasche,0.75,1,False,5.99,EUR,gross,0.0,5.99,7.99,7.99,5.99,7.99,,False,True,still,weiss,trocken,,2024,Deutschland,Mosel,Riesling,Kategorien/Weinwelt/Weinart/Weißwein,,https://www.lidl.de/p/saar-riesling-hochgewaechs-qba-trocken-weisswein-2024/p100186619,https://www.lidl.de/assets/0a226f824fab23a059eb11acc17e888c.jpeg,2026-08-14T14:35:22.773197+00:00
lidl,Lidl,discounter,100239509,"HAMMEL & CIE Cuvée Rot Pfalz QbA trocken, Rotwein 2021",HAIC,glass,Glasflasche,0.75,1,False,5.99,EUR,gross,0.0,5.99,7.99,7.99,5.99,7.99,,False,True,still,rot,trocken,,2021,Deutschland,Pfalz,,Kategorien/Weinwelt/Weinart/Rotwein,,https://www.lidl.de/p/hammel-cie-cuvee-rot-pfalz-qba-trocken-rotwein-2021/p100239509,https://www.lidl.de/assets/gcpab2bee86ec974d909c4bbaf0840a2bcf.jpg,2026-08-14T14:35:22.773734+00:00
lidl,Lidl,discounter,100216934,"Greco Beneventano IGT trocken, Weißwein 2024",DUMM,unknown,unbekannt,0.75,1,False,5.99,EUR,gross,,,7.99,,5.99,7.99,,False,True,still,weiss,trocken,,2024,Italien,,,Kategorien/Weinwelt/Weinart/Weißwein,,https://www.lidl.de/p/greco-beneventano-igt-trocken-weisswein-2024/p100216934,https://www.lidl.de/assets/gcpd0ae31e8c60a4465b76eba3831d13e5e.jpg,2026-08-14T14:35:22.774277+00:00
lidl,Lidl,discounter,100250025,"CÀ DEI FRATI I FRATI Lugana DOC trocken, Weißwein 2025",CATI,glass,Glasflasche,0.75,1,False,13.95,EUR,gross,0.0,13.95,18.6,18.6,13.95,18.6,,False,True,still,weiss,trocken,,2025,Italien,Venetien,Trebbiano,Kategorien/Weinwelt/Weinart/Weißwein,,https://www.lidl.de/p/ca-dei-frati-i-frati-lugana-doc-trocken-weisswein-2025/p100250025,https://www.lidl.de/assets/131aec6b9da62efa1b7cec148be84a12.jpeg,2026-08-14T14:35:22.775159+00:00
lidl,Lidl,discounter,100200662,"POMMERY Brut Royal, Champagner",POMM,glass,Glasflasche,0.75,1,False,35.99,EUR,gross,0.0,35.99,47.99,47.99,35.99,47.99,,False,True,sparkling,,trocken,,,Frankreich,,,"Kategorien/Weinwelt/Weinart/Champagner, Sekt & Secco",,https://www.lidl.de/p/pommery-brut-royal-champagner/p100200662,https://www.lidl.de/assets/gcpa847cdd1274e40a9a79486f53a48e0e5.jpeg,2026-08-14T14:35:22.775797+00:00
lidl,Lidl,discounter,100192006,"Barolo Riserva DOCG trocken, Rotwein 2016",DUMM,glass,Glasflasche,0.75,1,False,19.99,EUR,gross,0.0,19.99,26.65,26.65,19.99,26.65,,False,True,still,rot,trocken,,2016,Italien,Piemont,,Kategorien/Weinwelt/Weinart/Rotwein,,https://www.lidl.de/p/barolo-riserva-docg-trocken-rotwein-2016/p100192006,https://www.lidl.de/assets/50d9462219d05dcd1a26241cadca2ea1.jpeg,2026-08-14T14:35:22.776414+00:00
lidl,Lidl,discounter,100212609,"DEUTSCHES WEINTOR Gewürztraminer Pfalz QbA trocken, Weißwein 2024",DEWE,glass,Glasflasche,0.75,1,False,5.29,EUR,gross,0.0,5.29,7.05,7.05,5.29,7.05,,False,True,still,weiss,trocken,,2024,Deutschland,Pfalz,,Kategorien/Weinwelt/Weinart/Weißwein,,https://www.lidl.de/p/deutsches-weintor-gewuerztraminer-pfalz-qba-trocken-weisswein-2024/p100212609,https://www.lidl.de/assets/ab61b568fbb369f1c0fee5348e948eff.jpeg,2026-08-14T14:35:22.776905+00:00
lidl,Lidl,discounter,100197448,"CEPA LEBREL Rioja Crianza DOCa trocken, Rotwein 2021",CEPA,glass,Glasflasche,0.75,1,False,2.99,EUR,gross,0.0,2.99,3.99,3.99,2.99,3.99,,False,True,still,rot,trocken,,2021,Spanien,Rioja,Tempranillo,Kategorien/Weinwelt/Weinart/Rotwein,,https://www.lidl.de/p/cepa-lebrel-rioja-crianza-doca-trocken-rotwein-2021/p100197448,https://www.lidl.de/assets/gcp2b9d4bf947ee4af3a74cdf47128862be.jpg,2026-08-14T14:35:22.777369+00:00
lidl,Lidl,discounter,100244881,"CHÂTEAU DAUZAC Margaux 5éme Grand Cru Classé AOC trocken, Rotwein 2020",AUZA,glass,Glasflasche,0.75,1,False,49.99,EUR,gross,0.0,49.99,66.65,66.65,49.99,66.65,,False,True,still,rot,trocken,,2020,Frankreich,Bordeaux,,Kategorien/Weinwelt/Weinart/Rotwein,,https://www.lidl.de/p/chateau-dauzac-margaux-5eme-grand-cru-classe-aoc-trocken-rotwein-2020/p100244881,https://www.lidl.de/assets/gcpe5056d552560427492411217272ce12c.jpg,2026-08-14T14:35:22.777839+00:00
lidl,Lidl,discounter,100235180,"DELUXE Fairtrade Chenin Blanc Swartland trocken, Weißwein 2024",DELE,glass,Glasflasche,0.75,1,False,4.99,EUR,gross,0.0,4.99,6.65,6.65,4.99,6.65,,False,True,still,weiss,trocken,,2024,Südafrika,,Chenin Blanc,Kategorien/Weinwelt/Weinart/Weißwein,,https://www.lidl.de/p/deluxe-fairtrade-chenin-blanc-swartland-trocken-weisswein-2024/p100235180,https://www.lidl.de/assets/gcp5efc4c9831074ba793e7108d893f68a6.jpeg,2026-08-14T14:35:22.778424+00:00
lidl,Lidl,discounter,100200177,"CIMAROSA Chardonnay Colombard South Eastern Australia trocken, Weißwein 2023",CIMA,glass,Glasflasche,0.75,1,False,3.99,EUR,gross,0.0,3.99,5.32,5.32,3.99,5.32,,False,True,still,weiss,trocken,,2023,Australien,,Chardonnay,Kategorien/Weinwelt/Weinart/Weißwein,,https://www.lidl.de/p/cimarosa-chardonnay-colombard-south-eastern-australia-trocken-weisswein-2023/p100200177,https://www.lidl.de/assets/gcp3d3c494514d148ac941e1bb9420d6b14.jpeg,2026-08-14T14:35:22.779015+00:00
lidl,Lidl,discounter,100245242,"HAMMEL & CIE Cuvée Rosé Pfalz QbA feinherb, Roséwein 2024",HAIC,unknown,unbekannt,0.75,1,False,4.99,EUR,gross,,,6.65,,4.99,6.65,,False,True,still,rose,halbtrocken,,2024,Deutschland,Pfalz,,Kategorien/Weinwelt/Weinart/Roséwein,,https://www.lidl.de/p/hammel-cie-cuvee-rose-pfalz-qba-feinherb-rosewein-2024/p100245242,https://www.lidl.de/assets/gcpc0e4b7cfe088468da36572a7832de7d0.jpg,2026-08-14T14:35:22.779519+00:00
lidl,Lidl,discounter,100243238,"MARQUIS DE PLAGNE Crémant de Loire AOC brut, Schaumwein",MQPL,glass,Glasflasche,0.75,1,False,6.49,EUR,gross,0.0,6.49,8.65,8.65,6.49,8.65,,False,True,sparkling,weiss,trocken,,,Frankreich,Loire,Chardonnay,"Kategorien/Weinwelt/Weinart/Champagner, Sekt & Secco",,https://www.lidl.de/p/marquis-de-plagne-cremant-de-loire-aoc-brut-schaumwein/p100243238,https://www.lidl.de/assets/gcp00bb53bf64a14b2f902bcfe18e2d6da8.jpg,2026-08-14T14:35:22.779952+00:00
lidl,Lidl,discounter,100243838,"DUCA DI SASSETA Vino Nobile di Montepulciano DOCG Riserva trocken, Rotwein 2018",DUCA,glass,Glasflasche,0.75,1,False,12.99,EUR,gross,0.0,12.99,17.32,17.32,12.99,17.32,,False,True,still,rot,trocken,,2018,Italien,Toskana,Montepulciano,Kategorien/Weinwelt/Weinart/Rotwein,,https://www.lidl.de/p/duca-di-sasseta-vino-nobile-di-montepulciano-docg-riserva-trocken-rotwein-2018/p100243838,https://www.lidl.de/assets/gcpb0bb246ad2ea4e49b6316bad7d1c70f4.jpeg,2026-08-14T14:35:22.780560+00:00
lidl,Lidl,discounter,100210906,"CHEVALIER DE FAUVERT Merlot Rosé Pays d'Oc IGP halbtrocken, Roséwein 2024",CHEV,glass,Glasflasche,0.75,1,False,4.99,EUR,gross,0.0,4.99,6.65,6.65,4.99,6.65,,False,True,still,rose,halbtrocken,,2024,Frankreich,Languedoc,Merlot,Kategorien/Weinwelt/Weinart/Roséwein,,https://www.lidl.de/p/chevalier-de-fauvert-merlot-rose-pays-d-oc-igp-halbtrocken-rosewein-2024/p100210906,https://www.lidl.de/assets/gcp10f1d6da219e4da0b54844f3c2a4bccb.jpg,2026-08-14T14:35:22.781149+00:00
lidl,Lidl,discounter,100251593,"CHEVALIER DE FAUVERT Viognier Muscat IGP trocken, Weißwein 2024",CHEV,unknown,unbekannt,0.75,1,False,4.99,EUR,gross,,,6.65,,4.99,6.65,,False,True,still,weiss,trocken,,2024,Frankreich,Languedoc,Viognier,Kategorien/Weinwelt/Weinart/Weißwein,,https://www.lidl.de/p/chevalier-de-fauvert-viognier-muscat-igp-trocken-weisswein-2024/p100251593,https://www.lidl.de/assets/gcpf70565fa0a8f447a92f8ada7b56bdc46.jpg,2026-08-14T14:35:22.781747+00:00
lidl,Lidl,discounter,100200153,"CIMAROSA Chardonnay Colombard Südafrika trocken, Weißwein 2025",CIMA,glass,Glasflasche,0.75,1,False,4.99,EUR,gross,0.0,4.99,6.65,6.65,4.99,6.65,,False,True,still,weiss,trocken,,2025,Südafrika,,Chardonnay,Kategorien/Weinwelt/Weinart/Weißwein,,https://www.lidl.de/p/cimarosa-chardonnay-colombard-suedafrika-trocken-weisswein-2025/p100200153,https://www.lidl.de/assets/gcpcc22fa0646384d17b6a21cf2ab1a8fe0.jpeg,2026-08-14T14:35:22.782438+00:00
lidl,Lidl,discounter,100239087,"ALLINI Prosecco Spumante DOC extra dry, Schaumwein 2024",ALIN,glass,Glasflasche,0.75,1,False,7.99,EUR,gross,0.0,7.99,10.65,10.65,7.99,10.65,,False,True,sparkling,,trocken,,2024,Italien,Venetien,,"Kategorien/Weinwelt/Weinart/Champagner, Sekt & Secco",,https://www.lidl.de/p/allini-prosecco-spumante-doc-extra-dry-schaumwein-2024/p100239087,https://www.lidl.de/assets/gcp6ed16eb075a64dbf9cb7d52266499800.jpeg,2026-08-14T14:35:22.783064+00:00
lidl,Lidl,discounter,100212601,"DEUTSCHES WEINTOR Dornfelder QbA halbtrocken, Roséwein 2023",DEWE,glass,Glasflasche,0.75,1,False,4.99,EUR,gross,0.0,4.99,6.65,6.65,4.99,6.65,,False,True,still,rose,halbtrocken,,2023,Deutschland,Pfalz,Dornfelder,Kategorien/Weinwelt/Weinart/Roséwein,,https://www.lidl.de/p/deutsches-weintor-dornfelder-qba-halbtrocken-rosewein-2023/p100212601,https://www.lidl.de/assets/a5611c48a1d943fde2b2d9d768eb47a2.jpeg,2026-08-14T14:35:22.783578+00:00
lidl,Lidl,discounter,100256384,"SELONE Rosso Puglia IGP halbtrocken, Rotwein 2024",SOSL,glass,Glasflasche,0.75,1,False,5.99,EUR,gross,0.0,5.99,7.99,7.99,5.99,7.99,,False,True,still,rot,halbtrocken,,2024,Italien,Apulien,,Kategorien/Weinwelt/Weinart/Rotwein,,https://www.lidl.de/p/selone-rosso-puglia-igp-halbtrocken-rotwein-2024/p100256384,https://www.lidl.de/assets/gcpb0700c24e62b4ba9a9eb3857d399cdd9.jpeg,2026-08-14T14:35:22.784040+00:00
lidl,Lidl,discounter,100247086,"BOTTE DEL CONTI Pecorino Terre d'Abruzzo IGT trocken, Weißwein 2025",BTCN,glass,Glasflasche,0.75,1,False,4.89,EUR,gross,0.0,4.89,6.52,6.52,4.89,6.52,,False,True,still,weiss,trocken,,2025,Italien,Abruzzen,,Kategorien/Weinwelt/Weinart/Weißwein,,https://www.lidl.de/p/botte-del-conti-pecorino-terre-d-abruzzo-igt-trocken-weisswein-2025/p100247086,https://www.lidl.de/assets/gcp212191d98ab145a6b267040a9f24edec.jpg,2026-08-14T14:35:22.784613+00:00
lidl,Lidl,discounter,100194817,"Negroamaro Salento IGP trocken, Rotwein 2024",DUMM,glass,Glasflasche,0.75,1,False,4.99,EUR,gross,0.0,4.99,6.65,6.65,4.99,6.65,,False,True,still,rot,trocken,,2024,Italien,Apulien,Negroamaro,Kategorien/Weinwelt/Weinart/Rotwein,,https://www.lidl.de/p/negroamaro-salento-igp-trocken-rotwein-2024/p100194817,https://www.lidl.de/assets/gcp35fffc6920f84d8f859d2ec4e6a174c7.jpg,2026-08-14T14:35:22.785422+00:00
lidl,Lidl,discounter,100250030,"CÀ DEI FRATI Pietro Dal Cero Amarone Della Valpolicella DOCG trocken, Rotwein 2019 - Original-Holzkiste",CATI,glass,Glasflasche,0.75,1,False,52.99,EUR,gross,0.0,52.99,70.65,70.65,52.99,70.65,,False,True,still,rot,trocken,,2019,Italien,Venetien,Corvina,Kategorien/Weinwelt/Weinart/Rotwein,,https://www.lidl.de/p/ca-dei-frati-pietro-dal-cero-amarone-della-valpolicella-docg-trocken-rotwein-2019-original-holzkiste/p100250030,https://www.lidl.de/assets/gcp2a44c0f0178247b381c1131e62a92bb9.jpeg,2026-08-14T14:35:22.785996+00:00
lidl,Lidl,discounter,100235786,"DELUXE Chardonnay Limestone Coast trocken, Weißwein 2023",DELE,glass,Glasflasche,0.75,1,False,5.99,EUR,gross,0.0,5.99,7.99,7.99,5.99,7.99,,False,True,still,weiss,trocken,,2023,Australien,,Chardonnay,Kategorien/Weinwelt/Weinart/Weißwein,,https://www.lidl.de/p/deluxe-chardonnay-limestone-coast-trocken-weisswein-2023/p100235786,https://www.lidl.de/assets/gcpe6db041f6d994b698a26a12d5c7fcf90.jpeg,2026-08-14T14:35:22.786701+00:00
lidl,Lidl,discounter,100212594,"DEUTSCHES WEINTOR EDITION MILD Grau- und Weißburgunder QbA halbtrocken, Weißwein 2024",DEWE,glass,Glasflasche,0.75,1,False,5.29,EUR,gross,0.0,5.29,7.05,7.05,5.29,7.05,,False,True,still,weiss,halbtrocken,,2024,Deutschland,Pfalz,"Weißburgunder, Grauburgunder",Kategorien/Weinwelt/Weinart/Weißwein,,https://www.lidl.de/p/deutsches-weintor-edition-mild-grau-und-weissburgunder-qba-halbtrocken-weisswein-2024/p100212594,https://www.lidl.de/assets/0ea8f754005818c07c56b3a72613e618.jpeg,2026-08-14T14:35:22.787365+00:00
lidl,Lidl,discounter,100188330,"Malagouzia PGE trocken, Weißwein 2025",DUMM,glass,Glasflasche,0.75,1,False,5.99,EUR,gross,0.0,5.99,7.99,7.99,5.99,7.99,,False,True,still,weiss,trocken,,2025,Griechenland,,,Kategorien/Weinwelt/Weinart/Weißwein,,https://www.lidl.de/p/malagouzia-pge-trocken-weisswein-2025/p100188330,https://www.lidl.de/assets/gcp5b48a0cb536643e3ac53360dcb8cb02d.jpeg,2026-08-14T14:35:22.787836+00:00
lidl,Lidl,discounter,100212600,"DEUTSCHES WEINTOR Dornfelder QbA lieblich, Rotwein 2024",DEWE,glass,Glasflasche,0.75,1,False,5.29,EUR,gross,0.0,5.29,7.05,7.05,5.29,7.05,,False,True,still,rot,lieblich,,2024,Deutschland,Pfalz,Dornfelder,Kategorien/Weinwelt/Weinart/Rotwein,,https://www.lidl.de/p/deutsches-weintor-dornfelder-qba-lieblich-rotwein-2024/p100212600,https://www.lidl.de/assets/383dbe540e343567a947b3de93b622df.jpeg,2026-08-14T14:35:22.788423+00:00
lidl,Lidl,discounter,100219016,"Podere Macinatico Vernaccia di San Gimignano DOCG trocken, Weißwein 2025",DUMM,unknown,unbekannt,0.75,1,False,6.99,EUR,gross,,,9.32,,6.99,9.32,,False,True,still,weiss,trocken,,2025,Italien,Toskana,,Kategorien/Weinwelt/Weinart/Weißwein,,https://www.lidl.de/p/podere-macinatico-vernaccia-di-san-gimignano-docg-trocken-weisswein-2025/p100219016,https://www.lidl.de/assets/gcp0b559eabbe3f4b0aaffd0a8e70dfe37e.jpg,2026-08-14T14:35:22.789001+00:00
lidl,Lidl,discounter,100199560,"Corbières AOP trocken, Rotwein 2023",DUMM,glass,Glasflasche,0.75,1,False,5.99,EUR,gross,0.0,5.99,7.99,7.99,5.99,7.99,,False,True,still,rot,trocken,,2023,Frankreich,Languedoc,,Kategorien/Weinwelt/Weinart/Rotwein,,https://www.lidl.de/p/corbieres-aop-trocken-rotwein-2023/p100199560,https://www.lidl.de/assets/gcpa4a6081265a940bdbec175c20923f9ad.jpg,2026-08-14T14:35:22.789603+00:00
lidl,Lidl,discounter,100197452,"MEZQUIRIZ Chardonnay Navarra DO trocken vegan, Weißwein 2025",MEZQ,keg,Fass,0.75,1,False,4.99,EUR,gross,0.0,4.99,6.65,6.65,4.99,6.65,,False,True,still,weiss,trocken,,2025,Spanien,,Chardonnay,Kategorien/Weinwelt/Weinart/Weißwein,,https://www.lidl.de/p/mezquiriz-chardonnay-navarra-do-trocken-vegan-weisswein-2025/p100197452,https://www.lidl.de/assets/gcp6c22d737c1bc4449aa5deada967f5069.jpg,2026-08-14T14:35:22.790184+00:00
lidl,Lidl,discounter,100216936,"PEUCETA Primitivo Puglia IGP trocken, Rotwein 2025",PCPU,glass,Glasflasche,0.75,1,False,6.99,EUR,gross,0.0,6.99,9.32,9.32,6.99,9.32,,False,True,still,rot,trocken,,2025,Italien,Apulien,Primitivo,Kategorien/Weinwelt/Weinart/Rotwein,,https://www.lidl.de/p/peuceta-primitivo-puglia-igp-trocken-rotwein-2025/p100216936,https://www.lidl.de/assets/378cbbf02dd4f9c8b23fab74081dace0.jpeg,2026-08-14T14:35:22.790804+00:00
lidl,Lidl,discounter,100197467,"5 Oros Rioja Crianza DOCa trocken, Rotwein 2021",DUMM,glass,Glasflasche,0.75,1,False,8.99,EUR,gross,0.0,8.99,11.99,11.99,8.99,11.99,,False,True,still,rot,trocken,,2021,Spanien,Rioja,"Tempranillo, Garnacha",Kategorien/Weinwelt/Weinart/Rotwein,,https://www.lidl.de/p/5-oros-rioja-crianza-doca-trocken-rotwein-2021/p100197467,https://www.lidl.de/assets/426dbcc771e4993ff7c249f0bebed799.jpeg,2026-08-14T14:35:22.791204+00:00
lidl,Lidl,discounter,100212608,"DEUTSCHES WEINTOR EXCLUSIV Sauvignon Blanc QbA trocken, Weißwein 2024",DEWE,glass,Glasflasche,0.75,1,False,5.29,EUR,gross,0.0,5.29,7.05,7.05,5.29,7.05,,False,True,still,weiss,trocken,,2024,Deutschland,Pfalz,Sauvignon Blanc,Kategorien/Weinwelt/Weinart/Weißwein,,https://www.lidl.de/p/deutsches-weintor-exclusiv-sauvignon-blanc-qba-trocken-weisswein-2024/p100212608,https://www.lidl.de/assets/56a38b4d33c00536eb85303c7a7430a5.jpeg,2026-08-14T14:35:22.791735+00:00
lidl,Lidl,discounter,100200673,"MOËT & CHANDON Ice Impérial, Champagner",MOET,glass,Glasflasche,0.75,1,False,59.9,EUR,gross,0.0,59.9,79.87,79.87,59.9,79.87,,False,True,sparkling,,,,,Frankreich,,,"Kategorien/Weinwelt/Weinart/Champagner, Sekt & Secco",,https://www.lidl.de/p/moet-chandon-ice-imperial-champagner/p100200673,https://www.lidl.de/assets/gcp4c2f7b60b2a8455eab59b4b6d18a558b.jpg,2026-08-14T14:35:22.792208+00:00
lidl,Lidl,discounter,100221156,"MAYBACH Riesling süss & fruchtig Pfalz QbA süß, Weißwein 2024",MACH,glass,Glasflasche,0.75,1,False,4.99,EUR,gross,0.0,4.99,6.65,6.65,4.99,6.65,,False,True,still,weiss,suess,,2024,Deutschland,Pfalz,Riesling,Kategorien/Weinwelt/Weinart/Weißwein,,https://www.lidl.de/p/maybach-riesling-suess-fruchtig-pfalz-qba-suess-weisswein-2024/p100221156,https://www.lidl.de/assets/c441bb2545279eff8c03d0d4b135f9f3.jpeg,2026-08-14T14:35:22.792884+00:00
lidl,Lidl,discounter,100225038,"Tramuz Ribera del Duero DO trocken, Rotwein 2024",DUMY,glass,Glasflasche,0.75,1,False,6.99,EUR,gross,0.0,6.99,9.32,9.32,6.99,9.32,,False,True,still,rot,trocken,,2024,Spanien,,Tempranillo,Kategorien/Weinwelt/Weinart/Rotwein,,https://www.lidl.de/p/tramuz-ribera-del-duero-do-trocken-rotwein-2024/p100225038,https://www.lidl.de/assets/ac556af19e3006477cb200f22a9e8e1e.jpeg,2026-08-14T14:35:22.793373+00:00
lidl,Lidl,discounter,100242487,"MARQUIS DE PLAGNE Crémant de Loire Rosé AOC brut, Schaumwein",MQPL,glass,Glasflasche,0.75,1,False,6.49,EUR,gross,0.0,6.49,8.65,8.65,6.49,8.65,,False,True,sparkling,rose,trocken,,,Frankreich,Loire,Chardonnay,"Kategorien/Weinwelt/Weinart/Champagner, Sekt & Secco",,https://www.lidl.de/p/marquis-de-plagne-cremant-de-loire-rose-aoc-brut-schaumwein/p100242487,https://www.lidl.de/assets/gcp524399d1650f430e8a69431145daad1f.jpg,2026-08-14T14:35:22.793890+00:00
lidl,Lidl,discounter,100242001,"Traumprinz Rosé Rheinhessen QbA, Roséwein 2024",DUMM,glass,Glasflasche,0.75,1,False,4.99,EUR,gross,0.0,4.99,6.65,6.65,4.99,6.65,,False,True,still,rose,halbtrocken,,2024,Deutschland,Rheinhessen,,Kategorien/Weinwelt/Weinart/Roséwein,,https://www.lidl.de/p/traumprinz-rose-rheinhessen-qba-rosewein-2024/p100242001,https://www.lidl.de/assets/507aa7844a109fdece2182537513009c.jpeg,2026-08-14T14:35:22.794412+00:00
lidl,Lidl,discounter,100200678,"LAURENT-PERRIER La Cuvée Brut, Champagner",LAPE,glass,Glasflasche,0.75,1,False,44.99,EUR,gross,0.0,44.99,59.99,59.99,44.99,59.99,,False,True,sparkling,,trocken,,,Frankreich,,,"Kategorien/Weinwelt/Weinart/Champagner, Sekt & Secco",,https://www.lidl.de/p/laurent-perrier-la-cuvee-brut-champagner/p100200678,https://www.lidl.de/assets/gcp6d79b6a925204857b599e6d045778c22.jpg,2026-08-14T14:35:22.794950+00:00
lidl,Lidl,discounter,100196600,"ERBEN Grauburgunder QbA trocken, Weißwein 2024",ERBE,glass,Glasflasche,0.75,1,False,4.99,EUR,gross,0.0,4.99,6.65,6.65,4.99,6.65,,False,True,still,weiss,trocken,,2024,Deutschland,Rheinhessen,Grauburgunder,Kategorien/Weinwelt/Weinart/Weißwein,,https://www.lidl.de/p/erben-grauburgunder-qba-trocken-weisswein-2024/p100196600,https://www.lidl.de/assets/86f2008f5f7f57796851d727606e1ce7.jpeg,2026-08-14T14:35:22.795814+00:00
lidl,Lidl,discounter,100229907,"Spätburgunder Baden QbA trocken, Rotwein 2023",DUMM,glass,Glasflasche,0.75,1,False,4.99,EUR,gross,0.0,4.99,6.65,6.65,4.99,6.65,,False,True,still,rot,trocken,,2023,Deutschland,Baden,Spätburgunder,Kategorien/Weinwelt/Weinart/Rotwein,,https://www.lidl.de/p/spaetburgunder-baden-qba-trocken-rotwein-2023/p100229907,https://www.lidl.de/assets/gcp7e05935e4384408dae50f13a486e21ad.jpg,2026-08-14T14:35:22.796232+00:00
lidl,Lidl,discounter,100181707,"Breisacher Vulkanfelsen Spätburgunder QbA trocken, Literflasche, Rotwein",DUMY,glass,Glasflasche,1.0,1,False,5.49,EUR,gross,0.0,5.49,5.49,5.49,4.12,5.49,,False,True,still,rot,trocken,,,Deutschland,Baden,Spätburgunder,Kategorien/Weinwelt/Weinart/Rotwein,,https://www.lidl.de/p/breisacher-vulkanfelsen-spaetburgunder-qba-trocken-literflasche-rotwein/p100181707,https://www.lidl.de/assets/d237e573c28131838be74708bfb56129.jpeg,2026-08-14T14:35:22.796720+00:00
lidl,Lidl,discounter,100236572,"SCHAUBECK 1272 Spätburgunder Württemberg QbA trocken, Rotwein 2022",SCCK,glass,Glasflasche,0.75,1,False,6.99,EUR,gross,0.0,6.99,9.32,9.32,6.99,9.32,,False,True,still,rot,trocken,,2022,Deutschland,Wurttemberg,Spätburgunder,Kategorien/Weinwelt/Weinart/Rotwein,,https://www.lidl.de/p/schaubeck-1272-spaetburgunder-wuerttemberg-qba-trocken-rotwein-2022/p100236572,https://www.lidl.de/assets/gcpf622ad75fa334c54970a070d08a71d62.jpeg,2026-08-14T14:35:22.797242+00:00
lidl,Lidl,discounter,100208212,"DELUXE Carménère Reserva Privada Valle Central Chile trocken vegan, Rotwein 2023",DELE,glass,Glasflasche,0.75,1,False,4.99,EUR,gross,0.0,4.99,6.65,6.65,4.99,6.65,,False,True,still,rot,trocken,,2023,Chile,,Carmenère,Kategorien/Weinwelt/Weinart/Rotwein,,https://www.lidl.de/p/deluxe-carmenere-reserva-privada-valle-central-chile-trocken-vegan-rotwein-2023/p100208212,https://www.lidl.de/assets/gcp6d1c21cfc0cf46629e0059118d9e866e.jpeg,2026-08-14T14:35:22.797768+00:00
lidl,Lidl,discounter,100203142,"Hacienda Uvanis Garnacha DO trocken vegan, Rotwein 2024",DUMM,glass,Glasflasche,0.75,1,False,5.99,EUR,gross,0.0,5.99,7.99,7.99,5.99,7.99,,False,True,still,rot,trocken,,2024,Spanien,,Garnacha,Kategorien/Weinwelt/Weinart/Rotwein,,https://www.lidl.de/p/hacienda-uvanis-garnacha-do-trocken-vegan-rotwein-2024/p100203142,https://www.lidl.de/assets/f43016fca9d4fce1f4043d44cc42f6b3.jpeg,2026-08-14T14:35:22.798381+00:00
lidl,Lidl,discounter,100243840,"ALLINI Prosecco DOC Vino Spumante extra trocken Magnum, Schaumwein 2024",ALIN,glass,Glasflasche,1.5,1,False,14.99,EUR,gross,0.0,14.99,9.99,9.99,7.49,9.99,,False,True,sparkling,,trocken,,2024,Italien,Venetien,,"Kategorien/Weinwelt/Weinart/Champagner, Sekt & Secco",,https://www.lidl.de/p/allini-prosecco-doc-vino-spumante-extra-trocken-magnum-schaumwein-2024/p100243840,https://www.lidl.de/assets/gcp1cb09778913a47e5ac9c305d655f47ad.jpeg,2026-08-14T14:35:22.798837+00:00
lidl,Lidl,discounter,100255544,"VIAJERO DELUXE Shiraz Gran Reserva Valle del Rapel Chile trocken vegan, Rotwein 2023",VIAJ,unknown,unbekannt,0.75,1,False,5.99,EUR,gross,,,7.99,,5.99,7.99,,False,True,still,rot,trocken,,2023,Chile,,Shiraz,Kategorien/Weinwelt/Weinart/Rotwein,,https://www.lidl.de/p/viajero-deluxe-shiraz-gran-reserva-valle-del-rapel-chile-trocken-vegan-rotwein-2023/p100255544,https://www.lidl.de/assets/gcpe2c191057f854f3bbb7e50b84cbfa94e.jpg,2026-08-14T14:35:22.799253+00:00
lidl,Lidl,discounter,100192004,"CORTE ALLODOLA Amarone della Valpolicella DOCG halbtrocken, Rotwein 2022",DALA,glass,Glasflasche,0.75,1,False,19.99,EUR,gross,0.0,19.99,26.65,26.65,19.99,26.65,,False,True,still,rot,halbtrocken,,2022,Italien,Venetien,Corvina,Kategorien/Weinwelt/Weinart/Rotwein,,https://www.lidl.de/p/corte-allodola-amarone-della-valpolicella-docg-halbtrocken-rotwein-2022/p100192004,https://www.lidl.de/assets/gcp10935a87bc314bafa5dbf11e048ede7d.jpeg,2026-08-14T14:35:22.799852+00:00
lidl,Lidl,discounter,100216917,"DUCA DI SASSETA Nero di Troia Puglia IGT halbtrocken, Rotwein 2024",DUCA,glass,Glasflasche,0.75,1,False,9.99,EUR,gross,0.0,9.99,13.32,13.32,9.99,13.32,,False,True,still,rot,halbtrocken,,2024,Italien,Apulien,,Kategorien/Weinwelt/Weinart/Rotwein,,https://www.lidl.de/p/duca-di-sasseta-nero-di-troia-puglia-igt-halbtrocken-rotwein-2024/p100216917,https://www.lidl.de/assets/0ca49e0097fb96c6bc7659c243758018.jpeg,2026-08-14T14:35:22.800383+00:00
lidl,Lidl,discounter,100200675,"MARCHESI ANTINORI Pèppoli Chianti Classico DOCG trocken, Rotwein 2024",MAAN,glass,Glasflasche,0.75,1,False,16.99,EUR,gross,0.0,16.99,22.65,22.65,16.99,22.65,,False,True,still,rot,trocken,,2024,Italien,Toskana,"Sangiovese, Merlot, Syrah",Kategorien/Weinwelt/Weinart/Rotwein,,https://www.lidl.de/p/marchesi-antinori-peppoli-chianti-classico-docg-trocken-rotwein-2024/p100200675,https://www.lidl.de/assets/496f58cb7b6511e2ba3e44255fdc34af.jpeg,2026-08-14T14:35:22.800892+00:00
lidl,Lidl,discounter,100233599,"The Second Fleet Cabernet Merlot Petit Verdot trocken, Rotwein 2022",DUMM,glass,Glasflasche,0.75,1,False,6.99,EUR,gross,0.0,6.99,9.32,9.32,6.99,9.32,,False,True,still,rot,trocken,,2022,Australien,,Merlot,Kategorien/Weinwelt/Weinart/Rotwein,pet,https://www.lidl.de/p/the-second-fleet-cabernet-merlot-petit-verdot-trocken-rotwein-2022/p100233599,https://www.lidl.de/assets/gcp03ee466f67e34e2185dc30193298eaac.jpeg,2026-08-14T14:35:22.801484+00:00
lidl,Lidl,discounter,100256319,"DUCA DI SASSETA Terre Siciliane IGT halbtrocken, Rotwein 2022",DUCA,glass,Glasflasche,0.75,1,False,5.99,EUR,gross,0.0,5.99,7.99,7.99,5.99,7.99,,False,True,still,rot,halbtrocken,,2022,Italien,Sizilien,,Kategorien/Weinwelt/Weinart/Rotwein,,https://www.lidl.de/p/duca-di-sasseta-terre-siciliane-igt-halbtrocken-rotwein-2022/p100256319,https://www.lidl.de/assets/gcp73e06c37f6da4b3f9e21407fd49565b2.jpg,2026-08-14T14:35:22.802061+00:00
lidl,Lidl,discounter,100200604,"TAITTINGER Brut Reserve, Champagner",TAIT,glass,Glasflasche,0.75,1,False,49.9,EUR,gross,0.0,49.9,66.53,66.53,49.9,66.53,,False,True,sparkling,,trocken,,,Frankreich,,,"Kategorien/Weinwelt/Weinart/Champagner, Sekt & Secco",,https://www.lidl.de/p/taittinger-brut-reserve-champagner/p100200604,https://www.lidl.de/assets/gcpc607e065131b4f52ad2abd6d996c530a.jpg,2026-08-14T14:35:22.802600+00:00
lidl,Lidl,discounter,100198686,"VILA REAL Premium Douro, Weißwein 2024",VIRE,glass,Glasflasche,0.75,1,False,5.99,EUR,gross,0.0,5.99,7.99,7.99,5.99,7.99,,False,True,still,weiss,trocken,,2024,Portugal,Douro,,Kategorien/Weinwelt/Weinart/Weißwein,,https://www.lidl.de/p/vila-real-premium-douro-weisswein-2024/p100198686,https://www.lidl.de/assets/gcp8e6a42aa9d514262a0dcde6f9064eb01.jpeg,2026-08-14T14:35:22.803196+00:00
lidl,Lidl,discounter,100200658,"RUINART brut rosé, Champagner",RUIN,glass,Glasflasche,0.75,1,False,87.9,EUR,gross,0.0,87.9,117.2,117.2,87.9,117.2,,False,True,sparkling,rose,trocken,,,Frankreich,,"Chardonnay, Pinot Noir","Kategorien/Weinwelt/Weinart/Champagner, Sekt & Secco",,https://www.lidl.de/p/ruinart-brut-rose-champagner/p100200658,https://www.lidl.de/assets/ef1b76add6ceb100e67de3fa35486b91.jpeg,2026-08-14T14:35:22.803737+00:00
lidl,Lidl,discounter,100250031,"ORNELLAIA Bolgheri Superiore DOC trocken, Rotwein 2020",ORNE,glass,Glasflasche,0.75,1,False,259.0,EUR,gross,0.0,259.0,345.33,345.33,259.0,345.33,,False,True,still,rot,trocken,,2020,Italien,,,Kategorien/Weinwelt/Weinart/Rotwein,,https://www.lidl.de/p/ornellaia-bolgheri-superiore-doc-trocken-rotwein-2020/p100250031,https://www.lidl.de/assets/a648915a2a35f037337c9c5324b65581.jpeg,2026-08-14T14:35:22.804235+00:00
lidl,Lidl,discounter,100208107,"VIAJERO Deluxe Valle Del Maule Sauvignon Blanc Gran Reserva trocken vegan, Weißwein 2024",VIAJ,glass,Glasflasche,0.75,1,False,6.99,EUR,gross,0.0,6.99,9.32,9.32,6.99,9.32,,False,True,still,weiss,trocken,,2024,Chile,,Sauvignon Blanc,Kategorien/Weinwelt/Weinart/Weißwein,,https://www.lidl.de/p/viajero-deluxe-valle-del-maule-sauvignon-blanc-gran-reserva-trocken-vegan-weisswein-2024/p100208107,https://www.lidl.de/assets/gcp24436ab242e14467871d5ffed0b0140f.jpeg,2026-08-14T14:35:22.805226+00:00
lidl,Lidl,discounter,100250795,"MARQUES DE RISCAL Reserva Rioja DOCa trocken, Rotwein 2021",MARQ,unknown,unbekannt,0.75,1,False,16.95,EUR,gross,,,22.6,,16.95,22.6,,False,True,still,rot,trocken,,2021,Spanien,Rioja,Tempranillo,Kategorien/Weinwelt/Weinart/Rotwein,,https://www.lidl.de/p/marques-de-riscal-reserva-rioja-doca-trocken-rotwein-2021/p100250795,https://www.lidl.de/assets/gcp1d43fbcef7874ca797ee03e3ea7b183f.jpg,2026-08-14T14:35:22.805882+00:00
lidl,Lidl,discounter,100199701,"CHÂTEAU LA TOUR BLANCHE Sauternes AOC süß, Süßwein 2016",LANB,glass,Glasflasche,0.75,1,False,69.99,EUR,gross,0.0,69.99,93.32,93.32,69.99,93.32,,False,True,dessert,,suess,,2016,Frankreich,Bordeaux,,Kategorien/Weinwelt/Weinart/Aperitifs & Dessertweine,,https://www.lidl.de/p/chateau-la-tour-blanche-sauternes-aoc-suess-suesswein-2016/p100199701,https://www.lidl.de/assets/gcp2490bad4de1c40bda0cc25ff51b3debe.jpeg,2026-08-14T14:35:22.806626+00:00
lidl,Lidl,discounter,100200704,"DOM PÉRIGNON Vintage brut, Champagner 2015",DOMP,unknown,unbekannt,0.75,1,False,235.0,EUR,gross,,,313.33,,235.0,313.33,,False,True,sparkling,,trocken,,2015,Frankreich,,,"Kategorien/Weinwelt/Weinart/Champagner, Sekt & Secco",,https://www.lidl.de/p/dom-perignon-vintage-brut-champagner-2015/p100200704,https://www.lidl.de/assets/gcpf24f82f1e6f14774abde36c030d57ee3.jpg,2026-08-14T14:35:22.807235+00:00
lidl,Lidl,discounter,100208210,"DELUXE Cabernet Sauvignon Gran Reserva Valle del Rapel trocken vegan, Rotwein 2022",DELE,unknown,unbekannt,0.75,1,False,9.99,EUR,gross,,,13.32,,9.99,13.32,,False,True,still,rot,trocken,,2022,Chile,,Cabernet Sauvignon,Kategorien/Weinwelt/Weinart/Rotwein,,https://www.lidl.de/p/deluxe-cabernet-sauvignon-gran-reserva-valle-del-rapel-trocken-vegan-rotwein-2022/p100208210,https://www.lidl.de/assets/gcped57afa5e2924627a075666a19498127.jpg,2026-08-14T14:35:22.807930+00:00
lidl,Lidl,discounter,100248839,"Giuseppe & Luigi Prosecco DOC extra trocken, Schaumwein",DUMM,glass,Glasflasche,0.75,1,False,9.99,EUR,gross,0.0,9.99,13.32,13.32,9.99,13.32,,False,True,sparkling,,trocken,,,Italien,Venetien,,"Kategorien/Weinwelt/Weinart/Champagner, Sekt & Secco",,https://www.lidl.de/p/giuseppe-luigi-prosecco-doc-extra-trocken-schaumwein/p100248839,https://www.lidl.de/assets/455e3ef571a5170a888a8ffc0b0f9fb8.jpeg,2026-08-14T14:35:22.808472+00:00
lidl,Lidl,discounter,100200668,"MOËT & CHANDON Brut Imperial, Champagner",MOET,glass,Glasflasche,0.75,1,False,44.9,EUR,gross,0.0,44.9,59.87,59.87,44.9,59.87,,False,True,sparkling,,trocken,,,Frankreich,,,"Kategorien/Weinwelt/Weinart/Champagner, Sekt & Secco",,https://www.lidl.de/p/moet-chandon-brut-imperial-champagner/p100200668,https://www.lidl.de/assets/gcp7bb3db3ddd7948d98c7927c0e2d63095.jpg,2026-08-14T14:35:22.808933+00:00
lidl,Lidl,discounter,100200676,"MARCHESI ANTINORI Villa Antinori Toskana IGT trocken, Rotwein 2023",MAAN,glass,Glasflasche,0.75,1,False,14.9,EUR,gross,0.0,14.9,19.87,19.87,14.9,19.87,,False,True,still,rot,trocken,,2023,Italien,Toskana,,Kategorien/Weinwelt/Weinart/Rotwein,,https://www.lidl.de/p/marchesi-antinori-villa-antinori-toskana-igt-trocken-rotwein-2023/p100200676,https://www.lidl.de/assets/gcp1a118fde283244b89dffb86387ac3988.jpg,2026-08-14T14:35:22.809544+00:00
lidl,Lidl,discounter,100223846,"CHÂTEAU MARQUIS DE TERME Margaux 4éme Grand Cru Classé AOC trocken, Rotwein 2020",CTTR,glass,Glasflasche,0.75,1,False,56.9,EUR,gross,0.0,56.9,75.87,75.87,56.9,75.87,,False,True,still,rot,trocken,,2020,Frankreich,Bordeaux,,Kategorien/Weinwelt/Weinart/Rotwein,,https://www.lidl.de/p/chateau-marquis-de-terme-margaux-4eme-grand-cru-classe-aoc-trocken-rotwein-2020/p100223846,https://www.lidl.de/assets/e041111d6c896bd0c6dfc2505db88917.jpeg,2026-08-14T14:35:22.810009+00:00
lidl,Lidl,discounter,100314480,"Monalie Côtes de Provence rosé AOP trocken, Roséwein 2025",DUMM,glass,Glasflasche,0.75,1,False,7.99,EUR,gross,0.0,7.99,10.65,10.65,7.99,10.65,,False,True,still,rose,trocken,,2025,Frankreich,Provence,,Kategorien/Weinwelt/Weinart/Roséwein,,https://www.lidl.de/p/monalie-cotes-de-provence-rose-aop-trocken-rosewein-2025/p100314480,https://www.lidl.de/assets/gcp430f2ece60344b1d9abab37d782c5249.jpg,2026-08-14T14:35:22.810670+00:00
lidl,Lidl,discounter,100291376,"Pannonia Blaufränkisch Exclusiv No. 1 Burgenland halbtrocken, Rotwein 2025",DUMY,glass,Glasflasche,0.75,1,False,4.99,EUR,gross,0.0,4.99,6.65,6.65,4.99,6.65,,False,True,still,rot,halbtrocken,,2025,,,,Kategorien/Weinwelt/Weinart/Rotwein,,https://www.lidl.de/p/pannonia-blaufraenkisch-exclusiv-no-1-burgenland-halbtrocken-rotwein-2025/p100291376,https://www.lidl.de/assets/gcpc1bdb0b012a24eaa8806634087ee0e1e.jpeg,2026-08-14T14:35:22.811310+00:00
lidl,Lidl,discounter,100291375,"Gelber Muskateller Burgenland trocken, Weißwein 2024",DUMM,glass,Glasflasche,0.75,1,False,6.99,EUR,gross,0.0,6.99,9.32,9.32,6.99,9.32,,False,True,still,weiss,trocken,,2024,,,,Kategorien/Weinwelt/Weinart/Weißwein,,https://www.lidl.de/p/gelber-muskateller-burgenland-trocken-weisswein-2024/p100291375,https://www.lidl.de/assets/gcpfc1b130f159c4c17a4ae5fbf3f499478.jpeg,2026-08-14T14:35:22.812231+00:00
lidl,Lidl,discounter,100273807,"MEDINET Blanc halbtrocken, Literflasche, Weißwein",MEET,glass,Glasflasche,1.0,1,False,4.99,EUR,gross,0.0,4.99,4.99,4.99,3.74,4.99,,False,True,still,weiss,halbtrocken,,,Frankreich,,,Kategorien/Weinwelt/Weinart/Weißwein,,https://www.lidl.de/p/medinet-blanc-halbtrocken-literflasche-weisswein/p100273807,https://www.lidl.de/assets/gcpbde28e13b3304700ba8b0289437b1428.jpg,2026-08-14T14:35:22.813070+00:00
lidl,Lidl,discounter,100303580,"Primitivo di Manduria DOC trocken, Rotwein 2022",DUMM,glass,Glasflasche,0.75,1,False,4.99,EUR,gross,0.0,4.99,6.65,6.65,4.99,6.65,,False,True,still,rot,trocken,,2022,Italien,Apulien,Primitivo,Kategorien/Weinwelt/Weinart/Rotwein,,https://www.lidl.de/p/primitivo-di-manduria-doc-trocken-rotwein-2022/p100303580,https://www.lidl.de/assets/gcp078b027cbca5424f80c617b15ee80e63.jpg,2026-08-14T14:35:22.813756+00:00
lidl,Lidl,discounter,100304829,"CEPA LEBREL Gran Reserva Rioja DOCa trocken, Rotwein 2015",CEPA,glass,Glasflasche,0.75,1,False,7.77,EUR,gross,0.0,7.77,10.36,10.36,7.77,10.36,,False,True,still,rot,trocken,,2015,Spanien,Rioja,"Tempranillo, Garnacha",Kategorien/Weinwelt/Weinart/Rotwein,,https://www.lidl.de/p/cepa-lebrel-gran-reserva-rioja-doca-trocken-rotwein-2015/p100304829,https://www.lidl.de/assets/gcp953301b430dc4a4195ad765743def4ab.jpeg,2026-08-14T14:35:22.814248+00:00
lidl,Lidl,discounter,100262746,"Weißburgunder/Sauvignon Blanc Rheinhessen QbA trocken, Weißwein 2024",DUMM,glass,Glasflasche,0.75,1,False,4.99,EUR,gross,0.0,4.99,6.65,6.65,4.99,6.65,,False,True,still,weiss,trocken,,2024,Deutschland,Rheinhessen,"Weißburgunder, Sauvignon Blanc",Kategorien/Weinwelt/Weinart/Weißwein,,https://www.lidl.de/p/weissburgunder-sauvignon-blanc-rheinhessen-qba-trocken-weisswein-2024/p100262746,https://www.lidl.de/assets/277e9b083e54b869e6b8aa2e2d5a1bdd.jpeg,2026-08-14T14:35:22.814825+00:00
lidl,Lidl,discounter,100291372,"Gemischter Satz Niederösterreich trocken, Weißwein 2024",DUMM,glass,Glasflasche,0.75,1,False,4.99,EUR,gross,0.0,4.99,6.65,6.65,4.99,6.65,,False,True,still,weiss,trocken,,2024,,,,Kategorien/Weinwelt/Weinart/Weißwein,,https://www.lidl.de/p/gemischter-satz-niederoesterreich-trocken-weisswein-2024/p100291372,https://www.lidl.de/assets/gcp2f6bba1a6e6d447884b238892e623c04.jpeg,2026-08-14T14:35:22.815457+00:00
lidl,Lidl,discounter,100269056,"Merlot Peloponnes PGE trocken, Rotwein 2025",DUMM,glass,Glasflasche,0.75,1,False,5.99,EUR,gross,0.0,5.99,7.99,7.99,5.99,7.99,,False,True,still,rot,trocken,,2025,Griechenland,,Merlot,Kategorien/Weinwelt/Weinart/Rotwein,,https://www.lidl.de/p/merlot-peloponnes-pge-trocken-rotwein-2025/p100269056,https://www.lidl.de/assets/b97d606189b65ed3802a252977414d07.jpeg,2026-08-14T14:35:22.816173+00:00
lidl,Lidl,discounter,100269054,"Cabernet Merlot Peloponnes PGE trocken, Rotwein 2024",DUMM,glass,Glasflasche,0.75,1,False,5.99,EUR,gross,0.0,5.99,7.99,7.99,5.99,7.99,,False,True,still,rot,trocken,,2024,Griechenland,,"Merlot, Cabernet Sauvignon, Malbec",Kategorien/Weinwelt/Weinart/Rotwein,,https://www.lidl.de/p/cabernet-merlot-peloponnes-pge-trocken-rotwein-2024/p100269054,https://www.lidl.de/assets/ea4055e36b550588d619dd1095354b86.jpeg,2026-08-14T14:35:22.816684+00:00
lidl,Lidl,discounter,100301008,"MIRAVAL Côtes de Provence AOP trocken, Roséwein 2024",MAMR,glass,Glasflasche,0.75,1,False,18.99,EUR,gross,0.0,18.99,25.32,25.32,18.99,25.32,,False,True,still,rose,trocken,,2024,Frankreich,Provence,,Kategorien/Weinwelt/Weinart/Roséwein,,https://www.lidl.de/p/miraval-cotes-de-provence-aop-trocken-rosewein-2024/p100301008,https://www.lidl.de/assets/gcp4256704557af4fc0b5e8ed389de4cba5.jpeg,2026-08-14T14:35:22.817373+00:00
lidl,Lidl,discounter,100306428,"I MANENTI Barolo DOCG trocken, Rotwein 2021",IMAN,glass,Glasflasche,0.75,1,False,15.99,EUR,gross,0.0,15.99,21.32,21.32,15.99,21.32,,False,True,still,rot,trocken,,2021,Italien,Piemont,,Kategorien/Weinwelt/Weinart/Rotwein,,https://www.lidl.de/p/i-manenti-barolo-docg-trocken-rotwein-2021/p100306428,https://www.lidl.de/assets/dc93c7e4c45b4957ba4c9931d4508539.jpeg,2026-08-14T14:35:22.817839+00:00
lidl,Lidl,discounter,100262286,"Cabriz Colheita Selecionada Portugal Dão DOC trocken, Rotwein 2023",DUMY,glass,Glasflasche,0.75,1,False,6.99,EUR,gross,0.0,6.99,9.32,9.32,6.99,9.32,,False,True,still,rot,trocken,,2023,Portugal,,,Kategorien/Weinwelt/Weinart/Rotwein,,https://www.lidl.de/p/cabriz-colheita-selecionada-portugal-dao-doc-trocken-rotwein-2023/p100262286,https://www.lidl.de/assets/294aee40821ba997b62411fb8dc895b3.jpeg,2026-08-14T14:35:22.818248+00:00
lidl,Lidl,discounter,100315237,"Vegadelpas Verdejo Rueda DO trocken, Weißwein 2023",DUMM,glass,Glasflasche,0.75,1,False,5.99,EUR,gross,0.0,5.99,7.99,7.99,5.99,7.99,,False,True,still,weiss,trocken,,2023,Spanien,,Verdejo,Kategorien/Weinwelt/Weinart/Weißwein,,https://www.lidl.de/p/vegadelpas-verdejo-rueda-do-trocken-weisswein-2023/p100315237,https://www.lidl.de/assets/gcp81a299d3db334a26a4b9607865b916fd.jpg,2026-08-14T14:35:22.818872+00:00
lidl,Lidl,discounter,100267530,"HACHÓN Crianza Ribera del Duero DO trocken, Rotwein 2023",HACH,glass,Glasflasche,0.75,1,False,5.99,EUR,gross,0.0,5.99,7.99,7.99,5.99,7.99,,False,True,still,rot,trocken,,2023,Spanien,,Tempranillo,Kategorien/Weinwelt/Weinart/Rotwein,,https://www.lidl.de/p/hachon-crianza-ribera-del-duero-do-trocken-rotwein-2023/p100267530,https://www.lidl.de/assets/8870c862ac961bd3a09af0e8d434d1ac.jpeg,2026-08-14T14:35:22.819463+00:00
lidl,Lidl,discounter,100259670,"Val de Loire Sauvignon Blanc IGP trocken, Weißwein 2025",DUMM,glass,Glasflasche,0.75,1,False,5.99,EUR,gross,0.0,5.99,7.99,7.99,5.99,7.99,,False,True,still,weiss,trocken,,2025,Frankreich,Loire,Sauvignon Blanc,Kategorien/Weinwelt/Weinart/Weißwein,,https://www.lidl.de/p/val-de-loire-sauvignon-blanc-igp-trocken-weisswein-2025/p100259670,https://www.lidl.de/assets/gcp3b0ea14a5ecf43eea16bb4ba51eae8b8.jpg,2026-08-14T14:35:22.820026+00:00
lidl,Lidl,discounter,100289988,"Van Volxem & Friends Handverlesen Riesling Mosel QbA feinherb, Weißwein 2024",DUMM,glass,Glasflasche,0.75,1,False,7.99,EUR,gross,0.0,7.99,10.65,10.65,7.99,10.65,,False,True,still,weiss,halbtrocken,,2024,Deutschland,Mosel,Riesling,Kategorien/Weinwelt/Weinart/Weißwein,,https://www.lidl.de/p/van-volxem-friends-handverlesen-riesling-mosel-qba-feinherb-weisswein-2024/p100289988,https://www.lidl.de/assets/gcp3d382159738741528961d5ed0715f3fc.jpg,2026-08-14T14:35:22.820832+00:00
lidl,Lidl,discounter,100304833,"Verdejo Vino de la Tierra de Castilla trocken, Weißwein 2024",DUMM,glass,Glasflasche,0.75,1,False,3.99,EUR,gross,0.0,3.99,5.32,5.32,3.99,5.32,,False,True,still,weiss,trocken,,2024,Spanien,,Verdejo,Kategorien/Weinwelt/Weinart/Weißwein,,https://www.lidl.de/p/verdejo-vino-de-la-tierra-de-castilla-trocken-weisswein-2024/p100304833,https://www.lidl.de/assets/30f1a04d4021df708e86ac7e1f6f0137.jpeg,2026-08-14T14:35:22.821424+00:00
lidl,Lidl,discounter,100309130,"WEINGUT DIEHL Trollinger mit Lemberger Gutswein QbA, Rotwein 2024",WDIE,glass,Glasflasche,1.0,1,False,6.99,EUR,gross,0.0,6.99,6.99,6.99,5.24,6.99,,False,True,still,rot,halbtrocken,,2024,Deutschland,Wurttemberg,"Trollinger, Lemberger",Kategorien/Weinwelt/Weinart/Rotwein,,https://www.lidl.de/p/weingut-diehl-trollinger-mit-lemberger-gutswein-qba-rotwein-2024/p100309130,https://www.lidl.de/assets/gcp9fea5be892904b5288018e30e7b124f1.jpg,2026-08-14T14:35:22.822012+00:00
lidl,Lidl,discounter,100259398,"CLOUDY BAY Sauvignon Blanc trocken, Weißwein 2025",CLOU,glass,Glasflasche,0.75,1,False,26.9,EUR,gross,0.0,26.9,35.87,35.87,26.9,35.87,,False,True,still,weiss,trocken,,2025,Neuseeland,,Sauvignon Blanc,Kategorien/Weinwelt/Weinart/Weißwein,,https://www.lidl.de/p/cloudy-bay-sauvignon-blanc-trocken-weisswein-2025/p100259398,https://www.lidl.de/assets/gcp09e82d13310d436aadc2f70d160216a8.jpeg,2026-08-14T14:35:22.822688+00:00
lidl,Lidl,discounter,100262330,"MARKGRÄFLER WINZER Grauburgunder QbA trocken, Edition MRKGRFLR, Weißwein 2025",MGW,glass,Glasflasche,0.75,1,False,5.99,EUR,gross,0.0,5.99,7.99,7.99,5.99,7.99,,False,True,still,weiss,trocken,,2025,Deutschland,Baden,Grauburgunder,Kategorien/Weinwelt/Weinart/Weißwein,,https://www.lidl.de/p/markgraefler-winzer-grauburgunder-qba-trocken-edition-mrkgrflr-weisswein-2025/p100262330,https://www.lidl.de/assets/5e6fa01ebf1fa539129357201d907881.jpeg,2026-08-14T14:35:22.823678+00:00
lidl,Lidl,discounter,100301328,"Weinkenner by Pfaffl Leopold Grüner Veltliner Weinviertel DAC trocken, Weißwein 2024",PFFF,glass,Glasflasche,0.75,1,False,6.49,EUR,gross,0.0,6.49,8.65,8.65,6.49,8.65,,False,True,still,weiss,trocken,,2024,,,Grüner Veltliner,Kategorien/Weinwelt/Weinart/Weißwein,,https://www.lidl.de/p/weinkenner-by-pfaffl-leopold-gruener-veltliner-weinviertel-dac-trocken-weisswein-2024/p100301328,https://www.lidl.de/assets/gcpd6038d02ead54c40a091b6020df14c23.jpeg,2026-08-14T14:35:22.824559+00:00
lidl,Lidl,discounter,100262701,"CAVE ST. PIERRE Fendant du Valais AOC trocken, Weißwein 2024",CEPI,glass,Glasflasche,0.75,1,False,12.99,EUR,gross,0.0,12.99,17.32,17.32,12.99,17.32,,False,True,still,weiss,trocken,,2024,,,,Kategorien/Weinwelt/Weinart/Weißwein,,https://www.lidl.de/p/cave-st-pierre-fendant-du-valais-aoc-trocken-weisswein-2024/p100262701,https://www.lidl.de/assets/gcp88d80d29d5e14119a673c5539b0f0863.jpeg,2026-08-14T14:35:22.825699+00:00
lidl,Lidl,discounter,100261040,"MASSERIA Trajone Primitivo di Manduria DOP halbtrocken, Rotwein 2023",MSMS,unknown,unbekannt,0.75,1,False,9.99,EUR,gross,,,13.32,,9.99,13.32,,False,True,still,rot,halbtrocken,,2023,Italien,Apulien,Primitivo,Kategorien/Weinwelt/Weinart/Rotwein,,https://www.lidl.de/p/masseria-trajone-primitivo-di-manduria-dop-halbtrocken-rotwein-2023/p100261040,https://www.lidl.de/assets/gcp1ad7bb798e6541d9ab8377d60ae4dbff.jpg,2026-08-14T14:35:22.826523+00:00
lidl,Lidl,discounter,100301225,"BOLLINGER Special Cuvée brut, Champagner",BOLI,glass,Glasflasche,0.75,1,False,49.99,EUR,gross,0.0,49.99,66.65,66.65,49.99,66.65,,False,True,sparkling,weiss,trocken,,,Frankreich,,"Pinot Noir, Chardonnay","Kategorien/Weinwelt/Weinart/Champagner, Sekt & Secco",,https://www.lidl.de/p/bollinger-special-cuvee-brut-champagner/p100301225,https://www.lidl.de/assets/9e7b279712adcd8b1e4e585efac10eeb.jpeg,2026-08-14T14:35:22.827158+00:00
lidl,Lidl,discounter,100302355,"R de Ruinart Champagne brut, Champagner",RUIN,glass,Glasflasche,0.75,1,False,65.0,EUR,gross,0.0,65.0,86.67,86.67,65.0,86.67,,False,True,sparkling,weiss,trocken,,,Frankreich,,Chardonnay,"Kategorien/Weinwelt/Weinart/Champagner, Sekt & Secco",,https://www.lidl.de/p/r-de-ruinart-champagne-brut-champagner/p100302355,https://www.lidl.de/assets/gcp6e28fa0c47fa4c078c24ab7f160a4b23.jpeg,2026-08-14T14:35:22.827839+00:00
lidl,Lidl,discounter,100313647,"CHEVALIER DE LASCOMBES Château Lascombes Margaux 2éme Grand Cru Classé AOP trocken, Rotwein 2020",CVLA,glass,Glasflasche,0.75,1,False,84.99,EUR,gross,0.0,84.99,113.32,113.32,84.99,113.32,,False,True,still,rot,trocken,,2020,Frankreich,Bordeaux,"Merlot, Cabernet Sauvignon",Kategorien/Weinwelt/Weinart/Rotwein,pet,https://www.lidl.de/p/chevalier-de-lascombes-chateau-lascombes-margaux-2eme-grand-cru-classe-aop-trocken-rotwein-2020/p100313647,https://www.lidl.de/assets/2f3e1db636049f220db3f8d98433de6f.jpeg,2026-08-14T14:35:22.828469+00:00
lidl,Lidl,discounter,100301329,"Weinkenner by Pfaffl Georg Muskateller trocken, Weißwein 2024",PFFF,glass,Glasflasche,0.75,1,False,6.39,EUR,gross,0.0,6.39,8.52,8.52,6.39,8.52,,False,True,still,weiss,trocken,,2024,,,,Kategorien/Weinwelt/Weinart/Weißwein,,https://www.lidl.de/p/weinkenner-by-pfaffl-georg-muskateller-trocken-weisswein-2024/p100301329,https://www.lidl.de/assets/16d2690c93f5d9277db2ee77e2e25d4d.jpeg,2026-08-14T14:35:22.829095+00:00
lidl,Lidl,discounter,100262291,"Herdade das Mouras Alentejano Vinho Regional trocken, Rotwein 2024",DUMY,glass,Glasflasche,0.75,1,False,4.99,EUR,gross,0.0,4.99,6.65,6.65,4.99,6.65,,False,True,still,rot,trocken,,2024,Portugal,Alentejano,,Kategorien/Weinwelt/Weinart/Rotwein,,https://www.lidl.de/p/herdade-das-mouras-alentejano-vinho-regional-trocken-rotwein-2024/p100262291,https://www.lidl.de/assets/gcpa553e0bee2a743bf9e4a41bd2a224b1b.jpeg,2026-08-14T14:35:22.829784+00:00
lidl,Lidl,discounter,100272960,"WEINGUT SPREITZER Riesling Ader VDP.Gutswein trocken vegan, Weißwein 2024",WSPR,glass,Glasflasche,0.75,1,False,6.99,EUR,gross,0.0,6.99,9.32,9.32,6.99,9.32,,False,True,still,weiss,trocken,,2024,Deutschland,Rheingau,Riesling,Kategorien/Weinwelt/Weinart/Weißwein,,https://www.lidl.de/p/weingut-spreitzer-riesling-ader-vdp-gutswein-trocken-vegan-weisswein-2024/p100272960,https://www.lidl.de/assets/6ef5c69c2d622e0138ea7104bfdcba4e.jpeg,2026-08-14T14:35:22.830380+00:00
lidl,Lidl,discounter,100260942,"VIAJERO Valle del Rapel Carménère Gran Reserva trocken, Rotwein 2021",VIAJ,glass,Glasflasche,0.75,1,False,6.99,EUR,gross,0.0,6.99,9.32,9.32,6.99,9.32,,False,True,still,rot,trocken,,2021,Chile,,Carmenère,Kategorien/Weinwelt/Weinart/Rotwein,,https://www.lidl.de/p/viajero-valle-del-rapel-carmenere-gran-reserva-trocken-rotwein-2021/p100260942,https://www.lidl.de/assets/gcp50de2ba8cafe42748a7052930ba3d256.jpg,2026-08-14T14:35:22.830854+00:00
lidl,Lidl,discounter,100269055,"Syrah Peloponnes PGE trocken, Rotwein 2024",DUMM,glass,Glasflasche,0.75,1,False,6.99,EUR,gross,0.0,6.99,9.32,9.32,6.99,9.32,,False,True,still,rot,trocken,,2024,Griechenland,,Syrah,Kategorien/Weinwelt/Weinart/Rotwein,,https://www.lidl.de/p/syrah-peloponnes-pge-trocken-rotwein-2024/p100269055,https://www.lidl.de/assets/e74a88d10d60d8555a069145f9b47c5b.jpeg,2026-08-14T14:35:22.831460+00:00
lidl,Lidl,discounter,100288712,"SEM RESERVAS Colheita Selecionada Vinho Regional Lisboa trocken, Rotwein 2023",SEMR,glass,Glasflasche,0.75,1,False,6.99,EUR,gross,0.0,6.99,9.32,9.32,6.99,9.32,,False,True,still,rot,trocken,,2023,Portugal,,,Kategorien/Weinwelt/Weinart/Rotwein,,https://www.lidl.de/p/sem-reservas-colheita-selecionada-vinho-regional-lisboa-trocken-rotwein-2023/p100288712,https://www.lidl.de/assets/gcpfdc48f760f7b4692a43546768e24ae4c.jpg,2026-08-14T14:35:22.831940+00:00
lidl,Lidl,discounter,100299722,"Château Lafite Rothschild Pauillac 1er Grand Cru Classé AOP trocken, Rotwein 2019",DUMY,glass,Glasflasche,0.75,1,True,1200.0,EUR,gross,0.0,1200.0,1600.0,1600.0,1200.0,1600.0,,False,True,still,rot,trocken,,2019,Frankreich,Bordeaux,"Cabernet Sauvignon, Merlot",Kategorien/Weinwelt/Weinart/Rotwein,,https://www.lidl.de/p/chateau-lafite-rothschild-pauillac-1er-grand-cru-classe-aop-trocken-rotwein-2019/p100299722,https://www.lidl.de/assets/gcpd6f851ced4444f1696f20e5e881415a0.jpeg,2026-08-14T14:35:22.832525+00:00
lidl,Lidl,discounter,100313219,"PASQUA Villa Borghetti Chiaretto di Bardolino DOC trocken, Roséwein 2024",PASQ,unknown,unbekannt,0.75,1,False,7.99,EUR,gross,,,10.65,,7.99,10.65,,False,True,still,rose,trocken,,2024,Italien,Venetien,,Kategorien/Weinwelt/Weinart/Roséwein,,https://www.lidl.de/p/pasqua-villa-borghetti-chiaretto-di-bardolino-doc-trocken-rosewein-2024/p100313219,https://www.lidl.de/assets/gcp452dad006dc649fca7046c1e5b40091d.jpg,2026-08-14T14:35:22.833237+00:00
lidl,Lidl,discounter,100269052,"Moschofilero Peloponnese PGE trocken, Weißwein 2025",DUMM,glass,Glasflasche,0.75,1,False,4.49,EUR,gross,0.0,4.49,5.99,5.99,4.49,5.99,,False,True,still,weiss,trocken,,2025,Griechenland,,,Kategorien/Weinwelt/Weinart/Weißwein,,https://www.lidl.de/p/moschofilero-peloponnese-pge-trocken-weisswein-2025/p100269052,https://www.lidl.de/assets/4baca5ef58af5c43bcca8d3d05dc4acc.jpeg,2026-08-14T14:35:22.833707+00:00
lidl,Lidl,discounter,100260624,"Dutailly Muscadet Sèvre et Maine AOP trocken, Weißwein 2025",DUMY,unknown,unbekannt,0.75,1,False,5.99,EUR,gross,,,7.99,,5.99,7.99,,False,True,still,weiss,trocken,,2025,Frankreich,Loire,,Kategorien/Weinwelt/Weinart/Weißwein,,https://www.lidl.de/p/dutailly-muscadet-sevre-et-maine-aop-trocken-weisswein-2025/p100260624,https://www.lidl.de/assets/gcpc194246468204b0395bc95080fc2bcbe.jpg,2026-08-14T14:35:22.834275+00:00
lidl,Lidl,discounter,100261274,"POGGIO MARU Primitivo di Manduria DOP trocken, Rotwein 2024",POGM,glass,Glasflasche,0.75,1,False,9.99,EUR,gross,0.0,9.99,13.32,13.32,9.99,13.32,,False,True,still,rot,trocken,,2024,Italien,Apulien,Primitivo,Kategorien/Weinwelt/Weinart/Rotwein,,https://www.lidl.de/p/poggio-maru-primitivo-di-manduria-dop-trocken-rotwein-2024/p100261274,https://www.lidl.de/assets/gcp2364c2eba6364224973271e0c705c785.jpg,2026-08-14T14:35:22.835038+00:00
lidl,Lidl,discounter,100304786,"TULGA Joven Toro DO trocken, Rotwein 2024",TULG,unknown,unbekannt,0.75,1,False,4.99,EUR,gross,,,6.65,,4.99,6.65,,False,True,still,rot,trocken,,2024,Spanien,,Tempranillo,Kategorien/Weinwelt/Weinart/Rotwein,,https://www.lidl.de/p/tulga-joven-toro-do-trocken-rotwein-2024/p100304786,https://www.lidl.de/assets/gcpc590442c4fda4fa783e4f1f1c8eaa9bc.jpg,2026-08-14T14:35:22.835693+00:00
lidl,Lidl,discounter,100262282,"SEM RESERVAS Vinho Regional Lisboa, Rotwein 2023",SEMR,glass,Glasflasche,0.75,1,False,4.99,EUR,gross,0.0,4.99,6.65,6.65,4.99,6.65,,False,True,still,rot,trocken,,2023,Portugal,,,Kategorien/Weinwelt/Weinart/Rotwein,,https://www.lidl.de/p/sem-reservas-vinho-regional-lisboa-rotwein-2023/p100262282,https://www.lidl.de/assets/88112b2550a3f6f0de4801b5ebd743d7.jpeg,2026-08-14T14:35:22.836326+00:00
lidl,Lidl,discounter,100264755,"BIO Käfer Nero d'Avola DOC trocken vegan, Rotwein 2024",KÄFE,glass,Glasflasche,0.75,1,False,5.49,EUR,gross,0.0,5.49,7.32,7.32,5.49,7.32,,False,True,still,rot,trocken,,2024,Italien,Sizilien,Nero d'Avola,Kategorien/Weinwelt/Weinart/Rotwein,,https://www.lidl.de/p/bio-kaefer-nero-d-avola-doc-trocken-vegan-rotwein-2024/p100264755,https://www.lidl.de/assets/gcp2ea847b739484a15957619801503711c.jpg,2026-08-14T14:35:22.836937+00:00
lidl,Lidl,discounter,100275480,"PFIFFIGER Blauer Zweigelt Rosé trocken, Roséwein 2024",PFIR,glass,Glasflasche,0.75,1,False,7.49,EUR,gross,0.0,7.49,9.99,9.99,7.49,9.99,,False,True,still,rose,trocken,,2024,,,Zweigelt,Kategorien/Weinwelt/Weinart/Roséwein,,https://www.lidl.de/p/pfiffiger-blauer-zweigelt-rose-trocken-rosewein-2024/p100275480,https://www.lidl.de/assets/a02be14d750979d9c1d8c277bb356151.jpeg,2026-08-14T14:35:22.837413+00:00
lidl,Lidl,discounter,100302575,"Winzerverein Deidesheim Ruppertsberger Reiterpfad Riesling Pfalz QbA feinherb, Weißwein 2024",DUMY,glass,Glasflasche,0.75,1,False,6.99,EUR,gross,0.0,6.99,9.32,9.32,6.99,9.32,,False,True,still,weiss,halbtrocken,,2024,Deutschland,Pfalz,Riesling,Kategorien/Weinwelt/Weinart/Weißwein,,https://www.lidl.de/p/winzerverein-deidesheim-ruppertsberger-reiterpfad-riesling-pfalz-qba-feinherb-weisswein-2024/p100302575,https://www.lidl.de/assets/gcpedef8cd1ef294715bbd6b7a2816c24e1.jpg,2026-08-14T14:35:22.837979+00:00
lidl,Lidl,discounter,100273819,"MEDINET Süss, Literflasche, Rotwein",MEET,glass,Glasflasche,1.0,1,False,4.99,EUR,gross,0.0,4.99,4.99,4.99,3.74,4.99,,False,True,still,rot,suess,,,Frankreich,,,Kategorien/Weinwelt/Weinart/Rotwein,,https://www.lidl.de/p/medinet-suess-literflasche-rotwein/p100273819,https://www.lidl.de/assets/gcpeb3799986f754700a916a7bbe15c598d.jpg,2026-08-14T14:35:22.838556+00:00
lidl,Lidl,discounter,100270866,"LAUFFENER WEINGÄRTNER Lesestoff Rotwein Cuvée QbA halbtrocken, Rotwein 2022",LAWE,glass,Glasflasche,0.75,1,False,7.4,EUR,gross,0.0,7.4,9.87,9.87,7.4,9.87,,False,True,still,rot,halbtrocken,,2022,Deutschland,Wurttemberg,,Kategorien/Weinwelt/Weinart/Rotwein,,https://www.lidl.de/p/lauffener-weingaertner-lesestoff-rotwein-cuvee-qba-halbtrocken-rotwein-2022/p100270866,https://www.lidl.de/assets/71a648c6491f659defe3963cf87bff2d.jpeg,2026-08-14T14:35:22.839008+00:00
lidl,Lidl,discounter,100315258,"En tu casa o en la mia Valencia DO lieblich, Rotwein 2024",DUMM,glass,Glasflasche,0.75,1,False,4.99,EUR,gross,0.0,4.99,6.65,6.65,4.99,6.65,,False,True,still,rot,lieblich,,2024,Spanien,Valencia,Viognier,Kategorien/Weinwelt/Weinart/Rotwein,,https://www.lidl.de/p/en-tu-casa-o-en-la-mia-valencia-do-lieblich-rotwein-2024/p100315258,https://www.lidl.de/assets/b2a138f0ad07f74dba857f13ac7f6cb6.jpeg,2026-08-14T14:35:22.839531+00:00
lidl,Lidl,discounter,100269053,"Chardonnay Sterea Ellada PGE trocken, Weißwein 2025",DUMM,glass,Glasflasche,0.75,1,False,6.99,EUR,gross,0.0,6.99,9.32,9.32,6.99,9.32,,False,True,still,weiss,trocken,,2025,Griechenland,,Chardonnay,Kategorien/Weinwelt/Weinart/Weißwein,,https://www.lidl.de/p/chardonnay-sterea-ellada-pge-trocken-weisswein-2025/p100269053,https://www.lidl.de/assets/85a66e9394b0d89f9d26a68c43efc7a9.jpeg,2026-08-14T14:35:22.840016+00:00
lidl,Lidl,discounter,100262705,"CAVE ST. PIERRE Dôle du Valais AOC Schweizer Rotwein trocken, Rotwein 2023",CEPI,glass,Glasflasche,0.75,1,False,11.99,EUR,gross,0.0,11.99,15.99,15.99,11.99,15.99,,False,True,still,rot,trocken,,2023,,,Pinot Noir,Kategorien/Weinwelt/Weinart/Rotwein,,https://www.lidl.de/p/cave-st-pierre-dole-du-valais-aoc-schweizer-rotwein-trocken-rotwein-2023/p100262705,https://www.lidl.de/assets/gcp5e5a0977e9c345ceaaab252377b4516c.jpeg,2026-08-14T14:35:22.840585+00:00
lidl,Lidl,discounter,100301330,"Weinkenner by Pfaffl Magdalena Sauvignon Blanc trocken, Weißwein 2024",PFFF,glass,Glasflasche,0.75,1,False,7.99,EUR,gross,0.0,7.99,10.65,10.65,7.99,10.65,,False,True,still,weiss,trocken,,2024,,,Sauvignon Blanc,Kategorien/Weinwelt/Weinart/Weißwein,,https://www.lidl.de/p/weinkenner-by-pfaffl-magdalena-sauvignon-blanc-trocken-weisswein-2024/p100301330,https://www.lidl.de/assets/gcp379afc2c1b194558b4657d89c7d002b4.jpeg,2026-08-14T14:35:22.841459+00:00
lidl,Lidl,discounter,100304785,"TULGA Crianza Toro DO trocken, Rotwein 2022",TULG,glass,Glasflasche,0.75,1,False,5.99,EUR,gross,0.0,5.99,7.99,7.99,5.99,7.99,,False,True,still,rot,trocken,,2022,Spanien,,,Kategorien/Weinwelt/Weinart/Rotwein,,https://www.lidl.de/p/tulga-crianza-toro-do-trocken-rotwein-2022/p100304785,https://www.lidl.de/assets/gcpb57c14a4b2d84f62a03b63d769b586c1.jpg,2026-08-14T14:35:22.842215+00:00
lidl,Lidl,discounter,100268126,"PASQUA Villa Borghetti Lugana DOC trocken, Weißwein 2024",PASQ,glass,Glasflasche,0.75,1,False,13.99,EUR,gross,0.0,13.99,18.65,18.65,13.99,18.65,,False,True,still,weiss,trocken,,2024,Italien,Venetien,Trebbiano,Kategorien/Weinwelt/Weinart/Weißwein,,https://www.lidl.de/p/pasqua-villa-borghetti-lugana-doc-trocken-weisswein-2024/p100268126,https://www.lidl.de/assets/gcp72f758b1e337474b9f7176ea5d663584.jpg,2026-08-14T14:35:22.842733+00:00
lidl,Lidl,discounter,100260539,"GWF Bacchus zu Tisch Baden QbA halbtrocken, Weißwein 2025",GGGF,glass,Glasflasche,0.75,1,False,5.5,EUR,gross,0.0,5.5,7.33,7.33,5.5,7.33,,False,True,still,weiss,halbtrocken,,2025,Deutschland,Baden,Bacchus,Kategorien/Weinwelt/Weinart/Weißwein,,https://www.lidl.de/p/gwf-bacchus-zu-tisch-baden-qba-halbtrocken-weisswein-2025/p100260539,https://www.lidl.de/assets/gcp353b1e8e31b8408ba9ff5de8c048071a.jpg,2026-08-14T14:35:22.843314+00:00
lidl,Lidl,discounter,100264756,"BIO Käfer Primitivo IGP trocken vegan, Rotwein 2024",KÄFE,glass,Glasflasche,0.75,1,False,5.49,EUR,gross,0.0,5.49,7.32,7.32,5.49,7.32,,False,True,still,rot,trocken,,2024,Italien,Puglia,Primitivo,Kategorien/Weinwelt/Weinart/Rotwein,,https://www.lidl.de/p/bio-kaefer-primitivo-igp-trocken-vegan-rotwein-2024/p100264756,https://www.lidl.de/assets/2a32aada6588bd923d841b6743bd2914.jpeg,2026-08-14T14:35:22.843912+00:00
lidl,Lidl,discounter,100261432,"BARON VON MAYDELL Grauburgunder QbA trocken vegan, Weißwein 2024",BVMD,glass,Glasflasche,0.75,1,False,6.99,EUR,gross,0.0,6.99,9.32,9.32,6.99,9.32,,False,True,still,weiss,trocken,,2024,Deutschland,Baden,"Grauburgunder, Pinot Gris",Kategorien/Weinwelt/Weinart/Weißwein,,https://www.lidl.de/p/baron-von-maydell-grauburgunder-qba-trocken-vegan-weisswein-2024/p100261432,https://www.lidl.de/assets/gcp268426451d6043eab65517cfd7885513.jpg,2026-08-14T14:35:22.844368+00:00
lidl,Lidl,discounter,100314216,"Taming the Tiger Südafrika Pinotage Western Cape trocken, Rotwein 2020",DUMM,glass,Glasflasche,0.75,1,False,7.99,EUR,gross,0.0,7.99,10.65,10.65,7.99,10.65,,False,True,still,rot,trocken,,2020,Südafrika,,Pinotage,Kategorien/Weinwelt/Weinart/Rotwein,,https://www.lidl.de/p/taming-the-tiger-suedafrika-pinotage-western-cape-trocken-rotwein-2020/p100314216,https://www.lidl.de/assets/bc02bb7d5f2f5dfc951394e9053d34e3.jpeg,2026-08-14T14:35:22.844918+00:00
lidl,Lidl,discounter,100301227,"Weinkenner by Pfaffl Rudolf Zweigelt trocken, Rotwein 2025",PFFF,glass,Glasflasche,0.75,1,False,7.99,EUR,gross,0.0,7.99,10.65,10.65,7.99,10.65,,False,True,still,rot,trocken,,2025,,,Zweigelt,Kategorien/Weinwelt/Weinart/Rotwein,,https://www.lidl.de/p/weinkenner-by-pfaffl-rudolf-zweigelt-trocken-rotwein-2025/p100301227,https://www.lidl.de/assets/gcp19232426b681438da1a80f857a94d2ce.jpeg,2026-08-14T14:35:22.845489+00:00
lidl,Lidl,discounter,100268127,"PASQUA Amarone della Valpolicella Classico DOCG trocken, Rotwein 2017",PASQ,glass,Glasflasche,0.75,1,False,32.9,EUR,gross,0.0,32.9,43.87,43.87,32.9,43.87,,False,True,still,rot,trocken,,2017,Italien,Venetien,Corvina,Kategorien/Weinwelt/Weinart/Rotwein,,https://www.lidl.de/p/pasqua-amarone-della-valpolicella-classico-docg-trocken-rotwein-2017/p100268127,https://www.lidl.de/assets/273e05ed5499df7b46845c87b2532701.jpeg,2026-08-14T14:35:22.846108+00:00
lidl,Lidl,discounter,100260843,"MARKGRÄFLER WINZER Nobilé Jahrgangssekt Rosé trocken, Schaumwein 2023",MGW,glass,Glasflasche,0.75,1,False,8.49,EUR,gross,0.0,8.49,11.32,11.32,8.49,11.32,,False,True,sparkling,rose,trocken,,2023,Deutschland,Baden,Regent,"Kategorien/Weinwelt/Weinart/Champagner, Sekt & Secco",,https://www.lidl.de/p/markgraefler-winzer-nobile-jahrgangssekt-rose-trocken-schaumwein-2023/p100260843,https://www.lidl.de/assets/832598168c2098df0ee3f301869a5f6f.jpeg,2026-08-14T14:35:22.846601+00:00
lidl,Lidl,discounter,100262583,"COMTE DE SENNEVAL Brut Millésime, Champagner 2018",COMS,glass,Glasflasche,0.75,1,False,24.99,EUR,gross,0.0,24.99,33.32,33.32,24.99,33.32,,False,True,sparkling,,trocken,,2018,Frankreich,,,"Kategorien/Weinwelt/Weinart/Champagner, Sekt & Secco",,https://www.lidl.de/p/comte-de-senneval-brut-millesime-champagner-2018/p100262583,https://www.lidl.de/assets/6982e5270298f2d22711a00d308ab8bd.jpeg,2026-08-14T14:35:22.847066+00:00
lidl,Lidl,discounter,100261285,"POGGIO MARU Primitivo Salento IGP halbtrocken, Rotwein 2023",POGM,glass,Glasflasche,0.75,1,False,6.79,EUR,gross,0.0,6.79,9.05,9.05,6.79,9.05,,False,True,still,rot,halbtrocken,,2023,Italien,Apulien,Primitivo,Kategorien/Weinwelt/Weinart/Rotwein,,https://www.lidl.de/p/poggio-maru-primitivo-salento-igp-halbtrocken-rotwein-2023/p100261285,https://www.lidl.de/assets/c517341c7eb149cc64f814505a63b3c3.jpeg,2026-08-14T14:35:22.847672+00:00
lidl,Lidl,discounter,100261920,"BLANC FOUSSY Crémant de Loire AOP Cuvée Prestige brut, Schaumwein 2024",BLFO,glass,Glasflasche,0.75,1,False,8.99,EUR,gross,0.0,8.99,11.99,11.99,8.99,11.99,,False,True,sparkling,weiss,trocken,,2024,Frankreich,Loire,,"Kategorien/Weinwelt/Weinart/Champagner, Sekt & Secco",,https://www.lidl.de/p/blanc-foussy-cremant-de-loire-aop-cuvee-prestige-brut-schaumwein-2024/p100261920,https://www.lidl.de/assets/gcpbb022afeeb4f43a39973c487ef824306.jpg,2026-08-14T14:35:22.848147+00:00
lidl,Lidl,discounter,100261921,"BLANC FOUSSY Crémant de Loire Cuvée Prestige AOP brut, Schaumwein 2024",BLFO,glass,Glasflasche,0.75,1,False,8.99,EUR,gross,0.0,8.99,11.99,11.99,8.99,11.99,,False,True,sparkling,weiss,trocken,,2024,Frankreich,Loire,,"Kategorien/Weinwelt/Weinart/Champagner, Sekt & Secco",,https://www.lidl.de/p/blanc-foussy-cremant-de-loire-cuvee-prestige-aop-brut-schaumwein-2024/p100261921,https://www.lidl.de/assets/gcpb8810dc1ffe7419f96d6d8fc760bdd70.jpeg,2026-08-14T14:35:22.848940+00:00
lidl,Lidl,discounter,100261437,"FRITZ WALTER Grauburgunder Pfalz QbA trocken vegan, Weißwein 2024",FRWA,glass,Glasflasche,0.75,1,False,6.99,EUR,gross,0.0,6.99,9.32,9.32,6.99,9.32,,False,True,still,weiss,trocken,,2024,Deutschland,Pfalz,Grauburgunder,Kategorien/Weinwelt/Weinart/Weißwein,,https://www.lidl.de/p/fritz-walter-grauburgunder-pfalz-qba-trocken-vegan-weisswein-2024/p100261437,https://www.lidl.de/assets/gcpd30d2c37e4534a29b48f78c239c38de1.jpg,2026-08-14T14:35:22.849546+00:00
lidl,Lidl,discounter,100308488,"BARON VON MAYDELL Spätburgunder Blanc de Noirs QbA trocken vegan, Weißwein 2024",BVMD,glass,Glasflasche,0.75,1,False,6.99,EUR,gross,0.0,6.99,9.32,9.32,6.99,9.32,,False,True,still,weiss,trocken,,2024,Deutschland,Baden,Spätburgunder,Kategorien/Weinwelt/Weinart/Weißwein,,https://www.lidl.de/p/baron-von-maydell-spaetburgunder-blanc-de-noirs-qba-trocken-vegan-weisswein-2024/p100308488,https://www.lidl.de/assets/gcpcb542e9ab5ce48b89b2d91d478741f8d.jpg,2026-08-14T14:35:22.850056+00:00
lidl,Lidl,discounter,100256389,"ALLINI Prosecco DOC extra trocken, Schaumwein 2024",ALIN,glass,Glasflasche,0.75,1,False,11.99,EUR,gross,0.0,11.99,15.99,15.99,11.99,15.99,,False,True,sparkling,,trocken,,2024,Italien,Venetien,,"Kategorien/Weinwelt/Weinart/Champagner, Sekt & Secco",,https://www.lidl.de/p/allini-prosecco-doc-extra-trocken-schaumwein-2024/p100256389,https://www.lidl.de/assets/dc90d548b83c59ef2a707f4a1505e9e7.jpeg,2026-08-14T14:35:22.850590+00:00
lidl,Lidl,discounter,100261918,"DULONG Crémant de Bordeaux AOP brut, Schaumwein",DULG,glass,Glasflasche,0.75,1,False,8.99,EUR,gross,0.0,8.99,11.99,11.99,8.99,11.99,,False,True,sparkling,,trocken,,,Frankreich,Bordeaux,,"Kategorien/Weinwelt/Weinart/Champagner, Sekt & Secco",,https://www.lidl.de/p/dulong-cremant-de-bordeaux-aop-brut-schaumwein/p100261918,https://www.lidl.de/assets/44d1ebbe4f2da0b1da0938688a6fa053.jpeg,2026-08-14T14:35:22.851068+00:00
lidl,Lidl,discounter,100303584,"Duca di Sasseta Da Uve Leggermente Appasite Nero d´Avola Sicilia DOC halbtrocken, Rotwein 2024",DUCA,unknown,unbekannt,0.75,1,False,6.99,EUR,gross,,,9.32,,6.99,9.32,,False,True,still,rot,halbtrocken,,2024,,,Nero d'Avola,Kategorien/Weinwelt/Weinart/Rotwein,,https://www.lidl.de/p/duca-di-sasseta-da-uve-leggermente-appasite-nero-d-avola-sicilia-doc-halbtrocken-rotwein-2024/p100303584,https://www.lidl.de/assets/gcpe70ff44862aa4ed9a6d7a48e3cd04bcb.jpg,2026-08-14T14:35:22.853126+00:00
lidl,Lidl,discounter,100260332,"WEINGUT CHRISTOPHER DEIß Dienheimer Grauburgunder QbA trocken vegan, Weißwein 2025",CDEI,glass,Glasflasche,0.75,1,False,7.8,EUR,gross,0.0,7.8,10.4,10.4,7.8,10.4,,False,True,still,weiss,trocken,,2025,Deutschland,Rheinhessen,Grauburgunder,Kategorien/Weinwelt/Weinart/Weißwein,,https://www.lidl.de/p/weingut-christopher-deiss-dienheimer-grauburgunder-qba-trocken-vegan-weisswein-2025/p100260332,https://www.lidl.de/assets/gcp0ed9b35ec7954691b289543edfaef7b0.jpg,2026-08-14T14:35:22.854143+00:00
lidl,Lidl,discounter,100313218,"PASQUA Villa Borghetti Soave Classico DOC trocken, Weißwein 2024",PASQ,glass,Glasflasche,0.75,1,False,7.99,EUR,gross,0.0,7.99,10.65,10.65,7.99,10.65,,False,True,still,weiss,trocken,12.5,2024,Italien,,"Trebbiano, Chardonnay",Kategorien/Weinwelt/Weinart/Weißwein,,https://www.lidl.de/p/pasqua-villa-borghetti-soave-classico-doc-trocken-weisswein-2024/p100313218,https://www.lidl.de/assets/gcpaaa6076dac904f21807de51076cbcd05.jpg,2026-08-14T14:35:22.854742+00:00
lidl,Lidl,discounter,100313220,"PASQUA Villa Borghetti Bardolino Classico DOC trocken, Rotwein 2023",PASQ,glass,Glasflasche,0.75,1,False,7.99,EUR,gross,0.0,7.99,10.65,10.65,7.99,10.65,,False,True,still,rot,trocken,,2023,Italien,,Corvina,Kategorien/Weinwelt/Weinart/Rotwein,,https://www.lidl.de/p/pasqua-villa-borghetti-bardolino-classico-doc-trocken-rotwein-2023/p100313220,https://www.lidl.de/assets/gcpf3ceca656c84498ab7b245c0c7388f2a.jpeg,2026-08-14T14:35:22.855360+00:00
lidl,Lidl,discounter,100299730,"Château Mouton Rothschild Pauillac 1er Grand Cru Classé trocken, Rotwein 2019 - Original-Holzkiste",DUMY,glass,Glasflasche,0.75,1,True,899.0,EUR,gross,0.0,899.0,1198.67,1198.67,899.0,1198.67,,False,True,still,rot,trocken,,2019,Frankreich,Bordeaux,"Cabernet Sauvignon, Merlot",Kategorien/Weinwelt/Weinart/Rotwein,pet,https://www.lidl.de/p/chateau-mouton-rothschild-pauillac-1er-grand-cru-classe-trocken-rotwein-2019-original-holzkiste/p100299730,https://www.lidl.de/assets/gcp716adc8388de4b41bcd18ba312ef02ce.jpeg,2026-08-14T14:35:22.856036+00:00
lidl,Lidl,discounter,100261926,"BRUT DARGENT Pinot Noir rosé brut, Schaumwein",BRTU,glass,Glasflasche,0.75,1,False,7.99,EUR,gross,0.0,7.99,10.65,10.65,7.99,10.65,,False,True,sparkling,rose,trocken,,,Frankreich,Loire,Pinot Noir,"Kategorien/Weinwelt/Weinart/Champagner, Sekt & Secco",,https://www.lidl.de/p/brut-dargent-pinot-noir-rose-brut-schaumwein/p100261926,https://www.lidl.de/assets/gcpa963a27cf8dd45edbd71851412eda1ef.jpeg,2026-08-14T14:35:22.856844+00:00
lidl,Lidl,discounter,100261286,"Valla Betta Primitivo Puglia IGT halbtrocken, Rotwein 2024",DUMY,glass,Glasflasche,0.75,1,False,7.99,EUR,gross,0.0,7.99,10.65,10.65,7.99,10.65,,False,True,still,rot,halbtrocken,,2024,Italien,Apulien,Primitivo,Kategorien/Weinwelt/Weinart/Rotwein,,https://www.lidl.de/p/valla-betta-primitivo-puglia-igt-halbtrocken-rotwein-2024/p100261286,https://www.lidl.de/assets/gcpd82f246c7b4c41eeb66ed39cff1833fb.jpeg,2026-08-14T14:35:22.857456+00:00
lidl,Lidl,discounter,100262683,"Il Potere Masso Antico Rosso Puglia IGT halbtrocken, Rotwein 2021",ANTI,glass,Glasflasche,0.75,1,False,9.99,EUR,gross,0.0,9.99,13.32,13.32,9.99,13.32,,False,True,still,rot,halbtrocken,,2021,Italien,Apulien,,Kategorien/Weinwelt/Weinart/Rotwein,,https://www.lidl.de/p/il-potere-masso-antico-rosso-puglia-igt-halbtrocken-rotwein-2021/p100262683,https://www.lidl.de/assets/gcpb952cec88d8c4b12b5f3881f28a4fc2c.jpg,2026-08-14T14:35:22.857967+00:00
lidl,Lidl,discounter,100261919,"DULONG Crémant de Bordeaux Rosé AOP brut, Schaumwein",DULG,glass,Glasflasche,0.75,1,False,9.99,EUR,gross,0.0,9.99,13.32,13.32,9.99,13.32,,False,True,sparkling,rose,trocken,,,Frankreich,Bordeaux,,"Kategorien/Weinwelt/Weinart/Champagner, Sekt & Secco",,https://www.lidl.de/p/dulong-cremant-de-bordeaux-rose-aop-brut-schaumwein/p100261919,https://www.lidl.de/assets/gcp5252a7e9f857428495f7822c35233694.jpeg,2026-08-14T14:35:22.858467+00:00
lidl,Lidl,discounter,100299646,"DUCA DI SASSETA Fiano da uve leggermente Appassite Puglia IGT halbtrocken, Weißwein 2024",DUCA,glass,Glasflasche,0.75,1,False,8.99,EUR,gross,0.0,8.99,11.99,11.99,8.99,11.99,,False,True,still,weiss,halbtrocken,,2024,Italien,Apulien,,Kategorien/Weinwelt/Weinart/Weißwein,,https://www.lidl.de/p/duca-di-sasseta-fiano-da-uve-leggermente-appassite-puglia-igt-halbtrocken-weisswein-2024/p100299646,https://www.lidl.de/assets/gcpe7be0718b50e4f5fbd5cad3317feb7c3.jpeg,2026-08-14T14:35:22.858992+00:00
lidl,Lidl,discounter,100314298,"LOUIS ROEDERER Rosé brut, Champagner 2017",LORO,glass,Glasflasche,0.75,1,False,79.99,EUR,gross,0.0,79.99,106.65,106.65,79.99,106.65,,False,True,sparkling,rose,trocken,,2017,Frankreich,,"Pinot Noir, Chardonnay","Kategorien/Weinwelt/Weinart/Champagner, Sekt & Secco",,https://www.lidl.de/p/louis-roederer-rose-brut-champagner-2017/p100314298,https://www.lidl.de/assets/8c1c1b98410eb49e26abf73a25e704ca.jpeg,2026-08-14T14:35:22.859546+00:00
lidl,Lidl,discounter,100262679,"BRUNILDE DI MENZIONE Primitivo di Manduria DOC halbtrocken, Rotwein 2024",BRME,glass,Glasflasche,0.75,1,False,11.9,EUR,gross,0.0,11.9,15.87,15.87,11.9,15.87,,False,True,still,rot,halbtrocken,,2024,Italien,Apulien,Primitivo,Kategorien/Weinwelt/Weinart/Rotwein,,https://www.lidl.de/p/brunilde-di-menzione-primitivo-di-manduria-doc-halbtrocken-rotwein-2024/p100262679,https://www.lidl.de/assets/gcp28a05a43cab94809a44f14e568d3a384.jpg,2026-08-14T14:35:22.860098+00:00
lidl,Lidl,discounter,100261038,"MALESAN Crémant de Bordeaux AOP brut, Schaumwein",MASA,glass,Glasflasche,0.75,1,False,11.99,EUR,gross,0.0,11.99,15.99,15.99,11.99,15.99,,False,True,sparkling,,trocken,,,Frankreich,Bordeaux,,"Kategorien/Weinwelt/Weinart/Champagner, Sekt & Secco",,https://www.lidl.de/p/malesan-cremant-de-bordeaux-aop-brut-schaumwein/p100261038,https://www.lidl.de/assets/gcpe7d0b0a7cec540a58baa2fe29dc1d334.jpg,2026-08-14T14:35:22.860610+00:00
lidl,Lidl,discounter,100313732,"Chevalier de Lascombes Margaux AOC trocken, Rotwein 2021",DUMY,glass,Glasflasche,0.75,1,False,34.99,EUR,gross,0.0,34.99,46.65,46.65,34.99,46.65,,False,True,still,rot,trocken,,2021,Frankreich,Bordeaux,,Kategorien/Weinwelt/Weinart/Rotwein,,https://www.lidl.de/p/chevalier-de-lascombes-margaux-aoc-trocken-rotwein-2021/p100313732,https://www.lidl.de/assets/a45106134e0ac1ae98a2ec38ace7ddae.jpeg,2026-08-14T14:35:22.861150+00:00
lidl,Lidl,discounter,100261747,"ARTHUR METZ Crémant d'Alsace AOP Rosé Edition Spéciale brut, Schaumwein",ARTH,glass,Glasflasche,0.75,1,False,10.95,EUR,gross,0.0,10.95,14.6,14.6,10.95,14.6,,False,True,sparkling,rose,trocken,,,Frankreich,,,"Kategorien/Weinwelt/Weinart/Champagner, Sekt & Secco",,https://www.lidl.de/p/arthur-metz-cremant-d-alsace-aop-rose-edition-speciale-brut-schaumwein/p100261747,https://www.lidl.de/assets/gcpb74da2deb93c42308c1a0a52e2507573.jpeg,2026-08-14T14:35:22.861806+00:00
lidl,Lidl,discounter,100261923,"FRANCOIS MARTENOT Crémant de Bourgogne AOP Rosé brut, Schaumwein 2023",FRMA,glass,Glasflasche,0.75,1,False,11.99,EUR,gross,0.0,11.99,15.99,15.99,11.99,15.99,,False,True,sparkling,rose,trocken,,2023,Frankreich,Burgund,,"Kategorien/Weinwelt/Weinart/Champagner, Sekt & Secco",,https://www.lidl.de/p/francois-martenot-cremant-de-bourgogne-aop-rose-brut-schaumwein-2023/p100261923,https://www.lidl.de/assets/07bed7e5830d6bd7daba988f6db0c385.jpeg,2026-08-14T14:35:22.862737+00:00
lidl,Lidl,discounter,100350769,"Gaudenzio Lagrein Trentino DOC trocken, Rotwein 2023",DUMM,glass,Glasflasche,0.75,1,False,6.99,EUR,gross,0.0,6.99,9.32,9.32,6.99,9.32,,False,True,still,rot,trocken,,2023,Italien,,,Kategorien/Weinwelt/Weinart/Rotwein,,https://www.lidl.de/p/gaudenzio-lagrein-trentino-doc-trocken-rotwein-2023/p100350769,https://www.lidl.de/assets/gcpe3d8eb88925244ab8a63d013cf3a25ec.jpeg,2026-08-14T14:35:22.863275+00:00
lidl,Lidl,discounter,100350318,"WEINGUT SPREITZER Oestricher Muschelkalk Rheingau Riesling VDP.Ortswein trocken, Weißwein 2024",WSPR,glass,Glasflasche,0.75,1,False,9.99,EUR,gross,0.0,9.99,13.32,13.32,9.99,13.32,,False,True,still,weiss,trocken,,2024,Deutschland,Rheingau,Riesling,Kategorien/Weinwelt/Weinart/Weißwein,,https://www.lidl.de/p/weingut-spreitzer-oestricher-muschelkalk-rheingau-riesling-vdp-ortswein-trocken-weisswein-2024/p100350318,https://www.lidl.de/assets/gcp0cc27f06a1d846138a1fc6271048220b.jpeg,2026-08-14T14:35:22.863854+00:00
lidl,Lidl,discounter,100327214,"STUDIO by Miraval IGP trocken, Roséwein 2024",MAMR,glass,Glasflasche,0.75,1,False,10.9,EUR,gross,0.0,10.9,14.53,14.53,10.9,14.53,,False,True,still,rose,trocken,,2024,Frankreich,Provence,Grenache,Kategorien/Weinwelt/Weinart/Roséwein,,https://www.lidl.de/p/studio-by-miraval-igp-trocken-rosewein-2024/p100327214,https://www.lidl.de/assets/gcpa373d23d716b498badb03cb9cd93ccfc.jpeg,2026-08-14T14:35:22.864355+00:00
lidl,Lidl,discounter,100336210,"CA' DEL LAGO Lugana DOP trocken, Weißwein 2024",CADL,glass,Glasflasche,0.75,1,False,8.99,EUR,gross,0.0,8.99,11.99,11.99,8.99,11.99,,False,True,still,weiss,trocken,,2024,Italien,Venetien,Trebbiano,Kategorien/Weinwelt/Weinart/Weißwein,,https://www.lidl.de/p/ca-del-lago-lugana-dop-trocken-weisswein-2024/p100336210,https://www.lidl.de/assets/gcp8577fbec78b14d8faa60a168f0c23916.jpg,2026-08-14T14:35:22.864980+00:00
lidl,Lidl,discounter,100336258,"CA' DEL LAGO Rosa delle Dame Trevenezie IGT trocken, Roséwein 2024",CADL,glass,Glasflasche,0.75,1,False,4.89,EUR,gross,0.0,4.89,6.52,6.52,4.89,6.52,,False,True,still,rose,trocken,,2024,Italien,,,Kategorien/Weinwelt/Weinart/Roséwein,,https://www.lidl.de/p/ca-del-lago-rosa-delle-dame-trevenezie-igt-trocken-rosewein-2024/p100336258,https://www.lidl.de/assets/gcpc9e87530f5e849dab54e596b1f2635f9.jpeg,2026-08-14T14:35:22.865491+00:00
lidl,Lidl,discounter,100342491,"STAATSWEINGUT WEINSBERG Rosé VDP.Gutswein trocken, Roséwein 2025",STWE,glass,Glasflasche,0.75,1,False,6.9,EUR,gross,0.0,6.9,9.2,9.2,6.9,9.2,,False,True,still,rose,trocken,,2025,Deutschland,Wurttemberg,Lemberger,Kategorien/Weinwelt/Weinart/Roséwein,,https://www.lidl.de/p/staatsweingut-weinsberg-rose-vdp-gutswein-trocken-rosewein-2025/p100342491,https://www.lidl.de/assets/gcp36c3f5f94da1424993323aaa11ed3bb7.jpeg,2026-08-14T14:35:22.865989+00:00
lidl,Lidl,discounter,100347761,"CAVINO Ionos Roditis Syrah trocken, Roséwein",CAVI,glass,Glasflasche,0.75,1,False,5.99,EUR,gross,0.0,5.99,7.99,7.99,5.99,7.99,,False,True,still,rose,trocken,,,Griechenland,,Syrah,Kategorien/Weinwelt/Weinart/Roséwein,,https://www.lidl.de/p/cavino-ionos-roditis-syrah-trocken-rosewein/p100347761,https://www.lidl.de/assets/gcp6d9064d1374a4b5b88087efbba1d4673.jpeg,2026-08-14T14:35:22.866478+00:00
lidl,Lidl,discounter,100341493,"WEINGUT BALTHASAR RESS BIO Rheinkind Rheingau Riesling VDP.Gutswein feinherb vegan, Weißwein 2025",WEBA,glass,Glasflasche,0.75,1,False,7.99,EUR,gross,0.0,7.99,10.65,10.65,7.99,10.65,,False,True,still,weiss,halbtrocken,,2025,Deutschland,Rheingau,Riesling,Kategorien/Weinwelt/Weinart/Weißwein,,https://www.lidl.de/p/weingut-balthasar-ress-bio-rheinkind-rheingau-riesling-vdp-gutswein-feinherb-vegan-weisswein-2025/p100341493,https://www.lidl.de/assets/e10d170caf5a75a02a6b23e57da3d4c1.jpeg,2026-08-14T14:35:22.867036+00:00
lidl,Lidl,discounter,100329305,"CÀ DEI FRATI Rosa dei Frati trocken, Roséwein 2025",CATI,glass,Glasflasche,0.75,1,False,13.95,EUR,gross,0.0,13.95,18.6,18.6,13.95,18.6,,False,True,still,rose,trocken,,2025,Italien,,,Kategorien/Weinwelt/Weinart/Roséwein,,https://www.lidl.de/p/ca-dei-frati-rosa-dei-frati-trocken-rosewein-2025/p100329305,https://www.lidl.de/assets/gcp2af7c2203e264e28b9d904c0e39755eb.jpg,2026-08-14T14:35:22.867587+00:00
lidl,Lidl,discounter,100350755,"Zeller Schwarze Katz Riesling Mosel QbA feinherb, Weißwein 2024",DUMM,glass,Glasflasche,0.75,1,False,5.99,EUR,gross,0.0,5.99,7.99,7.99,5.99,7.99,,False,True,still,weiss,halbtrocken,,2024,Deutschland,Mosel,Riesling,Kategorien/Weinwelt/Weinart/Weißwein,,https://www.lidl.de/p/zeller-schwarze-katz-riesling-mosel-qba-feinherb-weisswein-2024/p100350755,https://www.lidl.de/assets/gcp538fb57d0f2d4d408bb067883c260470.jpeg,2026-08-14T14:35:22.868203+00:00
lidl,Lidl,discounter,100322796,"MARKUS MOLITOR Composition M Mosel QbA trocken, Weißwein 2024",MAMO,glass,Glasflasche,0.75,1,False,7.99,EUR,gross,0.0,7.99,10.65,10.65,7.99,10.65,,False,True,still,weiss,trocken,,2024,Deutschland,Mosel,,Kategorien/Weinwelt/Weinart/Weißwein,,https://www.lidl.de/p/markus-molitor-composition-m-mosel-qba-trocken-weisswein-2024/p100322796,https://www.lidl.de/assets/5f5f60011933ef741775fdcc5928d78c.jpeg,2026-08-14T14:35:22.868738+00:00
lidl,Lidl,discounter,100350749,"Primitivo Puglia IGT trocken, Rotwein",DUMM,glass,Glasflasche,0.75,1,False,3.99,EUR,gross,0.0,3.99,5.32,5.32,3.99,5.32,,False,True,still,rot,trocken,,,Italien,Apulien,Primitivo,Kategorien/Weinwelt/Weinart/Rotwein,,https://www.lidl.de/p/primitivo-puglia-igt-trocken-rotwein/p100350749,https://www.lidl.de/assets/gcp93327a9a2ec04a6c9f6e41737da49d0d.jpeg,2026-08-14T14:35:22.869283+00:00
lidl,Lidl,discounter,100335127,"CAMILLE MEYER Vieilles Vignes Gewürztraminer Alsace AOC lieblich, Weißwein 2024",CEYR,unknown,unbekannt,0.75,1,False,8.99,EUR,gross,,,11.99,,8.99,11.99,,False,True,still,weiss,lieblich,,2024,Frankreich,,,Kategorien/Weinwelt/Weinart/Weißwein,,https://www.lidl.de/p/camille-meyer-vieilles-vignes-gewuerztraminer-alsace-aoc-lieblich-weisswein-2024/p100335127,https://www.lidl.de/assets/gcp90246254e19e4c58b9295991c725a038.jpg,2026-08-14T14:35:22.869829+00:00
lidl,Lidl,discounter,100346804,"Greek Wine Cellars Moderne Alegorie Assyrtiko PGI trocken, Weißwein 2025",DUMY,glass,Glasflasche,0.75,1,False,4.99,EUR,gross,0.0,4.99,6.65,6.65,4.99,6.65,,False,True,still,weiss,trocken,,2025,Griechenland,,,Kategorien/Weinwelt/Weinart/Weißwein,,https://www.lidl.de/p/greek-wine-cellars-moderne-alegorie-assyrtiko-pgi-trocken-weisswein-2025/p100346804,https://www.lidl.de/assets/gcp3aae51c6e5fc4afa8d5e0d6107b54a9e.jpeg,2026-08-14T14:35:22.870479+00:00
lidl,Lidl,discounter,100329913,"BIO Deutsches Weintor Dornfelder QbA trocken, Rotwein 2023",DEWE,unknown,unbekannt,0.75,1,False,5.79,EUR,gross,,,7.72,,5.79,7.72,,False,True,still,rot,trocken,,2023,Deutschland,Pfalz,Dornfelder,Kategorien/Weinwelt/Weinart/Rotwein,,https://www.lidl.de/p/bio-deutsches-weintor-dornfelder-qba-trocken-rotwein-2023/p100329913,https://www.lidl.de/assets/30446b5aab1844fa3b59b4d6be713896.jpeg,2026-08-14T14:35:22.871008+00:00
lidl,Lidl,discounter,100336224,"CEPA LEBREL Rioja Reserva DOCa trocken, Rotwein 2019",CEPA,glass,Glasflasche,0.75,1,False,4.29,EUR,gross,0.0,4.29,5.72,5.72,4.29,5.72,,False,True,still,rot,trocken,,2019,Spanien,Rioja,Tempranillo,Kategorien/Weinwelt/Weinart/Rotwein,,https://www.lidl.de/p/cepa-lebrel-rioja-reserva-doca-trocken-rotwein-2019/p100336224,https://www.lidl.de/assets/gcpe3536ef5d00743f0ac68a123999bb9f0.jpg,2026-08-14T14:35:22.871394+00:00
lidl,Lidl,discounter,100329510,"CÀ DEI FRATI Ronchedone Vino Rosso IGT trocken, Rotwein 2022",CATI,glass,Glasflasche,0.75,1,False,17.5,EUR,gross,0.0,17.5,23.33,23.33,17.5,23.33,,False,True,still,rot,trocken,,2022,Italien,,"Sangiovese, Cabernet Sauvignon",Kategorien/Weinwelt/Weinart/Rotwein,,https://www.lidl.de/p/ca-dei-frati-ronchedone-vino-rosso-igt-trocken-rotwein-2022/p100329510,https://www.lidl.de/assets/f76693be0bf938596b148b3bb064f313.jpeg,2026-08-14T14:35:22.871900+00:00
lidl,Lidl,discounter,100315993,"WG Königschaffhausen-Kiechlinsbergen Flaneur Blanc de Noirs QbA feinherb, Weißwein 2024",KOEK,unknown,unbekannt,0.75,1,False,5.49,EUR,gross,,,7.32,,5.49,7.32,,False,True,still,weiss,halbtrocken,,2024,Deutschland,Baden,"Merlot, Cabernet Sauvignon",Kategorien/Weinwelt/Weinart/Weißwein,,https://www.lidl.de/p/wg-koenigschaffhausen-kiechlinsbergen-flaneur-blanc-de-noirs-qba-feinherb-weisswein-2024/p100315993,https://www.lidl.de/assets/gcp6dfc0f8abf4340d892a769198c3f9f28.jpg,2026-08-14T14:35:22.872597+00:00
lidl,Lidl,discounter,100315991,"WG Königschaffhausen-Kiechlinsbergen Flaneur QbA feinherb, Weißwein 2025",KOEK,unknown,unbekannt,0.75,1,False,4.99,EUR,gross,,,6.65,,4.99,6.65,,False,True,still,weiss,halbtrocken,,2025,Deutschland,Baden,,Kategorien/Weinwelt/Weinart/Weißwein,,https://www.lidl.de/p/wg-koenigschaffhausen-kiechlinsbergen-flaneur-qba-feinherb-weisswein-2025/p100315991,https://www.lidl.de/assets/gcpc9b1ded643b14ad28467b948c36664ae.jpg,2026-08-14T14:35:22.873273+00:00
lidl,Lidl,discounter,100342472,"STAATSWEINGUT WEINSBERG Lemberger VDP.Gutswein trocken, Rotwein 2024",STWE,glass,Glasflasche,0.75,1,False,7.9,EUR,gross,0.0,7.9,10.53,10.53,7.9,10.53,,False,True,still,rot,trocken,,2024,Deutschland,Wurttemberg,Lemberger,Kategorien/Weinwelt/Weinart/Rotwein,,https://www.lidl.de/p/staatsweingut-weinsberg-lemberger-vdp-gutswein-trocken-rotwein-2024/p100342472,https://www.lidl.de/assets/gcp067bfccaa12c42c09c5d20552d573c0c.jpeg,2026-08-14T14:35:22.873836+00:00
lidl,Lidl,discounter,100316852,"GRAF ADELMANN Brüssele Cuvée Schlossabfüllung VDP.Gutswein trocken, Rotwein 2021",GRAD,glass,Glasflasche,0.75,1,False,7.99,EUR,gross,0.0,7.99,10.65,10.65,7.99,10.65,,False,True,still,rot,trocken,,2021,Deutschland,Wurttemberg,,Kategorien/Weinwelt/Weinart/Rotwein,,https://www.lidl.de/p/graf-adelmann-bruessele-cuvee-schlossabfuellung-vdp-gutswein-trocken-rotwein-2021/p100316852,https://www.lidl.de/assets/gcp647658b4f64c4ba5b36aeea8dba614a4.jpeg,2026-08-14T14:35:22.874383+00:00
lidl,Lidl,discounter,100330012,"Negroamaro Rosato Puglia IGP trocken, Roséwein 2025",DUMM,glass,Glasflasche,0.75,1,False,3.99,EUR,gross,0.0,3.99,5.32,5.32,3.99,5.32,,False,True,still,rose,trocken,,2025,Italien,Apulien,Negroamaro,Kategorien/Weinwelt/Weinart/Roséwein,,https://www.lidl.de/p/negroamaro-rosato-puglia-igp-trocken-rosewein-2025/p100330012,https://www.lidl.de/assets/gcp0a5a25ac8ccc4f4d9c989050bb02d468.jpeg,2026-08-14T14:35:22.874925+00:00
lidl,Lidl,discounter,100318591,"FABELHAFT Tinto Douro DOC trocken, Rotwein 2022",FABE,glass,Glasflasche,0.75,1,False,10.5,EUR,gross,0.0,10.5,14.0,14.0,10.5,14.0,,False,True,still,rot,trocken,,2022,Portugal,Douro,,Kategorien/Weinwelt/Weinart/Rotwein,,https://www.lidl.de/p/fabelhaft-tinto-douro-doc-trocken-rotwein-2022/p100318591,https://www.lidl.de/assets/e5f0cd3bb7d8b84383329bf610e1a53f.jpeg,2026-08-14T14:35:22.875419+00:00
lidl,Lidl,discounter,100350266,"WEINGUT SPREITZER Josef Spreitzer Rheingau Riesling VDP.Gutswein trocken, Weißwein 2025",WSPR,glass,Glasflasche,0.75,1,False,9.9,EUR,gross,0.0,9.9,13.2,13.2,9.9,13.2,,False,True,still,weiss,trocken,,2025,Deutschland,Rheingau,Riesling,Kategorien/Weinwelt/Weinart/Weißwein,,https://www.lidl.de/p/weingut-spreitzer-josef-spreitzer-rheingau-riesling-vdp-gutswein-trocken-weisswein-2025/p100350266,https://www.lidl.de/assets/gcp2ffd4a3713d74882a1d778709ffb3490.jpeg,2026-08-14T14:35:22.875939+00:00
lidl,Lidl,discounter,100334775,"FALANGHINA Benevento IGP trocken, Weißwein 2025",FAFL,glass,Glasflasche,0.75,1,False,4.99,EUR,gross,0.0,4.99,6.65,6.65,4.99,6.65,,False,True,still,weiss,trocken,,2025,Italien,,,Kategorien/Weinwelt/Weinart/Weißwein,,https://www.lidl.de/p/falanghina-benevento-igp-trocken-weisswein-2025/p100334775,https://www.lidl.de/assets/238febf5e664edc436552968f17e62a1.jpeg,2026-08-14T14:35:22.876434+00:00
lidl,Lidl,discounter,100339820,"TAITTINGER Prestige Rosé Cuvée brut, Champagner mit Geschenkbox",TAIT,glass,Glasflasche,0.75,1,False,49.99,EUR,gross,0.0,49.99,66.65,66.65,49.99,66.65,,False,True,sparkling,rose,trocken,,,Frankreich,,"Chardonnay, Pinot Noir","Kategorien/Weinwelt/Weinart/Champagner, Sekt & Secco",,https://www.lidl.de/p/taittinger-prestige-rose-cuvee-brut-champagner-mit-geschenkbox/p100339820,https://www.lidl.de/assets/gcp4ef5f305e62b4dd58c08ac2190e44715.jpg,2026-08-14T14:35:22.877088+00:00
lidl,Lidl,discounter,100316134,"WINZERGENOSSENSCHAFT ACHKARREN Grauburgunder Kaiserstuhl QbA trocken, Weißwein 2024",WIGE,glass,Glasflasche,0.75,1,False,6.5,EUR,gross,0.0,6.5,8.67,8.67,6.5,8.67,,False,True,still,weiss,trocken,,2024,Deutschland,Baden,Grauburgunder,Kategorien/Weinwelt/Weinart/Weißwein,,https://www.lidl.de/p/winzergenossenschaft-achkarren-grauburgunder-kaiserstuhl-qba-trocken-weisswein-2024/p100316134,https://www.lidl.de/assets/211345ec8fbcbe972e011cb69ac1b63f.jpeg,2026-08-14T14:35:22.877779+00:00
lidl,Lidl,discounter,100326448,"WEINGUT BURG RAVENSBURG BIO Kapellenberg Riesling VDP.Grosses Gewächs trocken, Weißwein 2020",WBUR,glass,Glasflasche,0.75,1,False,24.99,EUR,gross,0.0,24.99,33.32,33.32,24.99,33.32,,False,True,still,weiss,trocken,,2020,Deutschland,Baden,Riesling,Kategorien/Weinwelt/Weinart/Weißwein,,https://www.lidl.de/p/weingut-burg-ravensburg-bio-kapellenberg-riesling-vdp-grosses-gewaechs-trocken-weisswein-2020/p100326448,https://www.lidl.de/assets/4ba21366bddcc0ad7d6449ee83dc40f9.jpeg,2026-08-14T14:35:22.878263+00:00
lidl,Lidl,discounter,100315989,"ÀNIMA NEGRA ÀN/2 Mallorca VdT Illes Balears trocken, Rotwein 2022",ANEG,glass,Glasflasche,0.75,1,False,18.95,EUR,gross,0.0,18.95,25.27,25.27,18.95,25.27,,False,True,still,rot,trocken,,2022,Spanien,,,Kategorien/Weinwelt/Weinart/Rotwein,,https://www.lidl.de/p/anima-negra-an-2-mallorca-vdt-illes-balears-trocken-rotwein-2022/p100315989,https://www.lidl.de/assets/758325ccb0365ac09755471581e4e464.jpeg,2026-08-14T14:35:22.878847+00:00
lidl,Lidl,discounter,100348650,"ZENATO Lugana San Benedetto DOC trocken, Weißwein 2025",ZENA,glass,Glasflasche,0.75,1,False,10.9,EUR,gross,0.0,10.9,14.53,14.53,10.9,14.53,,False,True,still,weiss,trocken,,2025,Italien,Venetien,Trebbiano,Kategorien/Weinwelt/Weinart/Weißwein,,https://www.lidl.de/p/zenato-lugana-san-benedetto-doc-trocken-weisswein-2025/p100348650,https://www.lidl.de/assets/gcp597eee9eb37c42caaa0c7b83a7c48dc9.jpeg,2026-08-14T14:35:22.879399+00:00
lidl,Lidl,discounter,100329464,"SAN MARZANO Sessantanni Primitivo di Manduria DOP halbtrocken, Rotwein 2020",SAZA,unknown,unbekannt,0.75,1,False,18.9,EUR,gross,,,25.2,,18.9,25.2,,False,True,still,rot,halbtrocken,,2020,Italien,Apulien,Primitivo,Kategorien/Weinwelt/Weinart/Rotwein,,https://www.lidl.de/p/san-marzano-sessantanni-primitivo-di-manduria-dop-halbtrocken-rotwein-2020/p100329464,https://www.lidl.de/assets/gcp1d9e061de60f4c6bb68681817de44924.jpg,2026-08-14T14:35:22.879930+00:00
lidl,Lidl,discounter,100350759,"CORTE ALLODOLA Lugana DOC trocken vegan, Weißwein 2023",DALA,glass,Glasflasche,0.75,1,False,7.99,EUR,gross,0.0,7.99,10.65,10.65,7.99,10.65,,False,True,still,weiss,trocken,,2023,Italien,Venetien,Trebbiano,Kategorien/Weinwelt/Weinart/Weißwein,,https://www.lidl.de/p/corte-allodola-lugana-doc-trocken-vegan-weisswein-2023/p100350759,https://www.lidl.de/assets/gcpf5ebda4a5c984763b8ee946946577d2b.jpeg,2026-08-14T14:35:22.880460+00:00
lidl,Lidl,discounter,100346554,"Les Cinq Rameaux Coteaux d'Aix en Provence AOP trocken, Roséwein 2024",DUMM,glass,Glasflasche,0.75,1,False,4.99,EUR,gross,0.0,4.99,6.65,6.65,4.99,6.65,,False,True,still,rose,trocken,,2024,Frankreich,Provence,,Kategorien/Weinwelt/Weinart/Roséwein,,https://www.lidl.de/p/les-cinq-rameaux-coteaux-d-aix-en-provence-aop-trocken-rosewein-2024/p100346554,https://www.lidl.de/assets/gcp41eb3eca5fc646b3a45bd5307df79a3b.jpg,2026-08-14T14:35:22.881071+00:00
lidl,Lidl,discounter,100347924,"TORRE DE FERRO Vinho Branco Dão DOC trocken, Weißwein 2024",TOFE,glass,Glasflasche,0.75,1,False,5.99,EUR,gross,0.0,5.99,7.99,7.99,5.99,7.99,,False,True,still,weiss,trocken,,2024,Portugal,,,Kategorien/Weinwelt/Weinart/Weißwein,,https://www.lidl.de/p/torre-de-ferro-vinho-branco-dao-doc-trocken-weisswein-2024/p100347924,https://www.lidl.de/assets/gcp3f0e9435229a4be18b3556868d863059.jpeg,2026-08-14T14:35:22.881834+00:00
lidl,Lidl,discounter,100326678,"Müller Grüner Veltliner Löss & Schotter trocken, Weißwein 2025",DUMY,glass,Glasflasche,0.75,1,False,5.99,EUR,gross,0.0,5.99,7.99,7.99,5.99,7.99,,False,True,still,weiss,trocken,,2025,Österreich,,Grüner Veltliner,Kategorien/Weinwelt/Weinart/Weißwein,,https://www.lidl.de/p/mueller-gruener-veltliner-loess-schotter-trocken-weisswein-2025/p100326678,https://www.lidl.de/assets/699e3c4505f834bb028ae51532ffdd16.jpeg,2026-08-14T14:35:22.882347+00:00
lidl,Lidl,discounter,100339457,"CIMAROSA Merlot South Africa trocken, Rotwein 2024",CIMA,glass,Glasflasche,0.75,1,False,4.99,EUR,gross,0.0,4.99,6.65,6.65,4.99,6.65,,False,True,still,rot,trocken,,2024,Südafrika,,Merlot,Kategorien/Weinwelt/Weinart/Rotwein,,https://www.lidl.de/p/cimarosa-merlot-south-africa-trocken-rotwein-2024/p100339457,https://www.lidl.de/assets/gcpcece4553ef084b8792cf472666a28e7c.jpeg,2026-08-14T14:35:22.882892+00:00
lidl,Lidl,discounter,100322494,"SELLARONDA Lagrein Trentino DOC trocken, Rotwein 2023",SELR,glass,Glasflasche,0.75,1,False,8.49,EUR,gross,0.0,8.49,11.32,11.32,8.49,11.32,,False,True,still,rot,trocken,,2023,Italien,,,Kategorien/Weinwelt/Weinart/Rotwein,,https://www.lidl.de/p/sellaronda-lagrein-trentino-doc-trocken-rotwein-2023/p100322494,https://www.lidl.de/assets/gcpa85d4e5ae13442aa85e5bc259be87571.jpg,2026-08-14T14:35:22.883469+00:00
lidl,Lidl,discounter,100330009,"Orvieto Classico DOP trocken, Weißwein 2024",DUMM,glass,Glasflasche,0.75,1,False,5.99,EUR,gross,0.0,5.99,7.99,7.99,5.99,7.99,,False,True,still,weiss,trocken,,2024,Italien,,,Kategorien/Weinwelt/Weinart/Weißwein,,https://www.lidl.de/p/orvieto-classico-dop-trocken-weisswein-2024/p100330009,https://www.lidl.de/assets/4d4bf94d497453df8688a5e584ee04cb.jpeg,2026-08-14T14:35:22.883928+00:00
lidl,Lidl,discounter,100324555,"TORRE DE FERRO Dão DOC trocken, Roséwein 2023",TOFE,glass,Glasflasche,0.75,1,False,6.99,EUR,gross,0.0,6.99,9.32,9.32,6.99,9.32,,False,True,still,rose,trocken,,2023,Portugal,,,Kategorien/Weinwelt/Weinart/Roséwein,,https://www.lidl.de/p/torre-de-ferro-dao-doc-trocken-rosewein-2023/p100324555,https://www.lidl.de/assets/f0f8385761b3bc3af52a59c3d1960584.jpeg,2026-08-14T14:35:22.884365+00:00
lidl,Lidl,discounter,100316133,"WINZERGENOSSENSCHAFT ACHKARREN Spätburgunder Kaiserstuhl QbA trocken, Literflasche, Rotwein 2023",WIGE,glass,Glasflasche,1.0,1,False,6.9,EUR,gross,0.0,6.9,6.9,6.9,5.18,6.9,,False,True,still,rot,trocken,,2023,Deutschland,Baden,Spätburgunder,Kategorien/Weinwelt/Weinart/Rotwein,,https://www.lidl.de/p/winzergenossenschaft-achkarren-spaetburgunder-kaiserstuhl-qba-trocken-literflasche-rotwein-2023/p100316133,https://www.lidl.de/assets/855e4d0ca056e5595d6f6115262aaeb1.jpeg,2026-08-14T14:35:22.884927+00:00
lidl,Lidl,discounter,100331690,"Cotin Jaillet Côtes du Rhône AOP trocken, Weißwein 2024",DUMM,glass,Glasflasche,0.75,1,False,5.49,EUR,gross,0.0,5.49,7.32,7.32,5.49,7.32,,False,True,still,weiss,trocken,,2024,Frankreich,Rhone,,Kategorien/Weinwelt/Weinart/Weißwein,,https://www.lidl.de/p/cotin-jaillet-cotes-du-rhone-aop-trocken-weisswein-2024/p100331690,https://www.lidl.de/assets/dcc331ca6edf47a1bdd122bddd4472de.jpeg,2026-08-14T14:35:22.885499+00:00
lidl,Lidl,discounter,100334769,"ABADIA MERCIER Tempranillo Roble VdT de Castilla halbtrocken, Rotwein 2021",ABAD,glass,Glasflasche,0.75,1,False,6.99,EUR,gross,0.0,6.99,9.32,9.32,6.99,9.32,,False,True,still,rot,halbtrocken,,2021,Spanien,,Tempranillo,Kategorien/Weinwelt/Weinart/Rotwein,,https://www.lidl.de/p/abadia-mercier-tempranillo-roble-vdt-de-castilla-halbtrocken-rotwein-2021/p100334769,https://www.lidl.de/assets/gcpcb2efbe285df475a9c48605dc37e30d1.jpg,2026-08-14T14:35:22.886028+00:00
lidl,Lidl,discounter,100334127,"Heredad Carles Montsant DO Crianza trocken, Rotwein 2019",DUMM,glass,Glasflasche,0.75,1,False,6.99,EUR,gross,0.0,6.99,9.32,9.32,6.99,9.32,,False,True,still,rot,trocken,,2019,Spanien,,,Kategorien/Weinwelt/Weinart/Rotwein,,https://www.lidl.de/p/heredad-carles-montsant-do-crianza-trocken-rotwein-2019/p100334127,https://www.lidl.de/assets/6824a0cc6e38a3d3e73bba2b020e2abf.jpeg,2026-08-14T14:35:22.886570+00:00
lidl,Lidl,discounter,100330038,"DUCA DI SASSETA Primitivo Puglia IGT halbtrocken, Rotwein 2024",DUCA,glass,Glasflasche,0.75,1,False,6.99,EUR,gross,0.0,6.99,9.32,9.32,6.99,9.32,,False,True,still,rot,halbtrocken,,2024,Italien,Apulien,Primitivo,Kategorien/Weinwelt/Weinart/Rotwein,,https://www.lidl.de/p/duca-di-sasseta-primitivo-puglia-igt-halbtrocken-rotwein-2024/p100330038,https://www.lidl.de/assets/gcp11ae03b55d9c4dc59cbaa77ac3271360.jpg,2026-08-14T14:35:22.887054+00:00
lidl,Lidl,discounter,100350743,"San Tenzo Nebbiolo Langhe DOC trocken, Rotwein 2023",DUMM,glass,Glasflasche,0.75,1,False,7.99,EUR,gross,0.0,7.99,10.65,10.65,7.99,10.65,,False,True,still,rot,trocken,,2023,Italien,Piemont,,Kategorien/Weinwelt/Weinart/Rotwein,,https://www.lidl.de/p/san-tenzo-nebbiolo-langhe-doc-trocken-rotwein-2023/p100350743,https://www.lidl.de/assets/gcpcd35b41aa20a485e9923290629b8ee96.jpeg,2026-08-14T14:35:22.887589+00:00
lidl,Lidl,discounter,100335814,"Morellino di Scansano DOCG trocken, Rotwein 2024",DUMM,glass,Glasflasche,0.75,1,False,9.99,EUR,gross,0.0,9.99,13.32,13.32,9.99,13.32,,False,True,still,rot,trocken,,2024,Italien,Toskana,,Kategorien/Weinwelt/Weinart/Rotwein,,https://www.lidl.de/p/morellino-di-scansano-docg-trocken-rotwein-2024/p100335814,https://www.lidl.de/assets/4287a00535d6336a1853c4fca3aba39c.jpeg,2026-08-14T14:35:22.888041+00:00
lidl,Lidl,discounter,100347716,"CAVINO Ionos Roditis Moschato trocken, Weißwein",CAVI,glass,Glasflasche,0.75,1,False,5.99,EUR,gross,0.0,5.99,7.99,7.99,5.99,7.99,,False,True,still,weiss,trocken,,,Griechenland,,,Kategorien/Weinwelt/Weinart/Weißwein,,https://www.lidl.de/p/cavino-ionos-roditis-moschato-trocken-weisswein/p100347716,https://www.lidl.de/assets/gcp2f774a96bcfd45248b5e439a85ec3d3b.jpeg,2026-08-14T14:35:22.888500+00:00
lidl,Lidl,discounter,100350741,"Feudi del Duca Primitivo di Manduria DOP halbtrocken, Rotwein 2024",DUMM,unknown,unbekannt,0.75,1,False,9.99,EUR,gross,,,13.32,,9.99,13.32,,False,True,still,rot,halbtrocken,,2024,Italien,Apulien,Primitivo,Kategorien/Weinwelt/Weinart/Rotwein,,https://www.lidl.de/p/feudi-del-duca-primitivo-di-manduria-dop-halbtrocken-rotwein-2024/p100350741,https://www.lidl.de/assets/gcpf2bd5836f8c84ef0a47ceb385002e89b.jpg,2026-08-14T14:35:22.889106+00:00
lidl,Lidl,discounter,100341072,"EMILIANA ELEMENTAL BIO Sauvignon Blanc Valle Casablanca DO trocken vegan, Weißwein 2023",ELEM,glass,Glasflasche,0.75,1,False,7.99,EUR,gross,0.0,7.99,10.65,10.65,7.99,10.65,,False,True,still,weiss,trocken,,2023,Chile,,Sauvignon Blanc,Kategorien/Weinwelt/Weinart/Weißwein,,https://www.lidl.de/p/emiliana-elemental-bio-sauvignon-blanc-valle-casablanca-do-trocken-vegan-weisswein-2023/p100341072,https://www.lidl.de/assets/e49beb6a420367f46bfb2b0ae2b217a9.jpeg,2026-08-14T14:35:22.889704+00:00
lidl,Lidl,discounter,100334799,"Identità Primitivo di Manduria DOC halbtrocken, Rotwein 2023",DUMM,glass,Glasflasche,0.75,1,False,8.99,EUR,gross,0.0,8.99,11.99,11.99,8.99,11.99,,False,True,still,rot,halbtrocken,,2023,Italien,Apulien,Primitivo,Kategorien/Weinwelt/Weinart/Rotwein,,https://www.lidl.de/p/identita-primitivo-di-manduria-doc-halbtrocken-rotwein-2023/p100334799,https://www.lidl.de/assets/gcpbc3b7965d002472d99824ef0d9d9cf61.jpeg,2026-08-14T14:35:22.890266+00:00
lidl,Lidl,discounter,100335608,"WEINGUT CHRISTOPHER DEIß Weißburgunder & Chardonnay QbA trocken vegan, Weißwein 2024",CDEI,glass,Glasflasche,0.75,1,False,5.99,EUR,gross,0.0,5.99,7.99,7.99,5.99,7.99,,False,True,still,weiss,trocken,,2024,Deutschland,Rheinhessen,"Weißburgunder, Chardonnay",Kategorien/Weinwelt/Weinart/Weißwein,,https://www.lidl.de/p/weingut-christopher-deiss-weissburgunder-chardonnay-qba-trocken-vegan-weisswein-2024/p100335608,https://www.lidl.de/assets/200c9537d991384c62504aee81fed692.jpeg,2026-08-14T14:35:22.890833+00:00
lidl,Lidl,discounter,100335320,"Pinot Noir Rosé Pays d'Oc IGP trocken, Roséwein 2023",DUMM,glass,Glasflasche,0.75,1,False,5.99,EUR,gross,0.0,5.99,7.99,7.99,5.99,7.99,,False,True,still,rose,trocken,,2023,Frankreich,Languedoc,Pinot Noir,Kategorien/Weinwelt/Weinart/Roséwein,,https://www.lidl.de/p/pinot-noir-rose-pays-d-oc-igp-trocken-rosewein-2023/p100335320,https://www.lidl.de/assets/gcpb783389d478d4bd09506833120ee81b9.jpeg,2026-08-14T14:35:22.891360+00:00
lidl,Lidl,discounter,100335330,"CELLIER DE SAINT JEAN Bourgogne Hautes-Côtes de Beaune AOP trocken, Rotwein 2022",CLJE,glass,Glasflasche,0.75,1,False,12.99,EUR,gross,0.0,12.99,17.32,17.32,12.99,17.32,,False,True,still,rot,trocken,,2022,Frankreich,Burgund,Pinot Noir,Kategorien/Weinwelt/Weinart/Rotwein,,https://www.lidl.de/p/cellier-de-saint-jean-bourgogne-hautes-cotes-de-beaune-aop-trocken-rotwein-2022/p100335330,https://www.lidl.de/assets/803fed2f2539edd464832bf45cdc076a.jpeg,2026-08-14T14:35:22.891919+00:00
lidl,Lidl,discounter,100331089,"CORTE DELLE CALLI Prosecco Frizzante DOC trocken, Perlwein",CORD,glass,Glasflasche,0.75,1,False,7.99,EUR,gross,0.0,7.99,10.65,10.65,7.99,10.65,,False,True,sparkling,,trocken,,,Italien,,,"Kategorien/Weinwelt/Weinart/Champagner, Sekt & Secco",,https://www.lidl.de/p/corte-delle-calli-prosecco-frizzante-doc-trocken-perlwein/p100331089,https://www.lidl.de/assets/gcp745047351f9f4d0182e361390eb8c1b1.jpg,2026-08-14T14:35:22.892570+00:00
lidl,Lidl,discounter,100335334,"Plan De Dieu Côtes du Rhône Villages AOP trocken, Rotwein 2024",DUMM,glass,Glasflasche,0.75,1,False,9.99,EUR,gross,0.0,9.99,13.32,13.32,9.99,13.32,,False,True,still,rot,trocken,,2024,Frankreich,Rhone,,Kategorien/Weinwelt/Weinart/Rotwein,,https://www.lidl.de/p/plan-de-dieu-cotes-du-rhone-villages-aop-trocken-rotwein-2024/p100335334,https://www.lidl.de/assets/1e1bb65d05c94673b9764d865649ba3d.jpeg,2026-08-14T14:35:22.893126+00:00
lidl,Lidl,discounter,100322478,"Il Poggio dei Vigneti Montepulciano d'Abruzzo DOC trocken, Rotwein 2024",DUMY,glass,Glasflasche,0.75,1,False,4.99,EUR,gross,0.0,4.99,6.65,6.65,4.99,6.65,,False,True,still,rot,trocken,,2024,Italien,Abruzzen,Montepulciano,Kategorien/Weinwelt/Weinart/Rotwein,,https://www.lidl.de/p/il-poggio-dei-vigneti-montepulciano-d-abruzzo-doc-trocken-rotwein-2024/p100322478,https://www.lidl.de/assets/b10810b76e6746710bea091c3d1a3683.jpeg,2026-08-14T14:35:22.893692+00:00
lidl,Lidl,discounter,100336731,"La Muleta Reserva Valencia DO Spanien, Rotwein 2019",DUMM,glass,Glasflasche,0.75,1,False,5.99,EUR,gross,0.0,5.99,7.99,7.99,5.99,7.99,,False,True,still,rot,trocken,,2019,Spanien,Valencia,,Kategorien/Weinwelt/Weinart/Rotwein,,https://www.lidl.de/p/la-muleta-reserva-valencia-do-spanien-rotwein-2019/p100336731,https://www.lidl.de/assets/gcpea7cee97ff8f4e398031fbf1973b58f3.jpeg,2026-08-14T14:35:22.894142+00:00
lidl,Lidl,discounter,100322474,"Il Roccolo Bardolino DOC trocken, Rotwein 2024",DUMY,glass,Glasflasche,0.75,1,False,4.99,EUR,gross,0.0,4.99,6.65,6.65,4.99,6.65,,False,True,still,rot,trocken,,2024,Italien,Venetien,,Kategorien/Weinwelt/Weinart/Rotwein,,https://www.lidl.de/p/il-roccolo-bardolino-doc-trocken-rotwein-2024/p100322474,https://www.lidl.de/assets/gcp75bff5d463ab47e2a1f83bef66a37311.jpeg,2026-08-14T14:35:22.894676+00:00
lidl,Lidl,discounter,100347148,"NICO LAZARIDI Queen of Hearts Macedonia PGI trocken, Weißwein 2023",NILA,glass,Glasflasche,0.75,1,False,7.99,EUR,gross,0.0,7.99,10.65,10.65,7.99,10.65,,False,True,still,weiss,trocken,,2023,Griechenland,,,Kategorien/Weinwelt/Weinart/Weißwein,,https://www.lidl.de/p/nico-lazaridi-queen-of-hearts-macedonia-pgi-trocken-weisswein-2023/p100347148,https://www.lidl.de/assets/gcpf4f5bb8a79ca459ba3cf324ab3fd63a8.jpeg,2026-08-14T14:35:22.895172+00:00
lidl,Lidl,discounter,100343877,"Nero d'Avola DOP Sicillia trocken Magnum, Rotwein 2024",DUMY,glass,Glasflasche,1.5,1,False,4.99,EUR,gross,0.0,4.99,3.33,3.33,2.5,3.33,,False,True,still,rot,trocken,,2024,Italien,Sizilien,Nero d'Avola,Kategorien/Weinwelt/Weinart/Rotwein,,https://www.lidl.de/p/nero-d-avola-dop-sicillia-trocken-magnum-rotwein-2024/p100343877,https://www.lidl.de/assets/gcp40ee7fdbf7ce42bfb4aa4c4b61cd3115.jpeg,2026-08-14T14:35:22.895960+00:00
lidl,Lidl,discounter,100326449,"BOEKENHOUTSKLOOF The Chocolate Block Swartland WO trocken vegan, Rotwein 2023",BOEK,glass,Glasflasche,0.75,1,False,24.9,EUR,gross,0.0,24.9,33.2,33.2,24.9,33.2,,False,True,still,rot,trocken,,2023,,,"Syrah, Grenache, Cabernet Sauvignon, Viognier",Kategorien/Weinwelt/Weinart/Rotwein,,https://www.lidl.de/p/boekenhoutskloof-the-chocolate-block-swartland-wo-trocken-vegan-rotwein-2023/p100326449,https://www.lidl.de/assets/ff66bf20be4ad0313e8f692f48cddf13.jpeg,2026-08-14T14:35:22.896530+00:00
lidl,Lidl,discounter,100337847,"6 x 0,75-l-Flasche Château La Tour Blanche Sauternes AOC süß, Süßwein 2010 - Original-Holzkiste",DUMY,glass,Glasflasche,0.75,6,True,399.0,EUR,gross,0.0,399.0,88.67,88.67,66.5,88.67,,False,True,dessert,,suess,,2010,Frankreich,Bordeaux,,Kategorien/Weinwelt/Weinart/Aperitifs & Dessertweine,,https://www.lidl.de/p/6-x-0-75-l-flasche-chateau-la-tour-blanche-sauternes-aoc-suess-suesswein-2010-original-holzkiste/p100337847,https://www.lidl.de/assets/0c8a0b9fa1ee9293f5c2fc619aecd4d3.jpeg,2026-08-14T14:35:22.897526+00:00
lidl,Lidl,discounter,100330010,"Pinot Grigio Garda DOP trocken, Weißwein 2024",DUMM,glass,Glasflasche,0.75,1,False,5.99,EUR,gross,0.0,5.99,7.99,7.99,5.99,7.99,,False,True,still,weiss,trocken,,2024,Italien,Venetien,Pinot Grigio,Kategorien/Weinwelt/Weinart/Weißwein,,https://www.lidl.de/p/pinot-grigio-garda-dop-trocken-weisswein-2024/p100330010,https://www.lidl.de/assets/gcpc4a3faa563e748098432980484724f4b.jpg,2026-08-14T14:35:22.898250+00:00
lidl,Lidl,discounter,100350302,"WEINHAUS SPREITZER Grauburgunder QbA trocken, Weißwein 2025",WHSP,glass,Glasflasche,0.75,1,False,9.9,EUR,gross,0.0,9.9,13.2,13.2,9.9,13.2,,False,True,still,weiss,trocken,,2025,Deutschland,Rheingau,Grauburgunder,Kategorien/Weinwelt/Weinart/Weißwein,,https://www.lidl.de/p/weinhaus-spreitzer-grauburgunder-qba-trocken-weisswein-2025/p100350302,https://www.lidl.de/assets/gcp78b53853b461483e924be09672de52ca.jpeg,2026-08-14T14:35:22.898760+00:00
lidl,Lidl,discounter,100324077,"Weinkenner by Pfaffl Stefanie Frizzante Rosé, Perlwein mit zugesetzter Kohlensäure",PFFF,glass,Glasflasche,0.75,1,False,7.99,EUR,gross,0.0,7.99,10.65,10.65,7.99,10.65,,False,True,sparkling,rose,trocken,,,,,,"Kategorien/Weinwelt/Weinart/Champagner, Sekt & Secco",,https://www.lidl.de/p/weinkenner-by-pfaffl-stefanie-frizzante-rose-perlwein-mit-zugesetzter-kohlensaeure/p100324077,https://www.lidl.de/assets/9198dd3edaef33174751858118a56acc.jpeg,2026-08-14T14:35:22.899205+00:00
lidl,Lidl,discounter,100337880,"Château Poujeaux Moulis-en-Médoc AOC trocken, Rotwein 2019",DUMY,glass,Glasflasche,0.75,1,False,39.9,EUR,gross,0.0,39.9,53.2,53.2,39.9,53.2,,False,True,still,rot,trocken,,2019,Frankreich,Bordeaux,,Kategorien/Weinwelt/Weinart/Rotwein,,https://www.lidl.de/p/chateau-poujeaux-moulis-en-medoc-aoc-trocken-rotwein-2019/p100337880,https://www.lidl.de/assets/gcp939a13f6153d4104a0719acf916ba316.jpeg,2026-08-14T14:35:22.899927+00:00
lidl,Lidl,discounter,100326780,"TERRE CEVICO Romagna Cagnina DOC süß, Rotwein 2025",TEEV,glass,Glasflasche,0.75,1,False,6.99,EUR,gross,0.0,6.99,9.32,9.32,6.99,9.32,,False,True,still,rot,suess,,2025,Italien,,,Kategorien/Weinwelt/Weinart/Rotwein,,https://www.lidl.de/p/terre-cevico-romagna-cagnina-doc-suess-rotwein-2025/p100326780,https://www.lidl.de/assets/eb927c2693f9e2df3d26d1352b19058e.jpeg,2026-08-14T14:35:22.900466+00:00
lidl,Lidl,discounter,100318600,"Buitenverwachting Sauvignon Blanc Constantia trocken, Weißwein 2025",DUMY,glass,Glasflasche,0.75,1,False,9.99,EUR,gross,0.0,9.99,13.32,13.32,9.99,13.32,,False,True,still,weiss,trocken,,2025,,,Sauvignon Blanc,Kategorien/Weinwelt/Weinart/Weißwein,,https://www.lidl.de/p/buitenverwachting-sauvignon-blanc-constantia-trocken-weisswein-2025/p100318600,https://www.lidl.de/assets/3046f7edf25cadaf4c637b9934b20462.jpeg,2026-08-14T14:35:22.900988+00:00
lidl,Lidl,discounter,100330513,"BRUT DARGENT Ice Chardonnay halbtrocken, Schaumwein",BRTU,glass,Glasflasche,0.75,1,False,7.99,EUR,gross,0.0,7.99,10.65,10.65,7.99,10.65,,False,True,sparkling,weiss,halbtrocken,,,Frankreich,Loire,Chardonnay,"Kategorien/Weinwelt/Weinart/Champagner, Sekt & Secco",,https://www.lidl.de/p/brut-dargent-ice-chardonnay-halbtrocken-schaumwein/p100330513,https://www.lidl.de/assets/gcp72f97d434d594d209aa5d0533cf1d5e2.jpeg,2026-08-14T14:35:22.901709+00:00
lidl,Lidl,discounter,100324076,"Weinkenner by Pfaffl Christian Frizzante, Perlwein mit zugesetzer Kohlensäure",PFFF,glass,Glasflasche,0.75,1,False,7.99,EUR,gross,0.0,7.99,10.65,10.65,7.99,10.65,,False,True,sparkling,weiss,trocken,,,,,,"Kategorien/Weinwelt/Weinart/Champagner, Sekt & Secco",,https://www.lidl.de/p/weinkenner-by-pfaffl-christian-frizzante-perlwein-mit-zugesetzer-kohlensaeure/p100324076,https://www.lidl.de/assets/1f67554856b0445864fe195f7284d418.jpeg,2026-08-14T14:35:22.902263+00:00
lidl,Lidl,discounter,100330514,"BRUT DARGENT Ice Pinot Noir Rosé halbtrocken, Schaumwein",BRTU,glass,Glasflasche,0.75,1,False,7.99,EUR,gross,0.0,7.99,10.65,10.65,7.99,10.65,,False,True,sparkling,rose,halbtrocken,,,Frankreich,Loire,Pinot Noir,"Kategorien/Weinwelt/Weinart/Champagner, Sekt & Secco",,https://www.lidl.de/p/brut-dargent-ice-pinot-noir-rose-halbtrocken-schaumwein/p100330514,https://www.lidl.de/assets/gcpecf07c86c4d84551ba6bec038f51c38b.jpeg,2026-08-14T14:35:22.903010+00:00
lidl,Lidl,discounter,100325796,"HEIDSIECK & CO Monopole Blue Top brut, Champagner",HEID,glass,Glasflasche,0.75,1,False,29.99,EUR,gross,0.0,29.99,39.99,39.99,29.99,39.99,,False,True,sparkling,weiss,trocken,,,Frankreich,,"Pinot Noir, Chardonnay","Kategorien/Weinwelt/Weinart/Champagner, Sekt & Secco",,https://www.lidl.de/p/heidsieck-co-monopole-blue-top-brut-champagner/p100325796,https://www.lidl.de/assets/gcp1c15beaf9b054df6948d2904fcb812f1.jpeg,2026-08-14T14:35:22.903662+00:00
lidl,Lidl,discounter,100319387,"Prosecco Millesimato rosè DOC extra dry, Schaumwein 2025",DUMM,glass,Glasflasche,0.75,1,False,9.99,EUR,gross,0.0,9.99,13.32,13.32,9.99,13.32,,False,True,sparkling,rose,trocken,,2025,Italien,Venetien,Pinot Noir,"Kategorien/Weinwelt/Weinart/Champagner, Sekt & Secco",,https://www.lidl.de/p/prosecco-millesimato-rose-doc-extra-dry-schaumwein-2025/p100319387,https://www.lidl.de/assets/38aae8b7fa9a539b992acb968ecac5d0.jpeg,2026-08-14T14:35:22.904278+00:00
lidl,Lidl,discounter,100332561,"Österreich Gold - mit 23 Karat Blattgold - mit Geschenkbox trocken, schäumend",DUMY,glass,Glasflasche,0.75,1,False,12.99,EUR,gross,0.0,12.99,17.32,17.32,12.99,17.32,,False,True,sparkling,,trocken,,,Österreich,,,"Kategorien/Weinwelt/Weinart/Champagner, Sekt & Secco",,https://www.lidl.de/p/oesterreich-gold-mit-23-karat-blattgold-mit-geschenkbox-trocken-schaeumend/p100332561,https://www.lidl.de/assets/6f9e479f5171a62d0b055de8aafca97b.jpeg,2026-08-14T14:35:22.904782+00:00
lidl,Lidl,discounter,100350718,"Prosecco Millesimato DOC brut, Schaumwein 2024",DUMM,glass,Glasflasche,0.75,1,False,9.99,EUR,gross,0.0,9.99,13.32,13.32,9.99,13.32,,False,True,sparkling,,trocken,,2024,Italien,Venetien,,"Kategorien/Weinwelt/Weinart/Champagner, Sekt & Secco",,https://www.lidl.de/p/prosecco-millesimato-doc-brut-schaumwein-2024/p100350718,https://www.lidl.de/assets/gcp55d9975f1c9b4a19991793ae58843482.jpeg,2026-08-14T14:35:22.905351+00:00
lidl,Lidl,discounter,100318589,"MOUTON CADET Baron Philippe de Rothschild AOC trocken, Rotwein 2023",MOUT,glass,Glasflasche,0.75,1,False,10.99,EUR,gross,0.0,10.99,14.65,14.65,10.99,14.65,,False,True,still,rot,trocken,,2023,Frankreich,Bordeaux,"Cabernet Sauvignon, Merlot",Kategorien/Weinwelt/Weinart/Rotwein,,https://www.lidl.de/p/mouton-cadet-baron-philippe-de-rothschild-aoc-trocken-rotwein-2023/p100318589,https://www.lidl.de/assets/gcp0b4aa8b9e52c42f1bdf801ecbd87c8e7.jpg,2026-08-14T14:35:22.905876+00:00
lidl,Lidl,discounter,100334744,"Bellanova Edizione Giubileo Primitivo di Manduria DOP halbtrocken, Rotwein 2018",DUMM,glass,Glasflasche,0.75,1,False,24.99,EUR,gross,0.0,24.99,33.32,33.32,24.99,33.32,,False,True,still,rot,halbtrocken,,2018,Italien,Apulien,Primitivo,Kategorien/Weinwelt/Weinart/Rotwein,,https://www.lidl.de/p/bellanova-edizione-giubileo-primitivo-di-manduria-dop-halbtrocken-rotwein-2018/p100334744,https://www.lidl.de/assets/gcpc02b07a20153405097241a6173d35c68.jpeg,2026-08-14T14:35:22.906569+00:00
lidl,Lidl,discounter,100334743,"Vestigia Toscana IGT halbtrocken, Rotwein 2017",DUMM,glass,Glasflasche,0.75,1,False,19.99,EUR,gross,0.0,19.99,26.65,26.65,19.99,26.65,,False,True,still,rot,halbtrocken,,2017,Italien,Toskana,,Kategorien/Weinwelt/Weinart/Rotwein,,https://www.lidl.de/p/vestigia-toscana-igt-halbtrocken-rotwein-2017/p100334743,https://www.lidl.de/assets/fee2264e35548f0d5c5d4f1be7af44c8.jpeg,2026-08-14T14:35:22.907094+00:00
lidl,Lidl,discounter,100332036,"PRATELLO BIO Pink Garda Rosé DOC Spumante brut, Schaumwein",PRAT,glass,Glasflasche,0.75,1,False,13.99,EUR,gross,0.0,13.99,18.65,18.65,13.99,18.65,,False,True,sparkling,rose,trocken,,,Italien,Venetien,"Barbera, Syrah, Merlot","Kategorien/Weinwelt/Weinart/Champagner, Sekt & Secco",,https://www.lidl.de/p/pratello-bio-pink-garda-rose-doc-spumante-brut-schaumwein/p100332036,https://www.lidl.de/assets/37baffd1d0bc7ef4862431565853b69d.jpeg,2026-08-14T14:35:22.907579+00:00
lidl,Lidl,discounter,100325370,"PIPER-HEIDSIECK Champagne Cuvée brut Le Parfum Limited Edition, Champagner",PIHE,glass,Glasflasche,0.75,1,False,59.9,EUR,gross,0.0,59.9,79.87,79.87,59.9,79.87,,False,True,sparkling,,trocken,,,Frankreich,,,"Kategorien/Weinwelt/Weinart/Champagner, Sekt & Secco",,https://www.lidl.de/p/piper-heidsieck-champagne-cuvee-brut-le-parfum-limited-edition-champagner/p100325370,https://www.lidl.de/assets/gcpa8a2648cb3f640189a53c21e623af24d.jpeg,2026-08-14T14:35:22.908103+00:00
lidl,Lidl,discounter,100318590,"CAVES D’ESCLANS Whispering Angel Côtes de Provence AOC trocken, Roséwein 2025",SDDS,glass,Glasflasche,0.75,1,False,20.9,EUR,gross,0.0,20.9,27.87,27.87,20.9,27.87,,False,True,still,rose,trocken,,2025,Frankreich,Provence,"Grenache, Vermentino, Syrah",Kategorien/Weinwelt/Weinart/Roséwein,,https://www.lidl.de/p/caves-d-esclans-whispering-angel-cotes-de-provence-aoc-trocken-rosewein-2025/p100318590,https://www.lidl.de/assets/gcp3921b0c40fe94654a7e87707c92bbb68.jpg,2026-08-14T14:35:22.908967+00:00
lidl,Lidl,discounter,100348640,"MARCHESI ANTINORI Il Bruciato Tenuta Guado al Tasso Bolgheri DOC trocken, Rotwein 2023",MAAN,glass,Glasflasche,0.75,1,False,27.9,EUR,gross,0.0,27.9,37.2,37.2,27.9,37.2,,False,True,still,rot,trocken,,2023,Italien,Toskana,"Cabernet Sauvignon, Merlot, Syrah",Kategorien/Weinwelt/Weinart/Rotwein,,https://www.lidl.de/p/marchesi-antinori-il-bruciato-tenuta-guado-al-tasso-bolgheri-doc-trocken-rotwein-2023/p100348640,https://www.lidl.de/assets/gcpa0b3a29d5a7e470db9f520fd5ac419db.jpeg,2026-08-14T14:35:22.909790+00:00
lidl,Lidl,discounter,100340828,"VEUVE THOMASSIN rosé brut, Champagner",VETH,glass,Glasflasche,0.75,1,False,27.99,EUR,gross,0.0,27.99,37.32,37.32,27.99,37.32,,False,True,sparkling,rose,trocken,,,Frankreich,,,"Kategorien/Weinwelt/Weinart/Champagner, Sekt & Secco",,https://www.lidl.de/p/veuve-thomassin-rose-brut-champagner/p100340828,https://www.lidl.de/assets/gcp1ae2e3f651da45b597a2b3f362cf85d2.jpeg,2026-08-14T14:35:22.910440+00:00
lidl,Lidl,discounter,100326092,"MARCHESI ANTINORI Guado al Tasso Bolgheri DOC Superiore, Rotwein 2023",MAAN,glass,Glasflasche,0.75,1,False,149.0,EUR,gross,0.0,149.0,198.67,198.67,149.0,198.67,,False,True,still,rot,trocken,,2023,Italien,Toskana,"Cabernet Sauvignon, Merlot",Kategorien/Weinwelt/Weinart/Rotwein,pet,https://www.lidl.de/p/marchesi-antinori-guado-al-tasso-bolgheri-doc-superiore-rotwein-2023/p100326092,https://www.lidl.de/assets/gcpb7abd1f4e2154b30becb86e16f22dc97.jpeg,2026-08-14T14:35:22.911021+00:00
lidl,Lidl,discounter,100339850,"BOLLINGER Rosé brut, Champagner",BOLI,glass,Glasflasche,0.75,1,False,79.9,EUR,gross,0.0,79.9,106.53,106.53,79.9,106.53,,False,True,sparkling,rose,trocken,,,Frankreich,,"Pinot Noir, Chardonnay","Kategorien/Weinwelt/Weinart/Champagner, Sekt & Secco",,https://www.lidl.de/p/bollinger-rose-brut-champagner/p100339850,https://www.lidl.de/assets/gcpf8a00444ae4449cf86b8f051c3b794bc.jpeg,2026-08-14T14:35:22.911685+00:00
lidl,Lidl,discounter,100354556,"Monte Plogar Gran Reserva Cariñena DO trocken, Rotwein 2020",MOPL,glass,Glasflasche,0.75,1,False,2.49,EUR,gross,0.0,2.49,3.32,3.32,2.49,3.32,,False,True,still,rot,trocken,,2020,Spanien,,"Cabernet Sauvignon, Tempranillo, Garnacha",Kategorien/Weinwelt/Weinart/Rotwein,,https://www.lidl.de/p/monte-plogar-gran-reserva-carinena-do-trocken-rotwein-2020/p100354556,https://www.lidl.de/assets/gcp81aecb6720534ab28a2cf6a9da5831fe.jpg,2026-08-14T14:35:22.912293+00:00
lidl,Lidl,discounter,100360477,"ANDEAN Vineyards Malbec Argentinien halbtrocken, Rotwein 2025",AEAD,glass,Glasflasche,0.75,1,False,4.99,EUR,gross,0.0,4.99,6.65,6.65,4.99,6.65,,False,True,still,rot,halbtrocken,,2025,Argentinien,,Malbec,Kategorien/Weinwelt/Weinart/Rotwein,,https://www.lidl.de/p/andean-vineyards-malbec-argentinien-halbtrocken-rotwein-2025/p100360477,https://www.lidl.de/assets/gcp419dd9f4152d42f099ea931a91ef90f8.jpeg,2026-08-14T14:35:22.913060+00:00
lidl,Lidl,discounter,100359258,"Gutedel Baden QbA halbtrocken vegan, Literflasche, Weißwein 2024",DUMM,glass,Glasflasche,1.0,1,False,2.89,EUR,gross,0.0,2.89,2.89,2.89,2.17,2.89,,False,True,still,weiss,halbtrocken,,2024,Deutschland,Baden,Gutedel,Kategorien/Weinwelt/Weinart/Weißwein,,https://www.lidl.de/p/gutedel-baden-qba-halbtrocken-vegan-literflasche-weisswein-2024/p100359258,https://www.lidl.de/assets/gcpee76238fc2ac421cbd7d501d5b22d9f7.jpeg,2026-08-14T14:35:22.913662+00:00
lidl,Lidl,discounter,100352100,"Passamano Chardonnay Puglia IGP halbtrocken, Weißwein 2024",DUMM,glass,Glasflasche,0.75,1,False,4.99,EUR,gross,0.0,4.99,6.65,6.65,4.99,6.65,,False,True,still,weiss,halbtrocken,,2024,Italien,Apulien,Chardonnay,Kategorien/Weinwelt/Weinart/Weißwein,,https://www.lidl.de/p/passamano-chardonnay-puglia-igp-halbtrocken-weisswein-2024/p100352100,https://www.lidl.de/assets/gcp66ec2751afe14bfbbb851d4f01c7ff5b.jpeg,2026-08-14T14:35:22.914182+00:00
lidl,Lidl,discounter,100363127,"HAMMEL & CIE Riesling & Weißburgunder Pfalz QbA trocken, Weißwein 2024",HAIC,glass,Glasflasche,0.75,1,False,4.99,EUR,gross,0.0,4.99,6.65,6.65,4.99,6.65,,False,True,still,weiss,trocken,,2024,Deutschland,Pfalz,"Riesling, Weißburgunder",Kategorien/Weinwelt/Weinart/Weißwein,,https://www.lidl.de/p/hammel-cie-riesling-weissburgunder-pfalz-qba-trocken-weisswein-2024/p100363127,https://www.lidl.de/assets/gcp8be461af005444e1aa37cf26c1dcc8df.jpeg,2026-08-14T14:35:22.914777+00:00
lidl,Lidl,discounter,100354563,"Trollinger mit Lemberger Edition Württemberg QbA feinherb, Literflasche, Rotwein 2024",DUMY,glass,Glasflasche,1.0,1,False,3.99,EUR,gross,0.0,3.99,3.99,3.99,2.99,3.99,,False,True,still,rot,halbtrocken,,2024,Deutschland,Wurttemberg,"Trollinger, Lemberger",Kategorien/Weinwelt/Weinart/Rotwein,,https://www.lidl.de/p/trollinger-mit-lemberger-edition-wuerttemberg-qba-feinherb-literflasche-rotwein-2024/p100354563,https://www.lidl.de/assets/gcp8f3feae4bc3d40e8a0e5c9555ad20cf5.jpg,2026-08-14T14:35:22.915426+00:00
lidl,Lidl,discounter,100363526,"Bordeaux AOP Supérieur trocken, Rotwein 2024",DUMM,glass,Glasflasche,0.75,1,False,3.39,EUR,gross,0.0,3.39,4.52,4.52,3.39,4.52,,False,True,still,rot,trocken,,2024,Frankreich,Bordeaux,,Kategorien/Weinwelt/Weinart/Rotwein,,https://www.lidl.de/p/bordeaux-aop-superieur-trocken-rotwein-2024/p100363526,https://www.lidl.de/assets/gcp1fe0104b587d44e382d950e9913f982a.jpeg,2026-08-14T14:35:22.916097+00:00
lidl,Lidl,discounter,100360521,"ANDEAN Vineyards Chardonnay trocken, Weißwein 2025",AEAD,glass,Glasflasche,0.75,1,False,4.99,EUR,gross,0.0,4.99,6.65,6.65,4.99,6.65,,False,True,still,weiss,trocken,,2025,Argentinien,,Chardonnay,Kategorien/Weinwelt/Weinart/Weißwein,,https://www.lidl.de/p/andean-vineyards-chardonnay-trocken-weisswein-2025/p100360521,https://www.lidl.de/assets/gcp5418577af1054721a2cb5efc58114187.jpeg,2026-08-14T14:35:22.916668+00:00
lidl,Lidl,discounter,100355089,"DELUXE Fairtrade Sauvignon Blanc Western Cape trocken, Weißwein 2024",DELE,glass,Glasflasche,0.75,1,False,3.99,EUR,gross,0.0,3.99,5.32,5.32,3.99,5.32,,False,True,still,weiss,trocken,,2024,Südafrika,,Sauvignon Blanc,Kategorien/Weinwelt/Weinart/Weißwein,,https://www.lidl.de/p/deluxe-fairtrade-sauvignon-blanc-western-cape-trocken-weisswein-2024/p100355089,https://www.lidl.de/assets/gcp5d14d1b551a14257924c840999ce2415.jpeg,2026-08-14T14:35:22.917280+00:00
lidl,Lidl,discounter,100366148,"El Cortez XO Extra Ordinario halbtrocken, Rotwein",DUMY,glass,Glasflasche,0.75,1,False,6.99,EUR,gross,0.0,6.99,9.32,9.32,6.99,9.32,,False,True,still,rot,halbtrocken,,,Spanien,,,Kategorien/Weinwelt/Weinart/Rotwein,,https://www.lidl.de/p/el-cortez-xo-extra-ordinario-halbtrocken-rotwein/p100366148,https://www.lidl.de/assets/gcp0247438792a44fa8a05930d2ff3ba7e2.jpg,2026-08-14T14:35:22.917955+00:00
lidl,Lidl,discounter,100354630,"GIULIO PASOTTI Bardolino DOP Classico trocken, Rotwein 2024",PASO,glass,Glasflasche,0.75,1,False,2.79,EUR,gross,0.0,2.79,3.72,3.72,2.79,3.72,,False,True,still,rot,trocken,,2024,Italien,Venetien,,Kategorien/Weinwelt/Weinart/Rotwein,,https://www.lidl.de/p/giulio-pasotti-bardolino-dop-classico-trocken-rotwein-2024/p100354630,https://www.lidl.de/assets/gcpb39aae1bd3fd446f9171fcdb1d59b25e.jpg,2026-08-14T14:35:22.918457+00:00
lidl,Lidl,discounter,100359283,"Vino Spumante Rosé Millesimato extra trocken, Schaumwein 2024",DUMM,glass,Glasflasche,0.75,1,False,6.99,EUR,gross,0.0,6.99,9.32,9.32,6.99,9.32,,False,True,sparkling,rose,trocken,,2024,Italien,,,"Kategorien/Weinwelt/Weinart/Champagner, Sekt & Secco",,https://www.lidl.de/p/vino-spumante-rose-millesimato-extra-trocken-schaumwein-2024/p100359283,https://www.lidl.de/assets/gcpfe41b922bec24234987cb2e890caa4f9.jpg,2026-08-14T14:35:22.919004+00:00
lidl,Lidl,discounter,100366122,"Georgia Red halbtrocken, Rotwein",DUMY,glass,Glasflasche,0.75,1,False,6.99,EUR,gross,0.0,6.99,9.32,9.32,6.99,9.32,,False,True,still,rot,halbtrocken,,,,,,Kategorien/Weinwelt/Weinart/Rotwein,,https://www.lidl.de/p/georgia-red-halbtrocken-rotwein/p100366122,https://www.lidl.de/assets/gcp26d23b9b51044a21a29af624f5994dc6.jpeg,2026-08-14T14:35:22.919610+00:00
lidl,Lidl,discounter,100356929,"GIULIO PASOTTI Soave DOC trocken vegan, Weißwein",PASO,glass,Glasflasche,0.75,1,False,1.99,EUR,gross,0.0,1.99,2.65,2.65,1.99,2.65,,False,True,still,weiss,trocken,,,Italien,Venetien,,Kategorien/Weinwelt/Weinart/Weißwein,,https://www.lidl.de/p/giulio-pasotti-soave-doc-trocken-vegan-weisswein/p100356929,https://www.lidl.de/assets/gcp190b2f8bd50f46039db82ffea7e8bb18.jpeg,2026-08-14T14:35:22.920131+00:00
lidl,Lidl,discounter,100353790,"Cour Saint Liénard Grand Cru Saint-Émilion AOP trocken, Rotwein 2022",DUMM,glass,Glasflasche,0.75,1,False,10.99,EUR,gross,0.0,10.99,14.65,14.65,10.99,14.65,,False,True,still,rot,trocken,,2022,Frankreich,Bordeaux,,Kategorien/Weinwelt/Weinart/Rotwein,,https://www.lidl.de/p/cour-saint-lienard-grand-cru-saint-emilion-aop-trocken-rotwein-2022/p100353790,https://www.lidl.de/assets/gcp5c469cf9ce124161859829f3c850bcaa.jpg,2026-08-14T14:35:22.920708+00:00
lidl,Lidl,discounter,100356893,"ARESTEL Cava brut nature, Schaumwein",AREL,unknown,unbekannt,0.75,1,False,6.99,EUR,gross,,,9.32,,6.99,9.32,,False,True,sparkling,,trocken,,,Spanien,,,"Kategorien/Weinwelt/Weinart/Champagner, Sekt & Secco",,https://www.lidl.de/p/arestel-cava-brut-nature-schaumwein/p100356893,https://www.lidl.de/assets/gcp41ff0e2d013748e1ada679a84260aed4.jpg,2026-08-14T14:35:22.921493+00:00
lidl,Lidl,discounter,100354572,"CHEVALIER DE FAUVERT Merlot Pays d'Oc IGP trocken, Rotwein",CHEV,unknown,unbekannt,0.75,1,False,1.99,EUR,gross,,,2.65,,1.99,2.65,,False,True,still,rot,trocken,,,Frankreich,Languedoc,Merlot,Kategorien/Weinwelt/Weinart/Rotwein,,https://www.lidl.de/p/chevalier-de-fauvert-merlot-pays-d-oc-igp-trocken-rotwein/p100354572,https://www.lidl.de/assets/gcpd6f24df59e124f52b6e3c40d857f8ec6.jpg,2026-08-14T14:35:22.922046+00:00
lidl,Lidl,discounter,100352838,"Doppio Selone Primitivo Puglia IGT halbtrocken, Rotwein 2024",DUMM,glass,Glasflasche,0.75,1,False,3.69,EUR,gross,0.0,3.69,4.92,4.92,3.69,4.92,,False,True,still,rot,halbtrocken,,2024,Italien,Apulien,Primitivo,Kategorien/Weinwelt/Weinart/Rotwein,,https://www.lidl.de/p/doppio-selone-primitivo-puglia-igt-halbtrocken-rotwein-2024/p100352838,https://www.lidl.de/assets/gcpdf3ea6a9be434952b5215765644e798b.jpg,2026-08-14T14:35:22.922575+00:00
lidl,Lidl,discounter,100359206,"Rotling Franken QbA halbtrocken, Literflasche, Rotling 2024",DUMM,glass,Glasflasche,1.0,1,False,3.99,EUR,gross,0.0,3.99,3.99,3.99,2.99,3.99,,False,True,still,rose,halbtrocken,,2024,Deutschland,Franken,,Kategorien/Weinwelt/Weinart/Roséwein,,https://www.lidl.de/p/rotling-franken-qba-halbtrocken-literflasche-rotling-2024/p100359206,https://www.lidl.de/assets/gcpcfaf74c3cfcb4b08a5d76c53a2ad472b.jpeg,2026-08-14T14:35:22.923014+00:00
lidl,Lidl,discounter,100354649,"CEPA LEBREL Rioja DOCa Joven trocken, Rotwein 2022",CEPA,unknown,unbekannt,0.75,1,False,3.99,EUR,gross,,,5.32,,3.99,5.32,,False,True,still,rot,trocken,,2022,Spanien,Rioja,Tempranillo,Kategorien/Weinwelt/Weinart/Rotwein,,https://www.lidl.de/p/cepa-lebrel-rioja-doca-joven-trocken-rotwein-2022/p100354649,https://www.lidl.de/assets/gcp36cde126b18d42169f53236f857947a5.jpg,2026-08-14T14:35:22.923526+00:00
lidl,Lidl,discounter,100353703,"Sentier du Périgord Sauvignon Blanc IGP trocken, Weißwein 2024",DUMM,unknown,unbekannt,0.75,1,False,4.99,EUR,gross,,,6.65,,4.99,6.65,,False,True,still,weiss,trocken,,2024,Frankreich,,Sauvignon Blanc,Kategorien/Weinwelt/Weinart/Weißwein,,https://www.lidl.de/p/sentier-du-perigord-sauvignon-blanc-igp-trocken-weisswein-2024/p100353703,https://www.lidl.de/assets/gcp55ba5d52bf92467ea7dad189a6cc2aa4.jpg,2026-08-14T14:35:22.924165+00:00
lidl,Lidl,discounter,100366121,"Georgia White trocken, Weißwein",DUMY,glass,Glasflasche,0.75,1,False,6.99,EUR,gross,0.0,6.99,9.32,9.32,6.99,9.32,,False,True,still,weiss,trocken,,,,,,Kategorien/Weinwelt/Weinart/Weißwein,,https://www.lidl.de/p/georgia-white-trocken-weisswein/p100366121,https://www.lidl.de/assets/gcp0ae1e0b5bfb2436f84ff7c39e21cc6c9.jpeg,2026-08-14T14:35:22.924964+00:00
lidl,Lidl,discounter,100361261,"PFAFFL Selection Zweigelt Niederösterreich trocken, Rotwein 2023",PFFF,glass,Glasflasche,0.75,1,False,7.99,EUR,gross,0.0,7.99,10.65,10.65,7.99,10.65,,False,True,still,rot,trocken,,2023,,,Zweigelt,Kategorien/Weinwelt/Weinart/Rotwein,,https://www.lidl.de/p/pfaffl-selection-zweigelt-niederoesterreich-trocken-rotwein-2023/p100361261,https://www.lidl.de/assets/gcp1f730e5c4c2b44b8bb792028e27bba02.jpeg,2026-08-14T14:35:22.925548+00:00
lidl,Lidl,discounter,100351410,"MARKUS MOLITOR M Sauvignon Blanc QbA trocken, Weißwein 2022",MAMO,glass,Glasflasche,0.75,1,False,11.99,EUR,gross,0.0,11.99,15.99,15.99,11.99,15.99,,False,True,still,weiss,trocken,,2022,Deutschland,Mosel,Sauvignon Blanc,Kategorien/Weinwelt/Weinart/Weißwein,,https://www.lidl.de/p/markus-molitor-m-sauvignon-blanc-qba-trocken-weisswein-2022/p100351410,https://www.lidl.de/assets/gcp4cbbdfa240a048b6be6276f0b6360560.jpeg,2026-08-14T14:35:22.926286+00:00
lidl,Lidl,discounter,100361232,"PFAFFL Selection Grüner Veltliner Weinviertel DAC trocken, Weißwein 2024",PFFF,glass,Glasflasche,0.75,1,False,7.99,EUR,gross,0.0,7.99,10.65,10.65,7.99,10.65,,False,True,still,weiss,trocken,,2024,,,Grüner Veltliner,Kategorien/Weinwelt/Weinart/Weißwein,,https://www.lidl.de/p/pfaffl-selection-gruener-veltliner-weinviertel-dac-trocken-weisswein-2024/p100361232,https://www.lidl.de/assets/gcpb936ac6ecf154a0e87cc764b3e584519.jpg,2026-08-14T14:35:22.926820+00:00
lidl,Lidl,discounter,100350848,"Fruchtig und Süß Baden QbA süß, Rotwein",DUMM,unknown,unbekannt,0.75,1,False,2.99,EUR,gross,,,3.99,,2.99,3.99,,False,True,still,rot,suess,,,Deutschland,Baden,,Kategorien/Weinwelt/Weinart/Rotwein,,https://www.lidl.de/p/fruchtig-und-suess-baden-qba-suess-rotwein/p100350848,https://www.lidl.de/assets/gcp5a63a2bec39a4c0c9ded33e4f669d303.jpg,2026-08-14T14:35:22.927707+00:00
lidl,Lidl,discounter,100359328,"ALLINI Prosecco Rosé Millesimato DOC extra trocken, Schaumwein 2024",ALIN,glass,Glasflasche,0.75,1,False,6.99,EUR,gross,0.0,6.99,9.32,9.32,6.99,9.32,,False,True,sparkling,rose,trocken,,2024,Italien,Venetien,,"Kategorien/Weinwelt/Weinart/Champagner, Sekt & Secco",,https://www.lidl.de/p/allini-prosecco-rose-millesimato-doc-extra-trocken-schaumwein-2024/p100359328,https://www.lidl.de/assets/gcp19103864d8a049cbb0080b643683c1c2.jpg,2026-08-14T14:35:22.928359+00:00
lidl,Lidl,discounter,100350859,"Fruchtig und Süß Baden QbA süß, Weißwein",DUMM,unknown,unbekannt,0.75,1,False,2.99,EUR,gross,,,3.99,,2.99,3.99,,False,True,still,weiss,suess,,,Deutschland,Baden,,Kategorien/Weinwelt/Weinart/Weißwein,,https://www.lidl.de/p/fruchtig-und-suess-baden-qba-suess-weisswein/p100350859,https://www.lidl.de/assets/gcp670e55a2b24a4ba5b3e58f900edba744.jpg,2026-08-14T14:35:22.929070+00:00
lidl,Lidl,discounter,100354591,"MAESTRO DE PIGO Primitivo Puglia IGP trocken, Rotwein",MSPI,unknown,unbekannt,0.75,1,False,2.29,EUR,gross,,,3.05,,2.29,3.05,,False,True,still,rot,trocken,,,Italien,Apulien,Primitivo,Kategorien/Weinwelt/Weinart/Rotwein,,https://www.lidl.de/p/maestro-de-pigo-primitivo-puglia-igp-trocken-rotwein/p100354591,https://www.lidl.de/assets/gcp26c646ac8cd944dbb570eb7b8ecd8300.jpg,2026-08-14T14:35:22.929712+00:00
lidl,Lidl,discounter,100356433,"SANSIBAR DELUXE Primitivo di Manduria Reserva DOC trocken, Rotwein 2021",SADE,glass,Glasflasche,0.75,1,False,9.99,EUR,gross,0.0,9.99,13.32,13.32,9.99,13.32,,False,True,still,rot,trocken,,2021,Italien,Apulien,Primitivo,Kategorien/Weinwelt/Weinart/Rotwein,,https://www.lidl.de/p/sansibar-deluxe-primitivo-di-manduria-reserva-doc-trocken-rotwein-2021/p100356433,https://www.lidl.de/assets/gcp20290d99942b48a0971c6319cc560ff8.jpg,2026-08-14T14:35:22.930375+00:00
lidl,Lidl,discounter,100359222,"CIMAROSA Chardonnay South Eastern Australia trocken, Weißwein 2024",CIMA,glass,Glasflasche,0.75,1,False,2.69,EUR,gross,0.0,2.69,3.59,3.59,2.69,3.59,,False,True,still,weiss,trocken,,2024,Australien,,Chardonnay,Kategorien/Weinwelt/Weinart/Weißwein,,https://www.lidl.de/p/cimarosa-chardonnay-south-eastern-australia-trocken-weisswein-2024/p100359222,https://www.lidl.de/assets/gcpa5a57b200e084563865cee9686b1928c.jpeg,2026-08-14T14:35:22.931086+00:00
lidl,Lidl,discounter,100352733,"VEGA ROJA Tempranillo-Garnacha Valdepeñas DO halbtrocken, Roséwein 2025",VEJA,glass,Glasflasche,0.75,1,False,3.99,EUR,gross,0.0,3.99,5.32,5.32,3.99,5.32,,False,True,still,rose,halbtrocken,,2025,Spanien,,"Tempranillo, Garnacha",Kategorien/Weinwelt/Weinart/Roséwein,,https://www.lidl.de/p/vega-roja-tempranillo-garnacha-valdepenas-do-halbtrocken-rosewein-2025/p100352733,https://www.lidl.de/assets/gcp3108de6d6b0c4146b97d5d95d7399b9f.jpg,2026-08-14T14:35:22.931747+00:00
lidl,Lidl,discounter,100354624,"Spätburgunder Baden QbA trocken, Rotwein 2023",DUMM,glass,Glasflasche,0.75,1,False,2.49,EUR,gross,0.0,2.49,3.32,3.32,2.49,3.32,,False,True,still,rot,trocken,,2023,Deutschland,Baden,Spätburgunder,Kategorien/Weinwelt/Weinart/Rotwein,,https://www.lidl.de/p/spaetburgunder-baden-qba-trocken-rotwein-2023/p100354624,https://www.lidl.de/assets/gcpd17cf45eac73451cbb7a220aceedfaba.jpeg,2026-08-14T14:35:22.932370+00:00
lidl,Lidl,discounter,100350799,"Dieci.Nove.Dieci Montepulciano d´Abruzzo DOC trocken, Rotwein 2024",DUMM,glass,Glasflasche,0.75,1,False,4.99,EUR,gross,0.0,4.99,6.65,6.65,4.99,6.65,,False,True,still,rot,trocken,,2024,Italien,Abruzzen,Montepulciano,Kategorien/Weinwelt/Weinart/Rotwein,,https://www.lidl.de/p/dieci-nove-dieci-montepulciano-d-abruzzo-doc-trocken-rotwein-2024/p100350799,https://www.lidl.de/assets/gcpcfa84893adb94a87bb323f88a3cbeeca.jpg,2026-08-14T14:35:22.932933+00:00
lidl,Lidl,discounter,100357235,"NICOLAS FEUILLATTE Grande Réserve Brut, Champagner",NICO,glass,Glasflasche,0.75,1,False,29.99,EUR,gross,0.0,29.99,39.99,39.99,29.99,39.99,,False,True,sparkling,weiss,trocken,,,Frankreich,,"Pinot Noir, Chardonnay","Kategorien/Weinwelt/Weinart/Champagner, Sekt & Secco",,https://www.lidl.de/p/nicolas-feuillatte-grande-reserve-brut-champagner/p100357235,https://www.lidl.de/assets/gcpffd9157e890f4421b62ab045b2028757.jpeg,2026-08-14T14:35:22.933600+00:00
lidl,Lidl,discounter,100360515,"River Terrace Reserve Sauvignon Blanc Marlborough trocken, Weißwein 2024",DUMY,glass,Glasflasche,0.75,1,False,9.99,EUR,gross,0.0,9.99,13.32,13.32,9.99,13.32,,False,True,still,weiss,trocken,,2024,Neuseeland,,Sauvignon Blanc,Kategorien/Weinwelt/Weinart/Weißwein,,https://www.lidl.de/p/river-terrace-reserve-sauvignon-blanc-marlborough-trocken-weisswein-2024/p100360515,https://www.lidl.de/assets/gcp2cee2ae6abc54d9baf8298aac9cfbb97.jpeg,2026-08-14T14:35:22.934390+00:00
lidl,Lidl,discounter,100359427,"TAITTINGER Comtes de Champagne Blanc de Blancs brut, Champagner 2013",TAIT,glass,Glasflasche,0.75,1,False,199.0,EUR,gross,0.0,199.0,265.33,265.33,199.0,265.33,,False,True,sparkling,weiss,trocken,,2013,Frankreich,,Chardonnay,"Kategorien/Weinwelt/Weinart/Champagner, Sekt & Secco",,https://www.lidl.de/p/taittinger-comtes-de-champagne-blanc-de-blancs-brut-champagner-2013/p100359427,https://www.lidl.de/assets/gcp72169f045d564835b0a4245789a6df99.jpeg,2026-08-14T14:35:22.935026+00:00
lidl,Lidl,discounter,100353735,"Millefleurs Pays d'Oc IGP trocken, Roséwein 2024",DUMM,glass,Glasflasche,0.75,1,False,4.99,EUR,gross,0.0,4.99,6.65,6.65,4.99,6.65,,False,True,still,rose,trocken,,2024,Frankreich,Languedoc,,Kategorien/Weinwelt/Weinart/Roséwein,,https://www.lidl.de/p/millefleurs-pays-d-oc-igp-trocken-rosewein-2024/p100353735,https://www.lidl.de/assets/gcpa8070c876c9e41a6a66e836a3428445a.jpeg,2026-08-14T14:35:22.935633+00:00
lidl,Lidl,discounter,100356858,"CIMAROSA Chenin Blanc Südafrika Western Cape trocken, Weißwein 2024",CIMA,glass,Glasflasche,0.75,1,False,4.99,EUR,gross,0.0,4.99,6.65,6.65,4.99,6.65,,False,True,still,weiss,trocken,,2024,Südafrika,,Chenin Blanc,Kategorien/Weinwelt/Weinart/Weißwein,,https://www.lidl.de/p/cimarosa-chenin-blanc-suedafrika-western-cape-trocken-weisswein-2024/p100356858,https://www.lidl.de/assets/gcp7b0f6bd0c6aa43089c8a85a5c84b2414.jpeg,2026-08-14T14:35:22.936154+00:00
lidl,Lidl,discounter,100354574,"CHEVALIER DE FAUVERT Chardonnay Pays d'Oc IGP trocken, Weißwein",CHEV,glass,Glasflasche,0.75,1,False,2.49,EUR,gross,0.0,2.49,3.32,3.32,2.49,3.32,,False,True,still,weiss,trocken,,,Frankreich,Languedoc,Chardonnay,Kategorien/Weinwelt/Weinart/Weißwein,,https://www.lidl.de/p/chevalier-de-fauvert-chardonnay-pays-d-oc-igp-trocken-weisswein/p100354574,https://www.lidl.de/assets/gcp881c356a1140446f9f7e19305800817b.jpg,2026-08-14T14:35:22.936861+00:00
lidl,Lidl,discounter,100365451,"DEIDESHEIMER WEINMANUFAKTUR Riesling Réserve Pfalz QbA trocken, Weißwein 2024",DEWI,glass,Glasflasche,0.75,1,False,12.99,EUR,gross,0.0,12.99,17.32,17.32,12.99,17.32,,False,True,still,weiss,trocken,,2024,Deutschland,Pfalz,Riesling,Kategorien/Weinwelt/Weinart/Weißwein,,https://www.lidl.de/p/deidesheimer-weinmanufaktur-riesling-reserve-pfalz-qba-trocken-weisswein-2024/p100365451,https://www.lidl.de/assets/gcp5d94b9cb4a3a4cc6a341ca25fcc41935.jpeg,2026-08-14T14:35:22.937474+00:00
lidl,Lidl,discounter,100352761,"VEGA ROJA Airén-Verdejo Valdepeñas DO trocken, Weißwein 2024",VEJA,glass,Glasflasche,0.75,1,False,4.99,EUR,gross,0.0,4.99,6.65,6.65,4.99,6.65,,False,True,still,weiss,trocken,,2024,Spanien,,"Airén, Verdejo",Kategorien/Weinwelt/Weinart/Weißwein,,https://www.lidl.de/p/vega-roja-airen-verdejo-valdepenas-do-trocken-weisswein-2024/p100352761,https://www.lidl.de/assets/gcp7ac587ae0ceb4911bb0380f0abb61a6e.jpeg,2026-08-14T14:35:22.937980+00:00
lidl,Lidl,discounter,100358085,"MARKUS MOLITOR ""M"" Riesling Mosel QbA feinherb, Weißwein 2025",MAMO,glass,Glasflasche,0.75,1,False,11.99,EUR,gross,0.0,11.99,15.99,15.99,11.99,15.99,,False,True,still,weiss,halbtrocken,,2025,Deutschland,Mosel,Riesling,Kategorien/Weinwelt/Weinart/Weißwein,,https://www.lidl.de/p/markus-molitor-m-riesling-mosel-qba-feinherb-weisswein-2025/p100358085,https://www.lidl.de/assets/gcp75c54975b55d483f92e64b34524e2b75.jpeg,2026-08-14T14:35:22.938593+00:00
lidl,Lidl,discounter,100352783,"VEGA ROJA Tempranillo Valdepeñas DO trocken, Rotwein 2021",VEJA,glass,Glasflasche,0.75,1,False,4.99,EUR,gross,0.0,4.99,6.65,6.65,4.99,6.65,,False,True,still,rot,trocken,,2021,Spanien,,Tempranillo,Kategorien/Weinwelt/Weinart/Rotwein,,https://www.lidl.de/p/vega-roja-tempranillo-valdepenas-do-trocken-rotwein-2021/p100352783,https://www.lidl.de/assets/gcpa147070a84914f2eba233997dcba348f.jpeg,2026-08-14T14:35:22.939145+00:00
lidl,Lidl,discounter,100366112,"8K Ancient Red Georgien halbtrocken, Rotwein",DUMY,glass,Glasflasche,0.75,1,False,5.99,EUR,gross,0.0,5.99,7.99,7.99,5.99,7.99,,False,True,still,rot,halbtrocken,,,,,,Kategorien/Weinwelt/Weinart/Rotwein,,https://www.lidl.de/p/8k-ancient-red-georgien-halbtrocken-rotwein/p100366112,https://www.lidl.de/assets/gcp6cacb40ef6d94b8bae96dede63f4e45a.jpeg,2026-08-14T14:35:22.939750+00:00
lidl,Lidl,discounter,100356279,"LUTZVILLE Sauvignon Blanc South Africa trocken, Weißwein 2023",LUTZ,glass,Glasflasche,0.75,1,False,6.49,EUR,gross,0.0,6.49,8.65,8.65,6.49,8.65,,False,True,still,weiss,trocken,,2023,Südafrika,,Sauvignon Blanc,Kategorien/Weinwelt/Weinart/Weißwein,,https://www.lidl.de/p/lutzville-sauvignon-blanc-south-africa-trocken-weisswein-2023/p100356279,https://www.lidl.de/assets/gcp513180d760164788ac13cf820ce54fc9.jpg,2026-08-14T14:35:22.940509+00:00
lidl,Lidl,discounter,100361252,"PFAFFL Selection Muskateller Niederösterreich trocken, Weißwein 2024",PFFF,glass,Glasflasche,0.75,1,False,7.99,EUR,gross,0.0,7.99,10.65,10.65,7.99,10.65,,False,True,still,weiss,trocken,,2024,,,,Kategorien/Weinwelt/Weinart/Weißwein,,https://www.lidl.de/p/pfaffl-selection-muskateller-niederoesterreich-trocken-weisswein-2024/p100361252,https://www.lidl.de/assets/gcp921afd01a7db42d0b65ddd3a3af6554e.jpeg,2026-08-14T14:35:22.941313+00:00
lidl,Lidl,discounter,100360529,"ALMA MORA Select Reserve Malbec Argentinien trocken, Rotwein 2024",ALRA,glass,Glasflasche,0.75,1,False,9.99,EUR,gross,0.0,9.99,13.32,13.32,9.99,13.32,,False,True,still,rot,trocken,,2024,Argentinien,,Malbec,Kategorien/Weinwelt/Weinart/Rotwein,,https://www.lidl.de/p/alma-mora-select-reserve-malbec-argentinien-trocken-rotwein-2024/p100360529,https://www.lidl.de/assets/gcpdcffa2951620462cb69bc62d22d6815c.jpg,2026-08-14T14:35:22.942161+00:00
lidl,Lidl,discounter,100353747,"Châteauneuf-du-Pape AOP trocken, Rotwein 2023",DUMY,glass,Glasflasche,0.75,1,False,19.99,EUR,gross,0.0,19.99,26.65,26.65,19.99,26.65,,False,True,still,rot,trocken,,2023,Frankreich,Rhone,,Kategorien/Weinwelt/Weinart/Rotwein,,https://www.lidl.de/p/chateauneuf-du-pape-aop-trocken-rotwein-2023/p100353747,https://www.lidl.de/assets/gcp770d8989878a44218c0f52b28766470d.jpeg,2026-08-14T14:35:22.942918+00:00
lidl,Lidl,discounter,100354302,"Bordeaux Blanc AOP trocken, Weißwein 2023",DUMM,glass,Glasflasche,0.75,1,False,4.99,EUR,gross,0.0,4.99,6.65,6.65,4.99,6.65,,False,True,still,weiss,trocken,,2023,Frankreich,Bordeaux,Sauvignon Blanc,Kategorien/Weinwelt/Weinart/Weißwein,,https://www.lidl.de/p/bordeaux-blanc-aop-trocken-weisswein-2023/p100354302,https://www.lidl.de/assets/gcpffaa3d0bc0414d96b29bf60be1317446.jpg,2026-08-14T14:35:22.943522+00:00
lidl,Lidl,discounter,100353789,"COMTE DE SAINT VALÉRY Bordeaux AOP trocken, Rotwein 2023",CTVA,glass,Glasflasche,0.75,1,False,4.99,EUR,gross,0.0,4.99,6.65,6.65,4.99,6.65,,False,True,still,rot,trocken,,2023,Frankreich,Bordeaux,,Kategorien/Weinwelt/Weinart/Rotwein,,https://www.lidl.de/p/comte-de-saint-valery-bordeaux-aop-trocken-rotwein-2023/p100353789,https://www.lidl.de/assets/gcp16fba2b39d0245a093e225cdd8a28cdd.jpeg,2026-08-14T14:35:22.944129+00:00
lidl,Lidl,discounter,100359269,"Riesling Vin 'Alsace AOP trocken, Weißwein 2024",DUMM,glass,Glasflasche,0.75,1,False,7.99,EUR,gross,0.0,7.99,10.65,10.65,7.99,10.65,,False,True,still,weiss,trocken,,2024,Frankreich,,Riesling,Kategorien/Weinwelt/Weinart/Weißwein,,https://www.lidl.de/p/riesling-vin-alsace-aop-trocken-weisswein-2024/p100359269,https://www.lidl.de/assets/gcp412dd14e3a8842c1aaf2a2f3dedd0ca6.jpeg,2026-08-14T14:35:22.944621+00:00
lidl,Lidl,discounter,100360497,"Beyond Belief Sauvignon Blanc Western Cape trocken, Weißwein 2024",DUMM,glass,Glasflasche,0.75,1,False,6.99,EUR,gross,0.0,6.99,9.32,9.32,6.99,9.32,,False,True,still,weiss,trocken,,2024,,,Sauvignon Blanc,Kategorien/Weinwelt/Weinart/Weißwein,,https://www.lidl.de/p/beyond-belief-sauvignon-blanc-western-cape-trocken-weisswein-2024/p100360497,https://www.lidl.de/assets/gcp0a52f1dcc2194dd1afb38a2178c5d8a5.jpeg,2026-08-14T14:35:22.945287+00:00
lidl,Lidl,discounter,100360483,"ALMA MORA Select Reserve Chardonnay Argentinien trocken, Weißwein 2024",ALRA,glass,Glasflasche,0.75,1,False,9.99,EUR,gross,0.0,9.99,13.32,13.32,9.99,13.32,,False,True,still,weiss,trocken,,2024,Argentinien,,Chardonnay,Kategorien/Weinwelt/Weinart/Weißwein,,https://www.lidl.de/p/alma-mora-select-reserve-chardonnay-argentinien-trocken-weisswein-2024/p100360483,https://www.lidl.de/assets/gcp8ab8f90674704412b352bd89001bcdfd.jpeg,2026-08-14T14:35:22.946088+00:00
lidl,Lidl,discounter,100352763,"Ibero de Paniza Cariñena DOP trocken, Rotwein 2019",DUMM,glass,Glasflasche,0.75,1,False,7.99,EUR,gross,0.0,7.99,10.65,10.65,7.99,10.65,,False,True,still,rot,trocken,,2019,Spanien,,"Tempranillo, Garnacha, Cabernet Sauvignon",Kategorien/Weinwelt/Weinart/Rotwein,,https://www.lidl.de/p/ibero-de-paniza-carinena-dop-trocken-rotwein-2019/p100352763,https://www.lidl.de/assets/gcpf2df128d123c4ede91a3e688e7c5913e.jpeg,2026-08-14T14:35:22.946722+00:00
lidl,Lidl,discounter,100352791,"FELIX SOLIS Viña Albali Gran Selección trocken DO Valdepeñas trocken, Rotwein 2021",FESO,glass,Glasflasche,0.75,1,False,4.99,EUR,gross,0.0,4.99,6.65,6.65,4.99,6.65,,False,True,still,rot,trocken,,2021,Spanien,,Tempranillo,Kategorien/Weinwelt/Weinart/Rotwein,,https://www.lidl.de/p/felix-solis-vina-albali-gran-seleccion-trocken-do-valdepenas-trocken-rotwein-2021/p100352791,https://www.lidl.de/assets/gcpb9de2362423b4befb149ddbbe43e2abc.jpeg,2026-08-14T14:35:22.947300+00:00
lidl,Lidl,discounter,100363560,"GRAF ADELMANN VDP Brüssele Cuvée trocken, Weißwein 2023",GRAD,glass,Glasflasche,0.75,1,False,7.99,EUR,gross,0.0,7.99,10.65,10.65,7.99,10.65,,False,True,still,weiss,trocken,,2023,Deutschland,Wurttemberg,,Kategorien/Weinwelt/Weinart/Weißwein,,https://www.lidl.de/p/graf-adelmann-vdp-bruessele-cuvee-trocken-weisswein-2023/p100363560,https://www.lidl.de/assets/gcp5d5478053a84418caf365af4cd2c3b2d.jpeg,2026-08-14T14:35:22.947973+00:00
lidl,Lidl,discounter,100362045,"CHÂTEAU D'ARSAC Margaux Cru Bourgeois Exceptionnel AOC trocken, Rotwein 2021",CHDA,glass,Glasflasche,0.75,1,False,29.99,EUR,gross,0.0,29.99,39.99,39.99,29.99,39.99,,False,True,still,rot,trocken,,2021,Frankreich,Bordeaux,,Kategorien/Weinwelt/Weinart/Rotwein,,https://www.lidl.de/p/chateau-d-arsac-margaux-cru-bourgeois-exceptionnel-aoc-trocken-rotwein-2021/p100362045,https://www.lidl.de/assets/gcpe653688661aa46bdba51d6434d8acd24.jpeg,2026-08-14T14:35:22.948535+00:00
lidl,Lidl,discounter,100364659,"Kult Pfalz QbA feinherb, Roséwein 2023",DUMY,glass,Glasflasche,0.75,1,False,4.99,EUR,gross,0.0,4.99,6.65,6.65,4.99,6.65,,False,True,still,rose,halbtrocken,,2023,Deutschland,Pfalz,,Kategorien/Weinwelt/Weinart/Roséwein,,https://www.lidl.de/p/kult-pfalz-qba-feinherb-rosewein-2023/p100364659,https://www.lidl.de/assets/gcpb792b779ae7c4ac7b719903e2245fb79.jpg,2026-08-14T14:35:22.949765+00:00
lidl,Lidl,discounter,100354888,"CECCHI La Mora Rosso Maremma Toscana DOC trocken, Rotwein 2020",CECC,glass,Glasflasche,0.75,1,False,8.99,EUR,gross,0.0,8.99,11.99,11.99,8.99,11.99,,False,True,still,rot,trocken,,2020,Italien,Toskana,"Cabernet Sauvignon, Merlot",Kategorien/Weinwelt/Weinart/Rotwein,,https://www.lidl.de/p/cecchi-la-mora-rosso-maremma-toscana-doc-trocken-rotwein-2020/p100354888,https://www.lidl.de/assets/gcpcf57b4b9ba284c6e9bc5e16f61a6e711.jpg,2026-08-14T14:35:22.950217+00:00
lidl,Lidl,discounter,100356902,"CHEVALIER DU DRAGON Sauternes AOC süß, Süßwein 2021",CVON,glass,Glasflasche,0.75,1,False,17.99,EUR,gross,0.0,17.99,23.99,23.99,17.99,23.99,,False,True,dessert,,suess,,2021,Frankreich,Bordeaux,,Kategorien/Weinwelt/Weinart/Aperitifs & Dessertweine,,https://www.lidl.de/p/chevalier-du-dragon-sauternes-aoc-suess-suesswein-2021/p100356902,https://www.lidl.de/assets/gcpb7f639bd41b74f51a0c68feceb236d5d.jpeg,2026-08-14T14:35:22.950841+00:00
lidl,Lidl,discounter,100351611,"CORTE ALLODOLA Valpolicella DOC Superiore trocken, Rotwein 2021",DALA,glass,Glasflasche,0.75,1,False,9.99,EUR,gross,0.0,9.99,13.32,13.32,9.99,13.32,,False,True,still,rot,trocken,,2021,Italien,Venetien,,Kategorien/Weinwelt/Weinart/Rotwein,,https://www.lidl.de/p/corte-allodola-valpolicella-doc-superiore-trocken-rotwein-2021/p100351611,https://www.lidl.de/assets/gcpe1bbb192a3384d098d2d28acb82755e4.jpeg,2026-08-14T14:35:22.951492+00:00
lidl,Lidl,discounter,100352801,"270 Alta Expresión Ribera del Duero DO trocken, Rotwein 2023",DUMM,glass,Glasflasche,0.75,1,False,9.99,EUR,gross,0.0,9.99,13.32,13.32,9.99,13.32,,False,True,still,rot,trocken,,2023,Spanien,,,Kategorien/Weinwelt/Weinart/Rotwein,,https://www.lidl.de/p/270-alta-expresion-ribera-del-duero-do-trocken-rotwein-2023/p100352801,https://www.lidl.de/assets/gcp2608f71d4fed40b0981952947f240857.jpeg,2026-08-14T14:35:22.951992+00:00
lidl,Lidl,discounter,100352053,"Falco de Neri Sangiovese di Toscana IGT trocken, Rotwein 2021",DUMM,glass,Glasflasche,0.75,1,False,4.99,EUR,gross,0.0,4.99,6.65,6.65,4.99,6.65,,False,True,still,rot,trocken,,2021,Italien,Toskana,Sangiovese,Kategorien/Weinwelt/Weinart/Rotwein,,https://www.lidl.de/p/falco-de-neri-sangiovese-di-toscana-igt-trocken-rotwein-2021/p100352053,https://www.lidl.de/assets/gcp90fd9a66af434d62bd3eda3d25463258.jpeg,2026-08-14T14:35:22.952702+00:00
lidl,Lidl,discounter,100352818,"FELIX SOLIS Viña Albali Rosado Tempranillo Valdepeñas DO trocken vegan, Roséwein 2025",FESO,glass,Glasflasche,0.75,1,False,4.95,EUR,gross,0.0,4.95,6.6,6.6,4.95,6.6,,False,True,still,rose,trocken,,2025,Spanien,,Tempranillo,Kategorien/Weinwelt/Weinart/Roséwein,,https://www.lidl.de/p/felix-solis-vina-albali-rosado-tempranillo-valdepenas-do-trocken-vegan-rosewein-2025/p100352818,https://www.lidl.de/assets/gcp26ad3b9f05384ee38146cbc9985eff88.jpg,2026-08-14T14:35:22.953225+00:00
lidl,Lidl,discounter,100352800,"FELIX SOLIS Viña San Juan Merlot Syrah Tempranillo La Mancha DO trocken vegan, Rotwein 2024",FESO,glass,Glasflasche,0.75,1,False,4.99,EUR,gross,0.0,4.99,6.65,6.65,4.99,6.65,,False,True,still,rot,trocken,,2024,Spanien,La Mancha,"Merlot, Syrah, Tempranillo",Kategorien/Weinwelt/Weinart/Rotwein,,https://www.lidl.de/p/felix-solis-vina-san-juan-merlot-syrah-tempranillo-la-mancha-do-trocken-vegan-rotwein-2024/p100352800,https://www.lidl.de/assets/gcp86481afa31b94a81af5b9a3ce6099ba9.jpeg,2026-08-14T14:35:22.953828+00:00
lidl,Lidl,discounter,100352790,"FELIX SOLIS Soliera Tempranillo La Mancha DO trocken vegan, Rotwein",FESO,glass,Glasflasche,0.75,1,False,4.99,EUR,gross,0.0,4.99,6.65,6.65,4.99,6.65,,False,True,still,rot,trocken,,,Spanien,La Mancha,Tempranillo,Kategorien/Weinwelt/Weinart/Rotwein,,https://www.lidl.de/p/felix-solis-soliera-tempranillo-la-mancha-do-trocken-vegan-rotwein/p100352790,https://www.lidl.de/assets/gcpceba565132104aabafb5a76579c7de44.jpeg,2026-08-14T14:35:22.954578+00:00
lidl,Lidl,discounter,100362179,"BOEKENHOUTSKLOOF Cabernet Sauvignon Stellenbosch WO trocken vegan, Rowein 2022",BOEK,glass,Glasflasche,0.75,1,False,44.9,EUR,gross,0.0,44.9,59.87,59.87,44.9,59.87,,False,True,still,rot,trocken,,2022,,,Cabernet Sauvignon,Kategorien/Weinwelt/Weinart/Rotwein,,https://www.lidl.de/p/boekenhoutskloof-cabernet-sauvignon-stellenbosch-wo-trocken-vegan-rowein-2022/p100362179,https://www.lidl.de/assets/gcp6c7d828b88e54adab0747dcf09b8622d.jpeg,2026-08-14T14:35:22.955193+00:00
lidl,Lidl,discounter,100350819,"SELONE Pinot Grigio Friuli DOC trocken, Weißwein 2023",SOSL,glass,Glasflasche,0.75,1,False,4.49,EUR,gross,0.0,4.49,5.99,5.99,4.49,5.99,,False,True,still,weiss,trocken,,2023,Italien,Venetien,Pinot Grigio,Kategorien/Weinwelt/Weinart/Weißwein,,https://www.lidl.de/p/selone-pinot-grigio-friuli-doc-trocken-weisswein-2023/p100350819,https://www.lidl.de/assets/gcp26596b38c43d4f27a12a29d5ddd583d3.jpeg,2026-08-14T14:35:22.956110+00:00
lidl,Lidl,discounter,100354595,"DUCA DI SASSETA Appassimento Puglia IGT halbtrocken, Rotwein 2025",DUCA,glass,Glasflasche,0.75,1,False,4.49,EUR,gross,0.0,4.49,5.99,5.99,4.49,5.99,,False,True,still,rot,halbtrocken,,2025,Italien,Apulien,,Kategorien/Weinwelt/Weinart/Rotwein,,https://www.lidl.de/p/duca-di-sasseta-appassimento-puglia-igt-halbtrocken-rotwein-2025/p100354595,https://www.lidl.de/assets/gcp6d14e30e9baa4200bf492923e2cf4609.jpeg,2026-08-14T14:35:22.956700+00:00
lidl,Lidl,discounter,100352734,"718 Finca Cañadelas Merlot Valencia DOP trocken vegan, Rotwein 2023",DUMM,glass,Glasflasche,0.75,1,False,4.99,EUR,gross,0.0,4.99,6.65,6.65,4.99,6.65,,False,True,still,rot,trocken,,2023,Spanien,Valencia,Merlot,Kategorien/Weinwelt/Weinart/Rotwein,,https://www.lidl.de/p/718-finca-canadelas-merlot-valencia-dop-trocken-vegan-rotwein-2023/p100352734,https://www.lidl.de/assets/gcp500449d9aa5e4640ac3e312d65b4b13c.jpeg,2026-08-14T14:35:22.957768+00:00
lidl,Lidl,discounter,100352744,"FELIX SOLIS Viña San Juan Gran Selección La Mancha DO trocken vegan, Rotwein 2021",FESO,glass,Glasflasche,0.75,1,False,4.99,EUR,gross,0.0,4.99,6.65,6.65,4.99,6.65,,False,True,still,rot,trocken,,2021,Spanien,La Mancha,Tempranillo,Kategorien/Weinwelt/Weinart/Rotwein,,https://www.lidl.de/p/felix-solis-vina-san-juan-gran-seleccion-la-mancha-do-trocken-vegan-rotwein-2021/p100352744,https://www.lidl.de/assets/gcp1e4dc8c05f5c4f9f8ce7fef59b397c79.jpeg,2026-08-14T14:35:22.958305+00:00
lidl,Lidl,discounter,100351612,"FINESTRELLA Lucido Pinot Grigio Terre Siciliane IGT trocken, Weißwein 2025",FEFN,glass,Glasflasche,0.75,1,False,4.99,EUR,gross,0.0,4.99,6.65,6.65,4.99,6.65,,False,True,still,weiss,trocken,,2025,Italien,Sizilien,Pinot Grigio,Kategorien/Weinwelt/Weinart/Weißwein,,https://www.lidl.de/p/finestrella-lucido-pinot-grigio-terre-siciliane-igt-trocken-weisswein-2025/p100351612,https://www.lidl.de/assets/gcp8e5939c3656a40d3a7d9a9cfc5112d3c.jpeg,2026-08-14T14:35:22.958957+00:00
lidl,Lidl,discounter,100352741,"En tu casa o en la mia Valencia DO lieblich vegan, Roséwein 2024",DUMM,glass,Glasflasche,0.75,1,False,4.99,EUR,gross,0.0,4.99,6.65,6.65,4.99,6.65,,False,True,still,rose,lieblich,,2024,Spanien,Valencia,,Kategorien/Weinwelt/Weinart/Roséwein,,https://www.lidl.de/p/en-tu-casa-o-en-la-mia-valencia-do-lieblich-vegan-rosewein-2024/p100352741,https://www.lidl.de/assets/gcpabcec30a452f4203984cb6316fe78fac.jpeg,2026-08-14T14:35:22.959511+00:00
lidl,Lidl,discounter,100352077,"DUCA DI SASSETA Espera Primitivo Puglia IGT halbtrocken, Rotwein 2020",DUCA,glass,Glasflasche,0.75,1,False,12.99,EUR,gross,0.0,12.99,17.32,17.32,12.99,17.32,,False,True,still,rot,halbtrocken,,2020,Italien,Apulien,Primitivo,Kategorien/Weinwelt/Weinart/Rotwein,,https://www.lidl.de/p/duca-di-sasseta-espera-primitivo-puglia-igt-halbtrocken-rotwein-2020/p100352077,https://www.lidl.de/assets/gcp36204a70490d417287e2db4b548772e8.jpeg,2026-08-14T14:35:22.960060+00:00
lidl,Lidl,discounter,100365248,"WEINGUT BALTHASAR RESS BIO Vom großen Fluss Rheingau Riesling VDP.Gutswein trocken vegan, Weißwein 2024",WEBA,glass,Glasflasche,0.75,1,False,12.99,EUR,gross,0.0,12.99,17.32,17.32,12.99,17.32,,False,True,still,weiss,trocken,,2024,Deutschland,Rheingau,Riesling,Kategorien/Weinwelt/Weinart/Weißwein,,https://www.lidl.de/p/weingut-balthasar-ress-bio-vom-grossen-fluss-rheingau-riesling-vdp-gutswein-trocken-vegan-weisswein-2024/p100365248,https://www.lidl.de/assets/gcp6c87d05f55bf40ccb72fda9f75c86fb3.jpeg,2026-08-14T14:35:22.960801+00:00
lidl,Lidl,discounter,100354104,"FANTINI Giro Primitivo Puglia IGP trocken vegan, Rotwein 2023",FTFN,glass,Glasflasche,0.75,1,False,11.99,EUR,gross,0.0,11.99,15.99,15.99,11.99,15.99,,False,True,still,rot,trocken,,2023,Italien,Apulien,Primitivo,Kategorien/Weinwelt/Weinart/Rotwein,,https://www.lidl.de/p/fantini-giro-primitivo-puglia-igp-trocken-vegan-rotwein-2023/p100354104,https://www.lidl.de/assets/gcpc21805d7239046daac5a34e1d47cdf3e.jpeg,2026-08-14T14:35:22.961449+00:00
lidl,Lidl,discounter,100360539,"CXV Cientoquince Red Blend Argentinien trocken, Rotwein 2020",DUMM,glass,Glasflasche,0.75,1,False,8.99,EUR,gross,0.0,8.99,11.99,11.99,8.99,11.99,,False,True,still,rot,trocken,,2020,Argentinien,,,Kategorien/Weinwelt/Weinart/Rotwein,,https://www.lidl.de/p/cxv-cientoquince-red-blend-argentinien-trocken-rotwein-2020/p100360539,https://www.lidl.de/assets/gcpc9e8a64727ce4c57ade5cbd28fb41a89.jpeg,2026-08-14T14:35:22.961983+00:00
lidl,Lidl,discounter,100350798,"We are Italiano Primitivo Puglia IGP halbtrocken, Rotwein 2021",DUMM,glass,Glasflasche,0.75,1,False,7.99,EUR,gross,0.0,7.99,10.65,10.65,7.99,10.65,,False,True,still,rot,halbtrocken,,2021,Italien,Apulien,Primitivo,Kategorien/Weinwelt/Weinart/Rotwein,,https://www.lidl.de/p/we-are-italiano-primitivo-puglia-igp-halbtrocken-rotwein-2021/p100350798,https://www.lidl.de/assets/gcp78ddca08b3dd44d3936eac2a1e5aa27c.jpeg,2026-08-14T14:35:22.962586+00:00
lidl,Lidl,discounter,100364576,"Fortezza dei Colli Chianti Classico Riserva DOCG, Rotwein 2019",DUMM,glass,Glasflasche,0.75,1,False,9.99,EUR,gross,0.0,9.99,13.32,13.32,9.99,13.32,,False,True,still,rot,trocken,,2019,Italien,Toskana,,Kategorien/Weinwelt/Weinart/Rotwein,,https://www.lidl.de/p/fortezza-dei-colli-chianti-classico-riserva-docg-rotwein-2019/p100364576,https://www.lidl.de/assets/gcp6742097a8aaf4c8499476debbf24949a.jpeg,2026-08-14T14:35:22.963120+00:00
lidl,Lidl,discounter,100354281,"BISSINGER Premier Cru brut, Champagner mit Geschenkbox",BISI,unknown,unbekannt,0.75,1,False,29.99,EUR,gross,,,39.99,,29.99,39.99,,False,True,sparkling,,trocken,12.5,,Frankreich,,,"Kategorien/Weinwelt/Weinart/Champagner, Sekt & Secco",,https://www.lidl.de/p/bissinger-premier-cru-brut-champagner-mit-geschenkbox/p100354281,https://www.lidl.de/assets/gcpd890788c807e4a9faab33303632d07c1.jpg,2026-08-14T14:35:22.963826+00:00
lidl,Lidl,discounter,100356441,"SANSIBAR DELUXE Castillo de Albai Gran Reserva Rioja DOCa trocken, Rotwein 2014",SADE,glass,Glasflasche,0.75,1,False,9.99,EUR,gross,0.0,9.99,13.32,13.32,9.99,13.32,,False,True,still,rot,trocken,,2014,Spanien,Rioja,,Kategorien/Weinwelt/Weinart/Rotwein,,https://www.lidl.de/p/sansibar-deluxe-castillo-de-albai-gran-reserva-rioja-doca-trocken-rotwein-2014/p100356441,https://www.lidl.de/assets/gcpe8f8ff21fa78483ab044dce06420f2cf.jpg,2026-08-14T14:35:22.964543+00:00
lidl,Lidl,discounter,100357236,"NICOLAS FEUILLATTE Cuvée Spéciale Rosé Brut, Champagner",NICO,glass,Glasflasche,0.75,1,False,49.99,EUR,gross,0.0,49.99,66.65,66.65,49.99,66.65,,False,True,sparkling,rose,trocken,,,Frankreich,,"Pinot Noir, Chardonnay","Kategorien/Weinwelt/Weinart/Champagner, Sekt & Secco",,https://www.lidl.de/p/nicolas-feuillatte-cuvee-speciale-rose-brut-champagner/p100357236,https://www.lidl.de/assets/gcpfd8fd052134c442db6d453cf505113e2.jpeg,2026-08-14T14:35:22.965176+00:00
lidl,Lidl,discounter,100357262,"NICOLAS FEUILLATTE Cuvée Spéciale Brut Millesimé, Champagner 2017",NICO,glass,Glasflasche,0.75,1,False,44.99,EUR,gross,0.0,44.99,59.99,59.99,44.99,59.99,,False,True,sparkling,weiss,trocken,,2017,Frankreich,,"Chardonnay, Pinot Noir","Kategorien/Weinwelt/Weinart/Champagner, Sekt & Secco",,https://www.lidl.de/p/nicolas-feuillatte-cuvee-speciale-brut-millesime-champagner-2017/p100357262,https://www.lidl.de/assets/gcpe48289d385484564b92d1f60ca9e97f3.jpeg,2026-08-14T14:35:22.965960+00:00
lidl,Lidl,discounter,100367314,"I MANENTI Langhe Arneis Piemont DOC trocken, Weißwein 2025",IMAN,glass,Glasflasche,0.75,1,False,8.99,EUR,gross,0.0,8.99,11.99,11.99,8.99,11.99,,False,True,still,weiss,trocken,,2025,Italien,Piemont,,Kategorien/Weinwelt/Weinart/Weißwein,,https://www.lidl.de/p/i-manenti-langhe-arneis-piemont-doc-trocken-weisswein-2025/p100367314,https://www.lidl.de/assets/gcp13234cef9f734cf9a10a8fe00a51d509.jpeg,2026-08-14T14:35:22.966675+00:00
lidl,Lidl,discounter,100367226,"CHÂTEAU LES MOINES Cru Bourgeois AOC Médoc trocken, Rotwein 2018",CTMS,glass,Glasflasche,0.75,1,False,9.99,EUR,gross,0.0,9.99,13.32,13.32,9.99,13.32,,False,True,still,rot,trocken,,2018,Frankreich,Bordeaux,,Kategorien/Weinwelt/Weinart/Rotwein,,https://www.lidl.de/p/chateau-les-moines-cru-bourgeois-aoc-medoc-trocken-rotwein-2018/p100367226,https://www.lidl.de/assets/gcpbd748b41051f42d29ef6824cb65a4d72.jpeg,2026-08-14T14:35:22.967151+00:00
lidl,Lidl,discounter,100399501,"GIULIO PASOTTI Lugana DOP trocken, Weißwein 2024",PASO,glass,Glasflasche,0.75,1,False,8.99,EUR,gross,0.0,8.99,11.99,11.99,8.99,11.99,,False,True,still,weiss,trocken,,2024,Italien,,Trebbiano,Kategorien/Weinwelt/Weinart/Weißwein,,https://www.lidl.de/p/giulio-pasotti-lugana-dop-trocken-weisswein-2024/p100399501,https://www.lidl.de/assets/gcp1b6555fb49db4757851a1ab4b4a2f08c.jpg,2026-08-14T14:35:22.967716+00:00
lidl,Lidl,discounter,100382800,"FELIX SOLIS Mucho Más Premium Blend Rot trocken, Rotwein",FESO,glass,Glasflasche,0.75,1,False,5.99,EUR,gross,0.0,5.99,7.99,7.99,5.99,7.99,,False,True,still,rot,trocken,,,Spanien,,,Kategorien/Weinwelt/Weinart/Rotwein,,https://www.lidl.de/p/felix-solis-mucho-mas-premium-blend-rot-trocken-rotwein/p100382800,https://www.lidl.de/assets/gcp3074fde0ff5d4aa2a25650ffab88ca78.jpg,2026-08-14T14:35:22.968289+00:00
lidl,Lidl,discounter,100406360,"Cuvée Noir Baden QbA feinherb, Rotwein",DUMM,glass,Glasflasche,0.75,1,False,4.49,EUR,gross,0.0,4.49,5.99,5.99,4.49,5.99,,False,True,still,rot,halbtrocken,,,Deutschland,Baden,,Kategorien/Weinwelt/Weinart/Rotwein,,https://www.lidl.de/p/cuvee-noir-baden-qba-feinherb-rotwein/p100406360,https://www.lidl.de/assets/gcp4bb237933d13471ea80da71bf2ef0781.jpg,2026-08-14T14:35:22.968948+00:00
lidl,Lidl,discounter,100367151,"ZENATO Bardolino Chiaretto DOC trocken, Roséwein 2025",ZENA,glass,Glasflasche,0.75,1,False,6.99,EUR,gross,0.0,6.99,9.32,9.32,6.99,9.32,,False,True,still,rose,trocken,,2025,Italien,Venetien,,Kategorien/Weinwelt/Weinart/Roséwein,,https://www.lidl.de/p/zenato-bardolino-chiaretto-doc-trocken-rosewein-2025/p100367151,https://www.lidl.de/assets/gcp396d05e4a91a42a39411b2043b047137.jpeg,2026-08-14T14:35:22.969475+00:00
lidl,Lidl,discounter,100367049,"MARQUÉS DEL EGA Gran Reserva Tempranillo Navarra DO trocken, Rotwein 2016",MQEA,glass,Glasflasche,0.75,1,False,7.99,EUR,gross,0.0,7.99,10.65,10.65,7.99,10.65,,False,True,still,rot,trocken,,2016,Spanien,,Tempranillo,Kategorien/Weinwelt/Weinart/Rotwein,,https://www.lidl.de/p/marques-del-ega-gran-reserva-tempranillo-navarra-do-trocken-rotwein-2016/p100367049,https://www.lidl.de/assets/gcp2b92de22438d4dacba758b2fb4dc4d4e.jpeg,2026-08-14T14:35:22.969947+00:00
lidl,Lidl,discounter,100371261,"KELLEREI KALTERN Kalterersee Classico Superiore Alto Adige DOC trocken, Rotwein 2024",KALT,glass,Glasflasche,0.75,1,False,8.99,EUR,gross,0.0,8.99,11.99,11.99,8.99,11.99,,False,True,still,rot,trocken,,2024,Italien,,,Kategorien/Weinwelt/Weinart/Rotwein,,https://www.lidl.de/p/kellerei-kaltern-kalterersee-classico-superiore-alto-adige-doc-trocken-rotwein-2024/p100371261,https://www.lidl.de/assets/gcpca742c3d8ebe42718d2365dd5f90ed23.jpeg,2026-08-14T14:35:22.970532+00:00
lidl,Lidl,discounter,100367189,"ZENATO Custoza DOC trocken, Weißwein 2024",ZENA,glass,Glasflasche,0.75,1,False,6.99,EUR,gross,0.0,6.99,9.32,9.32,6.99,9.32,,False,True,still,weiss,trocken,,2024,Italien,Venetien,,Kategorien/Weinwelt/Weinart/Weißwein,,https://www.lidl.de/p/zenato-custoza-doc-trocken-weisswein-2024/p100367189,https://www.lidl.de/assets/gcpdcd51bef10a94e7185198e30345207a3.jpeg,2026-08-14T14:35:22.971164+00:00
lidl,Lidl,discounter,100397794,"Junge Winzer Selection Grauburgunder trocken, Weißwein 2024",JUWI,glass,Glasflasche,0.75,1,False,7.99,EUR,gross,0.0,7.99,10.65,10.65,7.99,10.65,,False,True,still,weiss,trocken,,2024,Deutschland,Baden,Grauburgunder,Kategorien/Weinwelt/Weinart/Weißwein,,https://www.lidl.de/p/junge-winzer-selection-grauburgunder-trocken-weisswein-2024/p100397794,https://www.lidl.de/assets/gcpc4e6147cf55c40faafebe5a2129d5f50.jpg,2026-08-14T14:35:22.971630+00:00
lidl,Lidl,discounter,100368858,"SILENI Cellar Selection Sauvignon Blanc Marlborough trocken, Weißwein 2023",SESL,glass,Glasflasche,0.75,1,False,12.5,EUR,gross,0.0,12.5,16.67,16.67,12.5,16.67,,False,True,still,weiss,trocken,,2023,Neuseeland,,Sauvignon Blanc,Kategorien/Weinwelt/Weinart/Weißwein,,https://www.lidl.de/p/sileni-cellar-selection-sauvignon-blanc-marlborough-trocken-weisswein-2023/p100368858,https://www.lidl.de/assets/gcp9fee1b3a7bea4e34afa898b4b530c29b.jpeg,2026-08-14T14:35:22.972078+00:00
lidl,Lidl,discounter,100371260,"KELLEREI KALTERN Goldmuskateller Alto Adige DOC lieblich, Weißwein 2024",KALT,glass,Glasflasche,0.75,1,False,9.99,EUR,gross,0.0,9.99,13.32,13.32,9.99,13.32,,False,True,still,weiss,lieblich,,2024,Italien,,,Kategorien/Weinwelt/Weinart/Weißwein,,https://www.lidl.de/p/kellerei-kaltern-goldmuskateller-alto-adige-doc-lieblich-weisswein-2024/p100371260,https://www.lidl.de/assets/gcp609c29e06e534c3aae908407465b0104.jpeg,2026-08-14T14:35:22.972731+00:00
lidl,Lidl,discounter,100367239,"ALTE VOGTEI ZU RAVENSBURG BIO Rosé Kraichgau QbA VDP.Gutswein trocken, Roséwein 2025",VENB,unknown,unbekannt,0.75,1,False,6.99,EUR,gross,,,9.32,,6.99,9.32,,False,True,still,rose,trocken,,2025,Deutschland,Baden,,Kategorien/Weinwelt/Weinart/Roséwein,,https://www.lidl.de/p/alte-vogtei-zu-ravensburg-bio-rose-kraichgau-qba-vdp-gutswein-trocken-rosewein-2025/p100367239,https://www.lidl.de/assets/gcpb9c22ffc3e4641f88ea3ee1a57fd2fc8.jpg,2026-08-14T14:35:22.973534+00:00
lidl,Lidl,discounter,100367249,"Pinot Noir Rose Pays d´Oc IGP trocken, Roséwein",DUMM,glass,Glasflasche,0.75,1,False,2.49,EUR,gross,0.0,2.49,3.32,3.32,2.49,3.32,,False,True,still,rose,trocken,,,Frankreich,Languedoc,Pinot Noir,Kategorien/Weinwelt/Weinart/Roséwein,,https://www.lidl.de/p/pinot-noir-rose-pays-d-oc-igp-trocken-rosewein/p100367249,https://www.lidl.de/assets/gcp4141476973da42338301c3a4cc02c19c.jpg,2026-08-14T14:35:22.974215+00:00
lidl,Lidl,discounter,100367250,"Ventoux Blanc AOP Rhône trocken, Weißwein 2024",DUMY,glass,Glasflasche,0.75,1,False,4.49,EUR,gross,0.0,4.49,5.99,5.99,4.49,5.99,,False,True,still,weiss,trocken,,2024,Frankreich,Rhone,,Kategorien/Weinwelt/Weinart/Weißwein,,https://www.lidl.de/p/ventoux-blanc-aop-rhone-trocken-weisswein-2024/p100367250,https://www.lidl.de/assets/gcp4407b91e287346308a5ec190cfcb1938.jpeg,2026-08-14T14:35:22.974975+00:00
lidl,Lidl,discounter,100367340,"CANTINE LEUCI Chardonnay Salento IGP trocken koscher, Weißwein 2025",EUCI,unknown,unbekannt,0.75,1,False,8.99,EUR,gross,,,11.99,,8.99,11.99,,False,True,still,weiss,trocken,,2025,Italien,Apulien,Chardonnay,Kategorien/Weinwelt/Weinart/Weißwein,,https://www.lidl.de/p/cantine-leuci-chardonnay-salento-igp-trocken-koscher-weisswein-2025/p100367340,https://www.lidl.de/assets/gcp4459fc01dfa44b148c846b3a80f50a24.jpg,2026-08-14T14:35:22.975670+00:00
lidl,Lidl,discounter,100397687,"Junge Winzer Selection Spätburgunder QbA trocken, Rotwein 2022",JUWI,glass,Glasflasche,0.75,1,False,7.99,EUR,gross,0.0,7.99,10.65,10.65,7.99,10.65,,False,True,still,rot,trocken,,2022,Deutschland,Baden,Spätburgunder,Kategorien/Weinwelt/Weinart/Rotwein,,https://www.lidl.de/p/junge-winzer-selection-spaetburgunder-qba-trocken-rotwein-2022/p100397687,https://www.lidl.de/assets/gcp50e497fdecd04e78b37c67027beb7d8a.jpg,2026-08-14T14:35:22.976311+00:00
lidl,Lidl,discounter,100406344,"Rosé Baden QbA feinfruchtig, Roséwein",DUMM,glass,Glasflasche,0.75,1,False,4.49,EUR,gross,0.0,4.49,5.99,5.99,4.49,5.99,,False,True,still,rose,trocken,,,Deutschland,Baden,,Kategorien/Weinwelt/Weinart/Roséwein,,https://www.lidl.de/p/rose-baden-qba-feinfruchtig-rosewein/p100406344,https://www.lidl.de/assets/gcpccaecd120f944dbfbe63126af8c9e3ed.jpg,2026-08-14T14:35:22.976931+00:00
lidl,Lidl,discounter,100376520,"PASSERINA IGP Terre di Chieti trocken, Weißwein 2023",PSPS,glass,Glasflasche,0.75,1,False,5.99,EUR,gross,0.0,5.99,7.99,7.99,5.99,7.99,,False,True,still,weiss,trocken,,2023,Italien,Abruzzen,,Kategorien/Weinwelt/Weinart/Weißwein,,https://www.lidl.de/p/passerina-igp-terre-di-chieti-trocken-weisswein-2023/p100376520,https://www.lidl.de/assets/gcp7681a8525a1a44c7add3c2751dafa0ba.jpeg,2026-08-14T14:35:22.977461+00:00
lidl,Lidl,discounter,100369256,"Weißburgunder Baden QbA trocken, Weißwein 2024",DUMY,glass,Glasflasche,0.75,1,False,2.79,EUR,gross,0.0,2.79,3.72,3.72,2.79,3.72,,False,True,still,weiss,trocken,,2024,Deutschland,Baden,Weißburgunder,Kategorien/Weinwelt/Weinart/Weißwein,,https://www.lidl.de/p/weissburgunder-baden-qba-trocken-weisswein-2024/p100369256,https://www.lidl.de/assets/gcp86b2af5efdc14cc284d41bdc91f9e5c7.jpg,2026-08-14T14:35:22.978021+00:00
lidl,Lidl,discounter,100391652,"CHÂTEAU L’OISEAU Bordeaux Supérieur AOP trocken, Rotwein 2024",EUAL,unknown,unbekannt,0.75,1,False,5.99,EUR,gross,,,7.99,,5.99,7.99,,False,True,still,rot,trocken,,2024,Frankreich,Bordeaux,,Kategorien/Weinwelt/Weinart/Rotwein,,https://www.lidl.de/p/chateau-l-oiseau-bordeaux-superieur-aop-trocken-rotwein-2024/p100391652,https://www.lidl.de/assets/gcpb15bb59adb1b46008a211c710b295349.jpg,2026-08-14T14:35:22.978540+00:00
lidl,Lidl,discounter,100367283,"CANTINE LEUCI Primitivo Salento IGP trocken koscher, Rotwein 2022",EUCI,glass,Glasflasche,0.75,1,False,8.99,EUR,gross,0.0,8.99,11.99,11.99,8.99,11.99,,False,True,still,rot,trocken,,2022,Italien,Apulien,Primitivo,Kategorien/Weinwelt/Weinart/Rotwein,,https://www.lidl.de/p/cantine-leuci-primitivo-salento-igp-trocken-koscher-rotwein-2022/p100367283,https://www.lidl.de/assets/gcp3bc7256b107145f39d8ce8889b041b34.jpg,2026-08-14T14:35:22.979186+00:00
lidl,Lidl,discounter,100376534,"CA' DEL LAGO Rosso del Pegher IGT Trevenezie trocken, Rotwein 2023",CADL,glass,Glasflasche,0.75,1,False,5.99,EUR,gross,0.0,5.99,7.99,7.99,5.99,7.99,,False,True,still,rot,trocken,,2023,Italien,Venetien,,Kategorien/Weinwelt/Weinart/Rotwein,,https://www.lidl.de/p/ca-del-lago-rosso-del-pegher-igt-trevenezie-trocken-rotwein-2023/p100376534,https://www.lidl.de/assets/gcp679d4258442a4b9799003437bf5fc63b.jpeg,2026-08-14T14:35:22.979769+00:00
lidl,Lidl,discounter,100376929,"Sauvignon Blanc Rheinhessen QbA trocken, Weißwein 2024",DUMY,glass,Glasflasche,0.75,1,False,6.99,EUR,gross,0.0,6.99,9.32,9.32,6.99,9.32,,False,True,still,weiss,trocken,,2024,Deutschland,Rheinhessen,Sauvignon Blanc,Kategorien/Weinwelt/Weinart/Weißwein,,https://www.lidl.de/p/sauvignon-blanc-rheinhessen-qba-trocken-weisswein-2024/p100376929,https://www.lidl.de/assets/gcpbbfc0d73579c4891aa10faae0e345d9c.jpeg,2026-08-14T14:35:22.980379+00:00
lidl,Lidl,discounter,100398497,"Junge Winzer Gutedel Reserve Baden trocken, Weißwein 2024",JUWI,unknown,unbekannt,0.75,1,False,5.99,EUR,gross,,,7.99,,5.99,7.99,,False,True,still,weiss,trocken,,2024,Deutschland,Baden,Gutedel,Kategorien/Weinwelt/Weinart/Weißwein,,https://www.lidl.de/p/junge-winzer-gutedel-reserve-baden-trocken-weisswein-2024/p100398497,https://www.lidl.de/assets/gcp659db66b69f24a62a08f2fdfa1bab449.jpg,2026-08-14T14:35:22.980956+00:00
lidl,Lidl,discounter,100376533,"Corale Grillo DOC Sicilia trocken, Weißwein 2024",DUMM,glass,Glasflasche,0.75,1,False,4.99,EUR,gross,0.0,4.99,6.65,6.65,4.99,6.65,,False,True,still,weiss,trocken,,2024,Italien,Sizilien,,Kategorien/Weinwelt/Weinart/Weißwein,,https://www.lidl.de/p/corale-grillo-doc-sicilia-trocken-weisswein-2024/p100376533,https://www.lidl.de/assets/gcp326abb53994a4d579f40768f21fbcde2.jpeg,2026-08-14T14:35:22.981535+00:00
lidl,Lidl,discounter,100371175,"KELLEREI KALTERN Chardonnay Alto Adige DOC trocken, Weißwein 2024",KALT,glass,Glasflasche,0.75,1,False,10.99,EUR,gross,0.0,10.99,14.65,14.65,10.99,14.65,,False,True,still,weiss,trocken,,2024,Italien,,Chardonnay,Kategorien/Weinwelt/Weinart/Weißwein,,https://www.lidl.de/p/kellerei-kaltern-chardonnay-alto-adige-doc-trocken-weisswein-2024/p100371175,https://www.lidl.de/assets/gcpce528f0a8e0043a981a07c0f721ef352.jpeg,2026-08-14T14:35:22.982063+00:00
lidl,Lidl,discounter,100376521,"VILLA BONAGA BIO Lambrusco Grasparossa di Castelvetro DOC halbtrocken, Perlwein 2023",VIBO,glass,Glasflasche,0.75,1,False,6.99,EUR,gross,0.0,6.99,9.32,9.32,6.99,9.32,,False,True,sparkling,,halbtrocken,,2023,Italien,,,"Kategorien/Weinwelt/Weinart/Champagner, Sekt & Secco",,https://www.lidl.de/p/villa-bonaga-bio-lambrusco-grasparossa-di-castelvetro-doc-halbtrocken-perlwein-2023/p100376521,https://www.lidl.de/assets/gcp444a29979e42428e97004f0e6abd0c43.jpeg,2026-08-14T14:35:22.982717+00:00
lidl,Lidl,discounter,100371236,"KELLEREI KALTERN Lagrein Alto Adige DOC trocken, Rotwein 2024",KALT,glass,Glasflasche,0.75,1,False,13.49,EUR,gross,0.0,13.49,17.99,17.99,13.49,17.99,,False,True,still,rot,trocken,,2024,Italien,,,Kategorien/Weinwelt/Weinart/Rotwein,,https://www.lidl.de/p/kellerei-kaltern-lagrein-alto-adige-doc-trocken-rotwein-2024/p100371236,https://www.lidl.de/assets/gcp28703b086c7c4a0591498747616d73f7.jpeg,2026-08-14T14:35:22.983853+00:00
lidl,Lidl,discounter,100385192,"Roséwein lieblich, 1,5-l-Packung, Roséwein",DUMY,carton,Getränkekarton,1.5,1,False,1.99,EUR,gross,0.0,1.99,1.33,1.33,1.0,1.33,,False,True,still,rose,lieblich,,,,,,Kategorien/Weinwelt/Weinart/Roséwein,,https://www.lidl.de/p/rosewein-lieblich-1-5-l-packung-rosewein/p100385192,https://www.lidl.de/assets/gcp99d16155bef74b6c9726a8ff24a08e51.jpg,2026-08-14T14:35:22.985434+00:00
lidl,Lidl,discounter,100197420,"Weißwein lieblich, 1,5-l-Packung, Weißwein",DUMM,carton,Getränkekarton,1.5,1,False,1.99,EUR,gross,0.0,1.99,1.33,1.33,1.0,1.33,,False,True,still,weiss,lieblich,,,,,,Kategorien/Weinwelt/Weinart/Weißwein,,https://www.lidl.de/p/weisswein-lieblich-1-5-l-packung-weisswein/p100197420,https://www.lidl.de/assets/gcpc71cc693fe0c41a4b7ed59c28a01320d.jpg,2026-08-14T14:35:22.986658+00:00
lidl,Lidl,discounter,100406333,"Blanc des Noirs Baden QbA feinfruchtig, Weißwein",DUMM,unknown,unbekannt,0.75,1,False,4.49,EUR,gross,,,5.99,,4.49,5.99,,False,True,still,weiss,,,,Deutschland,Baden,,Kategorien/Weinwelt/Weinart/Weißwein,,https://www.lidl.de/p/blanc-des-noirs-baden-qba-feinfruchtig-weisswein/p100406333,https://www.lidl.de/assets/gcp21a8f5c813d44d64b2869726192cd987.jpg,2026-08-14T14:35:22.987518+00:00
lidl,Lidl,discounter,100367188,"ZENATO Pinot Grigio delle Venezie DOC trocken, Weißwein 2024",ZENA,glass,Glasflasche,0.75,1,False,7.5,EUR,gross,0.0,7.5,10.0,10.0,7.5,10.0,,False,True,still,weiss,trocken,,2024,Italien,Venetien,Pinot Grigio,Kategorien/Weinwelt/Weinart/Weißwein,,https://www.lidl.de/p/zenato-pinot-grigio-delle-venezie-doc-trocken-weisswein-2024/p100367188,https://www.lidl.de/assets/gcp9afe7ce748fa42e2b4e0aa0550767685.jpeg,2026-08-14T14:35:22.988464+00:00
lidl,Lidl,discounter,100371235,"KELLEREI KALTERN Sauvignon Alto Adige DOC trocken, Weißwein 2025",KALT,glass,Glasflasche,0.75,1,False,13.49,EUR,gross,0.0,13.49,17.99,17.99,13.49,17.99,,False,True,still,weiss,trocken,,2025,Italien,,Sauvignon Blanc,Kategorien/Weinwelt/Weinart/Weißwein,,https://www.lidl.de/p/kellerei-kaltern-sauvignon-alto-adige-doc-trocken-weisswein-2025/p100371235,https://www.lidl.de/assets/gcp19a51c52804148caa5bbbe5df2dd9924.jpeg,2026-08-14T14:35:22.989468+00:00
lidl,Lidl,discounter,100377710,"CASTILLO DE ALBAI Reserva Rioja DOCa trocken, Rotwein 2019",CDAL,glass,Glasflasche,0.75,1,False,8.99,EUR,gross,0.0,8.99,11.99,11.99,8.99,11.99,,False,True,still,rot,trocken,,2019,Spanien,Rioja,Tempranillo,Kategorien/Weinwelt/Weinart/Rotwein,,https://www.lidl.de/p/castillo-de-albai-reserva-rioja-doca-trocken-rotwein-2019/p100377710,https://www.lidl.de/assets/gcpcdbdb1f547a6411882a337aee9c3c514.jpeg,2026-08-14T14:35:22.990574+00:00
lidl,Lidl,discounter,100370364,"Primitivo Cabernet Puglia IGT halbtrocken, Rotwein 2025",DUMM,glass,Glasflasche,0.75,1,False,5.99,EUR,gross,0.0,5.99,7.99,7.99,5.99,7.99,,False,True,still,rot,halbtrocken,,2025,Italien,Apulien,Primitivo,Kategorien/Weinwelt/Weinart/Rotwein,,https://www.lidl.de/p/primitivo-cabernet-puglia-igt-halbtrocken-rotwein-2025/p100370364,https://www.lidl.de/assets/gcp434de0196bf945bdb878fd8339fe92e7.jpeg,2026-08-14T14:35:22.991269+00:00
lidl,Lidl,discounter,100380451,"SANGRE DE TORO Original trocken vegan, Rotwein 2024",SATO,glass,Glasflasche,0.75,1,False,6.99,EUR,gross,0.0,6.99,9.32,9.32,6.99,9.32,,False,True,still,rot,trocken,,2024,Spanien,,,Kategorien/Weinwelt/Weinart/Rotwein,,https://www.lidl.de/p/sangre-de-toro-original-trocken-vegan-rotwein-2024/p100380451,https://www.lidl.de/assets/gcped5306e02b8b4a858d2056d921726f3b.jpeg,2026-08-14T14:35:22.991841+00:00
lidl,Lidl,discounter,100376535,"Femar Cesanese IGP Lazio trocken, Rotwein 2023",DUMY,glass,Glasflasche,0.75,1,False,7.99,EUR,gross,0.0,7.99,10.65,10.65,7.99,10.65,,False,True,still,rot,trocken,,2023,Italien,,,Kategorien/Weinwelt/Weinart/Rotwein,,https://www.lidl.de/p/femar-cesanese-igp-lazio-trocken-rotwein-2023/p100376535,https://www.lidl.de/assets/gcpe4b4965fd481443ea90d52cd898e2a65.jpeg,2026-08-14T14:35:22.992455+00:00
lidl,Lidl,discounter,100375848,"CHÂTEAU D'AIGUILHE Le Blanc d'Aiguilhe Bordeaux Blanc AOC trocken, Weißwein 2023",UILH,glass,Glasflasche,0.75,1,False,24.99,EUR,gross,0.0,24.99,33.32,33.32,24.99,33.32,,False,True,still,weiss,trocken,,2023,Frankreich,Bordeaux,Sauvignon Blanc,Kategorien/Weinwelt/Weinart/Weißwein,,https://www.lidl.de/p/chateau-d-aiguilhe-le-blanc-d-aiguilhe-bordeaux-blanc-aoc-trocken-weisswein-2023/p100375848,https://www.lidl.de/assets/gcpf102f1c836e942cfb983046acc08d832.jpeg,2026-08-14T14:35:22.994380+00:00
lidl,Lidl,discounter,100374316,"DOMAINE DE CHEVALIER AOC Pessac Léognan trocken, Rotwein 2021",DCHR,glass,Glasflasche,0.75,1,False,69.99,EUR,gross,0.0,69.99,93.32,93.32,69.99,93.32,,False,True,still,rot,trocken,,2021,Frankreich,Bordeaux,Cabernet Sauvignon,Kategorien/Weinwelt/Weinart/Rotwein,,https://www.lidl.de/p/domaine-de-chevalier-aoc-pessac-leognan-trocken-rotwein-2021/p100374316,https://www.lidl.de/assets/gcp0b95990b9e2747f0bdd7da0114ef5107.jpeg,2026-08-14T14:35:22.995109+00:00
lidl,Lidl,discounter,100371259,"KELLEREI KALTERN Pinot Grigio Alto Adige DOC trocken, Weißwein 2024",KALT,glass,Glasflasche,0.75,1,False,12.49,EUR,gross,0.0,12.49,16.65,16.65,12.49,16.65,,False,True,still,weiss,trocken,,2024,Italien,,Pinot Grigio,Kategorien/Weinwelt/Weinart/Weißwein,,https://www.lidl.de/p/kellerei-kaltern-pinot-grigio-alto-adige-doc-trocken-weisswein-2024/p100371259,https://www.lidl.de/assets/gcp207e761861ac4c3a939e765fb68bf5f5.jpeg,2026-08-14T14:35:22.995806+00:00
lidl,Lidl,discounter,100233945,"CIMAROSA Malbec Mendoza trocken, Rotwein",CIMA,glass,Glasflasche,0.75,1,False,2.99,EUR,gross,0.0,2.99,3.99,3.99,2.99,3.99,,False,True,still,rot,trocken,,,Argentinien,,Malbec,Kategorien/Weinwelt/Weinart/Rotwein,,https://www.lidl.de/p/cimarosa-malbec-mendoza-trocken-rotwein/p100233945,https://www.lidl.de/assets/gcpf356bc25d1024c418b6f0cca587f0eac.jpeg,2026-08-14T14:35:22.996383+00:00
lidl,Lidl,discounter,100370403,"HEIDSIECK & CO Monopole Bronze Top brut, Champagner",HECO,glass,Glasflasche,0.75,1,False,29.99,EUR,gross,0.0,29.99,39.99,39.99,29.99,39.99,,False,True,sparkling,,trocken,,,Frankreich,,,"Kategorien/Weinwelt/Weinart/Champagner, Sekt & Secco",,https://www.lidl.de/p/heidsieck-co-monopole-bronze-top-brut-champagner/p100370403,https://www.lidl.de/assets/gcp7c44a401860145dca1995917bd57763d.jpeg,2026-08-14T14:35:22.996877+00:00
lidl,Lidl,discounter,100391895,"GIULIO PASOTTI Chardonnay trocken, Weißwein",PASO,glass,Glasflasche,0.75,1,False,1.99,EUR,gross,0.0,1.99,2.65,2.65,1.99,2.65,,False,True,still,weiss,trocken,,,Italien,,Chardonnay,Kategorien/Weinwelt/Weinart/Rotwein,,https://www.lidl.de/p/giulio-pasotti-chardonnay-trocken-weisswein/p100391895,https://www.lidl.de/assets/gcp95ad2a1274eb4c538a635f9cc138ecc7.jpg,2026-08-14T14:35:22.997438+00:00
lidl,Lidl,discounter,100399502,"SANSIBAR DELUXE Syrah Garnacha Rotwein VdlT trocken, Rotwein 2023",SADE,unknown,unbekannt,0.75,1,False,9.99,EUR,gross,,,13.32,,9.99,13.32,,False,True,still,rot,trocken,,2023,Spanien,Kastilien,"Syrah, Garnacha",Kategorien/Weinwelt/Weinart/Rotwein,,https://www.lidl.de/p/sansibar-deluxe-syrah-garnacha-rotwein-vdlt-trocken-rotwein-2023/p100399502,https://www.lidl.de/assets/gcp05780e4a13d44aef99b068136c2eecd8.jpg,2026-08-14T14:35:22.997927+00:00
lidl,Lidl,discounter,100197421,"Rotwein lieblich, 1,5-l-Packung, Rotwein",DUMM,carton,Getränkekarton,1.5,1,False,1.99,EUR,gross,0.0,1.99,1.33,1.33,1.0,1.33,,False,True,still,rot,lieblich,,,,,,Kategorien/Weinwelt/Weinart/Rotwein,,https://www.lidl.de/p/rotwein-lieblich-1-5-l-packung-rotwein/p100197421,https://www.lidl.de/assets/gcp81dc48a936e444d8862cdb233184f045.jpg,2026-08-14T14:35:22.998574+00:00
lidl,Lidl,discounter,100354631,"Dornfelder im Barrique gereift Rheinhessen QbA trocken, Rotwein 2024",DUMM,glass,Glasflasche,0.75,1,False,3.99,EUR,gross,0.0,3.99,5.32,5.32,3.99,5.32,,False,True,still,rot,trocken,,2024,Deutschland,Rheinhessen,Dornfelder,Kategorien/Weinwelt/Weinart/Rotwein,,https://www.lidl.de/p/dornfelder-im-barrique-gereift-rheinhessen-qba-trocken-rotwein-2024/p100354631,https://www.lidl.de/assets/gcpd3aaed6e3bb840438082d826c1178a25.jpeg,2026-08-14T14:35:23.002581+00:00
lidl,Lidl,discounter,100228150,"Hessen Schöppche Apfelwein, Literflasche",DUYM,glass,Glasflasche,1.0,1,False,1.79,EUR,gross,0.0,1.79,1.79,1.79,1.34,1.79,,False,True,still,,,,,Deutschland,,,Kategorien/Weinwelt/Weinart/Weißwein,,https://www.lidl.de/p/hessen-schoeppche-apfelwein-literflasche/p100228150,https://www.lidl.de/assets/gcp43389d99ed8143a6ad64f53b5ba36c5f.jpg,2026-08-14T14:35:23.004947+00:00
lidl,Lidl,discounter,100176144,"Tempranillo Rosé, Literflasche, Roséwein",DUMM,glass,Glasflasche,1.0,1,False,1.99,EUR,gross,0.0,1.99,1.99,1.99,1.49,1.99,,False,True,still,rose,,,,Spanien,,Tempranillo,Kategorien/Weinwelt/Weinart/Roséwein,,https://www.lidl.de/p/tempranillo-rose-literflasche-rosewein/p100176144,https://www.lidl.de/assets/gcp2e0e067f08db4d8f9cd6115f53aaed90.jpg,2026-08-14T14:35:23.005383+00:00
lidl,Lidl,discounter,100384310,"BURG SCHÖNECK Sekt trocken, Schaumwein",BURS,glass,Glasflasche,0.75,1,False,2.99,EUR,gross,0.0,2.99,3.99,3.99,2.99,3.99,,False,True,sparkling,,trocken,,,,,,"Kategorien/Weinwelt/Weinart/Champagner, Sekt & Secco",,https://www.lidl.de/p/burg-schoeneck-sekt-trocken-schaumwein/p100384310,https://www.lidl.de/assets/gcp16df3799060849daab7527774d892403.jpg,2026-08-14T14:35:23.005816+00:00
lidl,Lidl,discounter,100161080,"Weinreben »Suffolk Red«, »Phoenix« und »Regent«, 3 Pflanzen in rot, weiß und blau, robust",DUMY,unknown,unbekannt,,1,False,39.99,EUR,gross,,,,,,,,False,True,still,rot,,,,,,Regent,Kategorien/Baumarkt/Garten & Grillen/Pflanzen/Obstpflanzen,,https://www.lidl.de/p/weinreben-suffolk-red-phoenix-und-regent-3-pflanzen-in-rot-weiss-und-blau-robust/p100161080,https://www.lidl.de/assets/fdaa2e506e26b4238041e18f1da6d0c7.jpeg,2026-08-14T14:35:23.007146+00:00
lidl,Lidl,discounter,100176166,"Le Rouge Aude IGP trocken, Literflasche, Rotwein",DUMM,glass,Glasflasche,1.0,1,False,2.19,EUR,gross,0.0,2.19,2.19,2.19,1.64,2.19,,False,True,still,rot,trocken,,,Frankreich,Languedoc,,Kategorien/Weinwelt/Weinart/Rotwein,,https://www.lidl.de/p/le-rouge-aude-igp-trocken-literflasche-rotwein/p100176166,https://www.lidl.de/assets/gcp0462eb8668b24df1a4421d04e84ea237.jpg,2026-08-14T14:35:23.008453+00:00
lidl,Lidl,discounter,100392306,"CORTE ALLE MURA Chianti Riserva DOCG trocken, Rotwein 2022",CTMU,glass,Glasflasche,0.75,1,False,9.99,EUR,gross,0.0,9.99,13.32,13.32,9.99,13.32,,False,True,still,rot,trocken,,2022,Italien,Toskana,Sangiovese,Kategorien/Weinwelt/Weinart/Rotwein,,https://www.lidl.de/p/corte-alle-mura-chianti-riserva-docg-trocken-rotwein-2022/p100392306,https://www.lidl.de/assets/gcp232baf84303344b8ab786af55fb2dd9f.jpg,2026-08-14T14:35:23.009059+00:00
lidl,Lidl,discounter,100359338,"ROTKÄPPCHEN Sekt trocken, Schaumwein",ROTK,glass,Glasflasche,0.75,1,False,4.99,EUR,gross,0.0,4.99,6.65,6.65,4.99,6.65,,False,True,sparkling,,trocken,,,,,,"Kategorien/Weinwelt/Weinart/Champagner, Sekt & Secco",,https://www.lidl.de/p/rotkaeppchen-sekt-trocken-schaumwein/p100359338,https://www.lidl.de/assets/gcp4e7b2156bbc546beac46a50da677b77d.jpeg,2026-08-14T14:35:23.010933+00:00
lidl,Lidl,discounter,100165467,"Weinreben-Sortiment, bestehend aus je 1 Pflanze Phönix ®, Regent ® und Lakemont kernlos ®",DUMY,unknown,unbekannt,,1,False,44.99,EUR,gross,,,,,,,,False,True,still,rot,,,,,,Regent,Kategorien/Baumarkt/Garten & Grillen/Pflanzen/Weitere Pflanzensortimente,,https://www.lidl.de/p/weinreben-sortiment-bestehend-aus-je-1-pflanze-phoenix-regent-und-lakemont-kernlos/p100165467,https://www.lidl.de/assets/28070eb4d011cbc2ff23688c41109aa5.jpeg,2026-08-14T14:35:23.014264+00:00
lidl,Lidl,discounter,100225466,"Bolyki 100% Egri Bikavér trocken, Rotwein 2022",DUMY,glass,Glasflasche,0.75,1,False,8.99,EUR,gross,0.0,8.99,11.99,11.99,8.99,11.99,,False,True,still,rot,trocken,0.0,2022,Ungarn,,"Merlot, Zweigelt",Kategorien/Weinwelt/Weinart/Rotwein,,https://www.lidl.de/p/bolyki-100-egri-bikaver-trocken-rotwein-2022/p100225466,https://www.lidl.de/assets/gcpcde9ff3963c34d9aa69bdec2a1ac3599.jpeg,2026-08-14T14:35:23.016087+00:00
lidl,Lidl,discounter,100176154,"ALLINI Hugo Bianco 6,9% Vol",ALIN,glass,Glasflasche,0.75,1,False,1.79,EUR,gross,0.0,1.79,2.39,2.39,1.79,2.39,,False,True,sparkling,weiss,lieblich,6.9,,Deutschland,,,"Kategorien/Weinwelt/Weinart/Champagner, Sekt & Secco",,https://www.lidl.de/p/allini-hugo-bianco-6-9-vol/p100176154,https://www.lidl.de/assets/gcp15a77857f81446f39ae53d29e6ed1d86.jpg,2026-08-14T14:35:23.020501+00:00
lidl,Lidl,discounter,100210120,"Königliche Mädchentraube Dunátúli Ungarn lieblich, Weißwein 2025",DUYM,unknown,unbekannt,0.75,1,False,2.49,EUR,gross,,,3.32,,2.49,3.32,,False,True,still,weiss,lieblich,,2025,Ungarn,,,Kategorien/Weinwelt/Weinart/Weißwein,,https://www.lidl.de/p/koenigliche-maedchentraube-dunatuli-ungarn-lieblich-weisswein-2025/p100210120,https://www.lidl.de/assets/gcpacb0247e8c1c4a619a2efecea1b3e73b.jpg,2026-08-14T14:35:23.023882+00:00
lidl,Lidl,discounter,100176159,"ALLINI Prosecco Treviso DOC Vino Frizzante trocken, Perlwein",ALIN,glass,Glasflasche,0.75,1,False,3.49,EUR,gross,0.0,3.49,4.65,4.65,3.49,4.65,,False,True,sparkling,,trocken,,,Italien,Venetien,,"Kategorien/Weinwelt/Weinart/Champagner, Sekt & Secco",,https://www.lidl.de/p/allini-prosecco-treviso-doc-vino-frizzante-trocken-perlwein/p100176159,https://www.lidl.de/assets/gcp44a3f13e0f2b4e6a8a5af2625d3665d1.jpg,2026-08-14T14:35:23.026457+00:00
lidl,Lidl,discounter,100176140,ALLINI Frizzante Hugo Rosé,ALIN,glass,Glasflasche,0.75,1,False,1.29,EUR,gross,0.0,1.29,1.72,1.72,1.29,1.72,,False,True,sparkling,rose,lieblich,,,Deutschland,,,"Kategorien/Weinwelt/Weinart/Champagner, Sekt & Secco",,https://www.lidl.de/p/allini-frizzante-hugo-rose/p100176140,https://www.lidl.de/assets/gcp77ef511efdc041b0bb3674409fb1388c.jpg,2026-08-14T14:35:23.033279+00:00
lidl,Lidl,discounter,100007694,"Brunello di Montalcino DOCG trocken, Rotwein 2020",DUMM,glass,Glasflasche,0.75,1,False,16.99,EUR,gross,0.0,16.99,22.65,22.65,16.99,22.65,,False,True,still,rot,trocken,,2020,Italien,Toskana,Sangiovese,Kategorien/Weinwelt/Weinart/Rotwein,,https://www.lidl.de/p/brunello-di-montalcino-docg-trocken-rotwein-2020/p100007694,https://www.lidl.de/assets/gcp5224c4f7b78244a5abc53897745e742a.jpg,2026-08-14T14:35:23.034294+00:00
lidl,Lidl,discounter,100075405,"Pinot Grigio Delle Venezie DOC trocken, Weißwein 2025",DUMM,glass,Glasflasche,0.75,1,False,2.69,EUR,gross,0.0,2.69,3.59,3.59,2.69,3.59,,False,True,still,weiss,trocken,,2025,Italien,Venetien,Pinot Grigio,Kategorien/Weinwelt/Weinart/Weißwein,,https://www.lidl.de/p/pinot-grigio-delle-venezie-doc-trocken-weisswein-2025/p100075405,https://www.lidl.de/assets/gcp177a5bc31357445d87eff6a643220ff2.jpg,2026-08-14T14:35:23.043492+00:00
lidl,Lidl,discounter,100066504,"Spätburgunder Weißherbst QbA halbtrocken, Roséwein",DUYM,glass,Glasflasche,0.75,1,False,2.29,EUR,gross,0.0,2.29,3.05,3.05,2.29,3.05,,False,True,still,rose,halbtrocken,,,Deutschland,Baden,Spätburgunder,Kategorien/Weinwelt/Weinart/Roséwein,,https://www.lidl.de/p/spaetburgunder-weissherbst-qba-halbtrocken-rosewein/p100066504,https://www.lidl.de/assets/gcp3a87300874744e04bfefc2bac22d1292.jpg,2026-08-14T14:35:23.044087+00:00
lidl,Lidl,discounter,100000271,"Edition Württemberg Schwarzriesling QbA lieblich, Literflasche, Rotwein 2023",DUYM,glass,Glasflasche,1.0,1,False,4.69,EUR,gross,0.0,4.69,4.69,4.69,3.52,4.69,,False,True,still,rot,halbtrocken,,2023,Deutschland,Wurttemberg,Schwarzriesling,Kategorien/Weinwelt/Weinart/Rotwein,,https://www.lidl.de/p/edition-wuerttemberg-schwarzriesling-qba-lieblich-literflasche-rotwein-2023/p100000271,https://www.lidl.de/assets/gcpb347df0fb8ed46c3a6752d51bd78a4fa.jpg,2026-08-14T14:35:23.044615+00:00
lidl,Lidl,discounter,100092393,"Edition Württemberg Riesling QbA feinherb, Literflasche, Weißwein 2024",DUYM,glass,Glasflasche,1.0,1,False,3.49,EUR,gross,0.0,3.49,3.49,3.49,2.62,3.49,,False,True,still,weiss,halbtrocken,,2024,Deutschland,Wurttemberg,Riesling,Kategorien/Weinwelt/Weinart/Weißwein,,https://www.lidl.de/p/edition-wuerttemberg-riesling-qba-feinherb-literflasche-weisswein-2024/p100092393,https://www.lidl.de/assets/gcpb08f10abfd7d44d68e22bd3f3783a52b.jpg,2026-08-14T14:35:23.047302+00:00
lidl,Lidl,discounter,100074269,"Cuvée Mosel QbA lieblich, Literflasche, Weißwein 2024",DUMM,glass,Glasflasche,1.0,1,False,2.49,EUR,gross,0.0,2.49,2.49,2.49,1.87,2.49,,False,True,still,weiss,lieblich,,2024,Deutschland,Mosel,,Kategorien/Weinwelt/Weinart/Weißwein,,https://www.lidl.de/p/cuvee-mosel-qba-lieblich-literflasche-weisswein-2024/p100074269,https://www.lidl.de/assets/gcpbbcc4d514aab406ebb59feb701355fe2.jpg,2026-08-14T14:35:23.048542+00:00
lidl,Lidl,discounter,100176182,"Grüner Veltliner Österreich trocken, Literflasche, Weißwein 2023",DUMM,glass,Glasflasche,1.0,1,False,2.79,EUR,gross,0.0,2.79,2.79,2.79,2.09,2.79,,False,True,still,weiss,trocken,,2023,Österreich,,Grüner Veltliner,Kategorien/Weinwelt/Weinart/Weißwein,,https://www.lidl.de/p/gruener-veltliner-oesterreich-trocken-literflasche-weisswein-2023/p100176182,https://www.lidl.de/assets/gcpc1967d3e6ba94a94b665d2083e57484f.jpg,2026-08-14T14:35:23.049159+00:00
lidl,Lidl,discounter,100193335,"Weinkenner by Pfaffl Johanna Cuvée trocken, Weißwein 2025",PFFF,glass,Glasflasche,0.75,1,False,6.39,EUR,gross,0.0,6.39,8.52,8.52,6.39,8.52,,False,True,still,weiss,trocken,,2025,,,,Kategorien/Weinwelt/Weinart/Weißwein,,https://www.lidl.de/p/weinkenner-by-pfaffl-johanna-cuvee-trocken-weisswein-2025/p100193335,https://www.lidl.de/assets/13d1d042abd051f736fdd8a434144a5e.jpeg,2026-08-14T14:35:23.053784+00:00
lidl,Lidl,discounter,100176163,"CIMAROSA Shiraz Australia trocken, Rotwein",CIMA,glass,Glasflasche,0.75,1,False,2.39,EUR,gross,0.0,2.39,3.19,3.19,2.39,3.19,,False,True,still,rot,trocken,,,Australien,,Shiraz,Kategorien/Weinwelt/Weinart/Rotwein,,https://www.lidl.de/p/cimarosa-shiraz-australia-trocken-rotwein/p100176163,https://www.lidl.de/assets/gcpabb9a1580103470f90fa8df08c595fe2.jpg,2026-08-14T14:35:23.054869+00:00
lidl,Lidl,discounter,100180731,"Merlot Veneto IGP trocken, Rotwein",DUMM,glass,Glasflasche,0.75,1,False,1.99,EUR,gross,0.0,1.99,2.65,2.65,1.99,2.65,,False,True,still,rot,trocken,,,Italien,Venetien,Merlot,Kategorien/Weinwelt/Weinart/Rotwein,,https://www.lidl.de/p/merlot-veneto-igp-trocken-rotwein/p100180731,https://www.lidl.de/assets/gcpcefe04d809fd4a729f557deee5fc51b5.jpeg,2026-08-14T14:35:23.058548+00:00
lidl,Lidl,discounter,100161286,"La Croix des Célestins Brouilly AOP trocken, Rotwein 2022",DUMM,glass,Glasflasche,0.75,1,False,8.99,EUR,gross,0.0,8.99,11.99,11.99,8.99,11.99,,False,True,still,rot,trocken,,2022,Frankreich,Burgund,,Kategorien/Weinwelt/Weinart/Rotwein,,https://www.lidl.de/p/la-croix-des-celestins-brouilly-aop-trocken-rotwein-2022/p100161286,https://www.lidl.de/assets/7022c26d1ab8275edc10af263b2a44dc.jpeg,2026-08-14T14:35:23.061760+00:00
lidl,Lidl,discounter,100200670,"MOËT & CHANDON Rosé Imperial brut, Champagner",MOET,glass,Glasflasche,0.75,1,False,59.99,EUR,gross,0.0,59.99,79.99,79.99,59.99,79.99,,False,True,sparkling,rose,trocken,,,Frankreich,,,"Kategorien/Weinwelt/Weinart/Champagner, Sekt & Secco",,https://www.lidl.de/p/moet-chandon-rose-imperial-brut-champagner/p100200670,https://www.lidl.de/assets/gcpbe498a6ba5c34413980a0c16a0bd9b6a.jpg,2026-08-14T14:35:23.066968+00:00
lidl,Lidl,discounter,100192026,"GUARINI C'era una volta Moscato Provincia di Pavia IGT süß, Weißwein",GRGA,glass,Glasflasche,0.75,1,False,6.99,EUR,gross,0.0,6.99,9.32,9.32,6.99,9.32,,False,True,still,weiss,suess,,,Italien,,,Kategorien/Weinwelt/Weinart/Weißwein,,https://www.lidl.de/p/guarini-c-era-una-volta-moscato-provincia-di-pavia-igt-suess-weisswein/p100192026,https://www.lidl.de/assets/8b7cad1b7772c4985215301e45b2d3eb.jpeg,2026-08-14T14:35:23.067552+00:00
lidl,Lidl,discounter,100238786,"Breisgauer Spätburgunder QbA halbtrocken, Literflasche, Rotwein 2024",DUYM,glass,Glasflasche,1.0,1,False,3.79,EUR,gross,0.0,3.79,3.79,3.79,2.84,3.79,,False,True,still,rot,halbtrocken,,2024,Deutschland,Baden,Spätburgunder,Kategorien/Weinwelt/Weinart/Rotwein,,https://www.lidl.de/p/breisgauer-spaetburgunder-qba-halbtrocken-literflasche-rotwein-2024/p100238786,https://www.lidl.de/assets/gcp074b6a00601c47d5853c9247a8f5bcdd.jpg,2026-08-14T14:35:23.077392+00:00
lidl,Lidl,discounter,100219176,"SCHAUBECK 1272 Spätburgunder Rosé Württemberg trocken, Roséwein 2025",SCCK,glass,Glasflasche,0.75,1,False,3.99,EUR,gross,0.0,3.99,5.32,5.32,3.99,5.32,,False,True,still,rose,halbtrocken,,2025,Deutschland,Wurttemberg,Spätburgunder,Kategorien/Weinwelt/Weinart/Roséwein,,https://www.lidl.de/p/schaubeck-1272-spaetburgunder-rose-wuerttemberg-trocken-rosewein-2025/p100219176,https://www.lidl.de/assets/gcp88962aeaad8041748453ff537dfb18b2.jpg,2026-08-14T14:35:23.079411+00:00
lidl,Lidl,discounter,100219175,"SCHAUBECK 1272 Grauburgunder Württemberg QbA trocken, Weißwein 2023",SCCK,glass,Glasflasche,0.75,1,False,3.99,EUR,gross,0.0,3.99,5.32,5.32,3.99,5.32,,False,True,still,weiss,trocken,,2023,Deutschland,Wurttemberg,Grauburgunder,Kategorien/Weinwelt/Weinart/Weißwein,,https://www.lidl.de/p/schaubeck-1272-grauburgunder-wuerttemberg-qba-trocken-weisswein-2023/p100219175,https://www.lidl.de/assets/6c1397728d69cdbf1ad4888723525b60.jpeg,2026-08-14T14:35:23.085221+00:00
lidl,Lidl,discounter,100255256,"Silvaner Nahe QbA halbtrocken, Weißwein 2024",DUMM,unknown,unbekannt,0.75,1,False,4.99,EUR,gross,,,6.65,,4.99,6.65,,False,True,still,weiss,halbtrocken,,2024,Deutschland,Nahe,Silvaner,Kategorien/Weinwelt/Weinart/Weißwein,,https://www.lidl.de/p/silvaner-nahe-qba-halbtrocken-weisswein-2024/p100255256,https://www.lidl.de/assets/gcpbdb2a6a7ba4c4bc19046dad0157ce75e.jpg,2026-08-14T14:35:23.088479+00:00
lidl,Lidl,discounter,100219966,"ALLINI Frizzante Hugo Mango, prickelnd",ALIN,glass,Glasflasche,0.75,1,False,1.49,EUR,gross,0.0,1.49,1.99,1.99,1.49,1.99,,False,True,sparkling,,,,,Deutschland,,,"Kategorien/Weinwelt/Weinart/Champagner, Sekt & Secco",,https://www.lidl.de/p/allini-frizzante-hugo-mango-prickelnd/p100219966,https://www.lidl.de/assets/gcpf75510951ab1487aa136a4f7bfea2f44.jpg,2026-08-14T14:35:23.097378+00:00
lidl,Lidl,discounter,100266711,"CHÂTEAU LAGRANGE Montagne Saint-Émilion AOP, Rotwein 2022",CHLA,unknown,unbekannt,0.75,1,False,7.99,EUR,gross,,,10.65,,7.99,10.65,,False,True,still,rot,trocken,,2022,Frankreich,Bordeaux,,Kategorien/Weinwelt/Weinart/Rotwein,,https://www.lidl.de/p/chateau-lagrange-montagne-saint-emilion-aop-rotwein-2022/p100266711,https://www.lidl.de/assets/gcpf0f15b16c79f462cb3c145a0440d722d.jpg,2026-08-14T14:35:23.097848+00:00
lidl,Lidl,discounter,100255273,"Rivaner Rheinhessen QbA halbtrocken, Weißwein 2024",DUMM,glass,Glasflasche,0.75,1,False,4.99,EUR,gross,0.0,4.99,6.65,6.65,4.99,6.65,,False,True,still,weiss,halbtrocken,,2024,Deutschland,Rheinhessen,,Kategorien/Weinwelt/Weinart/Weißwein,,https://www.lidl.de/p/rivaner-rheinhessen-qba-halbtrocken-weisswein-2024/p100255273,https://www.lidl.de/assets/gcp074147f8baf641feaed8e948d825cdef.jpg,2026-08-14T14:35:23.109595+00:00
lidl,Lidl,discounter,100239551,"Bonaga Lambrusco Salamino di Santa Croce DOC lieblich, Perlwein 2024",DUMM,glass,Glasflasche,0.75,1,False,2.49,EUR,gross,0.0,2.49,3.32,3.32,2.49,3.32,,False,True,sparkling,,lieblich,,2024,Italien,,,"Kategorien/Weinwelt/Weinart/Champagner, Sekt & Secco",,https://www.lidl.de/p/bonaga-lambrusco-salamino-di-santa-croce-doc-lieblich-perlwein-2024/p100239551,https://www.lidl.de/assets/gcpc3e004fb4d1e41aa9f3188539941cc83.jpg,2026-08-14T14:35:23.112126+00:00
lidl,Lidl,discounter,100224621,"BONOT PÉRE & FILS Crémant de Bourgogne Prestige AOC brut rosé, Schaumwein",BOPE,glass,Glasflasche,0.75,1,False,11.99,EUR,gross,0.0,11.99,15.99,15.99,11.99,15.99,,False,True,sparkling,rose,trocken,,,Frankreich,Burgund,,"Kategorien/Weinwelt/Weinart/Champagner, Sekt & Secco",,https://www.lidl.de/p/bonot-pere-fils-cremant-de-bourgogne-prestige-aoc-brut-rose-schaumwein/p100224621,https://www.lidl.de/assets/gcp9434869e66f240f38893a2e1e9dee984.jpg,2026-08-14T14:35:23.124603+00:00
lidl,Lidl,discounter,100316851,"CIMAROSA Sauvignon Blanc Marlborough trocken, Weißwein 2025",CIMA,unknown,unbekannt,0.75,1,False,4.49,EUR,gross,,,5.99,,4.49,5.99,,False,True,still,weiss,trocken,,2025,Neuseeland,,Sauvignon Blanc,Kategorien/Weinwelt/Weinart/Weißwein,,https://www.lidl.de/p/cimarosa-sauvignon-blanc-marlborough-trocken-weisswein-2025/p100316851,https://www.lidl.de/assets/gcp4f8b883054174df19221432ac157b4a0.jpg,2026-08-14T14:35:23.142275+00:00
lidl,Lidl,discounter,100284639,"Chablis AOP trocken, Weißwein 2025",DUMM,glass,Glasflasche,0.75,1,False,14.99,EUR,gross,0.0,14.99,19.99,19.99,14.99,19.99,,False,True,still,weiss,trocken,,2025,Frankreich,Burgund,Chardonnay,Kategorien/Weinwelt/Weinart/Weißwein,,https://www.lidl.de/p/chablis-aop-trocken-weisswein-2025/p100284639,https://www.lidl.de/assets/gcpca3e64ceac94468199c6f388dacaf6bb.jpg,2026-08-14T14:35:23.144704+00:00
lidl,Lidl,discounter,100316130,"WINZERGENOSSENSCHAFT ACHKARREN Grauburgunder Kaiserstuhl QbA trocken, Literflasche, Weißwein 2025",WIGE,glass,Glasflasche,1.0,1,False,6.9,EUR,gross,0.0,6.9,6.9,6.9,5.18,6.9,,False,True,still,weiss,trocken,,2025,Deutschland,Baden,Grauburgunder,Kategorien/Weinwelt/Weinart/Weißwein,,https://www.lidl.de/p/winzergenossenschaft-achkarren-grauburgunder-kaiserstuhl-qba-trocken-literflasche-weisswein-2025/p100316130,https://www.lidl.de/assets/2830f7cf8d686881bc9b3a6de6796215.jpeg,2026-08-14T14:35:23.156896+00:00
lidl,Lidl,discounter,100301226,"Weinkenner by Pfaffl Edmund & Toni Gemischter Satz trocken, Weißwein 2024",PFFF,glass,Glasflasche,0.75,1,False,6.49,EUR,gross,0.0,6.49,8.65,8.65,6.49,8.65,,False,True,still,weiss,trocken,,2024,,,,Kategorien/Weinwelt/Weinart/Weißwein,,https://www.lidl.de/p/weinkenner-by-pfaffl-edmund-toni-gemischter-satz-trocken-weisswein-2024/p100301226,https://www.lidl.de/assets/gcpcc01923b52304482b0cd19e1521fb3ad.jpeg,2026-08-14T14:35:23.172061+00:00
lidl,Lidl,discounter,100355617,"Rheinhessen Wine Lovers Traumpaar Weissburgunder/Grauburgunder trocken, Weißwein 2024",DUMM,glass,Glasflasche,0.75,1,False,4.99,EUR,gross,0.0,4.99,6.65,6.65,4.99,6.65,,False,True,still,weiss,trocken,,2024,Deutschland,Rheinhessen,"Weißburgunder, Grauburgunder",Kategorien/Weinwelt/Weinart/Weißwein,,https://www.lidl.de/p/rheinhessen-wine-lovers-traumpaar-weissburgunder-grauburgunder-trocken-weisswein-2024/p100355617,https://www.lidl.de/assets/gcpa56d3f83704c46a589ad683049db0281.jpg,2026-08-14T14:35:23.213563+00:00
lidl,Lidl,discounter,100359295,"ROTKÄPPCHEN Sekt halbtrocken, Schaumwein",ROTK,glass,Glasflasche,0.75,1,False,4.99,EUR,gross,0.0,4.99,6.65,6.65,4.99,6.65,,False,True,sparkling,,halbtrocken,,,,,,"Kategorien/Weinwelt/Weinart/Champagner, Sekt & Secco",,https://www.lidl.de/p/rotkaeppchen-sekt-halbtrocken-schaumwein/p100359295,https://www.lidl.de/assets/gcpdbb6f8ef9ac94210a8f03f8e13a1ed45.jpeg,2026-08-14T14:35:23.214089+00:00
lidl,Lidl,discounter,100359099,"ROMANETTI Aperitivo Bianco 14,4 % Vol",ROMA,glass,Glasflasche,1.0,1,False,3.99,EUR,gross,0.0,3.99,3.99,3.99,2.99,3.99,,False,True,still,weiss,,14.4,,Italien,,,Kategorien/Weinwelt/Weinart/Weißwein,,https://www.lidl.de/p/romanetti-aperitivo-bianco-14-4-vol/p100359099,https://www.lidl.de/assets/gcp8ad01e67889d4e6fb050d1ba621a0a94.jpeg,2026-08-14T14:35:23.215435+00:00
lidl,Lidl,discounter,100345120,"Pannonia Exclusiv Zweigelt No.1 halbtrocken, Rotwein",DUMY,glass,Glasflasche,0.75,1,False,2.99,EUR,gross,0.0,2.99,3.99,3.99,2.99,3.99,,False,True,still,rot,halbtrocken,,,Österreich,,Zweigelt,Kategorien/Weinwelt/Weinart/Rotwein,,https://www.lidl.de/p/pannonia-exclusiv-zweigelt-no-1-halbtrocken-rotwein/p100345120,https://www.lidl.de/assets/gcp1f2e655859464b1ca64530c4b6ae73b7.jpeg,2026-08-14T14:35:23.218196+00:00
lidl,Lidl,discounter,100359286,"ROTKÄPPCHEN Sekt Rosé trocken, Schaumwein",ROTK,glass,Glasflasche,0.75,1,False,4.99,EUR,gross,0.0,4.99,6.65,6.65,4.99,6.65,,False,True,sparkling,rose,trocken,,,,,,"Kategorien/Weinwelt/Weinart/Champagner, Sekt & Secco",,https://www.lidl.de/p/rotkaeppchen-sekt-rose-trocken-schaumwein/p100359286,https://www.lidl.de/assets/gcp9b2c3730df9a4a5b9b1f42d1fe873f5e.jpeg,2026-08-14T14:35:23.219033+00:00
lidl,Lidl,discounter,100360514,"Barrel Smugglers Cabernet Sauvignon Mendoza trocken, Rotwein 2021",DUMM,keg,Fass,0.75,1,False,6.99,EUR,gross,0.0,6.99,9.32,9.32,6.99,9.32,,False,True,still,rot,trocken,,2021,Argentinien,,Cabernet Sauvignon,Kategorien/Weinwelt/Weinart/Rotwein,,https://www.lidl.de/p/barrel-smugglers-cabernet-sauvignon-mendoza-trocken-rotwein-2021/p100360514,https://www.lidl.de/assets/gcpf255310a22694cc8b87cd8ab5d81a9cc.jpg,2026-08-14T14:35:23.219684+00:00
lidl,Lidl,discounter,100334792,"CASCINA BERTOLA Moscato d' Asti DOCG süß, Weißwein 2022",BERS,glass,Glasflasche,0.75,1,False,9.99,EUR,gross,0.0,9.99,13.32,13.32,9.99,13.32,,False,True,still,weiss,suess,,2022,Italien,Piemont,,"Kategorien/Weinwelt/Weinart/Champagner, Sekt & Secco",,https://www.lidl.de/p/cascina-bertola-moscato-d-asti-docg-suess-weisswein-2022/p100334792,https://www.lidl.de/assets/ba4a524fb29bf7e1e580424adce8115d.jpeg,2026-08-14T14:35:23.248345+00:00
lidl,Lidl,discounter,100354308,"BISSINGER Grand Prestige Premium Cuvée brut, Champagner",BISI,glass,Glasflasche,0.75,1,False,27.99,EUR,gross,0.0,27.99,37.32,37.32,27.99,37.32,,False,True,sparkling,,trocken,,,Frankreich,,,"Kategorien/Weinwelt/Weinart/Champagner, Sekt & Secco",,https://www.lidl.de/p/bissinger-grand-prestige-premium-cuvee-brut-champagner/p100354308,https://www.lidl.de/assets/gcp124dc4da530941f5ab15dd5919b5ae46.jpeg,2026-08-14T14:35:23.250191+00:00
lidl,Lidl,discounter,100326134,"LOUIS ROEDERER Cristal brut, Champagner 2015",LORO,glass,Glasflasche,0.75,1,False,239.0,EUR,gross,0.0,239.0,318.67,318.67,239.0,318.67,,False,True,sparkling,weiss,trocken,,2015,Frankreich,,"Pinot Noir, Chardonnay","Kategorien/Weinwelt/Weinart/Champagner, Sekt & Secco",,https://www.lidl.de/p/louis-roederer-cristal-brut-champagner-2015/p100326134,https://www.lidl.de/assets/gcpab8b29777e3046e6a7b9ddb44ed1f661.jpeg,2026-08-14T14:35:23.266019+00:00
lidl,Lidl,discounter,100384352,"Müller-Thurgau Baden QbA halbtrocken, Weißwein 2025",DUMM,glass,Glasflasche,1.0,1,False,2.59,EUR,gross,0.0,2.59,2.59,2.59,1.94,2.59,,False,True,still,weiss,halbtrocken,,2025,Deutschland,Baden,Müller-Thurgau,Kategorien/Weinwelt/Weinart/Weißwein,,https://www.lidl.de/p/mueller-thurgau-baden-qba-halbtrocken-weisswein-2025/p100384352,https://www.lidl.de/assets/gcp2e812c644d1d4728be136e372af5fc4f.jpg,2026-08-14T14:35:23.276164+00:00
lidl,Lidl,discounter,100384375,"Müller-Thurgau Franken QbA halbtrocken, Literflasche, Weißwein 2023",DUMM,glass,Glasflasche,1.0,1,False,3.49,EUR,gross,0.0,3.49,3.49,3.49,2.62,3.49,,False,True,still,weiss,halbtrocken,,2023,Deutschland,Franken,Müller-Thurgau,Kategorien/Weinwelt/Weinart/Weißwein,,https://www.lidl.de/p/mueller-thurgau-franken-qba-halbtrocken-literflasche-weisswein-2023/p100384375,https://www.lidl.de/assets/gcp1dbf560f6e1d4fbba3ff77343e8f3b83.jpg,2026-08-14T14:35:23.277689+00:00
lidl,Lidl,discounter,100385175,"Airén Spanien halbtrocken, Literflasche, Weißwein",DUMM,glass,Glasflasche,1.0,1,False,1.99,EUR,gross,0.0,1.99,1.99,1.99,1.49,1.99,,False,True,still,weiss,halbtrocken,,,Spanien,,Airén,Kategorien/Weinwelt/Weinart/Weißwein,,https://www.lidl.de/p/airen-spanien-halbtrocken-literflasche-weisswein/p100385175,https://www.lidl.de/assets/gcpaa640607010f4bc38041002bd621baa2.jpg,2026-08-14T14:35:23.278127+00:00
lidl,Lidl,discounter,100385218,"Vino Tinto Tempranillo Spanien lieblich, Literflasche, Rotwein",DUMM,glass,Glasflasche,1.0,1,False,1.99,EUR,gross,0.0,1.99,1.99,1.99,1.49,1.99,,False,True,still,rot,lieblich,,,Spanien,,Tempranillo,Kategorien/Weinwelt/Weinart/Rotwein,,https://www.lidl.de/p/vino-tinto-tempranillo-spanien-lieblich-literflasche-rotwein/p100385218,https://www.lidl.de/assets/gcp34d0cd72f6b64a6fa7ec69af5c5b01f7.jpg,2026-08-14T14:35:23.278519+00:00
lidl,Lidl,discounter,100396752,"TORRE DE FERRO Dão DOC Reserva trocken Magnum, Rotwein 2022",TOFE,glass,Glasflasche,1.5,1,False,12.99,EUR,gross,0.0,12.99,8.66,8.66,6.5,8.66,,False,True,still,rot,trocken,,2022,Portugal,,,Kategorien/Weinwelt/Weinart/Rotwein,,https://www.lidl.de/p/torre-de-ferro-dao-doc-reserva-trocken-magnum-rotwein-2022/p100396752,https://www.lidl.de/assets/gcp54c83ace406d489791b28d757e4ea1c5.jpg,2026-08-14T14:35:23.280014+00:00
lidl,Lidl,discounter,100409552,"BREATH OF PARADISE Côtes de Provence AOP trocken Magnum, Roséwein 2024",APAR,glass,Glasflasche,1.5,1,False,11.99,EUR,gross,0.0,11.99,7.99,7.99,5.99,7.99,,False,True,still,rose,trocken,,2024,Frankreich,Provence,,Kategorien/Weinwelt/Weinart/Roséwein,,https://www.lidl.de/p/breath-of-paradise-cotes-de-provence-aop-trocken-magnum-rosewein-2024/p100409552,https://www.lidl.de/assets/gcp6771423f8b5a4754bfb58165dfb30e65.jpg,2026-08-14T14:35:23.281262+00:00
metro,METRO Deutschland,cash_and_carry,BTY-X3191220032,Claus Jacob Grauburgunder Qualitätswein Weißwein trocken - 5 l Bag-in-Box,CLAUS JACOB,bag_in_box,Bag-in-Box,5.0,1,False,16.79,EUR,net,0.0,16.79,3.36,3.36,2.52,,,False,,still,weiss,trocken,,,Deutschland,Pfalz,Grauburgunder,Food / Wein / Weißwein / Weißwein Deutschland / Weißwein Pfalz,bag in box,https://produkte.metro.de/shop/pv/BTY-X319122,https://cdn.metro-group.com/de/de_pim_319080001001_01.png?format=jpg&quality=80&dpi=72,2026-08-14T14:35:23.297841+00:00
metro,METRO Deutschland,cash_and_carry,BTY-X3936210032,La Sastreria Tinto Rotwein BIB - 5 l Bag-In-Box,LA SASTRERIA,bag_in_box,Bag-in-Box,5.0,1,False,16.79,EUR,net,0.0,16.79,3.36,3.36,2.52,,,False,,still,rose,,,,Spanien,,Garnacha,Food / Wein / Rotwein / Rotwein Spanien / Rotwein Aragon,"bag in box, bib",https://produkte.metro.de/shop/pv/BTY-X393621,https://cdn.metro-group.com/de/de_pim_393579001001_02.png?format=jpg&quality=80&dpi=72,2026-08-14T14:35:23.298857+00:00
metro,METRO Deutschland,cash_and_carry,BTY-X2153870032,Cerro de La Cruz Rotwein trocken - 10 l Bag-in-Box,CERRO DE LA CRUZ,bag_in_box,Bag-in-Box,10.0,1,False,14.19,EUR,net,0.0,14.19,1.42,1.42,1.06,,,False,,still,rot,trocken,,,,,,Food / Wein / Rotwein,bag in box,https://produkte.metro.de/shop/pv/BTY-X215387,https://cdn.metro-group.com/de/de_pim_215345001001_01.png?format=jpg&quality=80&dpi=72,2026-08-14T14:35:23.300030+00:00
metro,METRO Deutschland,cash_and_carry,BTY-X3257540032,"Soprano Primitivo Bag in Box Rotwein trocken - 5,00 l Packung",SOPRANO,bag_in_box,Bag-in-Box,5.0,1,False,15.99,EUR,net,0.0,15.99,3.2,3.2,2.4,,,False,,still,rot,trocken,,,,,Primitivo,Food / Wein / Rotwein,bag in box,https://produkte.metro.de/shop/pv/BTY-X325754,https://cdn.metro-group.com/de/de_pim_325712001001_01.png?format=jpg&quality=80&dpi=72,2026-08-14T14:35:23.300555+00:00
metro,METRO Deutschland,cash_and_carry,BTY-X3936200032,La Sastreria Garnacha Blanca BIB Weißwein trocken - 5 l Bag-In-Box,LA SASTRERIA,bag_in_box,Bag-in-Box,5.0,1,False,16.79,EUR,net,0.0,16.79,3.36,3.36,2.52,,,False,,still,rose,trocken,,,Spanien,,Garnacha,Food / Wein / Weißwein,"bag in box, bib",https://produkte.metro.de/shop/pv/BTY-X393620,https://cdn.metro-group.com/de/de_pim_393578001001_04.png?format=jpg&quality=80&dpi=72,2026-08-14T14:35:23.301309+00:00
metro,METRO Deutschland,cash_and_carry,BTY-X2153910032,Cerro de La Cruz De La Cruz Weißwein trocken - 10 l Bag-in-Box,CERRO DE LA CRUZ,bag_in_box,Bag-in-Box,10.0,1,False,14.19,EUR,net,0.0,14.19,1.42,1.42,1.06,,,False,,still,weiss,trocken,,,,,,Food / Wein / Weißwein,bag in box,https://produkte.metro.de/shop/pv/BTY-X215391,https://cdn.metro-group.com/de/de_pim_215349001001_03.png?format=jpg&quality=80&dpi=72,2026-08-14T14:35:23.302288+00:00
metro,METRO Deutschland,cash_and_carry,BTY-X1703000032,I Muri Primitivo Puglia Rotwein IGP italienischer Landwein - 5 l Bag-In-Box,I MURI,bag_in_box,Bag-in-Box,5.0,1,False,22.69,EUR,net,0.0,22.69,4.54,4.54,3.41,,,False,,still,rot,,,,Italien,Puglia,Primitivo,Food / Wein / Rotwein / Rotwein Italien,bag in box,https://produkte.metro.de/shop/pv/BTY-X170300,https://cdn.metro-group.com/de/de_pim_170258001001_01.png?format=jpg&quality=80&dpi=72,2026-08-14T14:35:23.302916+00:00
metro,METRO Deutschland,cash_and_carry,BTY-X709040032,Beau de France Bag in Box Merlot Rotwein - 5 l Packung,BEAU DE FRANCE,bag_in_box,Bag-in-Box,5.0,1,False,13.99,EUR,net,0.0,13.99,2.8,2.8,2.1,,,False,,still,rot,,,,Frankreich,,Merlot,Food / Wein / Rotwein,bag in box,https://produkte.metro.de/shop/pv/BTY-X70904,https://cdn.metro-group.com/de/de_pim_70862001001_01.png?format=jpg&quality=80&dpi=72,2026-08-14T14:35:23.303686+00:00
metro,METRO Deutschland,cash_and_carry,BTY-X3921010032,Batuta Macabeo & Sauvignon Blanc Bag-in-Box Weißwein trocken - 5 l Packung,BATUTA,bag_in_box,Bag-in-Box,5.0,1,False,11.99,EUR,net,0.0,11.99,2.4,2.4,1.8,,,False,,still,weiss,trocken,,,,,Sauvignon Blanc,Food / Wein / Weißwein,bag in box,https://produkte.metro.de/shop/pv/BTY-X392101,https://cdn.metro-group.com/de/de_pim_392059001001_01.png?format=jpg&quality=80&dpi=72,2026-08-14T14:35:23.304082+00:00
metro,METRO Deutschland,cash_and_carry,BTY-X3907840032,Maybach QbA Riesling Bag-in-Box Weißwein trocken - 3 l Box,MAYBACH,bag_in_box,Bag-in-Box,3.0,1,False,8.99,EUR,net,0.0,8.99,3.0,3.0,2.25,,,False,,still,weiss,trocken,,,,,Riesling,Food / Wein / Weißwein / Weißwein Deutschland / Weißwein Pfalz,bag in box,https://produkte.metro.de/shop/pv/BTY-X390784,https://cdn.metro-group.com/de/de_pim_390742001001_04.png?format=jpg&quality=80&dpi=72,2026-08-14T14:35:23.304837+00:00
metro,METRO Deutschland,cash_and_carry,BTY-X708910032,"Ca' Ernesto Bag In Box Pinot Grigio Delle Venezie IGT Weißwein trocken - 5,00 l Packung",CA' ERNESTO,bag_in_box,Bag-in-Box,5.0,1,False,17.59,EUR,net,0.0,17.59,3.52,3.52,2.64,,,False,,still,weiss,trocken,,,,,Pinot Grigio,Food / Wein / Weißwein,bag in box,https://produkte.metro.de/shop/pv/BTY-X70891,https://cdn.metro-group.com/de/de_pim_70849001001_03.png?format=jpg&quality=80&dpi=72,2026-08-14T14:35:23.305540+00:00
metro,METRO Deutschland,cash_and_carry,BTY-X2278890032,Hüttenglut Glühwein BIB - 10 l Box,HÜTTENGLUT,bag_in_box,Bag-in-Box,10.0,1,False,12.29,EUR,net,0.0,12.29,1.23,1.23,0.92,,,False,,gluehwein,,,,,,,,Food / Wein / Rotwein / Rotwein Deutschland,"bag in box, bib",https://produkte.metro.de/shop/pv/BTY-X227889,https://cdn.metro-group.com/de/de_pim_227847001001_01.png?format=jpg&quality=80&dpi=72,2026-08-14T14:35:23.306192+00:00
metro,METRO Deutschland,cash_and_carry,BTY-X709200032,Beau de France Chardonnay Weißwein trocken BIB - 5 l Packung,BEAU DE FRANCE,bag_in_box,Bag-in-Box,5.0,1,False,13.99,EUR,net,0.0,13.99,2.8,2.8,2.1,,,False,,still,weiss,trocken,,,Frankreich,,Chardonnay,Food / Wein / Weißwein,"bag in box, bib",https://produkte.metro.de/shop/pv/BTY-X70920,https://cdn.metro-group.com/de/de_pim_70878001001_01.png?format=jpg&quality=80&dpi=72,2026-08-14T14:35:23.307321+00:00
metro,METRO Deutschland,cash_and_carry,BTY-X3712240032,"Casalina Di Siziano Grillo Scilia DOC BIB Weißwein trocken - 5,00 l Packung",CASALINA DI SIZIANO,bag_in_box,Bag-in-Box,5.0,1,False,11.99,EUR,net,0.0,11.99,2.4,2.4,1.8,,,False,,still,weiss,trocken,,,,,,Food / Wein / Weißwein,bib,https://produkte.metro.de/shop/pv/BTY-X371224,https://cdn.metro-group.com/de/de_pim_371182001001_03.png?format=jpg&quality=80&dpi=72,2026-08-14T14:35:23.307853+00:00
metro,METRO Deutschland,cash_and_carry,BTY-X3159630032,Primo Primitivo Rotwein - 5 l Packung,PRIMO,bag_in_box,Bag-in-Box,5.0,1,False,26.99,EUR,net,0.0,26.99,5.4,5.4,4.05,,,False,,still,rot,,,,Italien,Apulien,Primitivo,Food / Wein / Rotwein,"bag in box, bib",https://produkte.metro.de/shop/pv/BTY-X315963,https://cdn.metro-group.com/de/de_pim_315921001001_01.png?format=jpg&quality=80&dpi=72,2026-08-14T14:35:23.308465+00:00
metro,METRO Deutschland,cash_and_carry,BTY-X3710180032,"Casalina Di Siziano Nero D`Avola Rosato DOC BIB Roséwein trocken - 5,00 l Packung",CASALINA DI SIZIANO,bag_in_box,Bag-in-Box,5.0,1,False,11.99,EUR,net,0.0,11.99,2.4,2.4,1.8,,,False,,still,rose,trocken,,,,,,Food / Wein / Roséwein / Roséwein Italien / Roséwein Sizilien,"bag in box, bib",https://produkte.metro.de/shop/pv/BTY-X371018,https://cdn.metro-group.com/de/de_pim_370976001001_01.png?format=jpg&quality=80&dpi=72,2026-08-14T14:35:23.309158+00:00
metro,METRO Deutschland,cash_and_carry,BTY-X3616380032,Grand Sud Merlot Bag in Box - 5 l BIB,GRAND SUD,bag_in_box,Bag-in-Box,5.0,1,False,15.99,EUR,net,0.0,15.99,3.2,3.2,2.4,,,False,,still,rot,,,,,,Merlot,Food / Wein / Rotwein,"bag in box, bib",https://produkte.metro.de/shop/pv/BTY-X361638,https://cdn.metro-group.com/de/de_pim_361596001001_01.png?format=jpg&quality=80&dpi=72,2026-08-14T14:35:23.309747+00:00
metro,METRO Deutschland,cash_and_carry,BTY-X3159590032,Il Passo Puglia Primitivo Rotwein trocken - 5 l Packung,IL PASSO,bag_in_box,Bag-in-Box,5.0,1,False,24.99,EUR,net,0.0,24.99,5.0,5.0,3.75,,,False,,still,rot,trocken,,,Italien,Apulien,Primitivo,Food / Wein / Rotwein,"bag in box, bib",https://produkte.metro.de/shop/pv/BTY-X315959,https://cdn.metro-group.com/de/de_pim_315917001001_01.png?format=jpg&quality=80&dpi=72,2026-08-14T14:35:23.310344+00:00
metro,METRO Deutschland,cash_and_carry,BTY-X3905930032,Il Passo Rosato Rosewein BIB - 5 l Packung,IL PASSO,bag_in_box,Bag-in-Box,5.0,1,False,24.99,EUR,net,0.0,24.99,5.0,5.0,3.75,,,False,,still,rose,,,,Italien,Apulien,,Food / Wein / Roséwein,bib,https://produkte.metro.de/shop/pv/BTY-X390593,https://cdn.metro-group.com/de/de_pim_390551001001_01.png?format=jpg&quality=80&dpi=72,2026-08-14T14:35:23.311220+00:00
metro,METRO Deutschland,cash_and_carry,BTY-X3010150032,Sassopiano Montepulciano d ' Abruzzo Rotwein trocken - 1 x 5 l Packung,SASSOPIANO,bag_in_box,Bag-in-Box,5.0,1,False,19.99,EUR,net,0.0,19.99,4.0,4.0,3.0,,,False,,still,rot,trocken,,,Italien,,Montepulciano,Food / Wein / Rotwein,bag in box,https://produkte.metro.de/shop/pv/BTY-X301015,https://cdn.metro-group.com/de/de_pim_300973001001_01.png?format=jpg&quality=80&dpi=72,2026-08-14T14:35:23.311885+00:00
metro,METRO Deutschland,cash_and_carry,BTY-X6934430032,Valdo Prosecco Valdobbiadene Superiore D.O.C.G. Marca Oro 3 l Flasche,VALDO,glass,Glasflasche,3.0,1,False,42.99,EUR,net,0.0,42.99,14.33,14.33,10.75,,,False,,sparkling,,trocken,,,Italien,,,Food / Wein / Schaumweine,,https://produkte.metro.de/shop/pv/BTY-X693443,https://cdn.metro-group.com/de/de_pim_693401001001_01.png?format=jpg&quality=80&dpi=72,2026-08-14T14:35:23.314900+00:00
metro,METRO Deutschland,cash_and_carry,BTY-X4273880032,"Valmarone Rosso, Rotwein trocken - 2 l Flasche",VALMARONE,glass,Glasflasche,2.0,1,False,3.49,EUR,net,0.0,3.49,1.75,1.75,1.31,,,False,,still,rot,trocken,,,,,,Food / Wein / Rotwein / Rotwein Italien,,https://produkte.metro.de/shop/pv/BTY-X427388,https://cdn.metro-group.com/de/de_pim_427346001001_02.png?format=jpg&quality=80&dpi=72,2026-08-14T14:35:23.318269+00:00
metro,METRO Deutschland,cash_and_carry,BTY-X4273900032,"Valmarone Bianco, Weißwein - 2 l Flasche",VALMARONE,glass,Glasflasche,2.0,1,False,3.49,EUR,net,0.0,3.49,1.75,1.75,1.31,,,False,,still,weiss,,,,,,,Food / Wein / Weißwein,,https://produkte.metro.de/shop/pv/BTY-X427390,https://cdn.metro-group.com/de/de_pim_427348001001_02.png?format=jpg&quality=80&dpi=72,2026-08-14T14:35:23.318889+00:00
metro,METRO Deutschland,cash_and_carry,BTY-X1116700032,Le Petit Smith Haut Lafitte Rotwein - 750 ml Flasche,LE PETIT,glass,Glasflasche,0.75,1,False,28.79,EUR,net,0.0,28.79,38.39,38.39,28.79,,,False,,still,rot,,,,,,,Food / Wein / Rotwein / Rotwein Frankreich / Rotwein Bordeaux,pet,https://produkte.metro.de/shop/pv/BTY-X111670,https://cdn.metro-group.com/de/de_pim_111628001001_01.png?format=jpg&quality=80&dpi=72,2026-08-14T14:35:23.321705+00:00
schaepers,Wein Schäpers,fachhandel,https://wein-schaepers.de/andes-cabernet-sauvignon-trocken-bag-in-box-3-0l,"Andes Cabernet Sauvignon, trocken, 2024, Bag-in-Box, 3,0l",,bag_in_box,Bag-in-Box,3.0,1,False,9.49,EUR,gross,0.0,9.49,3.16,3.16,2.37,3.16,,False,,still,rot,trocken,,2024,Chile,,Cabernet Sauvignon,bag-in-box,bag in box,https://wein-schaepers.de/andes-cabernet-sauvignon-trocken-bag-in-box-3-0l,,2026-08-14T14:35:23.339830+00:00
schaepers,Wein Schäpers,fachhandel,https://wein-schaepers.de/bree-chardonnay-halbtrocken-bag-in-box-3-0l,"Bree Chardonnay IGP, halbtrocken, 2025, Bag-in-Box, 3,0l",,bag_in_box,Bag-in-Box,3.0,1,False,10.92,EUR,gross,0.0,10.92,3.64,3.64,2.73,3.64,,False,,still,weiss,halbtrocken,,2025,,,Chardonnay,bag-in-box,bag in box,https://wein-schaepers.de/bree-chardonnay-halbtrocken-bag-in-box-3-0l,,2026-08-14T14:35:23.341232+00:00
schaepers,Wein Schäpers,fachhandel,https://wein-schaepers.de/bree-pinot-noir-rose-qba-feinherb-bag-in-box-3-0l,"Bree Pinot Noir Rosé QbA, feinherb, 2025, Bag-in-Box, 3,0l",,bag_in_box,Bag-in-Box,3.0,1,False,10.92,EUR,gross,0.0,10.92,3.64,3.64,2.73,3.64,,False,,still,rose,halbtrocken,,2025,,,Pinot Noir,bag-in-box,bag in box,https://wein-schaepers.de/bree-pinot-noir-rose-qba-feinherb-bag-in-box-3-0l,,2026-08-14T14:35:23.342575+00:00
schaepers,Wein Schäpers,fachhandel,https://wein-schaepers.de/bree-riesling-qba-feinherb-bag-in-box-3-0l,"Bree Riesling QbA, feinherb, 2025, Bag-in-Box, 3,0l",,bag_in_box,Bag-in-Box,3.0,1,False,10.92,EUR,gross,0.0,10.92,3.64,3.64,2.73,3.64,,False,,still,weiss,halbtrocken,,2025,,,Riesling,bag-in-box,bag in box,https://wein-schaepers.de/bree-riesling-qba-feinherb-bag-in-box-3-0l,,2026-08-14T14:35:23.343874+00:00
schaepers,Wein Schäpers,fachhandel,https://wein-schaepers.de/entrecote-merlot-cabernet-syrah-halbtrocken-bag-in-box-3-0l,"Entrecôte Merlot Cabernet Syrah, halbtrocken, 2024, Bag-in-Box, 3,0l",,bag_in_box,Bag-in-Box,3.0,1,False,17.09,EUR,gross,0.0,17.09,5.7,5.7,4.28,5.7,,False,,still,rot,halbtrocken,,2024,,,"Merlot, Syrah",bag-in-box,bag in box,https://wein-schaepers.de/entrecote-merlot-cabernet-syrah-halbtrocken-bag-in-box-3-0l,,2026-08-14T14:35:23.345464+00:00
schaepers,Wein Schäpers,fachhandel,https://wein-schaepers.de/grand-sud-chardonnay-trocken-2024-bag-in-box-3-0l,"Grand Sud Chardonnay, trocken, 2024, Bag-in-Box, 3,0l",,bag_in_box,Bag-in-Box,3.0,1,False,13.29,EUR,gross,0.0,13.29,4.43,4.43,3.32,4.43,,False,,still,weiss,trocken,,2024,,,Chardonnay,bag-in-box,bag in box,https://wein-schaepers.de/grand-sud-chardonnay-trocken-2024-bag-in-box-3-0l,,2026-08-14T14:35:23.346864+00:00
schaepers,Wein Schäpers,fachhandel,https://wein-schaepers.de/grand-sud-merlot-rose-trocken-bag-in-box-3-0l,"Grand Sud Merlot Rosé, trocken, 2024, Bag-in-Box, 3,0l",,bag_in_box,Bag-in-Box,3.0,1,False,13.29,EUR,gross,0.0,13.29,4.43,4.43,3.32,4.43,,False,,still,rose,trocken,,2024,Frankreich,,Merlot,bag-in-box,bag in box,https://wein-schaepers.de/grand-sud-merlot-rose-trocken-bag-in-box-3-0l,,2026-08-14T14:35:23.348148+00:00
schaepers,Wein Schäpers,fachhandel,https://wein-schaepers.de/grand-sud-merlot-trocken-2024-bag-in-box-3-0l,"Grand Sud Merlot, trocken, 2024, Bag-in-Box, 3,0l",,bag_in_box,Bag-in-Box,3.0,1,False,13.29,EUR,gross,0.0,13.29,4.43,4.43,3.32,4.43,,False,,still,rot,trocken,,2024,Frankreich,,Merlot,bag-in-box,bag in box,https://wein-schaepers.de/grand-sud-merlot-trocken-2024-bag-in-box-3-0l,,2026-08-14T14:35:23.349234+00:00
schaepers,Wein Schäpers,fachhandel,https://wein-schaepers.de/grill-box-airen-sauvignon-blanc-trocken-3-liter-bag-in-box,"Grill Box Airen Sauvignon Blanc, trocken, 3 Liter Bag-in-Box",,bag_in_box,Bag-in-Box,3.0,1,False,8.54,EUR,gross,0.0,8.54,2.85,2.85,2.14,2.85,,False,,still,weiss,halbtrocken,,,,,"Airén, Sauvignon Blanc",bag-in-box,bag in box,https://wein-schaepers.de/grill-box-airen-sauvignon-blanc-trocken-3-liter-bag-in-box,,2026-08-14T14:35:23.350262+00:00
schaepers,Wein Schäpers,fachhandel,https://wein-schaepers.de/grill-box-cabernet-sauvignon-trocken-3-liter-bag-in-box,"Grill Box Cabernet Sauvignon, trocken, 3 Liter Bag-in-Box",,bag_in_box,Bag-in-Box,3.0,1,False,8.54,EUR,gross,0.0,8.54,2.85,2.85,2.14,2.85,,False,,still,rot,trocken,,,Chile,,Cabernet Sauvignon,bag-in-box,bag in box,https://wein-schaepers.de/grill-box-cabernet-sauvignon-trocken-3-liter-bag-in-box,,2026-08-14T14:35:23.351534+00:00
schaepers,Wein Schäpers,fachhandel,https://wein-schaepers.de/hans-baer-chardonnay-qba-trocken-bag-in-box-3-0l,"Hans Baer Chardonnay QbA, trocken, 2024, Bag-in-Box, 3,0l",,bag_in_box,Bag-in-Box,3.0,1,False,15.19,EUR,gross,0.0,15.19,5.06,5.06,3.79,5.06,,False,,still,weiss,trocken,,2024,Deutschland,Rheinhessen,Chardonnay,bag-in-box,bag in box,https://wein-schaepers.de/hans-baer-chardonnay-qba-trocken-bag-in-box-3-0l,,2026-08-14T14:35:23.352722+00:00
schaepers,Wein Schäpers,fachhandel,https://wein-schaepers.de/hans-baer-pinot-noir-qba-trocken-bag-in-box-3-0l,"Hans Baer Pinot Noir QbA, trocken, 2024, Bag-in-Box, 3,0l",,bag_in_box,Bag-in-Box,3.0,1,False,15.19,EUR,gross,0.0,15.19,5.06,5.06,3.79,5.06,,False,,still,rot,trocken,,2024,Deutschland,Rheinhessen,Pinot Noir,bag-in-box,bag in box,https://wein-schaepers.de/hans-baer-pinot-noir-qba-trocken-bag-in-box-3-0l,,2026-08-14T14:35:23.353754+00:00
schaepers,Wein Schäpers,fachhandel,https://wein-schaepers.de/hans-baer-riesling-qba-trocken-bag-in-box-3-0l,"Hans Baer Riesling QbA, trocken, 2024, Bag-in-Box, 3,0l",,bag_in_box,Bag-in-Box,3.0,1,False,15.19,EUR,gross,0.0,15.19,5.06,5.06,3.79,5.06,,False,,still,weiss,trocken,,2024,Deutschland,,Riesling,bag-in-box,bag in box,https://wein-schaepers.de/hans-baer-riesling-qba-trocken-bag-in-box-3-0l,,2026-08-14T14:35:23.354745+00:00
schaepers,Wein Schäpers,fachhandel,https://wein-schaepers.de/hans-baer-weissburgunder-qba-trocken-bag-in-box-3-0l,"Hans Baer Weissburgunder QbA, trocken, 2024, Bag-in-Box, 3,0l",,bag_in_box,Bag-in-Box,3.0,1,False,15.19,EUR,gross,0.0,15.19,5.06,5.06,3.79,5.06,,False,,still,weiss,trocken,,2024,,,Weißburgunder,bag-in-box,bag in box,https://wein-schaepers.de/hans-baer-weissburgunder-qba-trocken-bag-in-box-3-0l,,2026-08-14T14:35:23.355759+00:00
schaepers,Wein Schäpers,fachhandel,https://wein-schaepers.de/hauswein-rose-halbtrocken-bag-in-box-3-0l,"Hauswein Rosé, halbtrocken, Bag-in-Box, 3,0l",,bag_in_box,Bag-in-Box,3.0,1,False,7.12,EUR,gross,0.0,7.12,2.37,2.37,1.78,2.37,,False,,still,rose,halbtrocken,,,Spanien,,,bag-in-box,"bag in box, pet",https://wein-schaepers.de/hauswein-rose-halbtrocken-bag-in-box-3-0l,,2026-08-14T14:35:23.357104+00:00
schaepers,Wein Schäpers,fachhandel,https://wein-schaepers.de/hauswein-rot-halbtrocken-bag-in-box-3-0l,"Hauswein Rot, halbtrocken, Bag-in-Box, 3,0l",,bag_in_box,Bag-in-Box,3.0,1,False,7.12,EUR,gross,0.0,7.12,2.37,2.37,1.78,2.37,,False,,still,,halbtrocken,,,,,,bag-in-box,bag in box,https://wein-schaepers.de/hauswein-rot-halbtrocken-bag-in-box-3-0l,,2026-08-14T14:35:23.358067+00:00
schaepers,Wein Schäpers,fachhandel,https://wein-schaepers.de/hauswein-weiss-halbtrocken-bag-in-box-3-0l,"Hauswein Weiß, halbtrocken, Bag-in-Box, 3,0l",,bag_in_box,Bag-in-Box,3.0,1,False,7.12,EUR,gross,0.0,7.12,2.37,2.37,1.78,2.37,,False,,still,weiss,halbtrocken,,,,,,bag-in-box,bag in box,https://wein-schaepers.de/hauswein-weiss-halbtrocken-bag-in-box-3-0l,,2026-08-14T14:35:23.359278+00:00
schaepers,Wein Schäpers,fachhandel,https://wein-schaepers.de/kaefer-pinot-grigio-doc-trocken-2024-bag-in-box-3-0l,"Käfer Pinot Grigio DOC, trocken, 2024, Bag-in-Box, 3,0l",,bag_in_box,Bag-in-Box,3.0,1,False,11.39,EUR,gross,0.0,11.39,3.8,3.8,2.85,3.8,,False,,still,,trocken,,2024,Italien,Venetien,Pinot Grigio,bag-in-box,bag in box,https://wein-schaepers.de/kaefer-pinot-grigio-doc-trocken-2024-bag-in-box-3-0l,,2026-08-14T14:35:23.360510+00:00
schaepers,Wein Schäpers,fachhandel,https://wein-schaepers.de/le-sweet-filou-rouge-lieblich-bag-in-box-3-0l,"Le Sweet Filou Rouge, lieblich, Bag-in-Box, 3,0l",,bag_in_box,Bag-in-Box,3.0,1,False,14.24,EUR,gross,0.0,14.24,4.75,4.75,3.56,4.75,,False,,still,rot,lieblich,,,,,,bag-in-box,bag in box,https://wein-schaepers.de/le-sweet-filou-rouge-lieblich-bag-in-box-3-0l,,2026-08-14T14:35:23.361712+00:00
schaepers,Wein Schäpers,fachhandel,https://wein-schaepers.de/le-vin-merlot-igp-trocken-bag-in-box-3-0l,"Le Vin Merlot IGP, trocken, 2024, Bag-in-Box, 3,0l",,bag_in_box,Bag-in-Box,3.0,1,False,9.49,EUR,gross,0.0,9.49,3.16,3.16,2.37,3.16,,False,,still,rot,trocken,,2024,,,Merlot,bag-in-box,bag in box,https://wein-schaepers.de/le-vin-merlot-igp-trocken-bag-in-box-3-0l,,2026-08-14T14:35:23.363083+00:00
schaepers,Wein Schäpers,fachhandel,https://wein-schaepers.de/le-vin-pinot-grigio-trocken-bag-in-box-3-0l,"Le Vin Pinot Grigio, trocken, 2024, Bag-in-Box, 3,0l",,bag_in_box,Bag-in-Box,3.0,1,False,9.49,EUR,gross,0.0,9.49,3.16,3.16,2.37,3.16,,False,,still,weiss,trocken,,2024,,,Pinot Grigio,bag-in-box,bag in box,https://wein-schaepers.de/le-vin-pinot-grigio-trocken-bag-in-box-3-0l,,2026-08-14T14:35:23.364672+00:00
schaepers,Wein Schäpers,fachhandel,https://wein-schaepers.de/maybach-chardonnay-qba-trocken-2024-bag-in-box-3-0l,"Maybach Chardonnay QbA, trocken, 2024, Bag-in-Box, 3,0l",,bag_in_box,Bag-in-Box,3.0,1,False,10.44,EUR,gross,0.0,10.44,3.48,3.48,2.61,3.48,,False,,still,weiss,trocken,,2024,,,Chardonnay,bag-in-box,bag in box,https://wein-schaepers.de/maybach-chardonnay-qba-trocken-2024-bag-in-box-3-0l,,2026-08-14T14:35:23.365981+00:00
schaepers,Wein Schäpers,fachhandel,https://wein-schaepers.de/maybach-grauer-burgunder-qba-trocken-2024-bag-in-box-3l,"Maybach Grauer Burgunder QbA, trocken, 2024, Bag-in-Box, 3L",,bag_in_box,Bag-in-Box,3.0,1,False,10.44,EUR,gross,0.0,10.44,3.48,3.48,2.61,,,False,,still,weiss,trocken,,2024,,,,bag-in-box,bag in box,https://wein-schaepers.de/maybach-grauer-burgunder-qba-trocken-2024-bag-in-box-3l,,2026-08-14T14:35:23.367275+00:00
schaepers,Wein Schäpers,fachhandel,https://wein-schaepers.de/maybach-riesling-qba-trocken-2024-bag-in-box-3-0l,"Maybach Riesling QbA, trocken, 2024, Bag-in-Box, 3,0l",,bag_in_box,Bag-in-Box,3.0,1,False,10.44,EUR,gross,0.0,10.44,3.48,3.48,2.61,3.48,,False,,still,weiss,trocken,,2024,,,Riesling,bag-in-box,bag in box,https://wein-schaepers.de/maybach-riesling-qba-trocken-2024-bag-in-box-3-0l,,2026-08-14T14:35:23.368548+00:00
schaepers,Wein Schäpers,fachhandel,https://wein-schaepers.de/maybach-sauvignon-blanc-feinherb-2024-bag-in-box-3-0l,"Maybach Sauvignon Blanc, feinherb, 2024, Bag-in-Box, 3,0L",,bag_in_box,Bag-in-Box,3.0,1,False,10.44,EUR,gross,0.0,10.44,3.48,3.48,2.61,3.48,,False,,still,weiss,halbtrocken,,2024,,,Sauvignon Blanc,bag-in-box,bag in box,https://wein-schaepers.de/maybach-sauvignon-blanc-feinherb-2024-bag-in-box-3-0l,,2026-08-14T14:35:23.369827+00:00
schaepers,Wein Schäpers,fachhandel,https://wein-schaepers.de/maybach-weisser-burgunder-qba-trocken-2024-bag-in-box-3-0l,"Maybach Weisser Burgunder QbA, trocken, 2024, Bag-in-Box, 3,0l",,bag_in_box,Bag-in-Box,3.0,1,False,10.44,EUR,gross,0.0,10.44,3.48,3.48,2.61,3.48,,False,,still,weiss,trocken,,2024,Deutschland,Pfalz,,bag-in-box,bag in box,https://wein-schaepers.de/maybach-weisser-burgunder-qba-trocken-2024-bag-in-box-3-0l,,2026-08-14T14:35:23.371050+00:00
schaepers,Wein Schäpers,fachhandel,https://wein-schaepers.de/monateo-chardonnay-trocken-bag-in-box-3-0l,"Monateo Chardonnay, trocken, 2025, Bag-in-Box, 3,0l",,bag_in_box,Bag-in-Box,3.0,1,False,9.49,EUR,gross,0.0,9.49,3.16,3.16,2.37,3.16,,False,,still,weiss,trocken,,2025,Frankreich,,Chardonnay,bag-in-box,bag in box,https://wein-schaepers.de/monateo-chardonnay-trocken-bag-in-box-3-0l,,2026-08-14T14:35:23.371996+00:00
schaepers,Wein Schäpers,fachhandel,https://wein-schaepers.de/monateo-chenin-blanc-trocken-2025-bag-in-box-3-0l,"Monateo Chenin Blanc, trocken, 2025, Bag-in-Box, 3,0l",,bag_in_box,Bag-in-Box,3.0,1,False,9.49,EUR,gross,0.0,9.49,3.16,3.16,2.37,3.16,,False,,still,weiss,trocken,,2025,,,Chenin Blanc,bag-in-box,bag in box,https://wein-schaepers.de/monateo-chenin-blanc-trocken-2025-bag-in-box-3-0l,,2026-08-14T14:35:23.373030+00:00
schaepers,Wein Schäpers,fachhandel,https://wein-schaepers.de/monateo-merlot-trocken-bag-in-box-3-0l,"Monateo Merlot, trocken, Bag-in-Box, 3,0l",,bag_in_box,Bag-in-Box,3.0,1,False,9.49,EUR,gross,0.0,9.49,3.16,3.16,2.37,3.16,,False,,still,rot,trocken,,,Spanien,,Merlot,bag-in-box,bag in box,https://wein-schaepers.de/monateo-merlot-trocken-bag-in-box-3-0l,,2026-08-14T14:35:23.374690+00:00
schaepers,Wein Schäpers,fachhandel,https://wein-schaepers.de/monateo-pinot-grigio-trocken-2024-bag-in-box-3-0l,"Monateo Pinot Grigio, trocken, 2024, Bag-in-Box, 3,0l",,bag_in_box,Bag-in-Box,3.0,1,False,9.49,EUR,gross,0.0,9.49,3.16,3.16,2.37,3.16,,False,,still,weiss,trocken,,2024,,,"Pinot Grigio, Trebbiano",bag-in-box,"bag in box, pet, zapfhahn",https://wein-schaepers.de/monateo-pinot-grigio-trocken-2024-bag-in-box-3-0l,,2026-08-14T14:35:23.375743+00:00
schaepers,Wein Schäpers,fachhandel,https://wein-schaepers.de/monateo-primitivo-puglia-rosato-trocken-bag-in-box-3-0l,"Monateo Primitivo Puglia Rosato, trocken, 2025, Bag-in-Box, 3,0l",,bag_in_box,Bag-in-Box,3.0,1,False,9.49,EUR,gross,0.0,9.49,3.16,3.16,2.37,3.16,,False,,still,rose,trocken,,2025,Italien,Apulien,Primitivo,bag-in-box,bag in box,https://wein-schaepers.de/monateo-primitivo-puglia-rosato-trocken-bag-in-box-3-0l,,2026-08-14T14:35:23.377133+00:00
schaepers,Wein Schäpers,fachhandel,https://wein-schaepers.de/monateo-primitivo-puglia-trocken-2025-bag-in-box-3-0l,"Monateo Primitivo Puglia, trocken, 2025, Bag-in-Box, 3,0l",,bag_in_box,Bag-in-Box,3.0,1,False,12.34,EUR,gross,0.0,12.34,4.11,4.11,3.08,4.11,,False,,still,rot,trocken,,2025,Italien,Apulien,Primitivo,bag-in-box,bag in box,https://wein-schaepers.de/monateo-primitivo-puglia-trocken-2025-bag-in-box-3-0l,,2026-08-14T14:35:23.378166+00:00
schaepers,Wein Schäpers,fachhandel,https://wein-schaepers.de/monateo-tempranillo-rose-trocken-bag-in-box-3-0l,"Monateo Tempranillo Rosè, trocken, 2025, Bag-in-Box, 3,0l",,bag_in_box,Bag-in-Box,3.0,1,False,9.49,EUR,gross,0.0,9.49,3.16,3.16,2.37,3.16,,False,,still,rose,trocken,,2025,Spanien,,Tempranillo,bag-in-box,bag in box,https://wein-schaepers.de/monateo-tempranillo-rose-trocken-bag-in-box-3-0l,,2026-08-14T14:35:23.379126+00:00
schaepers,Wein Schäpers,fachhandel,https://wein-schaepers.de/monateo-tempranillo-trocken-2023-bag-in-box-3-0l,"Monateo Tempranillo, trocken, 2023, Bag-in-Box, 3,0l",,bag_in_box,Bag-in-Box,3.0,1,False,9.49,EUR,gross,0.0,9.49,3.16,3.16,2.37,3.16,,False,,still,rot,trocken,,2023,Spanien,,Tempranillo,bag-in-box,bag in box,https://wein-schaepers.de/monateo-tempranillo-trocken-2023-bag-in-box-3-0l,,2026-08-14T14:35:23.380096+00:00
schaepers,Wein Schäpers,fachhandel,https://wein-schaepers.de/neon-cabernet-sauvignon-trocken-3-liter-bag-in-box,"Neon Cabernet Sauvignon, trocken, 3 Liter Bag-in-Box",,bag_in_box,Bag-in-Box,3.0,1,False,8.07,EUR,gross,0.0,8.07,2.69,2.69,2.02,2.69,,False,,still,rot,trocken,,,,,Cabernet Sauvignon,bag-in-box,bag in box,https://wein-schaepers.de/neon-cabernet-sauvignon-trocken-3-liter-bag-in-box,,2026-08-14T14:35:23.381146+00:00
schaepers,Wein Schäpers,fachhandel,https://wein-schaepers.de/neon-chardonnay-trocken-3-liter-bag-in-box,"Neon Chardonnay, trocken, 3 Liter Bag-in-Box",,bag_in_box,Bag-in-Box,3.0,1,False,8.07,EUR,gross,0.0,8.07,2.69,2.69,2.02,2.69,,False,,still,weiss,trocken,,,,,Chardonnay,bag-in-box,bag in box,https://wein-schaepers.de/neon-chardonnay-trocken-3-liter-bag-in-box,,2026-08-14T14:35:23.382423+00:00
schaepers,Wein Schäpers,fachhandel,https://wein-schaepers.de/neon-malbec-trocken-bag-in-box-3-liter,"Neon Malbec, trocken, Bag-in-Box, 3 Liter",,bag_in_box,Bag-in-Box,3.0,1,False,8.07,EUR,gross,0.0,8.07,2.69,2.69,2.02,2.69,,False,,still,rot,trocken,,,,,Malbec,bag-in-box,bag in box,https://wein-schaepers.de/neon-malbec-trocken-bag-in-box-3-liter,,2026-08-14T14:35:23.383615+00:00
schaepers,Wein Schäpers,fachhandel,https://wein-schaepers.de/neon-merlot-trocken-3-liter-bag-in-box,"Neon Merlot, trocken, 3 Liter Bag-in-Box",,bag_in_box,Bag-in-Box,3.0,1,False,8.07,EUR,gross,0.0,8.07,2.69,2.69,2.02,2.69,,False,,still,rot,trocken,,,,,Merlot,bag-in-box,bag in box,https://wein-schaepers.de/neon-merlot-trocken-3-liter-bag-in-box,,2026-08-14T14:35:23.384862+00:00
schaepers,Wein Schäpers,fachhandel,https://wein-schaepers.de/neon-pinot-grigio-trocken-3-liter-bag-in-box,"Neon Pinot Grigio, trocken, 3 Liter Bag-in-Box",,bag_in_box,Bag-in-Box,3.0,1,False,8.07,EUR,gross,0.0,8.07,2.69,2.69,2.02,2.69,,False,,still,weiss,trocken,,,,,Pinot Grigio,bag-in-box,bag in box,https://wein-schaepers.de/neon-pinot-grigio-trocken-3-liter-bag-in-box,,2026-08-14T14:35:23.386058+00:00
schaepers,Wein Schäpers,fachhandel,https://wein-schaepers.de/neon-primitivo-trocken-bag-in-box-3-liter,"Neon Primitivo, trocken, Bag-in-Box 3 Liter",,bag_in_box,Bag-in-Box,3.0,1,False,8.07,EUR,gross,0.0,8.07,2.69,2.69,2.02,2.69,,False,,still,rot,trocken,,,Italien,,Primitivo,bag-in-box,bag in box,https://wein-schaepers.de/neon-primitivo-trocken-bag-in-box-3-liter,,2026-08-14T14:35:23.387392+00:00
schaepers,Wein Schäpers,fachhandel,https://wein-schaepers.de/neon-riesling-trocken-bag-in-box-3-liter,"Neon Riesling, trocken, Bag-in-Box 3 Liter",,bag_in_box,Bag-in-Box,3.0,1,False,8.07,EUR,gross,0.0,8.07,2.69,2.69,2.02,2.69,,False,,still,weiss,trocken,,,,,Riesling,bag-in-box,bag in box,https://wein-schaepers.de/neon-riesling-trocken-bag-in-box-3-liter,,2026-08-14T14:35:23.388894+00:00
schaepers,Wein Schäpers,fachhandel,https://wein-schaepers.de/neon-sauvignon-blanc-trocken-3-liter-bag-in-box,"Neon Sauvignon Blanc, trocken, 3 Liter Bag-in-Box",,bag_in_box,Bag-in-Box,3.0,1,False,8.07,EUR,gross,0.0,8.07,2.69,2.69,2.02,2.69,,False,,still,weiss,trocken,,,,,Sauvignon Blanc,bag-in-box,bag in box,https://wein-schaepers.de/neon-sauvignon-blanc-trocken-3-liter-bag-in-box,,2026-08-14T14:35:23.390457+00:00
schaepers,Wein Schäpers,fachhandel,https://wein-schaepers.de/peter-mertes-liebfraumilch-qba-lieblich-2024-bag-in-box-3-0l,"Peter Mertes Liebfraumilch QbA, lieblich, 2024, Bag-in-Box, 3,0l",,bag_in_box,Bag-in-Box,3.0,1,False,9.49,EUR,gross,0.0,9.49,3.16,3.16,2.37,3.16,,False,,still,,lieblich,,2024,,,,bag-in-box,"bag in box, pet",https://wein-schaepers.de/peter-mertes-liebfraumilch-qba-lieblich-2024-bag-in-box-3-0l,,2026-08-14T14:35:23.391702+00:00
schaepers,Wein Schäpers,fachhandel,https://wein-schaepers.de/rebenland-grauburgunder-trocken-2024-3-liter-bag-in-box,"Rebenland Grauburgunder, trocken, 2024, 3 Liter Bag-in-Box",,bag_in_box,Bag-in-Box,3.0,1,False,11.39,EUR,gross,0.0,11.39,3.8,3.8,2.85,3.8,,False,,still,weiss,trocken,,2024,,,"Grauburgunder, Silvaner",bag-in-box,bag in box,https://wein-schaepers.de/rebenland-grauburgunder-trocken-2024-3-liter-bag-in-box,,2026-08-14T14:35:23.393041+00:00
schaepers,Wein Schäpers,fachhandel,https://wein-schaepers.de/rebenland-mueller-thurgau-halbtrocken-2024-3-liter-bag-in-box,"Rebenland Müller-Thurgau, halbtrocken, 2024, 3 Liter Bag-in-Box",,bag_in_box,Bag-in-Box,3.0,1,False,11.39,EUR,gross,0.0,11.39,3.8,3.8,2.85,3.8,,False,,still,weiss,halbtrocken,,2024,,,Müller-Thurgau,bag-in-box,bag in box,https://wein-schaepers.de/rebenland-mueller-thurgau-halbtrocken-2024-3-liter-bag-in-box,,2026-08-14T14:35:23.394380+00:00
schaepers,Wein Schäpers,fachhandel,https://wein-schaepers.de/rebenland-rose-halbtrocken-2024-3-liter-bag-in-box,"Rebenland Rosé, halbtrocken, 2024, 3 Liter Bag-in-Box",,bag_in_box,Bag-in-Box,3.0,1,False,11.39,EUR,gross,0.0,11.39,3.8,3.8,2.85,3.8,,False,,still,rose,halbtrocken,,2024,,,,bag-in-box,bag in box,https://wein-schaepers.de/rebenland-rose-halbtrocken-2024-3-liter-bag-in-box,,2026-08-14T14:35:23.395629+00:00
schaepers,Wein Schäpers,fachhandel,https://wein-schaepers.de/riesling-qba-feinherb-bag-in-box-3-0l,"Riesling QbA, feinherb, Bag-in-Box, 3,0l",,bag_in_box,Bag-in-Box,3.0,1,False,10.44,EUR,gross,0.0,10.44,3.48,3.48,2.61,3.48,,False,,still,weiss,halbtrocken,,,Deutschland,Pfalz,Riesling,bag-in-box,bag in box,https://wein-schaepers.de/riesling-qba-feinherb-bag-in-box-3-0l,,2026-08-14T14:35:23.396863+00:00
schaepers,Wein Schäpers,fachhandel,https://wein-schaepers.de/sternthaler-nuernberger-christkindles-gluehwein-rot-bag-in-box-10l,"Sternthaler Nürnberger Christkindles Glühwein Rot, Bag-in-Box, 10l",,bag_in_box,Bag-in-Box,10.0,1,False,31.34,EUR,gross,0.0,31.34,3.13,3.13,2.35,3.13,,False,,gluehwein,,,,,,,,bag-in-box,bag in box,https://wein-schaepers.de/sternthaler-nuernberger-christkindles-gluehwein-rot-bag-in-box-10l,,2026-08-14T14:35:23.397807+00:00
schaepers,Wein Schäpers,fachhandel,https://wein-schaepers.de/sternthaler-nuernberger-christkindles-gluehwein-weiss-bag-in-box-10l,"Sternthaler Nürnberger Christkindles Glühwein Weiß, Bag-in-Box, 10l",,bag_in_box,Bag-in-Box,10.0,1,False,31.34,EUR,gross,0.0,31.34,3.13,3.13,2.35,3.13,,False,,gluehwein,,,,,,,,bag-in-box,bag in box,https://wein-schaepers.de/sternthaler-nuernberger-christkindles-gluehwein-weiss-bag-in-box-10l,,2026-08-14T14:35:23.410782+00:00
schaepers,Wein Schäpers,fachhandel,https://wein-schaepers.de/stony-cape-chardonnay-trocken-bag-in-box-3-0l,"Stony Cape Chardonnay, trocken, Bag-in-Box, 3,0l",,bag_in_box,Bag-in-Box,3.0,1,False,9.49,EUR,gross,0.0,9.49,3.16,3.16,2.37,3.16,,False,,still,weiss,trocken,,,,,Chardonnay,bag-in-box,bag in box,https://wein-schaepers.de/stony-cape-chardonnay-trocken-bag-in-box-3-0l,,2026-08-14T14:35:23.412114+00:00
schaepers,Wein Schäpers,fachhandel,https://wein-schaepers.de/stony-cape-chenin-blanc-trocken-bag-in-box-3-0l,"Stony Cape Chenin Blanc, trocken, Bag-in-Box, 3,0l",,bag_in_box,Bag-in-Box,3.0,1,False,9.49,EUR,gross,0.0,9.49,3.16,3.16,2.37,3.16,,False,,still,weiss,trocken,,,,,Chenin Blanc,bag-in-box,bag in box,https://wein-schaepers.de/stony-cape-chenin-blanc-trocken-bag-in-box-3-0l,,2026-08-14T14:35:23.413455+00:00
schaepers,Wein Schäpers,fachhandel,https://wein-schaepers.de/stony-cape-cinsault-rose-trocken-bag-in-box-3-0l,"Stony Cape Cinsault Rosé, trocken, Bag-in-Box, 3,0l",,bag_in_box,Bag-in-Box,3.0,1,False,9.49,EUR,gross,0.0,9.49,3.16,3.16,2.37,3.16,,False,,still,rose,trocken,,,,,,bag-in-box,"bag in box, pet",https://wein-schaepers.de/stony-cape-cinsault-rose-trocken-bag-in-box-3-0l,,2026-08-14T14:35:23.414706+00:00
schaepers,Wein Schäpers,fachhandel,https://wein-schaepers.de/stony-cape-medium-sweet-rose-lieblich-bag-in-box-3-0l,"Stony Cape Medium Sweet Rosé, lieblich, Bag-in-Box, 3,0l",,bag_in_box,Bag-in-Box,3.0,1,False,9.49,EUR,gross,0.0,9.49,3.16,3.16,2.37,3.16,,False,,still,rose,lieblich,,,,,,bag-in-box,bag in box,https://wein-schaepers.de/stony-cape-medium-sweet-rose-lieblich-bag-in-box-3-0l,,2026-08-14T14:35:23.415938+00:00
schaepers,Wein Schäpers,fachhandel,https://wein-schaepers.de/stony-cape-medium-sweet-rot-lieblich-bag-in-box-3-0l,"Stony Cape Medium Sweet Rot, lieblich, Bag-in-Box, 3,0l",,bag_in_box,Bag-in-Box,3.0,1,False,9.49,EUR,gross,0.0,9.49,3.16,3.16,2.37,3.16,,False,,still,,lieblich,,,Südafrika,,,bag-in-box,bag in box,https://wein-schaepers.de/stony-cape-medium-sweet-rot-lieblich-bag-in-box-3-0l,,2026-08-14T14:35:23.417263+00:00
schaepers,Wein Schäpers,fachhandel,https://wein-schaepers.de/stony-cape-medium-sweet-weiss-lieblich-bag-in-box-3-0l,"Stony Cape Medium Sweet Weiß, lieblich, Bag-in-Box, 3,0l",,bag_in_box,Bag-in-Box,3.0,1,False,9.49,EUR,gross,0.0,9.49,3.16,3.16,2.37,3.16,,False,,still,weiss,lieblich,,,,,,bag-in-box,bag in box,https://wein-schaepers.de/stony-cape-medium-sweet-weiss-lieblich-bag-in-box-3-0l,,2026-08-14T14:35:23.418385+00:00
schaepers,Wein Schäpers,fachhandel,https://wein-schaepers.de/stony-cape-pinot-grigio-trocken-bag-in-box-3-0l,"Stony Cape Pinot Grigio, trocken, Bag-in-Box, 3,0l",,bag_in_box,Bag-in-Box,3.0,1,False,9.49,EUR,gross,0.0,9.49,3.16,3.16,2.37,3.16,,False,,still,weiss,trocken,,,,,Pinot Grigio,bag-in-box,bag in box,https://wein-schaepers.de/stony-cape-pinot-grigio-trocken-bag-in-box-3-0l,,2026-08-14T14:35:23.419644+00:00
schaepers,Wein Schäpers,fachhandel,https://wein-schaepers.de/wein-genuss-vino-blanco-trocken-bag-in-box-3-0l,"Wein-Genuss Vino Blanco, trocken, Bag-in-Box, 3,0l",,bag_in_box,Bag-in-Box,3.0,1,False,7.12,EUR,gross,0.0,7.12,2.37,2.37,1.78,2.37,,False,,still,weiss,trocken,,,Spanien,,,bag-in-box,bag in box,https://wein-schaepers.de/wein-genuss-vino-blanco-trocken-bag-in-box-3-0l,,2026-08-14T14:35:23.420922+00:00
schaepers,Wein Schäpers,fachhandel,https://wein-schaepers.de/wein-genuss-vino-rosado-trocken-bag-in-box-3-0l,"Wein-Genuss Vino Rosado, trocken, Bag-in-Box, 3,0l",,bag_in_box,Bag-in-Box,3.0,1,False,7.12,EUR,gross,0.0,7.12,2.37,2.37,1.78,2.37,,False,,still,rose,trocken,,,Spanien,,,bag-in-box,bag in box,https://wein-schaepers.de/wein-genuss-vino-rosado-trocken-bag-in-box-3-0l,,2026-08-14T14:35:23.421923+00:00
schaepers,Wein Schäpers,fachhandel,https://wein-schaepers.de/wein-genuss-vino-tinto-trocken-bag-in-box-3-0l,"Wein-Genuss Vino Tinto, trocken, Bag-in-Box, 3,0l",,bag_in_box,Bag-in-Box,3.0,1,False,7.12,EUR,gross,0.0,7.12,2.37,2.37,1.78,2.37,,False,,still,rot,trocken,,,Spanien,,,bag-in-box,bag in box,https://wein-schaepers.de/wein-genuss-vino-tinto-trocken-bag-in-box-3-0l,,2026-08-14T14:35:23.422912+00:00
schaepers,Wein Schäpers,fachhandel,https://wein-schaepers.de/wine-box-cabernet-sauvignon-trocken-bag-in-box-3-0l,"Wine Box Cabernet Sauvignon, trocken, Bag-in-Box, 3,0l",,bag_in_box,Bag-in-Box,3.0,1,False,9.49,EUR,gross,0.0,9.49,3.16,3.16,2.37,3.16,,False,,still,rot,trocken,,,Chile,,Cabernet Sauvignon,bag-in-box,bag in box,https://wein-schaepers.de/wine-box-cabernet-sauvignon-trocken-bag-in-box-3-0l,,2026-08-14T14:35:23.423964+00:00
schaepers,Wein Schäpers,fachhandel,https://wein-schaepers.de/wine-box-chardonnay-trocken-2024-bag-in-box-3-0l,"Wine Box Chardonnay, trocken, 2024, Bag-in-Box, 3,0l",,bag_in_box,Bag-in-Box,3.0,1,False,9.49,EUR,gross,0.0,9.49,3.16,3.16,2.37,3.16,,False,,still,weiss,trocken,,2024,Südafrika,,Chardonnay,bag-in-box,bag in box,https://wein-schaepers.de/wine-box-chardonnay-trocken-2024-bag-in-box-3-0l,,2026-08-14T14:35:23.425216+00:00
schaepers,Wein Schäpers,fachhandel,https://wein-schaepers.de/wine-box-chenin-blanc-trocken-bag-in-box-3-0l,"Wine Box Chenin Blanc, trocken, Bag-in-Box, 3,0l",,bag_in_box,Bag-in-Box,3.0,1,False,9.49,EUR,gross,0.0,9.49,3.16,3.16,2.37,3.16,,False,,still,weiss,trocken,,,,,Chenin Blanc,bag-in-box,bag in box,https://wein-schaepers.de/wine-box-chenin-blanc-trocken-bag-in-box-3-0l,,2026-08-14T14:35:23.426267+00:00
schaepers,Wein Schäpers,fachhandel,https://wein-schaepers.de/wine-box-dornfelder-trocken-bag-in-box-3-0l,"Wine Box Dornfelder, trocken, Bag-in-Box, 3,0l",,bag_in_box,Bag-in-Box,3.0,1,False,9.49,EUR,gross,0.0,9.49,3.16,3.16,2.37,3.16,,False,,still,rot,trocken,,,,,Dornfelder,bag-in-box,bag in box,https://wein-schaepers.de/wine-box-dornfelder-trocken-bag-in-box-3-0l,,2026-08-14T14:35:23.427497+00:00
schaepers,Wein Schäpers,fachhandel,https://wein-schaepers.de/wine-box-merlot-trocken-bag-in-box-3-0l,"Wine Box Merlot, trocken, Bag-in-Box, 3,0l",,bag_in_box,Bag-in-Box,3.0,1,False,9.49,EUR,gross,0.0,9.49,3.16,3.16,2.37,3.16,,False,,still,rot,trocken,,,,,Merlot,bag-in-box,"bag in box, zapfhahn",https://wein-schaepers.de/wine-box-merlot-trocken-bag-in-box-3-0l,,2026-08-14T14:35:23.428729+00:00
schaepers,Wein Schäpers,fachhandel,https://wein-schaepers.de/wine-box-mueller-thurgau-halbtrocken-bag-in-box-3-0l,"Wine Box Müller-Thurgau, halbtrocken, Bag-in-Box, 3,0l",,bag_in_box,Bag-in-Box,3.0,1,False,9.49,EUR,gross,0.0,9.49,3.16,3.16,2.37,3.16,,False,,still,weiss,halbtrocken,,,,,Müller-Thurgau,bag-in-box,bag in box,https://wein-schaepers.de/wine-box-mueller-thurgau-halbtrocken-bag-in-box-3-0l,,2026-08-14T14:35:23.430090+00:00
schaepers,Wein Schäpers,fachhandel,https://wein-schaepers.de/wine-box-tempranillo-trocken-bag-in-box-3-0l,"Wine Box Tempranillo, trocken, Bag-in-Box, 3,0l",,bag_in_box,Bag-in-Box,3.0,1,False,9.49,EUR,gross,0.0,9.49,3.16,3.16,2.37,3.16,,False,,still,rot,trocken,,,,,Tempranillo,bag-in-box,bag in box,https://wein-schaepers.de/wine-box-tempranillo-trocken-bag-in-box-3-0l,,2026-08-14T14:35:23.431342+00:00
weinfreunde,Weinfreunde,fachhandel,/p/edizione-ennio-primitivo-bag-in-box-5-0-l-cantina-vecchia-torre/,"Edizione Ennio Primitivo Bag-in-Box - 5,0 L",,bag_in_box,Bag-in-Box,5.0,1,False,24.95,EUR,gross,0.0,24.95,4.99,4.99,3.74,4.99,,False,,still,rot,,,,Italien,Apulien,Primitivo,bag-in-box,bag in box,https://www.weinfreunde.de/p/edizione-ennio-primitivo-bag-in-box-5-0-l-cantina-vecchia-torre/,,2026-08-14T14:35:23.449240+00:00
weinfreunde,Weinfreunde,fachhandel,/p/grauburgunder-trocken-bag-in-box-3-0-l-meinhard/,"Grauburgunder trocken Bag-in-Box - 3,0 L",,bag_in_box,Bag-in-Box,3.0,1,False,15.95,EUR,gross,0.0,15.95,5.32,5.32,3.99,5.32,,False,,still,weiss,trocken,20.0,,Deutschland,Nahe,Grauburgunder,bag-in-box,bag in box,https://www.weinfreunde.de/p/grauburgunder-trocken-bag-in-box-3-0-l-meinhard/,,2026-08-14T14:35:23.450010+00:00
weinfreunde,Weinfreunde,fachhandel,/p/granbeau-rose-prestige-bag-in-box-3-0-l-cellier-d-eole/,"Granbeau Rosé Préstige Bag-in-Box - 3,0 L",,bag_in_box,Bag-in-Box,3.0,1,False,17.95,EUR,gross,0.0,17.95,5.98,5.98,4.49,5.98,,False,,still,rose,trocken,,,Frankreich,Languedoc,,bag-in-box,bag in box,https://www.weinfreunde.de/p/granbeau-rose-prestige-bag-in-box-3-0-l-cellier-d-eole/,,2026-08-14T14:35:23.451056+00:00
weinfreunde,Weinfreunde,fachhandel,/p/premier-rendez-vous-merlot-cabernet-sauvignon-bag-in-box-3-0-l-les-producteurs-reunis/,"Premier Rendez-Vous Merlot Cabernet Sauvignon Bag-in-Box - 3,0 L",,bag_in_box,Bag-in-Box,3.0,1,False,17.95,EUR,gross,0.0,17.95,5.98,5.98,4.49,5.98,,False,,still,rot,halbtrocken,,,Frankreich,Languedoc,"Merlot, Cabernet Sauvignon",bag-in-box,bag in box,https://www.weinfreunde.de/p/premier-rendez-vous-merlot-cabernet-sauvignon-bag-in-box-3-0-l-les-producteurs-reunis/,,2026-08-14T14:35:23.452259+00:00
weinfreunde,Weinfreunde,fachhandel,/p/premier-rendez-vous-sauvignon-blanc-colombard-bag-in-box-3-0-l-les-producteurs-reunis/,"Premier Rendez-Vous Sauvignon Blanc-Colombard Bag-in-Box - 3,0 L",,bag_in_box,Bag-in-Box,3.0,1,False,17.95,EUR,gross,0.0,17.95,5.98,5.98,4.49,5.98,,False,,still,weiss,,,,Frankreich,,Sauvignon Blanc,bag-in-box,bag in box,https://www.weinfreunde.de/p/premier-rendez-vous-sauvignon-blanc-colombard-bag-in-box-3-0-l-les-producteurs-reunis/,,2026-08-14T14:35:23.453671+00:00
weinfreunde,Weinfreunde,fachhandel,/p/miluna-primitivo-salento-bag-in-box-5-0-l-cantine-san-marzano/,"Miluna Primitivo Salento Bag-in-Box - 5,0 L",,bag_in_box,Bag-in-Box,5.0,1,False,17.49,EUR,gross,0.0,17.49,3.5,3.5,2.62,3.5,,False,,still,rot,,,,Italien,Apulien,Primitivo,bag-in-box,bag in box,https://www.weinfreunde.de/p/miluna-primitivo-salento-bag-in-box-5-0-l-cantine-san-marzano/,,2026-08-14T14:35:23.455003+00:00
weinfreunde,Weinfreunde,fachhandel,/p/studio-by-miraval-rose-bag-in-box-3-0-l-miraval-by-pitt-perrin/,"Studio by Miraval Rosé Bag-in-Box - 3,0 L",,bag_in_box,Bag-in-Box,3.0,1,False,39.0,EUR,gross,0.0,39.0,13.0,13.0,9.75,13.0,,False,,still,rose,trocken,,,Frankreich,,,bag-in-box,bag in box,https://www.weinfreunde.de/p/studio-by-miraval-rose-bag-in-box-3-0-l-miraval-by-pitt-perrin/,,2026-08-14T14:35:23.455838+00:00
weinfreunde,Weinfreunde,fachhandel,/p/moulin-saint-jean-la-reserve-bag-in-box-3-0-l-domaine-moulin-saint-jean/,"Moulin Saint-Jean La Réserve Bag-in-Box - 3,0 L",,bag_in_box,Bag-in-Box,3.0,1,False,19.95,EUR,gross,0.0,19.95,6.65,6.65,4.99,6.65,,False,,still,,,,,Frankreich,Languedoc,,bag-in-box,bag in box,https://www.weinfreunde.de/p/moulin-saint-jean-la-reserve-bag-in-box-3-0-l-domaine-moulin-saint-jean/,,2026-08-14T14:35:23.456616+00:00
weinfreunde,Weinfreunde,fachhandel,/p/rose-de-pressee-cotes-de-gascogne-bag-in-box-3-0-l-vignoble-ferret/,"Rosé de Pressée Côtes de Gascogne Bag-in-Box - 3,0 L",,bag_in_box,Bag-in-Box,3.0,1,False,18.95,EUR,gross,0.0,18.95,6.32,6.32,4.74,6.32,,False,,still,rose,trocken,,,Frankreich,Cotes De Gascogne,,bag-in-box,bag in box,https://www.weinfreunde.de/p/rose-de-pressee-cotes-de-gascogne-bag-in-box-3-0-l-vignoble-ferret/,,2026-08-14T14:35:23.457413+00:00
weinfreunde,Weinfreunde,fachhandel,/p/tres-reyes-tempranillo-syrah-bag-in-box-3-0-l-bodegas-y-vinedos-munoz/,"Tres Reyes Tempranillo-Syrah Bag-in-Box - 3,0 L",,bag_in_box,Bag-in-Box,3.0,1,False,11.49,EUR,gross,0.0,11.49,3.83,3.83,2.87,3.83,,False,,still,rot,trocken,,,Spanien,,"Tempranillo, Syrah",bag-in-box,bag in box,https://www.weinfreunde.de/p/tres-reyes-tempranillo-syrah-bag-in-box-3-0-l-bodegas-y-vinedos-munoz/,,2026-08-14T14:35:23.458148+00:00
weinfreunde,Weinfreunde,fachhandel,/p/bardolino-rosso-bag-in-box-3-0-l-cantina-di-castelnuovo/,"Bardolino Rosso Bag-in-Box - 3,0 L",,bag_in_box,Bag-in-Box,3.0,1,False,16.5,EUR,gross,0.0,16.5,5.5,5.5,4.12,5.5,,False,,still,rot,trocken,,,Italien,Venetien,,bag-in-box,bag in box,https://www.weinfreunde.de/p/bardolino-rosso-bag-in-box-3-0-l-cantina-di-castelnuovo/,,2026-08-14T14:35:23.459002+00:00
weinfreunde,Weinfreunde,fachhandel,/p/reserve-blanche-cotes-de-gascogne-bag-in-box-3-0-l-vignoble-ferret/,"Réserve Blanche Côtes de Gascogne Bag-in-Box - 3,0 L",,bag_in_box,Bag-in-Box,3.0,1,False,12.95,EUR,gross,0.0,12.95,4.32,4.32,3.24,4.32,,False,,still,,trocken,,,Frankreich,Cotes De Gascogne,,bag-in-box,bag in box,https://www.weinfreunde.de/p/reserve-blanche-cotes-de-gascogne-bag-in-box-3-0-l-vignoble-ferret/,,2026-08-14T14:35:23.459673+00:00
weinfreunde,Weinfreunde,fachhandel,/p/biqueirao-tinto-bag-in-box-5-0-l-adega-cooperativa-de-carvoeira/,"Biqueirão tinto Bag-in-Box - 5,0 L",,bag_in_box,Bag-in-Box,5.0,1,False,16.5,EUR,gross,0.0,16.5,3.3,3.3,2.47,3.3,,False,,still,rot,trocken,,,Portugal,,,bag-in-box,bag in box,https://www.weinfreunde.de/p/biqueirao-tinto-bag-in-box-5-0-l-adega-cooperativa-de-carvoeira/,,2026-08-14T14:35:23.460434+00:00
weinfreunde,Weinfreunde,fachhandel,/p/biqueirao-branco-bag-in-box-5-0-l-adega-cooperativa-de-carvoeira/,"Biqueirão Branco Bag-in-Box - 5,0 L",,bag_in_box,Bag-in-Box,5.0,1,False,15.8,EUR,gross,0.0,15.8,3.16,3.16,2.37,3.16,,False,,still,,trocken,,,Portugal,,,bag-in-box,bag in box,https://www.weinfreunde.de/p/biqueirao-branco-bag-in-box-5-0-l-adega-cooperativa-de-carvoeira/,,2026-08-14T14:35:23.461195+00:00
wirwinzer,WirWinzer,fachhandel,4er Paket Riesling Bag-in-Box,4er Paket Riesling Bag-in-Box,,bag_in_box,Bag-in-Box,3.0,4,True,41.5,EUR,gross,0.0,41.5,3.46,3.46,2.59,3.46,49.6,True,,still,weiss,,,,,,Riesling,bag-in-box,bag in box,https://wirwinzer.de/herxheim-am-berg-4er-paket-riesling-bag-in-box-868106000p.html,,2026-08-14T14:35:23.485410+00:00
wirwinzer,WirWinzer,fachhandel,"2025 Grauburgunder, Bag-in-Box, 3 L, Region Kaiserstuhl, Baden 3,0 L","2025 Grauburgunder, Bag-in-Box, 3 L, Region Kaiserstuhl, Baden 3,0 L",,bag_in_box,Bag-in-Box,3.0,1,False,16.5,EUR,gross,0.0,16.5,5.5,5.5,4.12,5.5,,False,,still,weiss,,,2025,Deutschland,Baden,Grauburgunder,bag-in-box,bag in box,https://wirwinzer.de/oberrotweiler-winzerverein-2025-grauburgunder-bag-in-box-3-l-region-kaiserstuhl-baden-3-0-l-671060000.html,,2026-08-14T14:35:23.485976+00:00
wirwinzer,WirWinzer,fachhandel,"2025 Rosé, Bag-in-Box, 3 L, Region Kaiserstuhl, Baden 3,0 L","2025 Rosé, Bag-in-Box, 3 L, Region Kaiserstuhl, Baden 3,0 L",,bag_in_box,Bag-in-Box,3.0,1,False,16.5,EUR,gross,0.0,16.5,5.5,5.5,4.12,5.5,,False,,still,rose,,,2025,Deutschland,Baden,,bag-in-box,bag in box,https://wirwinzer.de/oberrotweiler-winzerverein-2025-rose-bag-in-box-3-l-region-kaiserstuhl-baden-3-0-l-671062000.html,,2026-08-14T14:35:23.486524+00:00
wirwinzer,WirWinzer,fachhandel,"2024 MRKGRFLR Gutedel Bag in Box 3,0 L","2024 MRKGRFLR Gutedel Bag in Box 3,0 L",,bag_in_box,Bag-in-Box,3.0,1,False,14.0,EUR,gross,0.0,14.0,4.67,4.67,3.5,4.67,,False,,still,weiss,,,2024,,,Gutedel,bag-in-box,bag in box,https://wirwinzer.de/markgraefler-winzer-2024-mrkgrflr-gutedel-bag-in-box-3-0-l-1070111000.html,,2026-08-14T14:35:23.487004+00:00
wirwinzer,WirWinzer,fachhandel,"2023 Bag in Box Über Grenzen gehen Weinschlauch 3,0 L","2023 Bag in Box Über Grenzen gehen Weinschlauch 3,0 L",,bag_in_box,Bag-in-Box,3.0,1,False,21.9,EUR,gross,0.0,21.9,7.3,7.3,5.47,7.3,,False,,still,,,,2023,,,,bag-in-box,"bag in box, weinschlauch",https://wirwinzer.de/friedrich-kiefer-2023-bag-in-box-ueber-grenzen-gehen-weinschlauch-3-0-l-317031000.html,,2026-08-14T14:35:23.487548+00:00
wirwinzer,WirWinzer,fachhandel,"2024 Spätburgunder Rotwein, Bag-in-Box, 3 L, Region Kaiserstuhl, Baden 3,0 L","2024 Spätburgunder Rotwein, Bag-in-Box, 3 L, Region Kaiserstuhl, Baden 3,0 L",,bag_in_box,Bag-in-Box,3.0,1,False,16.5,EUR,gross,0.0,16.5,5.5,5.5,4.12,5.5,,False,,still,rot,,,2024,Deutschland,Baden,Spätburgunder,bag-in-box,bag in box,https://wirwinzer.de/oberrotweiler-winzerverein-2024-spaetburgunder-rotwein-bag-in-box-3-l-region-kaiserstuhl-baden-3-0-l-671063000.html,,2026-08-14T14:35:23.488061+00:00
wirwinzer,WirWinzer,fachhandel,4er Paket Rotweincuvée Bag-in-Box,4er Paket Rotweincuvée Bag-in-Box,,bag_in_box,Bag-in-Box,3.0,4,True,41.5,EUR,gross,0.0,41.5,3.46,3.46,2.59,3.46,49.6,True,,still,,,,,,,,bag-in-box,bag in box,https://wirwinzer.de/herxheim-am-berg-4er-paket-rotweincuvee-bag-in-box-868107000p.html,,2026-08-14T14:35:23.488560+00:00
wirwinzer,WirWinzer,fachhandel,"2025 Silvaner Bag in Box 1,5 L","2025 Silvaner Bag in Box 1,5 L",,bag_in_box,Bag-in-Box,1.5,1,False,14.0,EUR,gross,0.0,14.0,9.33,9.33,7.0,9.33,,False,,still,weiss,,,2025,,,Silvaner,bag-in-box,bag in box,https://wirwinzer.de/wirsching-2025-silvaner-bag-in-box-1-5-l-8940005000.html,,2026-08-14T14:35:23.489105+00:00
wirwinzer,WirWinzer,fachhandel,"2025 Weißburgunder, Bag-in-Box, 3 L, Region Kaiserstuhl, Baden 3,0 L","2025 Weißburgunder, Bag-in-Box, 3 L, Region Kaiserstuhl, Baden 3,0 L",,bag_in_box,Bag-in-Box,3.0,1,False,16.5,EUR,gross,0.0,16.5,5.5,5.5,4.12,5.5,,False,,still,weiss,,,2025,Deutschland,Baden,Weißburgunder,bag-in-box,bag in box,https://wirwinzer.de/oberrotweiler-winzerverein-2025-weissburgunder-bag-in-box-3-l-region-kaiserstuhl-baden-3-0-l-671061000.html,,2026-08-14T14:35:23.489614+00:00
wirwinzer,WirWinzer,fachhandel,"2023 MRKGRFLR Rotwein Bag in Box 3,0 L","2023 MRKGRFLR Rotwein Bag in Box 3,0 L",,bag_in_box,Bag-in-Box,3.0,1,False,14.0,EUR,gross,0.0,14.0,4.67,4.67,3.5,4.67,,False,,still,rot,,,2023,,,,bag-in-box,bag in box,https://wirwinzer.de/markgraefler-winzer-2023-mrkgrflr-rotwein-bag-in-box-3-0-l-1070114000.html,,2026-08-14T14:35:23.490539+00:00
wirwinzer,WirWinzer,fachhandel,"2024 Bacat Weiß GRÜNE WEINBOX BIO 2,25 L","2024 Bacat Weiß GRÜNE WEINBOX BIO 2,25 L",,bag_in_box,Bag-in-Box,2.25,1,False,19.95,EUR,gross,0.0,19.95,8.87,8.87,6.65,8.87,,False,,still,,,,2024,,,,bag-in-box,bag in box,https://wirwinzer.de/staatsweingut-freiburg-2024-bacat-weiss-gruene-weinbox-bio-2-25-l-374036000.html,,2026-08-14T14:35:23.491022+00:00
wirwinzer,WirWinzer,fachhandel,"2025 Vulkangewächs Grauburgunder, Bag-in-Box, 3 L, Region Kaiserstuhl, Baden 3,0 L","2025 Vulkangewächs Grauburgunder, Bag-in-Box, 3 L, Region Kaiserstuhl, Baden 3,0 L",,bag_in_box,Bag-in-Box,3.0,1,False,22.5,EUR,gross,0.0,22.5,7.5,7.5,5.62,7.5,,False,,still,weiss,,,2025,Deutschland,Baden,Grauburgunder,bag-in-box,bag in box,https://wirwinzer.de/oberrotweiler-winzerverein-2025-vulkangewaechs-grauburgunder-bag-in-box-3-l-region-kaiserstuhl-baden-3-0-l-671078000.html,,2026-08-14T14:35:23.492086+00:00
wirwinzer,WirWinzer,fachhandel,"2024 Grauburgunder GRÜNE WEINBOX - Ökowein BIO 2,25 L","2024 Grauburgunder GRÜNE WEINBOX - Ökowein BIO 2,25 L",,bag_in_box,Bag-in-Box,2.25,1,False,19.95,EUR,gross,0.0,19.95,8.87,8.87,6.65,8.87,,False,,still,weiss,,,2024,,,Grauburgunder,bag-in-box,bag in box,https://wirwinzer.de/staatsweingut-freiburg-2024-grauburgunder-gruene-weinbox-oekowein-bio-2-25-l-374040000.html,,2026-08-14T14:35:23.492591+00:00
wirwinzer,WirWinzer,fachhandel,"2025 Sonnenstund Grauburgunder, Bag-in-Box, 3 L, Region Kaiserstuhl, Baden 3,0 L","2025 Sonnenstund Grauburgunder, Bag-in-Box, 3 L, Region Kaiserstuhl, Baden 3,0 L",,bag_in_box,Bag-in-Box,3.0,1,False,14.5,EUR,gross,0.0,14.5,4.83,4.83,3.62,4.83,,False,,still,weiss,,,2025,Deutschland,Baden,Grauburgunder,bag-in-box,bag in box,https://wirwinzer.de/oberrotweiler-winzerverein-2025-sonnenstund-grauburgunder-bag-in-box-3-l-region-kaiserstuhl-baden-3-0-l-671087000.html,,2026-08-14T14:35:23.493155+00:00
wirwinzer,WirWinzer,fachhandel,"Glühwein rot 5L Bag-in-Box (BiB) 5,0 L","Glühwein rot 5L Bag-in-Box (BiB) 5,0 L",,bag_in_box,Bag-in-Box,5.0,1,False,22.0,EUR,gross,0.0,22.0,4.4,4.4,3.3,4.4,,False,,gluehwein,,,,,,,,bag-in-box,"bag in box, bib",https://wirwinzer.de/schildwein-gluehwein-rot-5l-bag-in-box-bib-5-0-l-1010043000.html,,2026-08-14T14:35:23.493633+00:00
wirwinzer,WirWinzer,fachhandel,"2025 myBOX -ROSÉ- (Bag-in-Box BiB) 5,0 L","2025 myBOX -ROSÉ- (Bag-in-Box BiB) 5,0 L",,bag_in_box,Bag-in-Box,5.0,1,False,23.0,EUR,gross,0.0,23.0,4.6,4.6,3.45,4.6,,False,,still,rose,,,2025,,,,bag-in-box,"bag in box, bib",https://wirwinzer.de/schildwein-2025-mybox-rose-bag-in-box-bib-5-0-l-1010063000.html,,2026-08-14T14:35:23.494102+00:00
wirwinzer,WirWinzer,fachhandel,Bag-in-Box (BiB)-Paket 2024 Portugieser Rosé -SX- trocken,Bag-in-Box (BiB)-Paket 2024 Portugieser Rosé -SX- trocken,,bag_in_box,Bag-in-Box,9.0,1,True,57.0,EUR,gross,0.0,57.0,6.33,6.33,4.75,6.33,69.0,True,,still,rose,trocken,,2024,,,,bag-in-box,"bag in box, bib",https://wirwinzer.de/schildwein-bag-in-box-bib-paket-2024-portugieser-rose-sx-trocken-1010128000p.html,,2026-08-14T14:35:23.494609+00:00
wirwinzer,WirWinzer,fachhandel,"2025 Bag-in-Box Riesling 3,0 L","2025 Bag-in-Box Riesling 3,0 L",,bag_in_box,Bag-in-Box,3.0,1,False,12.4,EUR,gross,0.0,12.4,4.13,4.13,3.1,4.13,,False,,still,weiss,,,2025,,,Riesling,bag-in-box,bag in box,https://wirwinzer.de/herxheim-am-berg-2025-bag-in-box-riesling-3-0-l-868066000.html,,2026-08-14T14:35:23.495086+00:00
wirwinzer,WirWinzer,fachhandel,"""Pitthans Winzerglühwein"" Rot 3L Bag-in-Box 3,0 L","""Pitthans Winzerglühwein"" Rot 3L Bag-in-Box 3,0 L",,bag_in_box,Bag-in-Box,3.0,1,False,12.0,EUR,gross,0.0,12.0,4.0,4.0,3.0,4.0,,False,,gluehwein,,,,,,,,bag-in-box,bag in box,https://wirwinzer.de/pitthan-pitthans-winzergluehwein-rot-3l-bag-in-box-3-0-l-1554015000.html,,2026-08-14T14:35:23.495591+00:00
wirwinzer,WirWinzer,fachhandel,"2023 Bag-in-Box Rotweincuvée 3,0 L","2023 Bag-in-Box Rotweincuvée 3,0 L",,bag_in_box,Bag-in-Box,3.0,1,False,12.4,EUR,gross,0.0,12.4,4.13,4.13,3.1,4.13,,False,,still,,,,2023,,,,bag-in-box,bag in box,https://wirwinzer.de/herxheim-am-berg-2023-bag-in-box-rotweincuvee-3-0-l-868068000.html,,2026-08-14T14:35:23.496065+00:00
wirwinzer,WirWinzer,fachhandel,"2024 Bag in Box Mit den Wolken ziehen Weinschlauch 3,0 L","2024 Bag in Box Mit den Wolken ziehen Weinschlauch 3,0 L",,bag_in_box,Bag-in-Box,3.0,1,False,20.1,EUR,gross,0.0,20.1,6.7,6.7,5.03,6.7,,False,,still,,,,2024,,,,bag-in-box,"bag in box, weinschlauch",https://wirwinzer.de/friedrich-kiefer-2024-bag-in-box-mit-den-wolken-ziehen-weinschlauch-3-0-l-317030000.html,,2026-08-14T14:35:23.496549+00:00
wirwinzer,WirWinzer,fachhandel,Bag-in-Box (BiB)-Paket Blanc de Noir SX trocken,Bag-in-Box (BiB)-Paket Blanc de Noir SX trocken,,bag_in_box,Bag-in-Box,9.0,1,True,66.0,EUR,gross,0.0,66.0,7.33,7.33,5.5,7.33,,False,,still,weiss,trocken,,,,,,bag-in-box,"bag in box, bib",https://wirwinzer.de/schildwein-bag-in-box-bib-paket-blanc-de-noir-sx-trocken-1010127000p.html,,2026-08-14T14:35:23.497076+00:00
wirwinzer,WirWinzer,fachhandel,"Wolfsglut Glühwein rot ""Bag in Box"" 10,0 L","Wolfsglut Glühwein rot ""Bag in Box"" 10,0 L",,bag_in_box,Bag-in-Box,10.0,1,False,33.0,EUR,gross,0.0,33.0,3.3,3.3,2.47,3.3,,False,,gluehwein,,,,,,,,bag-in-box,bag in box,https://wirwinzer.de/winzergenossenschaft-wolfenweiler-wolfsglut-gluehwein-rot-bag-in-box-10-0-l-970103000.html,,2026-08-14T14:35:23.515517+00:00
wirwinzer,WirWinzer,fachhandel,"2024 Bag-in-Box Roséwein 3,0 L","2024 Bag-in-Box Roséwein 3,0 L",,bag_in_box,Bag-in-Box,3.0,1,False,12.4,EUR,gross,0.0,12.4,4.13,4.13,3.1,4.13,,False,,still,rose,,,2024,,,,bag-in-box,bag in box,https://wirwinzer.de/herxheim-am-berg-2024-bag-in-box-rosewein-3-0-l-868067000.html,,2026-08-14T14:35:23.516068+00:00
wirwinzer,WirWinzer,fachhandel,"Schwäbischer Glühwein rot 3L Bag-in-Box Weinschlauch 3,0 L","Schwäbischer Glühwein rot 3L Bag-in-Box Weinschlauch 3,0 L",,bag_in_box,Bag-in-Box,3.0,1,False,12.0,EUR,gross,0.0,12.0,4.0,4.0,3.0,4.0,,False,,gluehwein,,,,,,,,bag-in-box,"bag in box, weinschlauch",https://wirwinzer.de/roland-vollmer-schwaebischer-gluehwein-rot-3l-bag-in-box-weinschlauch-3-0-l-673047000.html,,2026-08-14T14:35:23.516586+00:00
wirwinzer,WirWinzer,fachhandel,"2024 myBOX -WHITE- Rivaner (Bag-in-Box BiB) 5,0 L","2024 myBOX -WHITE- Rivaner (Bag-in-Box BiB) 5,0 L",,bag_in_box,Bag-in-Box,5.0,1,False,23.0,EUR,gross,0.0,23.0,4.6,4.6,3.45,4.6,,False,,still,weiss,,,2024,,,,bag-in-box,"bag in box, bib",https://wirwinzer.de/schildwein-2024-mybox-white-rivaner-bag-in-box-bib-5-0-l-1010078000.html,,2026-08-14T14:35:23.517194+00:00
wirwinzer,WirWinzer,fachhandel,Bag-in-Box (BiB)-Paket Grauburgunder SX feinherb,Bag-in-Box (BiB)-Paket Grauburgunder SX feinherb,,bag_in_box,Bag-in-Box,9.0,1,True,66.0,EUR,gross,0.0,66.0,7.33,7.33,5.5,7.33,,False,,still,weiss,halbtrocken,,,,,Grauburgunder,bag-in-box,"bag in box, bib",https://wirwinzer.de/schildwein-bag-in-box-bib-paket-grauburgunder-sx-feinherb-1010129000p.html,,2026-08-14T14:35:23.517732+00:00
wirwinzer,WirWinzer,fachhandel,"""Winzerglühwein rot"", Bag-in-Box, 3 L, Region Kaiserstuhl, Baden 3,0 L","""Winzerglühwein rot"", Bag-in-Box, 3 L, Region Kaiserstuhl, Baden 3,0 L",,bag_in_box,Bag-in-Box,3.0,1,False,14.5,EUR,gross,0.0,14.5,4.83,4.83,3.62,4.83,,False,,gluehwein,,,,,Deutschland,Baden,,bag-in-box,bag in box,https://wirwinzer.de/oberrotweiler-winzerverein-winzergluehwein-rot-bag-in-box-3-l-region-kaiserstuhl-baden-3-0-l-671084000.html,,2026-08-14T14:35:23.518221+00:00
wirwinzer,WirWinzer,fachhandel,"2023 Oberkircher Bag-in-Box Riesling 3,0 L","2023 Oberkircher Bag-in-Box Riesling 3,0 L",,bag_in_box,Bag-in-Box,3.0,1,False,15.99,EUR,gross,0.0,15.99,5.33,5.33,4.0,5.33,,False,,still,weiss,,,2023,,,Riesling,bag-in-box,bag in box,https://wirwinzer.de/oberkircher-winzer-2023-oberkircher-bag-in-box-riesling-3-0-l-949121000.html,,2026-08-14T14:35:23.518678+00:00
wirwinzer,WirWinzer,fachhandel,"2025 Blanc de Noir -SX- Bag-in-Box (BiB) 3,0 L","2025 Blanc de Noir -SX- Bag-in-Box (BiB) 3,0 L",,bag_in_box,Bag-in-Box,3.0,1,False,22.0,EUR,gross,0.0,22.0,7.33,7.33,5.5,7.33,,False,,still,weiss,,,2025,,,,bag-in-box,"bag in box, bib",https://wirwinzer.de/schildwein-2025-blanc-de-noir-sx-bag-in-box-bib-3-0-l-1010105000.html,,2026-08-14T14:35:23.519139+00:00
wirwinzer,WirWinzer,fachhandel,"2023 SWEET CASANOVA (Bag-in-Box) (BiB) 3,0 L","2023 SWEET CASANOVA (Bag-in-Box) (BiB) 3,0 L",,bag_in_box,Bag-in-Box,3.0,1,False,19.0,EUR,gross,0.0,19.0,6.33,6.33,4.75,6.33,23.0,True,,still,,suess,,2023,,,,bag-in-box,"bag in box, bib",https://wirwinzer.de/schildwein-2023-sweet-casanova-bag-in-box-bib-3-0-l-1010101000.html,,2026-08-14T14:35:23.519644+00:00
wirwinzer,WirWinzer,fachhandel,"Glühwein weiß 5L Bag-in-Box (BiB) 5,0 L","Glühwein weiß 5L Bag-in-Box (BiB) 5,0 L",,bag_in_box,Bag-in-Box,5.0,1,False,22.0,EUR,gross,0.0,22.0,4.4,4.4,3.3,4.4,,False,,gluehwein,,,,,,,,bag-in-box,"bag in box, bib",https://wirwinzer.de/schildwein-gluehwein-weiss-5l-bag-in-box-bib-5-0-l-1010042000.html,,2026-08-14T14:35:23.520104+00:00
wirwinzer,WirWinzer,fachhandel,Bag-in-Box (BiB)-Paket Blanc de Noir SX feinherb,Bag-in-Box (BiB)-Paket Blanc de Noir SX feinherb,,bag_in_box,Bag-in-Box,9.0,1,True,66.0,EUR,gross,0.0,66.0,7.33,7.33,5.5,7.33,,False,,still,weiss,halbtrocken,,,,,,bag-in-box,"bag in box, bib",https://wirwinzer.de/schildwein-bag-in-box-bib-paket-blanc-de-noir-sx-feinherb-1010130000p.html,,2026-08-14T14:35:23.520618+00:00
wirwinzer,WirWinzer,fachhandel,"2025 Sonnenstund Rosé, Bag-in-Box, fein & fruchtig, 3,0 L","2025 Sonnenstund Rosé, Bag-in-Box, fein & fruchtig, 3,0 L",,bag_in_box,Bag-in-Box,3.0,1,False,14.5,EUR,gross,0.0,14.5,4.83,4.83,3.62,4.83,,False,,still,rose,,,2025,,,,bag-in-box,bag in box,https://wirwinzer.de/oberrotweiler-winzerverein-2025-sonnenstund-rose-bag-in-box-fein-fruchtig-3-0-l-671095000.html,,2026-08-14T14:35:23.521169+00:00
wirwinzer,WirWinzer,fachhandel,"2025 Weissburgunder -SX- Bag-in-Box (BiB) 3,0 L","2025 Weissburgunder -SX- Bag-in-Box (BiB) 3,0 L",,bag_in_box,Bag-in-Box,3.0,1,False,22.0,EUR,gross,0.0,22.0,7.33,7.33,5.5,7.33,,False,,still,weiss,,,2025,,,Weißburgunder,bag-in-box,"bag in box, bib",https://wirwinzer.de/schildwein-2025-weissburgunder-sx-bag-in-box-bib-3-0-l-1010092000.html,,2026-08-14T14:35:23.521703+00:00
wirwinzer,WirWinzer,fachhandel,"2024 Bag in Box Rotwein 3,0 L","2024 Bag in Box Rotwein 3,0 L",,bag_in_box,Bag-in-Box,3.0,1,False,17.0,EUR,gross,0.0,17.0,5.67,5.67,4.25,5.67,,False,,still,rot,,,2024,,,,bag-in-box,bag in box,https://wirwinzer.de/teamwerk-esslingen-2024-bag-in-box-rotwein-3-0-l-672102000.html,,2026-08-14T14:35:23.522161+00:00
wirwinzer,WirWinzer,fachhandel,"2025 Sonnenstund Pinot Noir, Bag-in-Box, fein & fruchtig, 3,0 L","2025 Sonnenstund Pinot Noir, Bag-in-Box, fein & fruchtig, 3,0 L",,bag_in_box,Bag-in-Box,3.0,1,False,14.5,EUR,gross,0.0,14.5,4.83,4.83,3.62,4.83,,False,,still,rot,,,2025,,,Pinot Noir,bag-in-box,bag in box,https://wirwinzer.de/oberrotweiler-winzerverein-2025-sonnenstund-pinot-noir-bag-in-box-fein-fruchtig-3-0-l-671094000.html,,2026-08-14T14:35:23.522648+00:00
wirwinzer,WirWinzer,fachhandel,"2024 Bag in Box Schmetterlinge im Bauch Weinschlauch 3,0 L","2024 Bag in Box Schmetterlinge im Bauch Weinschlauch 3,0 L",,bag_in_box,Bag-in-Box,3.0,1,False,21.9,EUR,gross,0.0,21.9,7.3,7.3,5.47,7.3,,False,,still,,,,2024,,,,bag-in-box,"bag in box, weinschlauch",https://wirwinzer.de/friedrich-kiefer-2024-bag-in-box-schmetterlinge-im-bauch-weinschlauch-3-0-l-317029000.html,,2026-08-14T14:35:23.523139+00:00
wirwinzer,WirWinzer,fachhandel,"2025 GUTedel Bag in Box 3,0 L","2025 GUTedel Bag in Box 3,0 L",,bag_in_box,Bag-in-Box,3.0,1,False,19.9,EUR,gross,0.0,19.9,6.63,6.63,4.97,6.63,,False,,still,weiss,,,2025,,,Gutedel,bag-in-box,bag in box,https://wirwinzer.de/schlumberger-2025-gutedel-bag-in-box-3-0-l-165033000.html,,2026-08-14T14:35:23.523650+00:00
wirwinzer,WirWinzer,fachhandel,"2025 Sonnenstund Rosé, Bag-in-Box, 3 L, Region Kaiserstuhl, Baden 3,0 L","2025 Sonnenstund Rosé, Bag-in-Box, 3 L, Region Kaiserstuhl, Baden 3,0 L",,bag_in_box,Bag-in-Box,3.0,1,False,14.5,EUR,gross,0.0,14.5,4.83,4.83,3.62,4.83,,False,,still,rose,,,2025,Deutschland,Baden,,bag-in-box,bag in box,https://wirwinzer.de/oberrotweiler-winzerverein-2025-sonnenstund-rose-bag-in-box-3-l-region-kaiserstuhl-baden-3-0-l-671088000.html,,2026-08-14T14:35:23.524102+00:00
wirwinzer,WirWinzer,fachhandel,"2024 White & Sweet -SX- Bag-in-Box (BiB) 3,0 L","2024 White & Sweet -SX- Bag-in-Box (BiB) 3,0 L",,bag_in_box,Bag-in-Box,3.0,1,False,19.0,EUR,gross,0.0,19.0,6.33,6.33,4.75,6.33,23.0,True,,still,weiss,suess,,2024,,,,bag-in-box,"bag in box, bib",https://wirwinzer.de/schildwein-2024-white-sweet-sx-bag-in-box-bib-3-0-l-1010098000.html,,2026-08-14T14:35:23.524630+00:00
wirwinzer,WirWinzer,fachhandel,"2024 Grauburgunder -SX- Bag-in-Box (BiB) 3,0 L","2024 Grauburgunder -SX- Bag-in-Box (BiB) 3,0 L",,bag_in_box,Bag-in-Box,3.0,1,False,22.0,EUR,gross,0.0,22.0,7.33,7.33,5.5,7.33,,False,,still,weiss,,,2024,,,Grauburgunder,bag-in-box,"bag in box, bib",https://wirwinzer.de/schildwein-2024-grauburgunder-sx-bag-in-box-bib-3-0-l-1010080000.html,,2026-08-14T14:35:23.525443+00:00
wirwinzer,WirWinzer,fachhandel,"2024 Grüne Weinbox Rosé - Ökowein BIO 2,25 L","2024 Grüne Weinbox Rosé - Ökowein BIO 2,25 L",,bag_in_box,Bag-in-Box,2.25,1,False,19.95,EUR,gross,0.0,19.95,8.87,8.87,6.65,8.87,,False,,still,rose,,,2024,,,,bag-in-box,bag in box,https://wirwinzer.de/staatsweingut-freiburg-2024-gruene-weinbox-rose-oekowein-bio-2-25-l-374060000.html,,2026-08-14T14:35:23.525974+00:00
wirwinzer,WirWinzer,fachhandel,"2024 Rivaner -SX- Bag-in-Box (BiB) 3,0 L","2024 Rivaner -SX- Bag-in-Box (BiB) 3,0 L",,bag_in_box,Bag-in-Box,3.0,1,False,19.0,EUR,gross,0.0,19.0,6.33,6.33,4.75,6.33,23.0,True,,still,,,,2024,,,,bag-in-box,"bag in box, bib",https://wirwinzer.de/schildwein-2024-rivaner-sx-bag-in-box-bib-3-0-l-1010056000.html,,2026-08-14T14:35:23.526479+00:00
wirwinzer,WirWinzer,fachhandel,"2025 Riesling -SX- Bag-in-Box (BiB) 3,0 L","2025 Riesling -SX- Bag-in-Box (BiB) 3,0 L",,bag_in_box,Bag-in-Box,3.0,1,False,22.0,EUR,gross,0.0,22.0,7.33,7.33,5.5,7.33,,False,,still,weiss,,,2025,,,Riesling,bag-in-box,"bag in box, bib",https://wirwinzer.de/schildwein-2025-riesling-sx-bag-in-box-bib-3-0-l-1010091000.html,,2026-08-14T14:35:23.526948+00:00
wirwinzer,WirWinzer,fachhandel,"2024 Jechtinger FeinFruchtig Grauburgunder Bag in Box 3,0 L","2024 Jechtinger FeinFruchtig Grauburgunder Bag in Box 3,0 L",,bag_in_box,Bag-in-Box,3.0,1,False,13.5,EUR,gross,0.0,13.5,4.5,4.5,3.38,4.5,,False,,still,weiss,,,2024,,,Grauburgunder,bag-in-box,bag in box,https://wirwinzer.de/winzergenossenschaft-jechtingen-amoltern-2024-jechtinger-feinfruchtig-grauburgunder-bag-in-box-3-0-l-2405047000.html,,2026-08-14T14:35:23.527472+00:00
wirwinzer,WirWinzer,fachhandel,"Bag in Box Roséwein 3,0 L","Bag in Box Roséwein 3,0 L",,bag_in_box,Bag-in-Box,3.0,1,False,17.0,EUR,gross,0.0,17.0,5.67,5.67,4.25,5.67,,False,,still,rose,,,,,,,bag-in-box,bag in box,https://wirwinzer.de/teamwerk-esslingen-bag-in-box-rosewein-3-0-l-672101000.html,,2026-08-14T14:35:23.542882+00:00
wirwinzer,WirWinzer,fachhandel,"2025 Oberrotweiler Grauburgunder, Bag-in-Box, 5 L, Region Kaiserstuhl, Baden 5,0 L","2025 Oberrotweiler Grauburgunder, Bag-in-Box, 5 L, Region Kaiserstuhl, Baden 5,0 L",,bag_in_box,Bag-in-Box,5.0,1,False,27.5,EUR,gross,0.0,27.5,5.5,5.5,4.12,5.5,,False,,still,weiss,,,2025,Deutschland,Baden,Grauburgunder,bag-in-box,bag in box,https://wirwinzer.de/oberrotweiler-winzerverein-2025-oberrotweiler-grauburgunder-bag-in-box-5-l-region-kaiserstuhl-baden-5-0-l-671091000.html,,2026-08-14T14:35:23.543445+00:00
wirwinzer,WirWinzer,fachhandel,"2024 Oberkircher Bag-in-Box Grauer Burgunder 3,0 L","2024 Oberkircher Bag-in-Box Grauer Burgunder 3,0 L",,bag_in_box,Bag-in-Box,3.0,1,False,15.99,EUR,gross,0.0,15.99,5.33,5.33,4.0,5.33,,False,,still,weiss,,,2024,,,,bag-in-box,bag in box,https://wirwinzer.de/oberkircher-winzer-2024-oberkircher-bag-in-box-grauer-burgunder-3-0-l-949122000.html,,2026-08-14T14:35:23.543906+00:00
wirwinzer,WirWinzer,fachhandel,"2025 Sonnenstund Weißburgunder, Bag-in-Box 3,0 L","2025 Sonnenstund Weißburgunder, Bag-in-Box 3,0 L",,bag_in_box,Bag-in-Box,3.0,1,False,14.5,EUR,gross,0.0,14.5,4.83,4.83,3.62,4.83,,False,,still,weiss,,,2025,,,Weißburgunder,bag-in-box,bag in box,https://wirwinzer.de/oberrotweiler-winzerverein-2025-sonnenstund-weissburgunder-bag-in-box-3-0-l-671097000.html,,2026-08-14T14:35:23.544420+00:00
wirwinzer,WirWinzer,fachhandel,"2024 MRKGRFLR Müller-Thurgau Bag in Box 3,0 L","2024 MRKGRFLR Müller-Thurgau Bag in Box 3,0 L",,bag_in_box,Bag-in-Box,3.0,1,False,14.0,EUR,gross,0.0,14.0,4.67,4.67,3.5,4.67,,False,,still,weiss,,,2024,,,Müller-Thurgau,bag-in-box,bag in box,https://wirwinzer.de/markgraefler-winzer-2024-mrkgrflr-mueller-thurgau-bag-in-box-3-0-l-1070112000.html,,2026-08-14T14:35:23.544958+00:00
wirwinzer,WirWinzer,fachhandel,"2025 Sonnenstund Grauburgunder & Rivaner, Bag-in-Box, fein & fruchtig, 3,0 L","2025 Sonnenstund Grauburgunder & Rivaner, Bag-in-Box, fein & fruchtig, 3,0 L",,bag_in_box,Bag-in-Box,3.0,1,False,14.5,EUR,gross,0.0,14.5,4.83,4.83,3.62,4.83,,False,,still,weiss,,,2025,,,Grauburgunder,bag-in-box,bag in box,https://wirwinzer.de/oberrotweiler-winzerverein-2025-sonnenstund-grauburgunder-rivaner-bag-in-box-fein-fruchtig-3-0-l-671096000.html,,2026-08-14T14:35:23.545469+00:00
wirwinzer,WirWinzer,fachhandel,"2024 Oberkircher Bag-in-Box Rosé 3,0 L","2024 Oberkircher Bag-in-Box Rosé 3,0 L",,bag_in_box,Bag-in-Box,3.0,1,False,15.99,EUR,gross,0.0,15.99,5.33,5.33,4.0,5.33,,False,,still,rose,,,2024,,,,bag-in-box,bag in box,https://wirwinzer.de/oberkircher-winzer-2024-oberkircher-bag-in-box-rose-3-0-l-949120000.html,,2026-08-14T14:35:23.545991+00:00
wirwinzer,WirWinzer,fachhandel,"2025 Oberrotweiler Rosé Bag in Box 5,0 L","2025 Oberrotweiler Rosé Bag in Box 5,0 L",,bag_in_box,Bag-in-Box,5.0,1,False,27.5,EUR,gross,0.0,27.5,5.5,5.5,4.12,5.5,,False,,still,rose,,,2025,,,,bag-in-box,bag in box,https://wirwinzer.de/oberrotweiler-winzerverein-2025-oberrotweiler-rose-bag-in-box-5-0-l-671092000.html,,2026-08-14T14:35:23.546484+00:00
wirwinzer,WirWinzer,fachhandel,"2024 Weissburgunder -RX- Bag-in-Box (BiB) Premium; Barrique 3,0 L","2024 Weissburgunder -RX- Bag-in-Box (BiB) Premium; Barrique 3,0 L",,bag_in_box,Bag-in-Box,3.0,1,False,25.0,EUR,gross,0.0,25.0,8.33,8.33,6.25,8.33,,False,,still,weiss,,,2024,,,Weißburgunder,bag-in-box,"bag in box, bib",https://wirwinzer.de/schildwein-2024-weissburgunder-rx-bag-in-box-bib-premium-barrique-3-0-l-1010072000.html,,2026-08-14T14:35:23.546948+00:00
wirwinzer,WirWinzer,fachhandel,"2024 MRKGRFLR Souvignier Gris Bag in Box 3,0 L","2024 MRKGRFLR Souvignier Gris Bag in Box 3,0 L",,bag_in_box,Bag-in-Box,3.0,1,False,14.0,EUR,gross,0.0,14.0,4.67,4.67,3.5,4.67,,False,,still,,,,2024,,,,bag-in-box,bag in box,https://wirwinzer.de/markgraefler-winzer-2024-mrkgrflr-souvignier-gris-bag-in-box-3-0-l-1070113000.html,,2026-08-14T14:35:23.547480+00:00
wirwinzer,WirWinzer,fachhandel,"Spätburgunder Rotwein 3 Liter BIB 3,0 L","Spätburgunder Rotwein 3 Liter BIB 3,0 L",,bag_in_box,Bag-in-Box,3.0,1,False,19.5,EUR,gross,0.0,19.5,6.5,6.5,4.88,6.5,,False,,still,rot,,,,,,Spätburgunder,bag-in-box,"bag in box, bib",https://wirwinzer.de/winzergenossenschaft-wolfenweiler-spaetburgunder-rotwein-3-liter-bib-3-0-l-970107000.html,,2026-08-14T14:35:23.547949+00:00
wirwinzer,WirWinzer,fachhandel,"2024 Bag in Box Weisswein 3,0 L","2024 Bag in Box Weisswein 3,0 L",,bag_in_box,Bag-in-Box,3.0,1,False,17.0,EUR,gross,0.0,17.0,5.67,5.67,4.25,5.67,,False,,still,weiss,,,2024,,,,bag-in-box,bag in box,https://wirwinzer.de/teamwerk-esslingen-2024-bag-in-box-weisswein-3-0-l-672100000.html,,2026-08-14T14:35:23.548564+00:00
wirwinzer,WirWinzer,fachhandel,"Schwäbischer Glühwein weiß 3L Bag-in-Box Weinschlauch 3,0 L","Schwäbischer Glühwein weiß 3L Bag-in-Box Weinschlauch 3,0 L",,bag_in_box,Bag-in-Box,3.0,1,False,12.0,EUR,gross,0.0,12.0,4.0,4.0,3.0,4.0,,False,,gluehwein,,,,,,,,bag-in-box,"bag in box, weinschlauch",https://wirwinzer.de/roland-vollmer-schwaebischer-gluehwein-weiss-3l-bag-in-box-weinschlauch-3-0-l-673139000.html,,2026-08-14T14:35:23.549085+00:00
wirwinzer,WirWinzer,fachhandel,"Wolfsglut Glühwein weiß ""Bag in Box"" 10,0 L","Wolfsglut Glühwein weiß ""Bag in Box"" 10,0 L",,bag_in_box,Bag-in-Box,10.0,1,False,33.0,EUR,gross,0.0,33.0,3.3,3.3,2.47,3.3,,False,,gluehwein,,,,,,,,bag-in-box,bag in box,https://wirwinzer.de/winzergenossenschaft-wolfenweiler-wolfsglut-gluehwein-weiss-bag-in-box-10-0-l-970104000.html,,2026-08-14T14:35:23.549612+00:00
wirwinzer,WirWinzer,fachhandel,"2025 Gelber Muskateller -SX- Bag-in-Box (BiB) 3,0 L","2025 Gelber Muskateller -SX- Bag-in-Box (BiB) 3,0 L",,bag_in_box,Bag-in-Box,3.0,1,False,23.0,EUR,gross,0.0,23.0,7.67,7.67,5.75,7.67,,False,,still,,,,2025,,,,bag-in-box,"bag in box, bib",https://wirwinzer.de/schildwein-2025-gelber-muskateller-sx-bag-in-box-bib-3-0-l-1010095000.html,,2026-08-14T14:35:23.550064+00:00
wirwinzer,WirWinzer,fachhandel,"2024 Sauvignon Blanc -RX- Bag-in-Box (BiB) 3,0 L","2024 Sauvignon Blanc -RX- Bag-in-Box (BiB) 3,0 L",,bag_in_box,Bag-in-Box,3.0,1,False,25.0,EUR,gross,0.0,25.0,8.33,8.33,6.25,8.33,,False,,still,weiss,,,2024,,,Sauvignon Blanc,bag-in-box,"bag in box, bib",https://wirwinzer.de/schildwein-2024-sauvignon-blanc-rx-bag-in-box-bib-3-0-l-1010093000.html,,2026-08-14T14:35:23.550563+00:00
wirwinzer,WirWinzer,fachhandel,"2025 Chardonnay -SX- Bag-in-Box (BiB) 3,0 L","2025 Chardonnay -SX- Bag-in-Box (BiB) 3,0 L",,bag_in_box,Bag-in-Box,3.0,1,False,22.0,EUR,gross,0.0,22.0,7.33,7.33,5.5,7.33,,False,,still,weiss,,,2025,,,Chardonnay,bag-in-box,"bag in box, bib",https://wirwinzer.de/schildwein-2025-chardonnay-sx-bag-in-box-bib-3-0-l-1010081000.html,,2026-08-14T14:35:23.551027+00:00
wirwinzer,WirWinzer,fachhandel,"2025 WINZER KOLLEKTIV, Grauburgunder, Bag-in-Box 5,0 L","2025 WINZER KOLLEKTIV, Grauburgunder, Bag-in-Box 5,0 L",,bag_in_box,Bag-in-Box,5.0,1,False,27.5,EUR,gross,0.0,27.5,5.5,5.5,4.12,5.5,,False,,still,weiss,,,2025,,,Grauburgunder,bag-in-box,bag in box,https://wirwinzer.de/oberrotweiler-winzerverein-2025-winzer-kollektiv-grauburgunder-bag-in-box-5-0-l-671106000.html,,2026-08-14T14:35:23.551984+00:00
wirwinzer,WirWinzer,fachhandel,"Glühwein rot Bag in Box 10,0 L","Glühwein rot Bag in Box 10,0 L",,bag_in_box,Bag-in-Box,10.0,1,False,35.0,EUR,gross,0.0,35.0,3.5,3.5,2.62,3.5,,False,,gluehwein,,,,,,,,bag-in-box,bag in box,https://wirwinzer.de/residenz-bechtel-gluehwein-rot-bag-in-box-10-0-l-1666031000.html,,2026-08-14T14:35:23.552603+00:00
wirwinzer,WirWinzer,fachhandel,"2025 WINZER KOLLEKTIV, Pinot Noir, Bag-in-Box 5,0 L","2025 WINZER KOLLEKTIV, Pinot Noir, Bag-in-Box 5,0 L",,bag_in_box,Bag-in-Box,5.0,1,False,27.5,EUR,gross,0.0,27.5,5.5,5.5,4.12,5.5,,False,,still,rot,,,2025,,,Pinot Noir,bag-in-box,bag in box,https://wirwinzer.de/oberrotweiler-winzerverein-2025-winzer-kollektiv-pinot-noir-bag-in-box-5-0-l-671107000.html,,2026-08-14T14:35:23.553582+00:00
