observed_at,retailer,external_id,name,price,currency,list_price,on_promotion,offer_type,in_stock
2026-08-11T09:35:36.558502+00:00,auchan,216773,"Vin alb sec Crama Girboiu Tectonic Rezerva, Sauvignon Blanc, Sarba si Plavaie, 0.75 l",49.99,RON,,0,catalogue,1
2026-08-11T09:35:36.559462+00:00,auchan,694686,"Vin alb demisec Suvorov Glamour, Sauvignon Blanc, 0.75 l",38.49,RON,,0,catalogue,1
2026-08-11T09:35:36.559588+00:00,auchan,694685,"Vin alb demidulce Suvorov Letto Muscat, 1 l",27.99,RON,,0,catalogue,1
2026-08-11T09:35:36.559670+00:00,auchan,694591,"Vin alb sec Simbol Tamaioasa Domeniile Bohotin, alcool 12.5%, 0.75 l",36.99,RON,,0,catalogue,1
2026-08-11T09:35:36.561674+00:00,auchan,692410,"Vin alb sec Purcari Chardonnay, 0.75 l",34.99,RON,,0,catalogue,1
2026-08-11T09:35:36.561768+00:00,auchan,691880,"Vin alb sec Domeniul Coroanei Segarcea Elite, Chardonnay 0.75 l",39.99,RON,,0,catalogue,1
2026-08-11T09:35:36.562001+00:00,auchan,542709,"Vin alb demisec Castel Huniade, Feteasca Regala, 0.75 l",19.39,RON,25.89,1,catalogue,1
2026-08-11T09:35:36.562203+00:00,auchan,542685,"Vin alb demisec Schwaben Wein, Feteasca Regala 0.75 l",19.89,RON,,0,catalogue,1
2026-08-11T09:35:36.562407+00:00,auchan,455614,"Vin alb demisec Jidvei Grigorescu, Gewurztraminer, 0.75 l",26.98,RON,,0,catalogue,1
2026-08-11T09:35:36.562708+00:00,auchan,226372,"Vin alb sec Cotnari Concept, Francusa, 0.75 l",23.79,RON,33.99,1,catalogue,1
2026-08-11T09:35:36.562801+00:00,auchan,753725,"Vin alb sec Murfatlar Aerosoli, Feteasca Regala, 0.75 l",41.49,RON,,0,catalogue,1
2026-08-11T09:35:36.562879+00:00,auchan,693112,"Vin alb sec Domeniile Davidescu Chardonnay, 0.75 l",39.99,RON,,0,catalogue,1
2026-08-11T09:35:36.562952+00:00,auchan,692409,"Vin alb sec de Purcari, Sauvignon Blanc 0.75 l",40.39,RON,,0,catalogue,1
2026-08-11T09:35:36.563146+00:00,auchan,691889,"Vin alb sec Domeniul Coroanei Segarcea Elite, Sauvignon Blanc 0.75 l",39.99,RON,,0,catalogue,1
2026-08-11T09:35:36.563378+00:00,auchan,640193,"Vin alb sec Domeniile Davidescu, Viorica si Pinot Grigio, 0.75 l",39.99,RON,,0,catalogue,1
2026-08-11T09:35:36.563630+00:00,auchan,574007,"Vin alb sec Domeniile Samburesti Chardonnay, 0.75 l",26.99,RON,38.69,1,catalogue,1
2026-08-11T09:35:36.563709+00:00,auchan,542715,"Vin alb demidulce Castel Huniade, Muscat Ottonel, alcool 12%, 0.75 l",19.39,RON,25.89,1,catalogue,1
2026-08-11T09:35:36.563947+00:00,auchan,542684,"Vin alb sec Schwaben Wein, Riesling Italian 0.75 l",19.89,RON,,0,catalogue,1
2026-08-11T09:35:36.564194+00:00,auchan,532987,"Vin alb dulce Cotnari Tamaioasa Romaneasca, DOC - CMD, 0.75 l",19.99,RON,,0,catalogue,1
2026-08-11T09:35:36.564310+00:00,auchan,532982,"Vin alb demidulce Cotnari, Eticheta Galbena 1.5 l",21.39,RON,,0,catalogue,1
2026-08-11T09:35:36.564515+00:00,auchan,532980,Vin alb dulce Grasa de Cotnari 0.75 l,27.39,RON,,0,catalogue,1
2026-08-11T09:35:36.564724+00:00,auchan,532978,"Vin alb demidulce Grasa de Cotnari, 0.75 l",17.99,RON,,0,catalogue,1
2026-08-11T09:35:36.564901+00:00,auchan,532972,Vin alb demisec Grasa de Cotnari 0.75 l,17.99,RON,,0,catalogue,1
2026-08-11T09:35:36.565114+00:00,auchan,532961,"Vin alb dulce Cotnari, Tamaioasa Romaneasca, DOC - CT, 0.75 l",21.19,RON,,0,catalogue,1
2026-08-11T09:35:36.565330+00:00,auchan,490106,"Vin alb sec Caii de la Letea Volumul 1, Sauvignon Blanc, 0.75 l",37.99,RON,,0,catalogue,1
2026-08-11T09:35:36.565418+00:00,auchan,490105,"Vin alb sec Caii de la Letea Volumul 1, Aligote, 0.75 l",37.99,RON,,0,catalogue,1
2026-08-11T09:35:36.565491+00:00,auchan,455827,"Pelin Carpatin, Pelin alb demisec de Urlati, 0.75 l",14.19,RON,16.79,1,catalogue,1
2026-08-11T09:35:36.565711+00:00,auchan,455823,"Pelin Carpatin, Pelin alb demisec de Urlati, 1.5 l",29.49,RON,,0,catalogue,1
2026-08-11T09:35:36.565910+00:00,auchan,455631,Vin Alb Demidulce Hora Muscat Ottonel Murfatlar 11.5% 0.75 l,16.39,RON,,0,catalogue,1
2026-08-11T09:35:36.566115+00:00,auchan,455615,"Vin alb demisec Jidvei Grigorescu, Feteasca Regala, 0.75 l",26.89,RON,,0,catalogue,1
2026-08-11T09:35:36.566338+00:00,auchan,455612,"Vin alb demisec Jidvei Grigorescu, Muscat, 0.75 l",26.98,RON,,0,catalogue,1
2026-08-11T09:35:36.567375+00:00,auchan,454929,"Vin alb sec Maiastru, Sauvignon Blanc, 0.25 l",9.89,RON,,0,catalogue,1
2026-08-11T09:35:36.567633+00:00,auchan,965470,"Vin alb sec Domeniile Vinju Mare Vinul Principelui, Tamaioasa Romaneasca si Chardonnay, 0.75 l",17.79,RON,,0,catalogue,1
2026-08-11T09:35:36.567741+00:00,auchan,694592,"Vin alb sec Simbol Sauvignon Domeniile Bohotin, alcool 12.5%, 0.75 l",36.5,RON,,0,catalogue,1
2026-08-11T09:35:36.567998+00:00,auchan,692603,"Vin alb sec Astrum Cervi, Sauvignon Blanc 0.75 l",21.29,RON,,0,catalogue,1
2026-08-11T09:35:36.568195+00:00,auchan,692416,"Vin Alb Sec Viorica de Purcari 13%, 0.75 l",36.99,RON,,0,catalogue,1
2026-08-11T09:35:36.568387+00:00,auchan,692415,"Vin alb sec de Purcari, Pinot Grigio 0.75 l",39.99,RON,,0,catalogue,1
2026-08-11T09:35:36.568628+00:00,auchan,691890,"Vin alb sec Domeniul Coroanei Segarcea Elite, Tamaioasa Romaneasca 0.75 l",39.99,RON,,0,catalogue,1
2026-08-11T09:35:36.568852+00:00,auchan,691888,"Vin alb sec Domeniul Coroanei Segarcea Elite, Feteasca Alba 0.75 l",39.99,RON,,0,catalogue,1
2026-08-11T09:35:36.569143+00:00,auchan,646111,"Vin alb Pierre Chanau Igp Ardeche Viognier, 0.75 l",28.89,RON,,0,catalogue,1
2026-08-11T09:35:36.569506+00:00,auchan,574016,"Vin alb sec Domeniile Samburesti, Sauvignon Blanc, 0.75 l",26.99,RON,38.69,1,catalogue,1
2026-08-11T09:35:36.569622+00:00,auchan,542710,"Vin alb sec Castel Huniade, Riesling Italian 0.75 l",19.39,RON,25.89,1,catalogue,1
2026-08-11T09:35:36.569827+00:00,auchan,542705,"Vin alb demidulce Schwaben Wein, Muscat Ottonel 0.75 l",19.89,RON,,0,catalogue,1
2026-08-11T09:35:36.570016+00:00,auchan,532981,"Vin alb demisec Euforia Tamaioasa, alcool 12%, 0.75 l",45.99,RON,,0,catalogue,1
2026-08-11T09:35:36.570212+00:00,auchan,532926,"Vin alb demidulce Zestrea Chardonnay, 13.5% alcool, 0.75 l",17.99,RON,,0,catalogue,1
2026-08-11T09:35:36.570290+00:00,auchan,532859,"Vin alb demidulce Proles Pontica, Tamaioasa Romaneasca 1.5 l",23.49,RON,,0,catalogue,1
2026-08-11T09:35:36.570479+00:00,auchan,532775,"Vin alb dulce Sigillum Moldaviae, Tamaioasa Romaneasca 0.75 l",14.79,RON,18.52,1,catalogue,1
2026-08-11T09:35:36.570708+00:00,auchan,490288,"Vin alb Domeniile Vinju Mare, Tamaioasa Romaneasca 0.75 l",17.99,RON,,0,catalogue,1
2026-08-11T09:35:36.570924+00:00,auchan,490123,"Vin alb sec Aurelia Visinescu Promessa, Chardonnay, 0.75 l",38.99,RON,,0,catalogue,1
2026-08-11T09:35:36.571004+00:00,auchan,490114,"Vin alb sec Caii De La Letea Legenda, 0.75 l",42.99,RON,,0,catalogue,1
2026-08-11T09:35:36.571197+00:00,auchan,489798,"Vin alb demi dulce Tokaji Furmint, 13%, 0.75 l",19.29,RON,,0,catalogue,1
2026-08-11T09:35:36.571391+00:00,auchan,457365,"Vin alb demisec Privighetoarea, Sauvignon Blac si Feteasca Regala, 0.75 l",9.5,RON,,0,catalogue,1
2026-08-11T09:35:36.571483+00:00,auchan,455642,"Vin alb sec Jidvei Tezaur, Sauvignon Blanc si Feteasca Regala, 0.75 l",36.39,RON,42.89,1,catalogue,1
2026-08-11T09:35:36.571594+00:00,auchan,455633,"Vin alb demisec Hora Murfatlar Sauvignon Blanc, 0.75 l",16.39,RON,,0,catalogue,1
2026-08-11T09:35:36.571789+00:00,auchan,455626,"Vin alb demisec Jidvei Grigorescu, Sauvignon Blanc, 0.75 l",26.98,RON,,0,catalogue,1
2026-08-11T09:35:36.571984+00:00,auchan,455621,"Vin alb demisec Jidvei Grigorescu, Pinot Gris, 0.75 l",26.98,RON,,0,catalogue,1
2026-08-11T09:35:36.572177+00:00,auchan,455613,"Vin alb sec Jidvei Traditional, Riesling, 0.75 l",18.79,RON,,0,catalogue,1
2026-08-11T09:35:36.572373+00:00,auchan,455611,"Vin alb sec Jidvei Clasic, Feteasca Regala 0.75 l",24.49,RON,,0,catalogue,1
2026-08-11T09:35:36.572598+00:00,auchan,455609,Vin alb demisec Jidvei Craita Transilvaniei 0.75 l,13.69,RON,16.19,1,catalogue,1
2026-08-11T09:35:36.572797+00:00,auchan,455573,"Vin alb demisec Budureasca, Sauvignon Blanc 0.75 l",32.99,RON,,0,catalogue,1
2026-08-11T09:35:36.573014+00:00,auchan,455571,"Vin alb demisec Budureasca, Sauvignon Blanc, Chardonnay, Pinot Gri, 0.75 l",32.99,RON,,0,catalogue,1
2026-08-11T09:35:36.573241+00:00,auchan,454863,"Vin alb sec Liliac Crepuscul Green, Feteasca Regala si Sauvignon Blanc, 0.75 l",29.99,RON,,0,catalogue,1
2026-08-11T09:35:36.573457+00:00,auchan,226365,"Vin alb demidulce Domeniile Urlati, Sauvignon Blanc si Muscat Ottonel, 0.75 l",29.99,RON,,0,catalogue,1
2026-08-11T09:35:36.573566+00:00,auchan,167278,"Vin alb sec Chateau Cristi Bravoure Fume, Chardonnay si Rkatsiteli, 0.75 l",32.99,RON,47.39,1,catalogue,1
2026-08-11T09:35:36.573668+00:00,auchan,993267,"Vin alb demisec 3 Pietre, Sauvignon Blanc, 0.75 l",11.19,RON,,0,catalogue,1
2026-08-11T09:35:36.573734+00:00,auchan,745811,"Vin alb demisec Genesis by Cotnari, alcool 13%, 0.75 l",40.49,RON,,0,catalogue,1
2026-08-11T09:35:36.573919+00:00,auchan,692267,"Vin alb demisec Ceptura Astrum Cervi, Feteasca Regala 0.75 l",21.29,RON,,0,catalogue,1
2026-08-11T09:35:36.574118+00:00,auchan,692181,"Vin alb sec Tectonic, Sauvignon Blanc si Chardonnay Fume, 0.75 l",37.49,RON,,0,catalogue,1
2026-08-11T09:35:36.574328+00:00,auchan,691892,"Vin alb sec Domeniul Coroanei Segarcea Prestige, Chardonnay 0.75 l",53.89,RON,,0,catalogue,1
2026-08-11T09:35:36.574583+00:00,auchan,542720,"Vin alb sec Castel Huniade, Sauvignon Blanc 0.187 l",9.19,RON,,0,catalogue,1
2026-08-11T09:35:36.574796+00:00,auchan,532974,"Vin alb demisec Cotnari, Eticheta Galbena 1.5 l",21.39,RON,,0,catalogue,1
2026-08-11T09:35:36.574980+00:00,auchan,532966,"Vin alb demisec Cotnari Inedit, Tamaioasa Romaneasca 0.75 l",18.49,RON,,0,catalogue,1
2026-08-11T09:35:36.575167+00:00,auchan,532836,"Vin alb demidulce Proles Pontica, Muscat Ottonel 1.5 l",23.49,RON,,0,catalogue,1
2026-08-11T09:35:36.575360+00:00,auchan,490318,"Vin alb demisec Viorica Castel Mimi, 13% alcool, 0.7 l",52.99,RON,,0,catalogue,1
2026-08-11T09:35:36.575591+00:00,auchan,490189,"Vin alb demisec Casa Panciu, Feteasca Regala, Muscat Ottonel 0.75 l",16.89,RON,19.99,1,catalogue,1
2026-08-11T09:35:36.575797+00:00,auchan,457526,Vin alb demidulce Lacrima lui Ovidiu 0.75 l,42.49,RON,,0,catalogue,1
2026-08-11T09:35:36.575971+00:00,auchan,455687,"Vin alb dulce Domeniile Tohani, Tamaioasa Romaneasca, 0.75 l",18.99,RON,,0,catalogue,1
2026-08-11T09:35:36.576169+00:00,auchan,455639,Vin Alb Sec Mysterium Cupaj 12.5% 0.75 l,47.99,RON,64.49,1,catalogue,1
2026-08-11T09:35:36.576376+00:00,auchan,455556,"Vin alb sec Nativus, Chardonnay 0.75 l",46.49,RON,,0,catalogue,1
2026-08-11T09:35:36.576601+00:00,auchan,455553,"Vin alb sec Nativus, Zghihara de Averesti 0.75 l",46.49,RON,,0,catalogue,1
2026-08-11T09:35:36.576807+00:00,auchan,455550,"Vin alb sec, Zghihara De Husi Averesti 0.75 l",16.79,RON,20.99,1,catalogue,1
2026-08-11T09:35:36.577041+00:00,auchan,454939,"Vin alb sec Caloian, Sauvignon Blanc, 0.75 l",26.59,RON,,0,catalogue,1
2026-08-11T09:35:36.577245+00:00,auchan,454882,"Vin alb sec Cricova, alcool 12%, 0.75 l",31.99,RON,,0,catalogue,1
2026-08-11T09:35:36.577443+00:00,auchan,291946,"Vin alb sec Castel Huniade, Sarba, 0.75 l",19.39,RON,25.89,1,catalogue,1
2026-08-11T09:35:36.577542+00:00,auchan,204377,"Vin alb sec Cramele Recas Explicit, Sauvignon Blanc, 0.375 l",26.59,RON,,0,catalogue,1
2026-08-11T09:35:36.577637+00:00,auchan,965461,"Vin alb sec Domeniile Vinju Mare Prince Vlad, Chardonnay, 0.75 l",39.49,RON,,0,catalogue,1
2026-08-11T09:35:36.577869+00:00,auchan,911697,"Vin alb sec Cramele Recas Explicit Sauvignon Blanc, 0.75 l",41.99,RON,,0,catalogue,1
2026-08-11T09:35:36.577960+00:00,auchan,871765,"Vin alb sec Crama de Matei Rosturi, Feteasca Regala si Feteasca Neagra, 0.75 l",35.99,RON,,0,catalogue,1
2026-08-11T09:35:36.578057+00:00,auchan,850585,"Vin alb sec Jidvei Owner’s Choice Maria, Pinot Gris, 0.75 l",72.89,RON,,0,catalogue,1
2026-08-11T09:35:36.578157+00:00,auchan,850501,"Vin alb sec Beciul Domnesc Cuvee 49' Blanc, Chardonnay si Tamaioasa Romaneasca, 0.75 l",112.99,RON,,0,catalogue,1
2026-08-11T09:35:36.578252+00:00,auchan,850499,"Vin alb sec Jidvei Owner’s Choice Ana, Chardonnay, 0.75 l",72.89,RON,,0,catalogue,1
2026-08-11T09:35:36.578341+00:00,auchan,844630,"Vin alb sec Chateau Pietro, Feteasca Regala, 0.75 l",19.99,RON,,0,catalogue,1
2026-08-11T09:35:36.578471+00:00,auchan,844626,"Vin alb demisec Chateau Pietro, Feteasca Regala, 0.75 l",19.99,RON,,0,catalogue,1
2026-08-11T09:35:36.578634+00:00,auchan,839572,"Vin alb sec Cantina di Negrar Delle Venezie, Pinot Grigio, 0.75 l",39.89,RON,49.99,1,catalogue,1
2026-08-11T09:35:36.579190+00:00,auchan,777044,"Vin alb demisec Prahova Valley Feteasca Regala, 0.75 l",20.49,RON,27.39,1,catalogue,1
2026-08-11T09:35:36.579345+00:00,auchan,753673,"Vin alb sec Domeniul Coroanei Segarcea Marama, Feteasca Regala, 0.75 l",64.99,RON,,0,catalogue,1
2026-08-11T09:35:36.579515+00:00,auchan,753672,"Vin alb sec Domeniul Coroanei Segarcea Marama, Feteasca Alba, 0.75 l",64.99,RON,,0,catalogue,1
2026-08-11T09:35:36.579701+00:00,auchan,746702,"Vin alb sec Feteasca de Tohani, 0.75 l",37.99,RON,,0,catalogue,1
2026-08-11T09:35:36.580054+00:00,auchan,741362,"Vin alb demisec Fautor Vie de Vis, Aligote, 0.75 l",35.99,RON,,0,catalogue,1
2026-08-11T09:35:36.580179+00:00,auchan,741361,"Vin alb sec Fautor Vie de Vis, Sauvignon Blanc, 0.75 l",24.99,RON,35.99,1,catalogue,1
2026-08-11T09:35:36.580320+00:00,auchan,741360,"Vin alb sec Fautor Vie de Vis, Chardonnay, 0.75 l",35.99,RON,,0,catalogue,1
2026-08-11T09:35:36.580465+00:00,auchan,741337,"Vin alb sec Vitis Nostra Delle Venezie, Pinot Grigio, 0.75 l",33.49,RON,,0,catalogue,1
2026-08-11T09:35:36.580604+00:00,auchan,729162,"Vin alb sec Silk & Spice White Blend, Bical si Arinto, 0.75 l",28.59,RON,43.99,1,catalogue,1
2026-08-11T09:35:36.580811+00:00,auchan,729149,"Vin alb demisec Domeniile Ostrov Pelin, alcool 11%, 0.75 l",12.99,RON,,0,catalogue,1
2026-08-11T09:35:36.580883+00:00,auchan,729013,"Vin alb demisec Crama Girboiu Tectonic, Tamaioasa Romaneasca, 0.75 l",37.49,RON,,0,catalogue,1
2026-08-11T09:35:36.580963+00:00,auchan,724893,"Vin alb sec Caii de la Letea Volumul II, 0.75 l",48.79,RON,60.99,1,catalogue,1
2026-08-11T09:35:36.581086+00:00,auchan,722483,"Vin alb sec Castel Mimi Sauvignon Blanc, 0.75 l",37.19,RON,,0,catalogue,1
2026-08-11T09:35:36.581166+00:00,auchan,695295,"Vin alb sec Purcari, Traminer, 0.75 l",56.89,RON,,0,catalogue,1
2026-08-11T09:35:36.581241+00:00,auchan,694683,"Vin alb sec Chateau Vartely Individo, Pinot Gris si Chardonnay, 0.75 l",37.99,RON,,0,catalogue,1
2026-08-11T09:35:36.581336+00:00,auchan,694682,"Vin alb sec Chateau Vartely Sauvignon Blanc, 0.75 l",32.29,RON,,0,catalogue,1
2026-08-11T09:35:36.581419+00:00,auchan,694622,"Vin alb demisec Aurelia Visinescu Nomad, Feteasca Regala, 0.75 l",29.99,RON,,0,catalogue,1
2026-08-11T09:35:36.581490+00:00,auchan,694614,"Vin alb sec Domnul de Roua, Sauvignon Blanc, Feteasca Regala, Muscat Ottonel 0.75 l, premiat",33.99,RON,,0,catalogue,1
2026-08-11T09:35:36.581764+00:00,auchan,694609,"Vin alb sec Vila Dobrusa, Sauvignon Blanc sec 0.75 l",39.99,RON,,0,catalogue,1
2026-08-11T09:35:36.581969+00:00,auchan,694607,"Vin alb sec Avincis Cuvee Petit, Sauvignon Blanc 0.75 l",54.99,RON,,0,catalogue,1
2026-08-11T09:35:36.582171+00:00,auchan,694593,"Vin alb demidulce Zurzur Tamaioasa Domeniile Bohotin, 0.75 l",22.19,RON,,0,catalogue,1
2026-08-11T09:35:36.582376+00:00,auchan,693441,"Vin alb sec Cricova Prestige, Pinot Grigio, alcool 12%, 0.75 l",30.89,RON,38.69,1,catalogue,1
2026-08-11T09:35:36.582463+00:00,auchan,693440,"Vin alb sec Cricova Prestige, Chardonnay, alcool 12.5%, 0.75 l",30.89,RON,38.69,1,catalogue,1
2026-08-11T09:35:36.582573+00:00,auchan,693091,"Vin alb dulce Royal Tokaj, 0.5 l",129.99,RON,,0,catalogue,1
2026-08-11T09:35:36.582757+00:00,auchan,693069,"Vin alb sec Frittmann Irsai Oliver, 0.75 l",26.49,RON,,0,catalogue,1
2026-08-11T09:35:36.582948+00:00,auchan,692665,Issa Sauvignon Blanc A S12.5%0.75 l,52.29,RON,,0,catalogue,1
2026-08-11T09:35:36.583142+00:00,auchan,692624,"Vin alb sec Issa Chardonnay, 0.75 l",45.99,RON,,0,catalogue,1
2026-08-11T09:35:36.583215+00:00,auchan,692614,"Vin alb sec Petite Helena, 0.75 l",145.89,RON,,0,catalogue,1
2026-08-11T09:35:36.583283+00:00,auchan,692414,"Vin alb sec de Purcari, Chardonnay 0.75 l",109.99,RON,,0,catalogue,1
2026-08-11T09:35:36.583477+00:00,auchan,692290,"Vin alb sec Ceptura Dominum Feteasca Regala & Chardonnay, 12.5%, 0.75 l",26.99,RON,,0,catalogue,1
2026-08-11T09:35:36.583726+00:00,auchan,692285,"Vin alb sec de Livia, Plavaie 0.75 l",21.19,RON,26.49,1,catalogue,1
2026-08-11T09:35:36.583916+00:00,auchan,692136,"Vin alb sec Cervus Magnus Monte, Feteasca Regala 0.75 l",34.99,RON,,0,catalogue,1
2026-08-11T09:35:36.584123+00:00,auchan,692129,"Vin alb demisec de Varancha, Feteasca Regala 0.75 l",21.39,RON,,0,catalogue,1
2026-08-11T09:35:36.584311+00:00,auchan,692125,"Vin alb sec Cervus Magnus Monte, Sauvignon Blanc 0.75 l",34.99,RON,,0,catalogue,1
2026-08-11T09:35:36.584514+00:00,auchan,692118,"Vin Alb Pelin Demisec, 13.5%, 0.75 l",15.59,RON,,0,catalogue,1
2026-08-11T09:35:36.584755+00:00,auchan,692025,Vin alb sec Chardonnay Terra Valleverde 0.75 l,55.59,RON,,0,catalogue,1
2026-08-11T09:35:36.584956+00:00,auchan,691943,"Vin alb sec Prestige pinot gris alb, 13%, 0.75 l",53.89,RON,,0,catalogue,1
2026-08-11T09:35:36.585203+00:00,auchan,691896,Vin alb sec Minima Moralia Sinceritate Domeniul Coroanei Segarcea 2011 0.75 l,98.89,RON,,0,catalogue,1
2026-08-11T09:35:36.585459+00:00,auchan,691895,"Vin alb sec Domeniul Coroanei Segarcea, Feteasca Alba Sauvignon Blanc, Pinot Gris 0.75 l",98.89,RON,,0,catalogue,1
2026-08-11T09:35:36.585730+00:00,auchan,665061,"Vin alb Pierre Chanau Bourgogne Chardonnay, 0.75 l",49.99,RON,,0,catalogue,1
2026-08-11T09:35:36.585939+00:00,auchan,665060,"Vin alb Pierre Chanau Ardeche Sauvignon Blanc, 0.75 l",19.99,RON,,0,catalogue,1
2026-08-11T09:35:36.586031+00:00,auchan,646120,"Vin alb Pierre Chanau Entre Deux Mers, 0.75 l",24.99,RON,,0,catalogue,1
2026-08-11T09:35:36.586227+00:00,auchan,646119,"Vin alb demisec Pierre Chanau Cremant d'Alsace, 0.75 l",44.99,RON,,0,catalogue,1
2026-08-11T09:35:36.586414+00:00,auchan,646114,"Vin alb Pierre Chanau Alsace Pinot Gris, 0.75 l",36.99,RON,,0,catalogue,1
2026-08-11T09:35:36.586497+00:00,auchan,640195,"Vin alb sec Vinul Cavalerului, Chardonnay, 0.75 l",29.39,RON,,0,catalogue,1
2026-08-11T09:35:36.586748+00:00,auchan,640194,"Vin alb sec Domeniile Davidescu Sauvignon Blanc & Chardonnay, 12.50%, 0.75 l",39.99,RON,,0,catalogue,1
2026-08-11T09:35:36.586979+00:00,auchan,618686,"Vin alb demisec Sigillum Muscat Ottonel, alcool 13 %, 0.75 l",18.39,RON,,0,catalogue,1
2026-08-11T09:35:36.587183+00:00,auchan,574028,"Vin alb demisec Alai Chardonnay, alcool 12.5%, 0.75 l",24.99,RON,,0,catalogue,1
2026-08-11T09:35:36.587262+00:00,auchan,574025,"Vin alb demisec Alai Sauvignon Blanc, alcool 12%, 0.75 l",24.99,RON,,0,catalogue,1
2026-08-11T09:35:36.587330+00:00,auchan,574024,"Vin alb sec Chateau Valvis Sauvignon Blanc, 0.75 l",57.0,RON,95.99,1,catalogue,1
2026-08-11T09:35:36.587418+00:00,auchan,574017,"Vin alb demisec Samburel de Olt Chardonnay, alcool 13%, 0.75 l",24.89,RON,,0,catalogue,1
2026-08-11T09:35:36.587647+00:00,auchan,574011,"Vin alb demisec Samburel de Olt Sauvignon Blanc, alcool 12%, 0.75 l",24.89,RON,,0,catalogue,1
2026-08-11T09:35:36.587843+00:00,auchan,574010,"Vin alb sec Chateau Valvis Chardonnay, 0.75 l",57.0,RON,95.99,1,catalogue,1
2026-08-11T09:35:36.587924+00:00,auchan,573861,"Vin alb sec Ungheni Bridge, Sauvignon Blanc, alcool 12%, 0.75 l",34.99,RON,,0,catalogue,1
2026-08-11T09:35:36.588000+00:00,auchan,545581,"Vin alb demisec Mateus, alcool 10%, 0.75 l",33.49,RON,,0,catalogue,1
2026-08-11T09:35:36.588210+00:00,auchan,542923,"Vin alb sec JP Chenet, Colombard, Sauvignon 0.75 l",28.19,RON,,0,catalogue,1
2026-08-11T09:35:36.588417+00:00,auchan,542916,"Vin alb sec El Emperador, Chardonnay 0.75 l",31.39,RON,,0,catalogue,1
2026-08-11T09:35:36.588684+00:00,auchan,542840,"Vin alb sec Banfi Fumaio Toscana, Chardonnay si Sauvignon Blanc, 0.75 l",54.99,RON,,0,catalogue,1
2026-08-11T09:35:36.588780+00:00,auchan,542727,"Vin alb demisec Cramele Recas Muse White, Feteasca Regala si Muscat Ottonel, 0.75 l",69.99,RON,,0,catalogue,1
2026-08-11T09:35:36.588857+00:00,auchan,542682,"Vin ecologic alb sec Domeniul Bogdan murfatlar, 0.75 l",34.59,RON,,0,catalogue,1
2026-08-11T09:35:36.589128+00:00,auchan,542670,"Vin ecologic alb demisec Domeniul Bogdan Sauvignon, 0.75 l",34.59,RON,,0,catalogue,1
2026-08-11T09:35:36.589334+00:00,auchan,542669,"Vin ecologic alb Domeniul Bogdan muscat ottonel, 0.75 l",34.59,RON,,0,catalogue,1
2026-08-11T09:35:36.589574+00:00,auchan,542664,"Vin alb sec Gitana, Chardonnay 0.75 l",49.49,RON,,0,catalogue,1
2026-08-11T09:35:36.589790+00:00,auchan,532986,"Vin alb demisec Cotnari, Tamaioasa Romaneasca si Francusa, 0.75 l",32.89,RON,,0,catalogue,1
2026-08-11T09:35:36.589881+00:00,auchan,532985,"Vin alb demidulce Cotnari, Feteasca Alba 0.75 l",18.49,RON,,0,catalogue,1
2026-08-11T09:35:36.590057+00:00,auchan,532965,"Vin alb sec Cotnari, Francusa 0.75 l",21.19,RON,,0,catalogue,1
2026-08-11T09:35:36.590237+00:00,auchan,532963,"Vin alb demisec Domenii Cotnari Tamaioasa Romaneasca, 0.75 l",34.59,RON,,0,catalogue,1
2026-08-11T09:35:36.590440+00:00,auchan,532950,"Vin alb sec Murfatlar Sauvignon Blanc, 12% alcool, 0.75 l",19.49,RON,,0,catalogue,1
2026-08-11T09:35:36.590548+00:00,auchan,532933,"Vin alb demisec Zestrea Sauvignon Blanc, 12.5% alcool, 0.75 l",17.99,RON,,0,catalogue,1
2026-08-11T09:35:36.590770+00:00,auchan,532922,"Vin alb demidulce Zestrea Muscat Ottonel, 12% alcool, 0.75 l",17.99,RON,,0,catalogue,1
2026-08-11T09:35:36.590846+00:00,auchan,532774,"Vin Silgillum Moldaviae Feteasca Regala si Sauvignon Blanc, demidulce, 0.75 l",18.39,RON,,0,catalogue,1
2026-08-11T09:35:36.591058+00:00,auchan,532762,"Vin alb demidulce Beciul Domnesc, Muscat Ottonel 0.75 l",24.93,RON,,0,catalogue,1
2026-08-11T09:35:36.591248+00:00,auchan,532723,"Vin alb demidulce Beciul Domnesc Tamaioasa Romaneasca, 0.75 l",24.93,RON,,0,catalogue,1
2026-08-11T09:35:36.591323+00:00,auchan,532722,"Vin alb demisec Beciul Domnesc, Feteasca Regala 0.75 l",24.93,RON,,0,catalogue,1
2026-08-11T09:35:36.591538+00:00,auchan,532721,"Vin alb demisec Beciul Domnesc, Sauvignon Blanc 0.75 l",24.93,RON,,0,catalogue,1
2026-08-11T09:35:36.591732+00:00,auchan,532720,"Vin alb sec Beciul Domnesc, Chardonnay 0.75 l",24.93,RON,,0,catalogue,1
2026-08-11T09:35:36.591927+00:00,auchan,532719,"Vin alb dulce Beciul Domnesc Grand Reserve Tamaioasa Romaneasca, 0.75 l",34.89,RON,,0,catalogue,1
2026-08-11T09:35:36.592147+00:00,auchan,532700,"Vin alb dulce Comoara Pivnitei, Tamaioasa Romaneasca 0.75 l",81.89,RON,,0,catalogue,1
2026-08-11T09:35:36.592348+00:00,auchan,490472,"Vin Corcova Sauvignon Blanc Alb 14% Sec, 0.75 l",39.99,RON,,0,catalogue,1
2026-08-11T09:35:36.592576+00:00,auchan,490459,"Vin alb sec Corcova, Chardonnay, 0.75 l",39.99,RON,,0,catalogue,1
2026-08-11T09:35:36.592657+00:00,auchan,490291,"Vin alb sec Viile Metamorfosis, Feteasca Alba, Sauvignon Blanc 0.75 l",26.79,RON,,0,catalogue,1
2026-08-11T09:35:36.592872+00:00,auchan,489593,"Vin alb demidulce Riunite Lambrusco Bianco Emilia, 0.75 l",23.59,RON,,0,catalogue,1
2026-08-11T09:35:36.593105+00:00,auchan,455832,"Vin alb sec Saac Cuvee Feteasca Alba si Sauvignon Blanc, D.O.C. - C.M.D. Dealu Mare, 0.75 l",45.99,RON,,0,catalogue,1
2026-08-11T09:35:36.593382+00:00,auchan,455829,"Vin alb demisec Pelin Frizzante ZZPelin, 0.75 l",37.49,RON,,0,catalogue,1
2026-08-11T09:35:36.593606+00:00,auchan,455705,"Vin alb demisec Siel Cuvee Fume, 12%, 0.75 l",35.49,RON,,0,catalogue,1
2026-08-11T09:35:36.593790+00:00,auchan,455702,"Vin alb sec Siel, Cupaj Alb 0.75 l",35.49,RON,,0,catalogue,1
2026-08-11T09:35:36.593977+00:00,auchan,455692,"Vin alb sec Mosia de la Tohani, Sauvignon Blanc, 0.75 l",30.29,RON,,0,catalogue,1
2026-08-11T09:35:36.594061+00:00,auchan,455691,"Vin alb demisec Mosia de la Tohani, Feteasca Regala si Feteasca Alba, 0.75 l",30.29,RON,,0,catalogue,1
2026-08-11T09:35:36.594142+00:00,auchan,455688,"Vin alb demisec Domeniile Tohani, Feteasca Regala, 0.75 l",18.99,RON,,0,catalogue,1
2026-08-11T09:35:36.594335+00:00,auchan,455686,"Vin alb demisec Domeniile Tohani, Sauvignon Blanc, 0.75 l",18.99,RON,,0,catalogue,1
2026-08-11T09:35:36.594559+00:00,auchan,455679,"Vin alb dulce Chateau Vartely Ice Wine, Riesling, 0.375 l",114.99,RON,,0,catalogue,1
2026-08-11T09:35:36.594806+00:00,auchan,455667,"Vin alb sec Chateau Vartely Individo, Feteasca Regala si Riesling, 0.75 l",37.99,RON,,0,catalogue,1
2026-08-11T09:35:36.594904+00:00,auchan,455644,"Vin alb demisec Jidvei Weinland, Feteasca Regala, 0.75 l",18.49,RON,21.79,1,catalogue,1
2026-08-11T09:35:36.594972+00:00,auchan,455643,"Vin alb demisec Jidvei Weinland, Sauvignon Blanc, 0.75 l",18.49,RON,21.79,1,catalogue,1
2026-08-11T09:35:36.595036+00:00,auchan,455636,Navigo Compas Chardonnay Alb 13.5% Sec 0.75 l,27.49,RON,34.46,1,catalogue,1
2026-08-11T09:35:36.595240+00:00,auchan,455635,Vin Alb Sec Navigo Compas Pinot Grigio 12.5% 0.75 l,27.49,RON,34.46,1,catalogue,1
2026-08-11T09:35:36.595451+00:00,auchan,455625,"Vin alb demidulce Jidvei Castel, Muscat Ottonel, 0.75 l",90.79,RON,,0,catalogue,1
2026-08-11T09:35:36.595545+00:00,auchan,455623,"Vin alb demisec Jidvei Nec Plus Ultra, Sauvignon Blanc 0.75 l",29.99,RON,35.29,1,catalogue,1
2026-08-11T09:35:36.595755+00:00,auchan,455620,"Vin alb demisec Jidvei Traditional, Feteasca Regala, 0.75 l",18.79,RON,,0,catalogue,1
2026-08-11T09:35:36.595954+00:00,auchan,455618,"Vin alb sec Jidvei Traditional, Feteasca Alba, 0.75 l",18.79,RON,,0,catalogue,1
2026-08-11T09:35:36.596151+00:00,auchan,455610,Vin alb demidulce Jidvei Craita Transilvaniei 0.75 l,13.69,RON,16.19,1,catalogue,1
2026-08-11T09:35:36.596339+00:00,auchan,455608,Vin alb demisec Jidvei Perla Transilvaniei 1.5 l,23.79,RON,,0,catalogue,1
2026-08-11T09:35:36.596553+00:00,auchan,455583,"Vin alb sec Budureasca Premium, Sauvignon Blanc, Chardonnay, Pinot Gri, 0.75 l",48.99,RON,,0,catalogue,1
2026-08-11T09:35:36.596815+00:00,auchan,455579,"Vin alb sec Budureasca Origini, Chardonnay, Tamaioasa Romaneasca 0.75 l",89.99,RON,,0,catalogue,1
2026-08-11T09:35:36.597105+00:00,auchan,455570,"Vin alb sec Budureasca, Feteasca Regala 0.75 l",32.99,RON,,0,catalogue,1
2026-08-11T09:35:36.597300+00:00,auchan,455562,"Vin alb Povestea Alb Visinie, Domeniile Averesti, demisec, 0.75 l",19.29,RON,,0,catalogue,1
2026-08-11T09:35:36.597379+00:00,auchan,455554,"Vin alb sec Nativus, Aligote de Averesti 0.75 l",46.49,RON,,0,catalogue,1
2026-08-11T09:35:36.597632+00:00,auchan,455549,"Vin sec Sauvignon Blanc Zghihara de Husi, 0.75 l",21.3,RON,26.69,1,catalogue,1
2026-08-11T09:35:36.597836+00:00,auchan,454952,"Vin alb sec Rusalca, Cupaj Alb 0.75 l",64.99,RON,,0,catalogue,1
2026-08-11T09:35:36.598061+00:00,auchan,454946,"Vin alb demisec Crama Oprisor La Cetate, Tamaioasa Romaneasca, 0.75 l",42.99,RON,,0,catalogue,1
2026-08-11T09:35:36.598144+00:00,auchan,454945,"Vin alb sec La cetate, Sauvignon Blanc 0.75 l",42.99,RON,,0,catalogue,1
2026-08-11T09:35:36.598334+00:00,auchan,454944,"Vin alb sec La Cetate, Chardonnay 0.75 l",42.99,RON,,0,catalogue,1
2026-08-11T09:35:36.598554+00:00,auchan,454916,"Vin alb sec Alira Flamma, Sauvignong Blanc 0.75 l",31.89,RON,,0,catalogue,1
2026-08-11T09:35:36.598765+00:00,auchan,454906,"Vin alb demisec Basilescu Eclipse Cupaj, 0.75 l",28.99,RON,,0,catalogue,1
2026-08-11T09:35:36.598974+00:00,auchan,454878,"Vin alb semidulce Cricova, Chardonnay, 0.75 l",19.99,RON,,0,catalogue,1
2026-08-11T09:35:36.599172+00:00,auchan,454876,"Vin alb demisec Cricova, Chardonnay, 0.75 l",19.89,RON,,0,catalogue,1
2026-08-11T09:35:36.599349+00:00,auchan,454864,"Vin alb demisec Crepuscul feteasca regala, 13%, 0.75 l",29.99,RON,,0,catalogue,1
2026-08-11T09:35:36.599569+00:00,auchan,454845,"Vin alb sec Vinarte Castel Bolovanu, alcool 12.5%, 0.75 l",26.99,RON,,0,catalogue,1
2026-08-11T09:35:36.599782+00:00,auchan,454842,"Vin alb sec Vinarte, Sauvignon Blanc 0.75 l",17.99,RON,22.6,1,catalogue,1
2026-08-11T09:35:36.599966+00:00,auchan,454840,"Vin alb demisec Vinarte, Tamaioasa Romaneasca 0.75 l",17.99,RON,22.6,1,catalogue,1
2026-08-11T09:35:36.600157+00:00,auchan,324457,"Vin alb sec Vinum, Sauvignon Blanc, 0.75 l",73.49,RON,,0,catalogue,1
2026-08-11T09:35:36.600229+00:00,auchan,324455,"Vin alb demisec Suvorov Glamour Reserve White, Sauvignon Blanc, 0.75 l",53.89,RON,,0,catalogue,1
2026-08-11T09:35:36.600302+00:00,auchan,323058,"Vin alb sec Misiones de Rengo, Chardonnay, 0.75 l",40.29,RON,,0,catalogue,1
2026-08-11T09:35:36.600380+00:00,auchan,291952,"Vin alb sec Budureasca Clasic, Chardonnay, 0.75 l",32.99,RON,,0,catalogue,1
2026-08-11T09:35:36.600469+00:00,auchan,291950,"Vin alb demisec Budureasca Clasic, Tamaioasa Romaneasca, 0.75 l",32.99,RON,,0,catalogue,1
2026-08-11T09:35:36.600578+00:00,auchan,287767,"Vin alb demisec Budureasca Clasic, Feteasca Regala, 0.187 l",13.49,RON,,0,catalogue,1
2026-08-11T09:35:36.600659+00:00,auchan,250701,"Vin alb sec Jidvei Spirit, Feteasca Regala, 0.75 l",50.99,RON,,0,catalogue,1
2026-08-11T09:35:36.600741+00:00,auchan,250700,"Vin alb sec Jidvei Spirit, Chardonnay, 0.75 l",50.99,RON,,0,catalogue,1
2026-08-11T09:35:36.600807+00:00,auchan,245553,"Vin Alb demidulce Mozaic, 3 l",63.49,RON,,0,catalogue,1
2026-08-11T09:35:36.601016+00:00,auchan,228290,"Vin alb sec Domeniile Samburesti Carpathia, Sauvignon Blanc, 0.75 l",59.99,RON,,0,catalogue,1
2026-08-11T09:35:36.601109+00:00,auchan,228289,"Vin alb sec Domeniile Samburesti Carpathia, Chardonnay, 0.75 l",59.99,RON,,0,catalogue,1
2026-08-11T09:35:36.601192+00:00,auchan,226375,"Vin alb sec Castel Mimi Sanzienele, Feteasca Regala, Viorica si Feteasca Alba, 0.75 l",66.99,RON,,0,catalogue,1
2026-08-11T09:35:36.601293+00:00,auchan,226369,"Vin alb sec Domeniile Dealu Mare, Sauvignon Blanc si Feteasca Alba, 0.75 l",34.99,RON,,0,catalogue,1
2026-08-11T09:35:36.601378+00:00,auchan,226364,"Vin alb demisec Domeniile Urlati, Dry Muscat, 0.75 l",29.99,RON,,0,catalogue,1
2026-08-11T09:35:36.601460+00:00,auchan,225084,"Vin alb sec Cramele Recas Sole, Viognier, 0.75 l",58.89,RON,,0,catalogue,1
2026-08-11T09:35:36.601690+00:00,auchan,216748,"Vin alb sec Strunga Terroir, Muscat Ottonel, 0.75 l",32.99,RON,,0,catalogue,1
2026-08-11T09:35:36.601768+00:00,auchan,216747,"Vin alb sec Strunga Terroir, Sauvignon Blanc, 0.75 l",35.99,RON,,0,catalogue,1
2026-08-11T09:35:36.601848+00:00,auchan,205820,"Vin alb demisec Murfatlar Zestrea, Muscat Ottonel, 0.75 l",17.99,RON,,0,catalogue,1
2026-08-11T09:35:36.601922+00:00,auchan,202720,"Vin alb sec Beciul Domnesc, Galbena de Odobesti, 0.75 l",24.93,RON,,0,catalogue,1
2026-08-11T09:35:36.602110+00:00,auchan,202670,"Vin alb demisec Beciul Domnesc Blanc Verite, Busuioaca de Bohotin, 0.75 l",34.89,RON,,0,catalogue,1
2026-08-11T09:35:36.602191+00:00,auchan,167281,"Vin alb sec Chateau Cristi Barrel Fermented, Chardonnay, 0.75 l",69.99,RON,,0,catalogue,1
2026-08-11T09:35:36.602273+00:00,auchan,151498,"Vin alb sec Ego Bodegas Goru El Blanco, Moscatel si Chardonnay, 0.75 l",53.59,RON,,0,catalogue,1
2026-08-11T09:35:36.602353+00:00,auchan,147219,"Vin alb demisec Folklore, Tamaioasa Romaneasca, 0.75 l",44.99,RON,,0,catalogue,1
2026-08-11T09:35:36.602424+00:00,auchan,147208,"Vin alb sec Folklore, Feteasca Alba, 0.75 l",44.99,RON,,0,catalogue,1
2026-08-11T09:35:36.602500+00:00,auchan,137455,"Vin alb demisec Sarica Niculitel Pamanturi, Feteasca Regala, 0.75 l",32.89,RON,,0,catalogue,1
2026-08-11T09:35:36.602608+00:00,auchan,136986,"Vin alb sec Apriori Maestro, Chardonnay, 0.75 l",63.99,RON,,0,catalogue,1
2026-08-11T09:35:36.602684+00:00,auchan,136971,"Vin alb sec Apriori Empirico, Bianca si Pinot Grigio, 0.75 l",32.29,RON,,0,catalogue,1
2026-08-11T09:35:36.602764+00:00,auchan,136968,"Vin alb sec Crama Mircesti, Feteasca Regala, 0.75 l",64.59,RON,,0,catalogue,1
2026-08-11T09:35:36.602843+00:00,auchan,5753,"Vin alb demisec Cramele Recas Explicit, Feteasca Regala, 0.75 l",41.99,RON,,0,catalogue,1
2026-08-11T09:35:36.602925+00:00,auchan,5739,"Vin alb demisec Cramele Recas Explicit, Muscat Ottonel, 0.75 l",41.99,RON,,0,catalogue,1
2026-08-11T09:35:46.987795+00:00,auchan,291925,"Vin rosu sec Cotnari Concept, Feteasca Neagra, 0.75 l",23.79,RON,33.99,1,catalogue,1
2026-08-11T09:35:46.987937+00:00,auchan,965471,"Vin rosu sec Domeniile Vinju Mare Vinul Principelui, Feteasca Neagra, 0.75 l",17.79,RON,,0,catalogue,1
2026-08-11T09:35:46.988034+00:00,auchan,692420,"Vin rosu sec Purcari, Rara Neagra si Saperavi, 0.75 l",36.99,RON,,0,catalogue,1
2026-08-11T09:35:46.988112+00:00,auchan,692418,"Vin rosu sec Purcari, Cabernet Sauvignon, 0.75 l",38.79,RON,,0,catalogue,1
2026-08-11T09:35:46.988191+00:00,auchan,691886,"Vin rosu sec Domeniul Coroanei Segarcea Elite, Pinot Noir 0.75 l",39.99,RON,,0,catalogue,1
2026-08-11T09:35:46.988282+00:00,auchan,691877,"Vin rosu sec Domeniul Coroanei Segarcea Elite, Cabernet Sauvignon 0.75 l",39.99,RON,,0,catalogue,1
2026-08-11T09:35:46.988373+00:00,auchan,542694,"Vin rosu demidulce Schwaben Wein, Cabernet Sauvignon si Pinot Noir, 0.75 l",19.89,RON,,0,catalogue,1
2026-08-11T09:35:46.988494+00:00,auchan,532768,"Vin rosu demidulce Beciul Domnesc, Feteasca Neagra, 0.75 l",24.93,RON,,0,catalogue,1
2026-08-11T09:35:46.988566+00:00,auchan,532767,"Vin rosu demisec Beciul Domnesc, Pinot Noir, 0.75 l",24.93,RON,,0,catalogue,1
2026-08-11T09:35:46.988639+00:00,auchan,490117,"Vin rosu sec Caii De La Letea Legenda, 0.75 l",42.99,RON,,0,catalogue,1
2026-08-11T09:35:46.988726+00:00,auchan,457363,"Vin rosu demisec Privighetoarea, Cabernet Sauvignon si Feteasca Neagra, 0.75 l",9.5,RON,,0,catalogue,1
2026-08-11T09:35:46.988809+00:00,auchan,455747,"Vin rosu dulce Sange de Taur, Cupaj, 0.75 l",15.19,RON,,0,catalogue,1
2026-08-11T09:35:46.989076+00:00,auchan,454931,"Vin rosu sec Crama Oprisor Maiastru, Cabernet Sauvignon, 0.25 l",9.89,RON,,0,catalogue,1
2026-08-11T09:35:46.989169+00:00,auchan,741364,"Vin rosu sec Fautor Vie de Vis, Cabernet Sauvignon, 0.75 l",35.99,RON,,0,catalogue,1
2026-08-11T09:35:46.989251+00:00,auchan,694688,"Vin rosu demisec Suvorov Glamour, Feteasca Neagra, 0.75 l",38.49,RON,,0,catalogue,1
2026-08-11T09:35:46.989324+00:00,auchan,692458,"Vin rosu sec Purcari, Merlot, 0.75 l",40.79,RON,,0,catalogue,1
2026-08-11T09:35:46.989422+00:00,auchan,692419,"Vin rosu sec Purcari, Pinot Noir, 0.75 l",40.79,RON,,0,catalogue,1
2026-08-11T09:35:46.989512+00:00,auchan,692338,"Vin rosu demidulce Crama Ceptura Cervus Cepturum, Merlot si Pinot Noir, 0.75 l",15.99,RON,,0,catalogue,1
2026-08-11T09:35:46.989595+00:00,auchan,692332,"Vin rosu demisec Crama Ceptura Cervus Cepturum, Feteasca Neagra si Merlot, 0.75 l",15.99,RON,,0,catalogue,1
2026-08-11T09:35:46.989679+00:00,auchan,692292,"Vin rosu sec Crama Ceptura Cervus Magnus Monte, Feteasca Neagra, 0.75 l",34.99,RON,,0,catalogue,1
2026-08-11T09:35:46.989771+00:00,auchan,691901,"Vin rosu sec Domeniul Coroanei Segarcea Vardo Adierea Vantului, Syrah, 0.75 l",57.99,RON,,0,catalogue,1
2026-08-11T09:35:46.989861+00:00,auchan,691884,"Vin rosu sec Domeniul Coroanei Segarcea Elite, Merlot 0.75 l",39.99,RON,,0,catalogue,1
2026-08-11T09:35:46.989943+00:00,auchan,574008,"Vin rosu sec Domeniile Samburesti Chateau Valvis, Feteasca Neagra, 0.75l",57.0,RON,95.99,1,catalogue,1
2026-08-11T09:35:46.990030+00:00,auchan,542723,"Vin rosu sec Castel Huniade, Cabernet Sauvignon, 0.187 l",9.19,RON,,0,catalogue,1
2026-08-11T09:35:46.990110+00:00,auchan,542706,"Vin rosu demidulce Castel Huniade, Merlot si Pinot Noir, 0.75 l",19.39,RON,25.89,1,catalogue,1
2026-08-11T09:35:46.990183+00:00,auchan,532778,"Vin rosu demisec Beciul Domnesc Sigillum Moldaviae, Feteasca Neagra, 0.75 l",18.39,RON,,0,catalogue,1
2026-08-11T09:35:46.990261+00:00,auchan,532772,"Vin rosu dulce Beciul Domnesc, Cabernet Sauvignon, 0.75 l",24.93,RON,,0,catalogue,1
2026-08-11T09:35:46.990339+00:00,auchan,457527,"Vin rosu demidulce Murfatlar Lacrima lui Ovidiu, cupaj, 0.75 l",42.49,RON,,0,catalogue,1
2026-08-11T09:35:46.990445+00:00,auchan,455828,"Pelin Carpatin, Pelin rosu demisec de Urlati, 0.75 l",14.19,RON,16.79,1,catalogue,1
2026-08-11T09:35:46.990655+00:00,auchan,455824,"Pelin Carpatin, Pelin rosu demisec de Urlati, 1.5 l",29.49,RON,,0,catalogue,1
2026-08-11T09:35:46.990873+00:00,auchan,455749,"Vin rosu dulce Sange de Taur, Cupaj, 1,5 l",22.39,RON,27.99,1,catalogue,1
2026-08-11T09:35:46.991068+00:00,auchan,455685,"Vin rosu demisec Domeniile Tohani, Feteasca Neagra, 0.75 l",18.99,RON,,0,catalogue,1
2026-08-11T09:35:46.991146+00:00,auchan,455616,"Vin rosu demisec Jidvei Grigorescu, Pinot Noir si Cabernet Sauvignon, 0.75 l",28.49,RON,,0,catalogue,1
2026-08-11T09:35:46.991227+00:00,auchan,455569,"Vin rosu demisec Budureasca Clasic, Feteasca Neagra, 0.75 l",32.99,RON,,0,catalogue,1
2026-08-11T09:35:46.991304+00:00,auchan,454881,"Vin rosu sec Cricova Vintage, Cabernet Sauvignon, 0.75 l",31.99,RON,,0,catalogue,1
2026-08-11T09:35:46.991409+00:00,auchan,454880,"Vin rosu dulce Cricova Pastoral, Cabernet Sauvignon, 0.75 l",43.99,RON,,0,catalogue,1
2026-08-11T09:35:46.991508+00:00,auchan,167129,"Vin rosu sec Chateau Cristi Petit, Malbec, 0.75 l",20.89,RON,26.19,1,catalogue,1
2026-08-11T09:35:46.991588+00:00,auchan,136989,"Vin rosu dulce Ungheni Pastoral Garling, 0.75 l",34.99,RON,,0,catalogue,1
2026-08-11T09:35:46.991665+00:00,auchan,741352,"Vin rosu sec Ramon Bilbao Crianza, Tempranillo, 0.75 l",58.39,RON,,0,catalogue,1
2026-08-11T09:35:46.991743+00:00,auchan,694620,"Vin rosu sec Aurelia Visinescu Nomad, Feteasca Neagra, 0.75 l",29.99,RON,,0,catalogue,1
2026-08-11T09:35:46.991824+00:00,auchan,692291,"Vin rosu dulce Crama Ceptura Sangele Ursului, Merlot, 0.75 l",13.99,RON,,0,catalogue,1
2026-08-11T09:35:46.991908+00:00,auchan,646127,"Vin rosu sec Pierre Chanau Fitou, Carignan, Grenache Noir si Syrah, 0.75 l",30.99,RON,,0,catalogue,1
2026-08-11T09:35:46.992004+00:00,auchan,574023,"Vin rosu sec Domeniile Samburesti, Feteasca Neagra, 0.75 l",26.99,RON,38.69,1,catalogue,1
2026-08-11T09:35:46.992106+00:00,auchan,542708,"Vin rosu sec Castel Huniade, Feteasca Neagra, 0.75 l",19.39,RON,25.89,1,catalogue,1
2026-08-11T09:35:46.992184+00:00,auchan,542707,"Vin rosu sec Castel Huniade, Cabernet Sauvignon, 0.75 l",19.39,RON,25.89,1,catalogue,1
2026-08-11T09:35:46.992261+00:00,auchan,532942,"Vin rosu demidulce Murfatlar Zestrea, Feteasca Neagra, 0.75 l",17.99,RON,,0,catalogue,1
2026-08-11T09:35:46.992329+00:00,auchan,532934,"Vin rosu demisec Murfatlar Zestrea, Cabernet Sauvignon, 0.75 l",17.99,RON,,0,catalogue,1
2026-08-11T09:35:46.992438+00:00,auchan,532861,"Vin rosu demidulce Beciul Domnesc Proles Pontica, Pinot Noir si Merlot, 1.5 l",23.49,RON,,0,catalogue,1
2026-08-11T09:35:46.992526+00:00,auchan,532765,"Vin rosu sec Beciul Domnesc, Cabernet Sauvignon, 0.75 l",24.93,RON,,0,catalogue,1
2026-08-11T09:35:46.992606+00:00,auchan,489094,"Vin rosu sec Hyperion, Cabernet Sauvignon, 0.75 l",64.04,RON,91.49,1,catalogue,1
2026-08-11T09:35:46.992918+00:00,auchan,455607,"Vin rosu demidulce Jidvei Craita Transilvaniei, 0.75 l",13.69,RON,16.19,1,catalogue,1
2026-08-11T09:35:46.993155+00:00,auchan,454950,"Vin rosu sec Crama Oprisor La Cetate, Feteasca Neagra, 0.75 l",42.99,RON,,0,catalogue,1
2026-08-11T09:35:46.993244+00:00,auchan,454936,"Vin rosu sec Crama Oprisor Maiastru, Cabernet Sauvignon, 0.75 l",19.99,RON,,0,catalogue,1
2026-08-11T09:35:46.993328+00:00,auchan,226373,"Vin rosu sec Castel Mimi, Feteasca Neagra, 0.75 l",37.19,RON,,0,catalogue,1
2026-08-11T09:35:46.993442+00:00,auchan,226363,"Vin rosu demidulce Domeniile Urlati, Cabernet Sauvignon, 0.75 l",29.99,RON,,0,catalogue,1
2026-08-11T09:35:46.993523+00:00,auchan,993113,"Vin rosu demisec 3 Pietre, Merlot, 0.75 l",11.19,RON,,0,catalogue,1
2026-08-11T09:35:46.993594+00:00,auchan,965472,"Vin rosu sec Domeniile Vinju Mare Vinul Principelui, Cabernet Sauvignon si Syrah, 0.75 l",17.79,RON,,0,catalogue,1
2026-08-11T09:35:46.993690+00:00,auchan,913260,"Vin rosu demisec Domeniile Kogalniceanu, Feteasca Neagra, 0.75 l",32.99,RON,,0,catalogue,1
2026-08-11T09:35:46.993774+00:00,auchan,911696,"Vin rosu sec Cramele Recas Explicit, Merlot, 0.75 l",41.99,RON,,0,catalogue,1
2026-08-11T09:35:46.993854+00:00,auchan,911695,"Vin rosu sec Cramele Recas Explicit, Cabernet Sauvignon, 0.75 l",41.99,RON,,0,catalogue,1
2026-08-11T09:35:46.993936+00:00,auchan,871766,"Vin rosu sec Crama de Matei Rosturi, Cabernet Sauvignon, 0.75 l",35.99,RON,,0,catalogue,1
2026-08-11T09:35:46.994022+00:00,auchan,850502,"Vin rosu sec Beciul Domnesc Cuvee 49' Rouge, Feteasca Neagra si Cabernet Sauvignon, 0.75 l",112.99,RON,,0,catalogue,1
2026-08-11T09:35:46.994120+00:00,auchan,849793,"Vin rosu sec Crama Oprisor Stil, Syrah, 0.75 l",71.59,RON,,0,catalogue,1
2026-08-11T09:35:46.994193+00:00,auchan,849792,"Vin rosu sec Crama Oprisor Stil, Feteasca Neagra, 0.75 l",71.59,RON,,0,catalogue,1
2026-08-11T09:35:46.994272+00:00,auchan,849791,"Vin rosu sec Crama Oprisor Stil, Cabernet Sauvignon, 0.75 l",71.59,RON,,0,catalogue,1
2026-08-11T09:35:46.994352+00:00,auchan,839857,"Vin rosu demidulce Murfatlar Zestrea Pinot Noir, 0.75 l",17.99,RON,,0,catalogue,1
2026-08-11T09:35:46.994467+00:00,auchan,839573,"Vin rosu sec Vivaldi Apassimento Veneto I.G.T, 0.75 l",89.89,RON,,0,catalogue,1
2026-08-11T09:35:46.994563+00:00,auchan,839571,"Vin rosu sec Cantina di Negrar Il Viaggio Appassimento, Cupaj, 0.75 l",48.99,RON,65.99,1,catalogue,1
2026-08-11T09:35:46.994655+00:00,auchan,839570,"Vin rosu demisec Cantina di Negrar Si. Mento, Corvina si Corvinone, 0.75 l",37.99,RON,47.49,1,catalogue,1
2026-08-11T09:35:46.994960+00:00,auchan,746704,"Vin rosu sec Feteasca de Tohani, 0.75 l",37.99,RON,,0,catalogue,1
2026-08-11T09:35:46.995155+00:00,auchan,741365,"Vin rosu sec Fautor Vie de Vis, Merlot, 0.75 l",35.99,RON,,0,catalogue,1
2026-08-11T09:35:46.995235+00:00,auchan,741359,"Vin rosu sec Fautor 310 Altitudine, Cabernet Sauvignon si Merlot, 0.75 l",20.0,RON,27.0,1,catalogue,1
2026-08-11T09:35:46.995326+00:00,auchan,741342,"Vin rosu sec Vitis Nostra, Primitivo Puglia, 0.75 l",40.79,RON,,0,catalogue,1
2026-08-11T09:35:46.995561+00:00,auchan,741339,"Vin rosu sec Vitis Nostra Montepulciano D'Abruzzo DOC, 0.75 l",31.39,RON,,0,catalogue,1
2026-08-11T09:35:46.995647+00:00,auchan,741336,"Vin rosu sec Grande Alberone Puglia, Negroamaro, 0.75 l",52.19,RON,,0,catalogue,1
2026-08-11T09:35:46.995916+00:00,auchan,729161,"Vin rosu sec Silk & Spice Red Wine Blend, Baga si Touriga Nacional, 0.75 l",28.59,RON,43.99,1,catalogue,1
2026-08-11T09:35:46.996137+00:00,auchan,729151,"Vin rosu demisec Domeniile Ostrov Pelin, 0.75 l",12.99,RON,,0,catalogue,1
2026-08-11T09:35:46.996210+00:00,auchan,729011,"Vin rosu sec Crama Girboiu Tectonic, Cabernet Sauvignon si Syrah, 0.75 l",37.49,RON,,0,catalogue,1
2026-08-11T09:35:46.996298+00:00,auchan,722482,"Vin rosu sec Castel Mimi, Rara Neagra, 0.75 l",37.19,RON,,0,catalogue,1
2026-08-11T09:35:46.996372+00:00,auchan,695294,"Vin rosu sec Purcari, Feteasca Neagra, 0.75l",59.49,RON,,0,catalogue,1
2026-08-11T09:35:46.996484+00:00,auchan,694624,"Vin rosu sec Aurelia Visinescu Nomad, Merlot, 0.75 l",29.99,RON,,0,catalogue,1
2026-08-11T09:35:46.996571+00:00,auchan,694613,"Vin rosu sec Avincis Domnul de Roua, Feteasca Neagra, Cabernet Sauvignon si Pinot Noir, 0.75 l",33.49,RON,,0,catalogue,1
2026-08-11T09:35:46.996673+00:00,auchan,694601,"Vin rosu sec Domeniile Bohotin Poem Editie Limitata, Feteasca Neagra, 0.75 l",46.19,RON,,0,catalogue,1
2026-08-11T09:35:46.996761+00:00,auchan,694600,"Vin rosu sec Domeniile Bohotin Poem Editie Limitata, Cupaj, 0.75 l",46.19,RON,,0,catalogue,1
2026-08-11T09:35:46.997006+00:00,auchan,693443,"Vin rosu sec Cricova Editie Limitata, Shiraz, 0.75 l",61.59,RON,,0,catalogue,1
2026-08-11T09:35:46.997104+00:00,auchan,693442,"Vin rosu sec Cricova Prestige Codru, Cabernet Sauvignon si Merlot, 0.75 l",30.89,RON,38.69,1,catalogue,1
2026-08-11T09:35:46.997200+00:00,auchan,693111,"Vin rosu sec Domeniile Davidescu, Cabernet Sauvignon si Feteasca Neagra, 0.75 l",39.99,RON,,0,catalogue,1
2026-08-11T09:35:46.997291+00:00,auchan,693097,"Vin rosu sec Bolyki Bikaver, Cupaj, 0.75 l",47.79,RON,,0,catalogue,1
2026-08-11T09:35:46.997399+00:00,auchan,692617,"Vin rosu sec Crama Girboiu Constantin Premium, Merlot, Cabernet Sauvignon si Feteasca Neagra, 0.75 l",258.99,RON,,0,catalogue,1
2026-08-11T09:35:46.997516+00:00,auchan,692602,"Vin rosu sec Crama Ceptura Magnus Monte, Merlot, 0.75 l",34.99,RON,,0,catalogue,1
2026-08-11T09:35:46.997601+00:00,auchan,692438,"Vin rosu sec de Purcari Freedom Blend, Bastardo, Saperavi si Rara Neagra, 0.75 l",47.79,RON,,0,catalogue,1
2026-08-11T09:35:46.997709+00:00,auchan,692435,"Vin rosu sec Rosu de Purcari, Cabernet Sauvignon, 0.75 l",109.99,RON,,0,catalogue,1
2026-08-11T09:35:46.997789+00:00,auchan,692431,"Vin rosu sec Negru de Purcari, Cabernet Sauvignon, 0.75 l",113.69,RON,,0,catalogue,1
2026-08-11T09:35:46.997870+00:00,auchan,692375,"Vin rosu sec Crama Ceptura Motiv, Cabernet Sauvignon si Feteasca Neagra, 0.75 l",26.99,RON,,0,catalogue,1
2026-08-11T09:35:46.997961+00:00,auchan,692337,"Vin rosu demisec Crama Ceptura Astrum Cervi, Cabernet Sauvignon, 0.75 l",21.29,RON,,0,catalogue,1
2026-08-11T09:35:46.998037+00:00,auchan,692336,"Vin rosu sec Crama Ceptura Astrum Cervi, Feteasca Neagra, 0.75 l",21.29,RON,,0,catalogue,1
2026-08-11T09:35:46.998119+00:00,auchan,692335,"Vin rosu sec Crama Ceptura Cervus Magnus Monte, Syrah, 0.75 l",34.99,RON,,0,catalogue,1
2026-08-11T09:35:46.998206+00:00,auchan,692334,"Vin rosu sec Crama Girboiu Tectonic, Feteasca Neagra, 0.75 l",37.49,RON,,0,catalogue,1
2026-08-11T09:35:46.998289+00:00,auchan,692333,"Vin rosu demidulce Crama Ceptura Soapta Calugarului, Cupaj, 0.75 l",22.39,RON,,0,catalogue,1
2026-08-11T09:35:46.998525+00:00,auchan,692293,"Vin rosu sec Crama Ceptura Cervus Magnus Monte, Cabernet Sauvignon, 0.75 l",34.99,RON,,0,catalogue,1
2026-08-11T09:35:46.998623+00:00,auchan,692101,"Vin rosu sec Terra Valleverde Divino, Cabernet Sauvignon, Feteasca Neagra si Merlot, 0.75 l",55.59,RON,,0,catalogue,1
2026-08-11T09:35:46.998720+00:00,auchan,691938,"Vin rosu sec Domeniul Coroanei Segarcea Prestige, Pinot Noir, 0.75 l",53.89,RON,,0,catalogue,1
2026-08-11T09:35:46.998808+00:00,auchan,691907,"Vin rosu sec Domeniul Coroanei Segarcea Simfonie, Cupaj, 1.5 l",139.99,RON,,0,catalogue,1
2026-08-11T09:35:46.998903+00:00,auchan,691905,"Vin rosu sec Domeniul Coroanei Segarcea Verdo Puterea Vointei, Cabernet Franc si Merselan, 0.75 l",57.99,RON,,0,catalogue,1
2026-08-11T09:35:46.999002+00:00,auchan,691903,"Vin rosu sec Domeniul Coroanei Segarcea Vardo Picatura Vietii, Touriga Nacional, 0.75 l",57.99,RON,,0,catalogue,1
2026-08-11T09:35:46.999096+00:00,auchan,691902,"Vin rosu sec Domeniul Coroanei Segarcea Vardo Patima Serii, Feteasca Neagra, 0.75 l",57.99,RON,,0,catalogue,1
2026-08-11T09:35:46.999187+00:00,auchan,691900,"Vin rosu sec Domeniul Coroanei Segarcea Soiuri Rare, Marselan, 0.75 l",69.99,RON,,0,catalogue,1
2026-08-11T09:35:46.999278+00:00,auchan,691899,"Vin rosu sec Domeniul Coroanei Segarcea Minima Moralia Recunostinta, Cabernet Sauvignon, 0.75 l",98.89,RON,,0,catalogue,1
2026-08-11T09:35:46.999398+00:00,auchan,691894,"Vin rosu sec Domeniul Coroanei Segarcea Minima Moralia Daruire, Syrah, Cabernet Sauvignon si Marselan, 0.75 l",98.89,RON,,0,catalogue,1
2026-08-11T09:35:46.999525+00:00,auchan,691893,"Vin rosu sec Domeniul Coroanei Segarcea Minima Moralia Respect, Marselan si Cabernet Sauvignon, 0.75 l",98.89,RON,,0,catalogue,1
2026-08-11T09:35:46.999625+00:00,auchan,691891,"Vin rosu sec Domeniul Coroanei Segarcea Prestige, Cabernet Sauvignon, 0.75 l",53.89,RON,,0,catalogue,1
2026-08-11T09:35:46.999716+00:00,auchan,665059,"Vin rosu sec Pierre Chanau Bordeaux Superieur Versant Royal, 0.75 l",23.99,RON,,0,catalogue,1
2026-08-11T09:35:46.999927+00:00,auchan,646144,"Vin rosu sec Pierre Chanau Vacqueyras, 0.75 l",59.99,RON,,0,catalogue,1
2026-08-11T09:35:47.000119+00:00,auchan,646128,"Vin rosu sec Pierre Chanau Julienas, 0.75 l",45.99,RON,,0,catalogue,1
2026-08-11T09:35:47.000306+00:00,auchan,646117,"Vin rosu sec Pierre Chanau Brouilly, 0.75 l",45.99,RON,,0,catalogue,1
2026-08-11T09:35:47.000522+00:00,auchan,646115,"Vin rosu sec Pierre Chanau Beaujolais, 0.75 l",38.99,RON,,0,catalogue,1
2026-08-11T09:35:47.000719+00:00,auchan,646112,"Vin rosu sec Pierre Chanau Bordeaux Superieur Versant Royal, 0.375 l",16.99,RON,,0,catalogue,1
2026-08-11T09:35:47.000961+00:00,auchan,640202,"Vin rosu sec Serve Vinul Cavalerului, Feteasca Neagra, 0.75 l",29.39,RON,,0,catalogue,1
2026-08-11T09:35:47.001094+00:00,auchan,640188,"Vin rosu Domeniile Davidescu, Feteasca Neagra Malbec, 0.75 l",39.99,RON,,0,catalogue,1
2026-08-11T09:35:47.001191+00:00,auchan,640186,"Vin rosu sec Domenille Davidescu, Rara Neagra si Saperavi, 0.75 l",39.99,RON,,0,catalogue,1
2026-08-11T09:35:47.001278+00:00,auchan,574022,"Vin rosu sec Domeniile Samburesti, Pinot Noir, 0.75 l",26.99,RON,38.69,1,catalogue,1
2026-08-11T09:35:47.001360+00:00,auchan,574015,"Vin rosu sec Domeniile Samburesti Chateau Valvis, Cabernet Sauvignon, 0.75 l",57.0,RON,95.99,1,catalogue,1
2026-08-11T09:35:47.001486+00:00,auchan,574014,"Vin rosu sec Domeniile Samburesti Chateau Valvis, Merlot, 0.75 l",57.0,RON,95.99,1,catalogue,1
2026-08-11T09:35:47.001576+00:00,auchan,574013,"Vin rosu sec Domeniile Samburesti, Merlot, 0.75 l",26.99,RON,38.69,1,catalogue,1
2026-08-11T09:35:47.001653+00:00,auchan,574006,"Vin rosu sec Domeniile Samburesti, Cabernet Sauvignon, 0.75 l",26.99,RON,38.69,1,catalogue,1
2026-08-11T09:35:47.001735+00:00,auchan,573855,"Vin rosu sec Ungheni Brigde, Cabernet Sauvignon, 0.75 l",34.99,RON,,0,catalogue,1
2026-08-11T09:35:47.001817+00:00,auchan,545675,"Vin rosu dulce Cantine Florio Vecchioflorio Marsala Superiore, Grillo si Catarratto, 0.75 l",59.99,RON,,0,catalogue,1
2026-08-11T09:35:47.002058+00:00,auchan,545617,"Vin rosu sec Piccini Memoro Rosso, Cupaj, 0.75 l",41.89,RON,,0,catalogue,1
2026-08-11T09:35:47.002160+00:00,auchan,545616,"Vin rosu sec Piccini Chianti Orange, Sangiovese, 0.75 l",50.49,RON,,0,catalogue,1
2026-08-11T09:35:47.002248+00:00,auchan,542928,"Vin rosu sec JP. Chenet Original, Merlot, 0.75 l",28.19,RON,,0,catalogue,1
2026-08-11T09:35:47.002324+00:00,auchan,542921,"Vin rosu sec JP. Chenet Original, Cabernet si Syrah, 0.75 l",28.19,RON,,0,catalogue,1
2026-08-11T09:35:47.002438+00:00,auchan,542915,"Vin rosu sec El Emperador, Cabernet si Carmenere, 0.75 l",31.39,RON,,0,catalogue,1
2026-08-11T09:35:47.002530+00:00,auchan,542838,"Vin rosu sec Banfi Chianti Classico D.O.C.G, Sangiovese, 0.75 l",98.99,RON,,0,catalogue,1
2026-08-11T09:35:47.002618+00:00,auchan,542837,"Vin rosu sec Banfi Chianti Annata DOCG, Sangiovese, 0.75 l",67.79,RON,,0,catalogue,1
2026-08-11T09:35:47.002698+00:00,auchan,542736,"Vin rosu demidulce Cramele Recas Te iubesc, 0.75 l",24.19,RON,,0,catalogue,1
2026-08-11T09:35:47.002884+00:00,auchan,542714,"Vin rosu demisec Castel Huniade, Merlot, 0.75 l",19.39,RON,25.89,1,catalogue,1
2026-08-11T09:35:47.002950+00:00,auchan,542687,"Vin rosu demisec Schwaben Wein, Merlot, 0.75 l",19.89,RON,,0,catalogue,1
2026-08-11T09:35:47.003015+00:00,auchan,542686,"Vin rosu sec Schwaben Wein, Cabernet Sauvignon, 0.75 l",19.89,RON,,0,catalogue,1
2026-08-11T09:35:47.003095+00:00,auchan,542676,"Vin rosu sec ecologic Domeniul Bogdan, Feteasca Neagra si Merlot, 0.75 l",35.99,RON,,0,catalogue,1
2026-08-11T09:35:47.003182+00:00,auchan,542675,"Vin rosu demisec ecologic Domeniul Bogdan, Syrah si Merlot, 0.75 l",35.99,RON,,0,catalogue,1
2026-08-11T09:35:47.003261+00:00,auchan,542668,"Vin rosu sec Gitana Winery Portret de Gitana, Merlot si Rara Neagra, 0.75 l",34.99,RON,,0,catalogue,1
2026-08-11T09:35:47.003520+00:00,auchan,542666,"Vin rosu sec Gitana Winery, Merlot, 0.75 l",52.49,RON,,0,catalogue,1
2026-08-11T09:35:47.003599+00:00,auchan,542663,"Vin rosu sec Gitana Winery, Rara Neagra, 0.75 l",54.99,RON,,0,catalogue,1
2026-08-11T09:35:47.003675+00:00,auchan,542662,"Vin rosu sec Gitana Winery, Cabernet Sauvignon, 0.75 l",52.99,RON,,0,catalogue,1
2026-08-11T09:35:47.003757+00:00,auchan,532970,"Vin rosu sec Cotnari Domenii, Feteasca Neagra, 0.75 l",44.69,RON,,0,catalogue,1
2026-08-11T09:35:47.003833+00:00,auchan,532964,"Vin rosu sec Castel Vladoianu, Feteasca Neagra, 0.75 l",73.79,RON,,0,catalogue,1
2026-08-11T09:35:47.003909+00:00,auchan,532956,"Vin rosu demisec Premiat Eticheta Neagra, 0.75 l",12.49,RON,,0,catalogue,1
2026-08-11T09:35:47.004092+00:00,auchan,532952,"Vin rosu Sec de Murfatlar, Cabernet Sauvignon, 0.75 l",19.49,RON,,0,catalogue,1
2026-08-11T09:35:47.004170+00:00,auchan,532882,"Vin rosu demisec Beciul Domnesc Doi Cocosi, 1.5 l",22.49,RON,,0,catalogue,1
2026-08-11T09:35:47.004240+00:00,auchan,532797,"Vin rosu demidulce Beciul Domnesc Sigillum Moldaviae, Pinot Noir, 0.75 l",18.39,RON,,0,catalogue,1
2026-08-11T09:35:47.004315+00:00,auchan,532766,"Vin rosu demisec Beciul Domnesc, Merlot, 0.75 l",24.93,RON,,0,catalogue,1
2026-08-11T09:35:47.004405+00:00,auchan,532718,"Vin rosu sec Beciul Domnesc Grand Reserve, Feteasca Neagra, 0.75 l",34.89,RON,,0,catalogue,1
2026-08-11T09:35:47.004534+00:00,auchan,532711,"Vin rosu sec Beciul Domnesc Sceptrus, Cabernet Sauvignon, Feteasca neagra si Merlot, 0.75 l",24.0,RON,28.5,1,catalogue,1
2026-08-11T09:35:47.004637+00:00,auchan,532699,"Vin rosu demisec Beciul Domnesc Comoara Pivnitei, Merlot, 0.75 l",81.89,RON,,0,catalogue,1
2026-08-11T09:35:47.004712+00:00,auchan,490485,"Vin rosu sec Corcova Reserve, Syrah, 0.75 l",81.99,RON,,0,catalogue,1
2026-08-11T09:35:47.004787+00:00,auchan,490476,"Vin rosu sec Corcova, Feteasca Neagra, 0.75 l",39.99,RON,,0,catalogue,1
2026-08-11T09:35:47.004870+00:00,auchan,490457,"Vin rosu sec Corcova, Cabernet Sauvignon si Merlot, 0.75 l",39.99,RON,,0,catalogue,1
2026-08-11T09:35:47.004954+00:00,auchan,490317,"Vin rosu sec Viile Metamorfosis Via Marchizului, Negru de Dragasani, 0.75 l",66.99,RON,,0,catalogue,1
2026-08-11T09:35:47.005087+00:00,auchan,490301,"Vin rosu sec Viile Metamorfosis, Merlot, 0.75 l",36.69,RON,,0,catalogue,1
2026-08-11T09:35:47.005170+00:00,auchan,490298,"Vin rosu sec Viile Metamorfosis, Cabernet Sauvignon, 0.75 l",37.29,RON,,0,catalogue,1
2026-08-11T09:35:47.005264+00:00,auchan,490276,"Vin rosu sec Domeniile Vinju Mare Prince Vlad, Feteasca Neagra, 0.75 l",37.49,RON,,0,catalogue,1
2026-08-11T09:35:47.005350+00:00,auchan,490205,"Vin rosu sec Domeniile Panciu Riserva, Feteasca Neagra, 0.75 l",57.49,RON,,0,catalogue,1
2026-08-11T09:35:47.005465+00:00,auchan,490182,"Vin rosu demisec Casa Panciu, Feteasca Neagra, 0.75 l",16.89,RON,19.99,1,catalogue,1
2026-08-11T09:35:47.005547+00:00,auchan,490122,"Vin rosu sec Aurelia Visinescu Promessa, Feteasca Neagra si Syrah, 0.75 l",47.99,RON,,0,catalogue,1
2026-08-11T09:35:47.005637+00:00,auchan,490089,"Vin rosu sec Caii de la Letea Volumul II, 0.75 l",48.79,RON,60.99,1,catalogue,1
2026-08-11T09:35:47.005715+00:00,auchan,490087,"Vin rosu sec Caii de la Letea Volumul II, 0.75 l",48.79,RON,60.99,1,catalogue,1
2026-08-11T09:35:47.005790+00:00,auchan,489853,"Vin rosu sec Hungarovin Egri Bikaver, Cupaj, 0.75 l",20.29,RON,,0,catalogue,1
2026-08-11T09:35:47.005992+00:00,auchan,489128,"Vin rosu demisec Prahova Valley, Feteasca Neagra, 0.75 l",20.49,RON,27.39,1,catalogue,1
2026-08-11T09:35:47.006062+00:00,auchan,457370,"Vin rosu sec Basilevs, Feteasca Neagra, 0.75 l",40.89,RON,,0,catalogue,1
2026-08-11T09:35:47.006135+00:00,auchan,457369,"Vin rosu sec Basilevs, Cabernet Sauvignon, 0.75 l",40.89,RON,,0,catalogue,1
2026-08-11T09:35:47.006209+00:00,auchan,455713,"Vin rosu sec Principele Radu, Merlot, 0.75 l",89.39,RON,,0,catalogue,1
2026-08-11T09:35:47.006281+00:00,auchan,455704,"Vin rosu sec Tohani Siel, Cupaj, 0.75 l",35.49,RON,,0,catalogue,1
2026-08-11T09:35:47.006358+00:00,auchan,455696,"Vin rosu sec Princiar Special Reserve, Pinot Noir, 0.75 l",34.89,RON,,0,catalogue,1
2026-08-11T09:35:47.006473+00:00,auchan,455690,"Vin rosu demisec Mosia de la Tohani, Pinot Noir, 0.75 l",30.29,RON,,0,catalogue,1
2026-08-11T09:35:47.006549+00:00,auchan,455689,"Vin rosu demisec Mosia de la Tohani, Feteasca Neagra, 0.75 l",30.29,RON,,0,catalogue,1
2026-08-11T09:35:47.006621+00:00,auchan,455675,"Vin rosu sec Chateau Vartely Individo, Saperavi, 0.75 l",63.49,RON,,0,catalogue,1
2026-08-11T09:35:47.006704+00:00,auchan,455672,"Vin rosu sec Chateau Vartely Individo, Feteasca Neagra si Rara Neagra, 0.75 l",37.99,RON,,0,catalogue,1
2026-08-11T09:35:47.006796+00:00,auchan,455671,"Vin rosu sec Chateau Vartely Individo, Rara Neagra, Malbec si Syrah, 0.75 l",37.99,RON,,0,catalogue,1
2026-08-11T09:35:47.006884+00:00,auchan,455670,"Vin rosu sec Chateau Vartely Individo, Merlot si Cabernet Sauvignon, 0.75 l",37.99,RON,,0,catalogue,1
2026-08-11T09:35:47.006973+00:00,auchan,455666,"Vin rosu sec Chateau Vartely Individo, Rara Neagra, Malbec si Syrah, 0.187 l",10.39,RON,15.99,1,catalogue,1
2026-08-11T09:35:47.007060+00:00,auchan,455655,"Vin rosu sec Chateau Vartely, Cabernet Sauvignon, 0.75 l",32.29,RON,,0,catalogue,1
2026-08-11T09:35:47.007139+00:00,auchan,455650,"Vin rosu demidulce Suvorov Letto, Merlot, 1 l",27.99,RON,,0,catalogue,1
2026-08-11T09:35:47.007200+00:00,auchan,455638,"Vin rosu sec Navigo Compas, Shiraz, 0.75 l",27.49,RON,34.46,1,catalogue,1
2026-08-11T09:35:47.007274+00:00,auchan,455634,"Vin rosu demisec Murfatlar Hora, Feteasca Neagra, 0.75 l",16.39,RON,,0,catalogue,1
2026-08-11T09:35:47.007344+00:00,auchan,455606,"Vin rosu demisec Jidvei Craita Transilvaniei, 0.75 l",13.69,RON,16.19,1,catalogue,1
2026-08-11T09:35:47.007573+00:00,auchan,455605,"Vin rosu demisec Jidvei Perla Transilvaniei, Feteasca Neagra si Merlot, Magnum, 1.5 l",23.79,RON,,0,catalogue,1
2026-08-11T09:35:47.007663+00:00,auchan,455582,"Vin rosu sec Budureasca Premium, Feteasca Neagra, 0.75 l",49.99,RON,,0,catalogue,1
2026-08-11T09:35:47.007743+00:00,auchan,455581,"Vin rosu sec Budureasca Premium, Cabernet Sauvignon, 0.75 l",49.99,RON,,0,catalogue,1
2026-08-11T09:35:47.007824+00:00,auchan,455574,"Vin rosu sec Budureasca, Feteasca Neagra, Magnum, 1.5 l",123.29,RON,,0,catalogue,1
2026-08-11T09:35:47.007903+00:00,auchan,455568,"Vin rosu sec Budureasca Clasic, Cabernet Sauvignon, 0.75 l",32.99,RON,,0,catalogue,1
2026-08-11T09:35:47.007981+00:00,auchan,455565,"Vin rosu sec Budureasca Oganic, Merlot, 0.75 l",42.99,RON,,0,catalogue,1
2026-08-11T09:35:47.008061+00:00,auchan,455563,"Vin rosu sec Domeniile Averesti Povestea Alb Visinie, Cabernet Sauvignon, 0.75 l",19.29,RON,,0,catalogue,1
2026-08-11T09:35:47.008154+00:00,auchan,455493,"Vin rosu sec Pierre Chanau Cotes Du Rhone, 0.375 l",18.99,RON,,0,catalogue,1
2026-08-11T09:35:47.008348+00:00,auchan,455492,"Vin rosu sec Pierre Chanau Cotes Du Rhone, 0.75 l",21.99,RON,,0,catalogue,1
2026-08-11T09:35:47.008578+00:00,auchan,455491,"Vin rosu sec Pierre Chanau Cotes De Bordeaux, 0.375 l",16.99,RON,,0,catalogue,1
2026-08-11T09:35:47.008657+00:00,auchan,455488,"Vin rosu sec Pierre Chanau Rhone Villages, 0.375 l",18.99,RON,,0,catalogue,1
2026-08-11T09:35:47.008850+00:00,auchan,455487,"Vin rosu sec Pierre Chanau Cotes Du Rhone, 0.75 l",26.99,RON,,0,catalogue,1
2026-08-11T09:35:47.009083+00:00,auchan,455485,"Vin rosu sec Pierre Chanau Bordeaux Rouge 2020, 0.75 l",20.99,RON,,0,catalogue,1
2026-08-11T09:35:47.009291+00:00,auchan,455482,"Vin rosu sec Pierre Chanau Terres du Midi, 0.75 l",16.99,RON,,0,catalogue,1
2026-08-11T09:35:47.009522+00:00,auchan,455481,"Vin rosu sec Pierre Chanau Vieillesvignes, 0.75 l",24.99,RON,,0,catalogue,1
2026-08-11T09:35:47.009724+00:00,auchan,455480,"Vin rosu sec Pierre Chanau Pays-d'Oc, Cabernet Sauvignon, 0.75 l",19.99,RON,,0,catalogue,1
2026-08-11T09:35:47.009809+00:00,auchan,455479,"Vin rosu sec Pierre Chanau Bourgogne, Pinot Noir, 0.75 l",55.99,RON,,0,catalogue,1
2026-08-11T09:35:47.009887+00:00,auchan,455477,"Vin rosu sec Pierre Chanau Bordeaux Superieur Bio, 0.75 l",32.99,RON,,0,catalogue,1
2026-08-11T09:35:47.010089+00:00,auchan,454964,"Vin rosu sec Crama Oprisor, Cabernet Sauvignon, 0.75 l",119.89,RON,,0,catalogue,1
2026-08-11T09:35:47.010175+00:00,auchan,454963,"Vin rosu sec Crama Oprison Smerenie, Shiraz, Pinot Noir si Dornfelder, 0.75 l",144.89,RON,,0,catalogue,1
2026-08-11T09:35:47.010270+00:00,auchan,454959,"Vin rosu sec Crama Oprisor Cupola Sanctis Sfanta Maria, Cabernet Sauvignon si Merlot, 0.75 l",56.99,RON,,0,catalogue,1
2026-08-11T09:35:47.010369+00:00,auchan,454956,"Vin rosu sec Crama Oprisor Cupola Sanctis Sfantul Ioan, Cabernet Sauvignon si Merlot, 0.75 l",56.39,RON,,0,catalogue,1
2026-08-11T09:35:47.010503+00:00,auchan,454954,"Vin rosu sec Crama Oprisor Dragaica Rosie, Cupaj Rosu, 0.75 l",72.39,RON,,0,catalogue,1
2026-08-11T09:35:47.010591+00:00,auchan,454951,"Vin rosu sec Crama Oprisor La Cetate, Shiraz, 0.75 l",42.99,RON,,0,catalogue,1
2026-08-11T09:35:47.010670+00:00,auchan,454949,"Vin rosu sec Crama Oprisor La Cetate, Cabernet Sauvignon, 0.75 l",42.99,RON,,0,catalogue,1
2026-08-11T09:35:47.010752+00:00,auchan,454948,"Vin rosu sec Crama Oprisor La cetate, Merlot, 0.75 l",42.99,RON,,0,catalogue,1
2026-08-11T09:35:47.010826+00:00,auchan,454947,"Vin rosu sec Crama Oprisor La Cetate, Pinot Noir, 0.75 l",42.99,RON,,0,catalogue,1
2026-08-11T09:35:47.010907+00:00,auchan,454943,"Vin rosu sec Crama Oprisor Caloian, Feteasca Neagra, 0.75 l",26.59,RON,,0,catalogue,1
2026-08-11T09:35:47.011017+00:00,auchan,454942,"Vin rosu sec Crama Oprisor Caloian, Merlot, 0.75 l",26.59,RON,,0,catalogue,1
2026-08-11T09:35:47.011097+00:00,auchan,454941,"Vin rosu sec Crama Oprisor Caloian, Cabernet Sauvignon, 0.75 l",26.59,RON,,0,catalogue,1
2026-08-11T09:35:47.011179+00:00,auchan,454938,"Vin rosu demisec Crama Oprisor Maiastru, Feteasca Neagra, 0.75 l",19.99,RON,,0,catalogue,1
2026-08-11T09:35:47.011251+00:00,auchan,454937,"Vin rosu demisec Crama Oprisor Maiastru, Merlot, 0.75 l",19.99,RON,,0,catalogue,1
2026-08-11T09:35:47.011321+00:00,auchan,454928,"Vin rosu sec Alira, Cabernet Sauvignon, 0.75 l",51.69,RON,,0,catalogue,1
2026-08-11T09:35:47.011426+00:00,auchan,454920,"Vin rosu sec Alira Flamma Rosu Baricat, Merlot si Cabernet Sauvignon, 0.75 l",49.89,RON,,0,catalogue,1
2026-08-11T09:35:47.011534+00:00,auchan,454918,"Vin rosu sec Alira Flamma Rosu Savuros, Feteasca Neagra, Cabernet Sauvignon, 0.75 l",31.89,RON,,0,catalogue,1
2026-08-11T09:35:47.011629+00:00,auchan,454915,"Vin rosu demisec Crama Basilescu Eclipse, Feteasca Neagra, 0.75 l",31.59,RON,,0,catalogue,1
2026-08-11T09:35:47.011704+00:00,auchan,454885,"Vin rosu sec Cricova Prestige, Cabernet Sauvignon, 0.75 l",30.89,RON,38.69,1,catalogue,1
2026-08-11T09:35:47.011783+00:00,auchan,454884,"Vin rosu sec Cricova Virgin, Merlot, 0.75 l",89.79,RON,,0,catalogue,1
2026-08-11T09:35:47.011862+00:00,auchan,454879,"Vin rosu demidulce Cricova Hartie, Cabernet Sauvignon, 0.75 l",19.99,RON,,0,catalogue,1
2026-08-11T09:35:47.011932+00:00,auchan,454875,"Vin rosu demisec Cricova Chateau, Cabernet Sauvignon, 0.75 l",19.89,RON,,0,catalogue,1
2026-08-11T09:35:47.012008+00:00,auchan,454866,"Vin rosu sec Crepuscul by Liliac Red, Feteasca Neagra si Merlot, 0.75 l",29.99,RON,,0,catalogue,1
2026-08-11T09:35:47.012092+00:00,auchan,454859,"Vin rosu sec Vinarte Soare, Cabernet Sauvignon, 0.75 l",139.89,RON,,0,catalogue,1
2026-08-11T09:35:47.012171+00:00,auchan,454856,"Vin rosu sec Vinarte Prince Mircea, Negru de Dragasani, 0.75 l",60.99,RON,,0,catalogue,1
2026-08-11T09:35:47.012268+00:00,auchan,454855,"Vin rosu sec Vinarte Prince Mircea, Feteasca Neagra, 0.75 l",60.99,RON,,0,catalogue,1
2026-08-11T09:35:47.012346+00:00,auchan,454852,"Vin rosu sec Vinarte Prince Mircea, Merlot, 0.75 l",60.99,RON,,0,catalogue,1
2026-08-11T09:35:47.012454+00:00,auchan,454848,"Vin rosu sec Vinarte Castel Bolovanu, Novac, 0.75 l",26.99,RON,,0,catalogue,1
2026-08-11T09:35:47.012541+00:00,auchan,454847,"Vin rosu sec Vinarte Castel Bolovanu, Cabernet Sauvignon, 0.75 l",26.99,RON,,0,catalogue,1
2026-08-11T09:35:47.012622+00:00,auchan,454844,"Vin rosu Castel Vinarte Starmina, Merlot, 0.75 l",22.39,RON,,0,catalogue,1
2026-08-11T09:35:47.012707+00:00,auchan,324462,"Vin rosu sec Patru In Rosu Apriori Maestro, cupaj, 0.75 l",119.99,RON,,0,catalogue,1
2026-08-11T09:35:47.012793+00:00,auchan,324458,"Vin rosu sec Vinum, Cabernet Sauvignon, Merlot si Saperavi, 0.75 l",85.69,RON,,0,catalogue,1
2026-08-11T09:35:47.012879+00:00,auchan,323060,"Vin rosu sec Tarapaca Gran Reserva, Carmenere, 0.75 l",93.99,RON,,0,catalogue,1
2026-08-11T09:35:47.012955+00:00,auchan,323057,"Vin rosu sec Misiones de Rengo, Carmenere, 0.75 l",40.29,RON,,0,catalogue,1
2026-08-11T09:35:47.013077+00:00,auchan,291949,"Vin rosu demisec Budureasca Clasic Red Cuvee, Cabernet Sauvignon, Merlot si Feteasca Neagra, 0.75 l",32.99,RON,,0,catalogue,1
2026-08-11T09:35:47.013180+00:00,auchan,287766,"Vin rosu demisec Budureasca Clasic, Feteasca Neagra, 0.187 l",13.49,RON,,0,catalogue,1
2026-08-11T09:35:47.013341+00:00,auchan,228763,"Vin rosu sec Chateau Vartely Taraboste, Pinot Noir, Magnum, 1.5 l + cutie",199.99,RON,,0,catalogue,1
2026-08-11T09:35:47.013463+00:00,auchan,228291,"Vin rosu sec Domeniile Samburesti Carpathia, Feteasca Neagra, 0.75 l",59.99,RON,,0,catalogue,1
2026-08-11T09:35:47.013558+00:00,auchan,226377,"Vin rosu sec Castel Mimi Governor, Feteasca Neagra, 0.75 l",199.99,RON,,0,catalogue,1
2026-08-11T09:35:47.013639+00:00,auchan,226376,"Vin rosu sec Castel Mimi The Governor, cupaj, 0.75 l",199.99,RON,,0,catalogue,1
2026-08-11T09:35:47.013719+00:00,auchan,226374,"Vin rosu sec Castel Mimi Isterie, cupaj, 0.75 l",66.99,RON,,0,catalogue,1
2026-08-11T09:35:47.013805+00:00,auchan,226371,"Vin rosu demisec Domeniile Dealu Mare, Cabernet Sauvignon si Feteasca Neagra, 0.75 l",34.99,RON,,0,catalogue,1
2026-08-11T09:35:47.013893+00:00,auchan,218608,"Vin rosu sec Murfatlar Sable Noble, Merlot, Cabernet Sauvignon si Feteasca Neagra, 0.75 l",41.85,RON,59.79,1,catalogue,1
2026-08-11T09:35:47.013986+00:00,auchan,216749,"Vin rosu sec Strunga, Merlot, 0.75 l",50.49,RON,,0,catalogue,1
2026-08-11T09:35:47.014054+00:00,auchan,213316,"Vin rosu sec Lacerta, Shiraz, 0.75 l",85.99,RON,,0,catalogue,1
2026-08-11T09:35:47.014125+00:00,auchan,213315,"Vin rosu sec Lacerta, Feteasca Neagra si Cabernet Sauvignon, 0.75 l",88.59,RON,,0,catalogue,1
2026-08-11T09:35:47.014207+00:00,auchan,213314,"Vin rosu sec Lacerta, Merlot, 0.75 l",95.99,RON,,0,catalogue,1
2026-08-11T09:35:47.014287+00:00,auchan,204383,"Vin rosu sec Cramele Recas Explicit, Merlot, 0.375 l",26.59,RON,,0,catalogue,1
2026-08-11T09:35:47.014367+00:00,auchan,202937,"Vin rosu sec Cramele Recas Explicit, Rara Neagra si Merlot, 0.75 l",41.99,RON,,0,catalogue,1
2026-08-11T09:35:47.014494+00:00,auchan,202671,"Vin rosu demisec Beciul Domnesc Rouge Verite, Cabernet Sauvignon, 0.75 l",34.89,RON,,0,catalogue,1
2026-08-11T09:35:47.014595+00:00,auchan,199362,"Vin rosu demisec Crama Girboiu Varancha, Merlot, 0.75 l",21.39,RON,,0,catalogue,1
2026-08-11T09:35:47.014674+00:00,auchan,199361,"Vin rosu sec Crama Girboiu Livia, Feteasca Neagra, 0.75 l",21.19,RON,26.49,1,catalogue,1
2026-08-11T09:35:47.014758+00:00,auchan,199360,"Vin rosu sec Crama Girboiu Bacanta Reserve Premium Red Blend, cupaj, 0.75 l",169.99,RON,,0,catalogue,1
2026-08-11T09:35:47.014849+00:00,auchan,167280,"Vin rosu sec Chateau Cristi, Malbec si Saperavi, 0.75 l",69.99,RON,,0,catalogue,1
2026-08-11T09:35:47.014928+00:00,auchan,167274,"Vin rosu sec Chateau Cristi Petit, Saperavi, 0.75 l",20.89,RON,26.19,1,catalogue,1
2026-08-11T09:35:47.015012+00:00,auchan,154124,"Vin rosu sec Pierre Chanau Bordeaux Bio, Merlot, Cabernet Sauvignon si Cabernet Franc, 0.75 l",23.99,RON,,0,catalogue,1
2026-08-11T09:35:47.015108+00:00,auchan,151535,"Vin rosu sec Errazuriz, Carmenere, 0.75 l",59.89,RON,,0,catalogue,1
2026-08-11T09:35:47.015302+00:00,auchan,151511,"Vin rosu sec Ego Bodegas El Goru, Monastrell, Syrah si Petit Verdot, 0.75 l",45.99,RON,,0,catalogue,1
2026-08-11T09:35:47.015417+00:00,auchan,147210,"Vin rosu sec Folklore, Merlot, 0.75 l",44.99,RON,,0,catalogue,1
2026-08-11T09:35:47.015499+00:00,auchan,147195,"Vin rosu sec Folklore, Babeasca Neagra, 0.75 l",44.99,RON,,0,catalogue,1
2026-08-11T09:35:47.015578+00:00,auchan,137458,"Vin rosu sec Olterra Luturi, Negru de Dragasani, 0.75 l",29.0,RON,35.2,1,catalogue,1
2026-08-11T09:35:47.015657+00:00,auchan,137457,"Vin rosu demisec Sarica Niculitel Pamanturi, Feteasca Neagra, 0.75 l",32.89,RON,,0,catalogue,1
2026-08-11T09:35:47.015735+00:00,auchan,136987,"Vin rosu demisec Apriori Maestro Secret Blend Reserve, Cabernet Sauvignon, Feteasca Neagra, 0.75 l",63.99,RON,,0,catalogue,1
2026-08-11T09:35:47.015820+00:00,auchan,136977,"Vin rosu sec Apriori Empirico, Saperavi, 0.75 l",43.19,RON,,0,catalogue,1
2026-08-11T09:35:47.016012+00:00,auchan,136970,"Vin rosu sec Crama Mircesti, Feteasca Neagra si Saperavi, 0.75 l",92.99,RON,,0,catalogue,1
2026-08-11T09:35:52.942525+00:00,auchan,694595,"Vin rose demidulce Domenii Bohotin, Busuioaca De Bohotin, 0.75 l",36.99,RON,,0,catalogue,1
2026-08-11T09:35:52.942644+00:00,auchan,694590,"Vin rose sec Domeniile Bohotin, Busuioaca de Bohotin, 0.75 l",36.99,RON,,0,catalogue,1
2026-08-11T09:35:52.942873+00:00,auchan,640191,"Vin rose sec Domeniile Davidescu, Rara Neagra si Merlot, 0.75 l",39.99,RON,,0,catalogue,1
2026-08-11T09:35:52.942956+00:00,auchan,455649,"Vin rose demidulce Suvorov, Muscat 1 l",27.99,RON,,0,catalogue,1
2026-08-11T09:35:52.943137+00:00,auchan,913240,"Vin rose sec Aurelia Visinescu Promessa Eco, 0.75 l",35.69,RON,,0,catalogue,1
2026-08-11T09:35:52.943364+00:00,auchan,777693,"Vin rose demisec Cramele Recas Schwaben Wein, 0.75 l",19.89,RON,,0,catalogue,1
2026-08-11T09:35:52.943568+00:00,auchan,753671,"Vin rose demidulce Domeniul Coroanei Segarcea Prestige, Tamaioasa Roza, 0.75 l",84.99,RON,,0,catalogue,1
2026-08-11T09:35:52.943778+00:00,auchan,692469,"Vin sec rose de Purcari, 0.75 l",33.89,RON,,0,catalogue,1
2026-08-11T09:35:52.943955+00:00,auchan,691887,"Vin rose sec Domeniul Coroanei Segarcea, 0.75 l",39.99,RON,,0,catalogue,1
2026-08-11T09:35:52.944150+00:00,auchan,542704,"Vin rose demidulce Schwaben Wein, 0.75 l",19.89,RON,,0,catalogue,1
2026-08-11T09:35:52.944355+00:00,auchan,532977,"Vin rose demidulce Euforia Busuioaca, alcool 12.5%, 0.75 l",45.99,RON,,0,catalogue,1
2026-08-11T09:35:52.944566+00:00,auchan,532975,"Vin rose demidulce Cotnari Inedit, Busuioaca de Bohotin, 0.75 l",17.99,RON,,0,catalogue,1
2026-08-11T09:35:52.944753+00:00,auchan,490113,"Vin rose sec Caii de la Letea Volumul I, 0.75 l",28.49,RON,37.99,1,catalogue,1
2026-08-11T09:35:52.944947+00:00,auchan,455826,"Pelin Carpatin, Pelin rose demisec de Urlati, 0.75 l",14.19,RON,16.79,1,catalogue,1
2026-08-11T09:35:52.945202+00:00,auchan,455825,"Pelin Carpatin, Pelin rose demisec de Urlati, 1.5 l",29.49,RON,,0,catalogue,1
2026-08-11T09:35:52.945433+00:00,auchan,455572,"Vin rose demisec Budureasca, Merlot, Pinot Noir, 0.75 l",32.99,RON,,0,catalogue,1
2026-08-11T09:35:52.945637+00:00,auchan,455560,"Vin rose demidulce Domeniile Averesti, Busuioaca de Bohotin, 0.75 l",15.99,RON,,0,catalogue,1
2026-08-11T09:35:52.945832+00:00,auchan,455557,Vin rose sec Nativa de averesti 0.75 l,46.49,RON,,0,catalogue,1
2026-08-11T09:35:52.946019+00:00,auchan,777695,"Vin perlant rose dulce Rose Verite, doza, 0.25 l",9.6,RON,13.79,1,catalogue,1
2026-08-11T09:35:52.946204+00:00,auchan,694687,"Vin rose demisec Suvorov Glamour, Merlot, 0.75 l",38.49,RON,,0,catalogue,1
2026-08-11T09:35:52.946264+00:00,auchan,545582,"Vin rose demisec Mateus, 0.75 l",25.99,RON,,0,catalogue,1
2026-08-11T09:35:52.946531+00:00,auchan,532968,"Vin rose demisec Euforia Busuioaca, alcool 12%, 0.75 l",45.99,RON,,0,catalogue,1
2026-08-11T09:35:52.946756+00:00,auchan,532962,"Vin rose demisec Cotnari Inedit, Busuioaca de Bohotin, 0.75 l",18.49,RON,,0,catalogue,1
2026-08-11T09:35:52.946950+00:00,auchan,532777,"Vin rose demidulce Sigillum Moldaviae, Busuioaca de Bohotin 0.75 l",18.39,RON,,0,catalogue,1
2026-08-11T09:35:52.947147+00:00,auchan,490289,"Vin rose demidulce Domeniile Vinju, Feteasca Neagra, 0.75 l",17.99,RON,,0,catalogue,1
2026-08-11T09:35:52.947446+00:00,auchan,490115,"Vin rose sec Caii De La Letea Legenda, 0.75 l",42.99,RON,,0,catalogue,1
2026-08-11T09:35:52.947649+00:00,auchan,489585,"Vin rose demidulce Riunite Lambrusco Emilia, alcool 8%, 0.187 l",10.89,RON,,0,catalogue,1
2026-08-11T09:35:52.947839+00:00,auchan,455632,"Vin rose demidulce Hora Murfatlar 12.5%, 0.75 l",16.39,RON,,0,catalogue,1
2026-08-11T09:35:52.948022+00:00,auchan,455627,"Vin rose demisec Jidvei Grigorescu, 0.75 l",26.98,RON,,0,catalogue,1
2026-08-11T09:35:52.948201+00:00,auchan,455558,"Vin rose demidulce Nativa, Busuioaca de Averesti 0.75 l",47.19,RON,,0,catalogue,1
2026-08-11T09:35:52.948424+00:00,auchan,454940,"Vin rose sec Caloian Cupaj, 0.75 l",26.59,RON,,0,catalogue,1
2026-08-11T09:35:52.948618+00:00,auchan,324469,"Vin rose sec Caii de la Letea Volumul 1, Rara Neagra Rose, 0.75 l",28.49,RON,37.99,1,catalogue,1
2026-08-11T09:35:52.948697+00:00,auchan,777696,"Vin perlant rose sec Rose Verite, doza, 0.25 l",9.6,RON,13.79,1,catalogue,1
2026-08-11T09:35:52.948881+00:00,auchan,729160,"Vin rose demisec Mateus, 0.187 l",17.99,RON,,0,catalogue,1
2026-08-11T09:35:52.949096+00:00,auchan,691906,Vin rose sec Domeniul Coroanei Segarcea 1.5 l,79.99,RON,,0,catalogue,1
2026-08-11T09:35:52.949317+00:00,auchan,646118,"Vin rose Pierre Chanau Corse, 0.75 l",35.99,RON,,0,catalogue,1
2026-08-11T09:35:52.949521+00:00,auchan,542726,"Vin rose demisec Cramele Recas Muse Night, Merlot si Cabernet Sauvignon, 0.75 l",72.59,RON,,0,catalogue,1
2026-08-11T09:35:52.949613+00:00,auchan,532947,"Vin rose demidulce Zestrea Murfatlar Merlot&Cabernet Sauvignon, alcool 13%, 0.75 l",17.99,RON,,0,catalogue,1
2026-08-11T09:35:52.949683+00:00,auchan,532764,"Vin rose demisec Beciul domnesc, 0.75 l",24.93,RON,,0,catalogue,1
2026-08-11T09:35:52.949859+00:00,auchan,532716,"Vin rose demidulce Rose Verite, Busuioaca de Bohotin, 0.75 l",34.89,RON,,0,catalogue,1
2026-08-11T09:35:52.949930+00:00,auchan,532715,"Vin rose demisec Rose Verite, Cabernet Sauvignon, 0.75 l",34.89,RON,,0,catalogue,1
2026-08-11T09:35:52.949994+00:00,auchan,490148,"Vin rose sec Aurelia Visinescu Nomad, 13.5 alcool, 0.75 l",29.99,RON,,0,catalogue,1
2026-08-11T09:35:52.950194+00:00,auchan,455748,"Vin rose dulce Sange de Taur, 0.75 l",15.19,RON,,0,catalogue,1
2026-08-11T09:35:52.950400+00:00,auchan,455684,"Vin rose demisec Domeniile Tohani, Cabernet Sauvignon, Merlot, 0.75 l",18.99,RON,,0,catalogue,1
2026-08-11T09:35:52.950612+00:00,auchan,454883,"Vin rose sec Cricova Vintage, alcool 13%, 0.75 l",31.99,RON,,0,catalogue,1
2026-08-11T09:35:52.950811+00:00,auchan,454851,"Vin Rose Vinarte Rozalia de Samburesti, 12.5% alcool, demidulce, 0.75 l",48.79,RON,,0,catalogue,1
2026-08-11T09:35:52.951027+00:00,auchan,288579,"Vin rose sec Carlevana Winery Renaissance, Merlot, 0.75 l",32.89,RON,,0,catalogue,1
2026-08-11T09:35:52.951107+00:00,auchan,287770,"Vin rose demisec Budureasca Clasic, Cupaj, 0.187 l",13.49,RON,,0,catalogue,1
2026-08-11T09:35:52.951184+00:00,auchan,226370,"Vin rose sec Domeniile Dealu Mare, Cabernet Sauvignon si Feteasca Neagra, 0.75 l",34.99,RON,,0,catalogue,1
2026-08-11T09:35:52.951268+00:00,auchan,993260,"Vin rose demisec 3 Pietre, Syrah, 0.75 l",11.19,RON,,0,catalogue,1
2026-08-11T09:35:52.951365+00:00,auchan,913859,"Vin rose sec Cramele Recas Explicit, Merlot, Cabernet Sauvignon si Negru de Dragasani, 0.75 l",41.99,RON,,0,catalogue,1
2026-08-11T09:35:52.951483+00:00,auchan,913261,"Vin rose demisec Domeniile Kogalniceanu, Feteasca Neagra si Busuioaca de Bohotin, 0.75 l",32.99,RON,,0,catalogue,1
2026-08-11T09:35:52.951587+00:00,auchan,871767,"Vin rose sec Crama de Matei Rosturi, Merlot, Cabernet Sauvignon si Feteasca Neagra, 0.75 l",35.99,RON,,0,catalogue,1
2026-08-11T09:35:52.951683+00:00,auchan,844627,"Vin rose demisec Chateau Pietro, Merlot, 0.75 l",19.99,RON,,0,catalogue,1
2026-08-11T09:35:52.952044+00:00,auchan,777694,"Vin rose sec Beciul Domnesc Grand Reserve Cabernet Sauvignon, 0.75 l",34.89,RON,,0,catalogue,1
2026-08-11T09:35:52.952266+00:00,auchan,777048,"Vin rose demisec Prahova Valley Feteasca Neagra, 0.75 l",20.49,RON,27.39,1,catalogue,1
2026-08-11T09:35:52.952370+00:00,auchan,777047,"Vin rose demisec Prahova Valley, Feteasca Neagra, 0.187 l",11.79,RON,,0,catalogue,1
2026-08-11T09:35:52.952459+00:00,auchan,753726,"Vin rose sec Murfatlar Aerosoli, Feteasca Neagra si Pinot Noir, 0.75 l",41.49,RON,,0,catalogue,1
2026-08-11T09:35:52.952569+00:00,auchan,753666,"Vin rose sec Budureasca Sabrize, Cabernet Sauvignon si Merlot, 0.75 l",38.99,RON,,0,catalogue,1
2026-08-11T09:35:52.952660+00:00,auchan,746703,"Vin rose sec Feteasca de Tohani, 0.75 l",37.99,RON,,0,catalogue,1
2026-08-11T09:35:52.952864+00:00,auchan,745812,"Vin rose demisec Genesis by Cotnari, alcool 13%, 0.75 l",40.49,RON,,0,catalogue,1
2026-08-11T09:35:52.953102+00:00,auchan,741363,"Vin rose demisec Fautor Vie de Vis, Merlot si Cabernet Sauvignon, 0.75 l",24.99,RON,35.99,1,catalogue,1
2026-08-11T09:35:52.953181+00:00,auchan,729159,"Vin rose dulce Sange de Taur, 1.5 l",22.39,RON,27.99,1,catalogue,1
2026-08-11T09:35:52.953405+00:00,auchan,729150,"Vin rose demisec Domeniile Ostrov Pelin, alcool 11%, 0.75 l",12.99,RON,,0,catalogue,1
2026-08-11T09:35:52.953478+00:00,auchan,729012,"Vin rose demisec Crama Girboiu Tectonic, Traminer, 0.75 l",37.49,RON,,0,catalogue,1
2026-08-11T09:35:52.953546+00:00,auchan,694684,"Vin rose sec Chateau Vartely Individo, Malbec & Syrah, 0.75 l",37.99,RON,,0,catalogue,1
2026-08-11T09:35:52.953630+00:00,auchan,694594,"Vin rose demidulce Zurzur Busuioaca Domeniile Bohotin, alcool 13.5%, 0.75 l",22.19,RON,,0,catalogue,1
2026-08-11T09:35:52.953851+00:00,auchan,693446,"Vin rose demisec Cricova Chateau, alcool 10.5%, 0.75 l",19.89,RON,,0,catalogue,1
2026-08-11T09:35:52.953922+00:00,auchan,693445,"Vin rose demidulce Cricova Ornament, alcool 12%, 0.75 l",19.99,RON,,0,catalogue,1
2026-08-11T09:35:52.954119+00:00,auchan,693085,"Vin rose demidulce Ostoros, Kekfrankos si Cabernet Sauvignon, 0.75 l",19.89,RON,,0,catalogue,1
2026-08-11T09:35:52.954410+00:00,auchan,692663,Issa rose S 13.2% 0.75 l,45.99,RON,,0,catalogue,1
2026-08-11T09:35:52.954596+00:00,auchan,692408,"Vin rose sec Ceptura Dominum Cabernet Sauvignon & Merlot, 13%, 0.75 l",26.99,RON,,0,catalogue,1
2026-08-11T09:35:52.954813+00:00,auchan,692396,"Vin rose sec Ceptura Astrum Cervi, Cabernet Sauvignon 0.75 l",21.29,RON,,0,catalogue,1
2026-08-11T09:35:52.955014+00:00,auchan,692389,"Vin rose demisec Varancha, 12% alcool, 0.75 l",21.39,RON,,0,catalogue,1
2026-08-11T09:35:52.955198+00:00,auchan,692388,"Vin rose sec Livia, 12.5% alcool, 0.75 l",26.49,RON,,0,catalogue,1
2026-08-11T09:35:52.955418+00:00,auchan,692385,"Vin rose sec Tectonic, alcool 12.%, 0.75 l",37.49,RON,,0,catalogue,1
2026-08-11T09:35:52.955611+00:00,auchan,692383,"Vin rose sec Cervus Magnus Monte, Merlot 0.75 l",34.99,RON,,0,catalogue,1
2026-08-11T09:35:52.955815+00:00,auchan,692031,"Vin rose sec Terra Valleverde Noir-Merlot, 0.75 l",48.49,RON,,0,catalogue,1
2026-08-11T09:35:52.956018+00:00,auchan,691898,Vin rose sec Minima Moralia Speranta Domeniul Coroanei Segarcea 0.75 l,98.89,RON,,0,catalogue,1
2026-08-11T09:35:52.956242+00:00,auchan,665062,"Vin rose Pierre Chanau Rose D'Anjou, 0.75 l",28.99,RON,,0,catalogue,1
2026-08-11T09:35:52.956470+00:00,auchan,646113,"Vin rose Pierre Chanau Igp Ile De Beaute, 0.75 l",23.99,RON,,0,catalogue,1
2026-08-11T09:35:52.956673+00:00,auchan,640200,"Vin rose demisec Serve Vinul Cavalerului, Cabernet Sauvignon si Merlot, 0.75 l",29.39,RON,,0,catalogue,1
2026-08-11T09:35:52.956749+00:00,auchan,640190,"Vin rose demisec Domeniile Davidescu Sorginte Rose, 13%, 0.75 l",39.99,RON,,0,catalogue,1
2026-08-11T09:35:52.956957+00:00,auchan,574033,"Vin rose demisec Alai, alcool 13.5%, 0.75 l",24.99,RON,,0,catalogue,1
2026-08-11T09:35:52.957071+00:00,auchan,574018,"Vin rose sec Chateau Valvis, 0.75 l",57.0,RON,95.99,1,catalogue,1
2026-08-11T09:35:52.957252+00:00,auchan,574012,"Vin rose demisec Domeniile Samburesti Samburel De Olt, alcool 13.5%, 0.75 l",24.89,RON,,0,catalogue,1
2026-08-11T09:35:52.957543+00:00,auchan,574009,"Vin rose sec Domeniile Samburesti, Cabernet Sauvignon si Merlot, 0.75 l",26.99,RON,38.69,1,catalogue,1
2026-08-11T09:35:52.957647+00:00,auchan,573856,"Vin rose sec Ungheni Bridge, Merlot, alcool 14%, 0.75 l",34.99,RON,,0,catalogue,1
2026-08-11T09:35:52.957720+00:00,auchan,542929,"Vin rose demisec JP Chenet Merlot, alcool 13%, 0.75 l",28.19,RON,,0,catalogue,1
2026-08-11T09:35:52.957914+00:00,auchan,542922,"Vin rose sec JP Chenet, Cinsault, Grenache 0.75 l",28.19,RON,,0,catalogue,1
2026-08-11T09:35:52.958191+00:00,auchan,542738,Vin rose demidulce Te iubesc 0.75 l,24.19,RON,,0,catalogue,1
2026-08-11T09:35:52.958497+00:00,auchan,542725,"Vin rose sec Cramele Recas Muse Day, Merlot si Cabernet Sauvignon, 0.75 l",72.59,RON,,0,catalogue,1
2026-08-11T09:35:52.958597+00:00,auchan,542716,"Vin rose demisec Castel Huniade, Merlot, Cabernet Sauvignon, Syrah 0.187 l",9.19,RON,,0,catalogue,1
2026-08-11T09:35:52.958814+00:00,auchan,542671,"Vin ecologic rose demisec Domeniul Bogdan, 0.75 l",34.59,RON,,0,catalogue,1
2026-08-11T09:35:52.959004+00:00,auchan,542665,"Vin rose sec Gitana, Rose 0.75 l",45.79,RON,,0,catalogue,1
2026-08-11T09:35:52.959189+00:00,auchan,532983,Vin rose demisec Cotnari Domenii Busuioca de Bohotin. 0.75 l,57.99,RON,,0,catalogue,1
2026-08-11T09:35:52.959429+00:00,auchan,532862,Vin rose demidulce Doi Cocosi 1.5 l,22.49,RON,,0,catalogue,1
2026-08-11T09:35:52.959605+00:00,auchan,532776,"Vin rose demisec Sigillum Moldaviae, alcool 12%, 0.75 l",14.79,RON,18.52,1,catalogue,1
2026-08-11T09:35:52.959802+00:00,auchan,532712,"Vin rose sec Rose Verite, Cabernet Sauvignon, 0.75 l",34.89,RON,,0,catalogue,1
2026-08-11T09:35:52.959871+00:00,auchan,490458,"Vin Corcova rose 13.5% Sec 0,75",39.99,RON,,0,catalogue,1
2026-08-11T09:35:52.960055+00:00,auchan,490350,"Vin rose demidulce Ciumbrud, 12.6%, 0.25 l",7.29,RON,,0,catalogue,1
2026-08-11T09:35:52.960234+00:00,auchan,490348,"Vin rose sec Upside, 12.6% alcool, doza 0.25 l",8.59,RON,,0,catalogue,1
2026-08-11T09:35:52.960462+00:00,auchan,490343,"Vin rose demisec Ciumbrud, 12%, 0.75 l",36.19,RON,,0,catalogue,1
2026-08-11T09:35:52.960637+00:00,auchan,490342,"Vin rose demidulce Ciumbrud, alcool 12%, 0.75 l",29.79,RON,,0,catalogue,1
2026-08-11T09:35:52.960819+00:00,auchan,490322,"Vin rose Castel Mimi Cabernet Sauvignon, 13.5% alcool, 0.75 l",41.99,RON,,0,catalogue,1
2026-08-11T09:35:52.961136+00:00,auchan,490293,"Vin rose sec Viile Metamorfosis Merlot, Syrah, Pinot Noir, Cabernet Sauvignon 0.75 l",26.79,RON,,0,catalogue,1
2026-08-11T09:35:52.961430+00:00,auchan,490287,"Vin rose sec Domeniile Vinju Mare, Feteasca Neagra, 0.75 l",17.79,RON,,0,catalogue,1
2026-08-11T09:35:52.961508+00:00,auchan,490273,"Vin rose demisec Casa Panciu Cabernet Sauvignon, 0.75 l",17.99,RON,21.29,1,catalogue,1
2026-08-11T09:35:52.961704+00:00,auchan,490090,"Vin rose sec Caii de la Letea Volumul II, 0.75 l",48.79,RON,60.99,1,catalogue,1
2026-08-11T09:35:52.961783+00:00,auchan,457364,"Vin rose demisec Privighetoarea, 0.75 l",9.5,RON,,0,catalogue,1
2026-08-11T09:35:52.961952+00:00,auchan,457362,"Vin rose Privighetoarea Pelin, 11.5% alcool, 0.75 l",14.99,RON,,0,catalogue,1
2026-08-11T09:35:52.962180+00:00,auchan,455833,"Vin rose sec Saac Cuvee Cabernet Sauvignon si Feteasca Neagra, D.O.C. - C.M.D. Dealu Mare, 0.75 l",45.99,RON,,0,catalogue,1
2026-08-11T09:35:52.962479+00:00,auchan,455830,"Vin rose demisec Pelin Frizzante ZZPelin, 0.75 l",37.49,RON,,0,catalogue,1
2026-08-11T09:35:52.962665+00:00,auchan,455706,"Vin rose demisec Siel de Vara, 12.5%, 0.75 l",35.49,RON,,0,catalogue,1
2026-08-11T09:35:52.962851+00:00,auchan,455703,"Vin rose sec Siel, Cupaj rose 0.75 l",35.49,RON,,0,catalogue,1
2026-08-11T09:35:52.963035+00:00,auchan,455695,"Vin rose demisec Princiar, Feteasca Neagra, Cabernet Sauvignon, Merlot 0.75 l",34.89,RON,,0,catalogue,1
2026-08-11T09:35:52.963243+00:00,auchan,455694,"Vin rose demidulce Mosia de la Tohani, Busuioaca si Merlot, 0.75 l",30.29,RON,,0,catalogue,1
2026-08-11T09:35:52.963351+00:00,auchan,455693,"Vin rose demisec Mosia de la Tohani, Feteasca Neagra, Merlot si Cabernet Sauvignon, 0.75 l",30.29,RON,,0,catalogue,1
2026-08-11T09:35:52.963436+00:00,auchan,455665,"Vin rose sec Chateau Vartely, alcool 13.%, 0.187 l",10.39,RON,15.99,1,catalogue,1
2026-08-11T09:35:52.963638+00:00,auchan,455654,"Vin rose sec Chateau Vartely, Malbec si Syrah, 0.75 l",32.29,RON,,0,catalogue,1
2026-08-11T09:35:52.963721+00:00,auchan,455645,"Vin rose demisec Jidvei Weinland, Pinot Noir, Cabernet Sauvignon si Syrah, 0.75 l",18.49,RON,21.79,1,catalogue,1
2026-08-11T09:35:52.963800+00:00,auchan,455641,"Vin rose sec Jidvei Tezaur, Pinot Noir si Syrah, 0.75 l",36.39,RON,42.89,1,catalogue,1
2026-08-11T09:35:52.963870+00:00,auchan,455640,Vin rose sec Mysterium rose 12.5% 0.75 l,47.99,RON,64.49,1,catalogue,1
2026-08-11T09:35:52.964058+00:00,auchan,455637,Vin rose sec Navigo Compas 13% 0.75 l,27.49,RON,34.46,1,catalogue,1
2026-08-11T09:35:52.964241+00:00,auchan,455628,"Vin rose demidulce, Jidvei Traditional, 0.75 l",18.79,RON,,0,catalogue,1
2026-08-11T09:35:52.964462+00:00,auchan,455624,Vin rose demisec Jidvei Nec Plus Ultra 0.75 l,29.99,RON,35.29,1,catalogue,1
2026-08-11T09:35:52.964650+00:00,auchan,455584,"Vin rose sec Budureasca Premium, Merlot, Pinot Noir, 0.75 l",48.99,RON,,0,catalogue,1
2026-08-11T09:35:52.964862+00:00,auchan,455575,"Vin rose sec Budureasca Magnum, alcool 12.5%, Magnum, 1.5 l",123.29,RON,,0,catalogue,1
2026-08-11T09:35:52.965114+00:00,auchan,455567,"Vin rose demidulce Bristena Busuioaca, alcool 13%, 0.75 l",49.49,RON,,0,catalogue,1
2026-08-11T09:35:52.965335+00:00,auchan,455566,Vin rose sec Budureasca 0.75 l,42.99,RON,,0,catalogue,1
2026-08-11T09:35:52.965522+00:00,auchan,455561,"Vin rose sec Busuioaca De Averesti 14%, 0.75 l",83.49,RON,,0,catalogue,1
2026-08-11T09:35:52.965719+00:00,auchan,455559,"Vin rose sec Domeniile Averesti, Magnum, 1.5 l",118.79,RON,182.89,1,catalogue,1
2026-08-11T09:35:52.965911+00:00,auchan,455552,"Vin rose demidulce, Regala de Averesti 0.75 l",22.69,RON,26.79,1,catalogue,1
2026-08-11T09:35:52.966090+00:00,auchan,455551,Vin rose sec Regala de Averesti 0.75 l,17.19,RON,21.49,1,catalogue,1
2026-08-11T09:35:52.966273+00:00,auchan,455490,"Vin rose Pierre Chanau Ardeche, 0.75 l",19.99,RON,,0,catalogue,1
2026-08-11T09:35:52.966497+00:00,auchan,455486,Vin Bordeaux Rose Pierre Chanau 0.75 l,22.99,RON,,0,catalogue,1
2026-08-11T09:35:52.966690+00:00,auchan,454953,"Vin rose sec Jiana, Cupaj rose 0.75 l",54.99,RON,,0,catalogue,1
2026-08-11T09:35:52.966872+00:00,auchan,454935,"Vin rose demisec Maiastru, Cupaj, 0.75 l",19.99,RON,,0,catalogue,1
2026-08-11T09:35:52.967050+00:00,auchan,454930,"Vin rose demisec Maiastru, Cupaj, 0.25 l",9.89,RON,,0,catalogue,1
2026-08-11T09:35:52.967229+00:00,auchan,454917,"Vin rose sec Alira Flamma, Merlot, Cabernet Sauvignon, Feteasca Neagra, 0.75 l",31.89,RON,,0,catalogue,1
2026-08-11T09:35:52.967487+00:00,auchan,454912,"Vin rose demidulce Busuioaca de bohotei, alcool 13.50%, 0.75 l",28.69,RON,,0,catalogue,1
2026-08-11T09:35:52.967714+00:00,auchan,454886,"Vin rose sec Cricova, Cabernet Sauvignon, 0.75 l",30.89,RON,38.69,1,catalogue,1
2026-08-11T09:35:52.967898+00:00,auchan,454865,"Vin rose sec Crepuscul gewurtz, 13%, 0.75 l",29.99,RON,,0,catalogue,1
2026-08-11T09:35:52.968083+00:00,auchan,454850,Vin rose sec Roza de Samburesti 14% 0.75 l,48.79,RON,,0,catalogue,1
2026-08-11T09:35:52.968361+00:00,auchan,454846,"Vin rose sec Castel Bolovanu, alcool 12.5%, 0.75 l",26.99,RON,,0,catalogue,1
2026-08-11T09:35:52.968581+00:00,auchan,454843,"Vin rose demisec Vinarte, Merlot, Cabernet Sauvignon, Feteasca Neagra 0.75 l",17.99,RON,22.6,1,catalogue,1
2026-08-11T09:35:52.968798+00:00,auchan,324454,"Vin rose demidulce Suvorov Glamour Reserve, Pinot Noir si Merlot, 0.75 l",53.89,RON,,0,catalogue,1
2026-08-11T09:35:52.968872+00:00,auchan,261910,"Vin rose demisec Mosia Panciu Inceputuri, Cabernet Sauvignon, Feteasca Neagra si Merlot, 0.75 l",52.39,RON,,0,catalogue,1
2026-08-11T09:35:52.968962+00:00,auchan,261907,"Vin rose sec Mosia Panciu, Feteasca Neagra si Merlot, 0.75 l",34.29,RON,,0,catalogue,1
2026-08-11T09:35:52.969085+00:00,auchan,250699,"Vin rose sec Jidvei Spirit, Pinot Noir, Syrah si Cabernet Sauvignon, 0.75 l",50.89,RON,,0,catalogue,1
2026-08-11T09:35:52.969184+00:00,auchan,228292,"Vin rose sec Domeniile Samburesti Carpathia, Cabernet Sauvignon si Merlot, 0.75 l",59.99,RON,,0,catalogue,1
2026-08-11T09:35:52.969276+00:00,auchan,227020,"Vin rose sec Chateau d'Esclans Whispering Angel, cupaj, 0.75 l",129.99,RON,,0,catalogue,1
2026-08-11T09:35:52.969383+00:00,auchan,226366,"Vin rose demisec Domeniile Urlati, 0.75 l",29.99,RON,,0,catalogue,1
2026-08-11T09:35:52.969562+00:00,auchan,216746,"Vin rose sec Strunga Terroir, Feteasca Neagra, 0.75 l",42.79,RON,,0,catalogue,1
2026-08-11T09:35:52.969643+00:00,auchan,205819,"Vin rose demisec Murfatlar Zestrea, Merlot si Cabernet Sauvignon, 0.75 l",17.99,RON,,0,catalogue,1
2026-08-11T09:35:52.969726+00:00,auchan,204380,"Vin rose sec Cramele Recas Explicit, Merlot, Cabernet Sauvignon si Negru de Dragasani, 0.375 l",26.59,RON,,0,catalogue,1
2026-08-11T09:35:52.969825+00:00,auchan,167125,"Vin rose sec Chateau Cristi Petit, Merlot, 0.75 l",20.89,RON,26.19,1,catalogue,1
2026-08-11T09:35:52.969900+00:00,auchan,153053,"Vin rose sec Pierre Chanau Sable de Camargue Gris Bio, cupaj, 0.75 l",32.99,RON,,0,catalogue,1
2026-08-11T09:35:52.969976+00:00,auchan,147202,"Vin rose demisec Folklore, Busuioaca de Bohotin, 0.75 l",44.99,RON,,0,catalogue,1
2026-08-11T09:35:52.970052+00:00,auchan,137456,"Vin rose demisec Sarica Niculitel Pamanturi, Feteasca Neagra, Babeasca si Busuioaca de Bohotin, 0.75 l",32.89,RON,,0,catalogue,1
2026-08-11T09:35:52.970144+00:00,auchan,136972,"Vin rose sec Apriori Empirico, Saperavi si Pinot Noir, 0.75 l",32.29,RON,,0,catalogue,1
2026-08-11T09:35:52.970348+00:00,auchan,5776,"Vin rose sec Cantina Frentana Vallevo Cerasuolo D'Abruzzo, Montepulciano, 0.75 l",37.72,RON,53.89,1,catalogue,1
2026-08-11T09:35:52.970456+00:00,auchan,5775,"Vin rose sec Cantina Di Negrar Bardolino Chiaretto, Corvina, Rondinella si Molinara, 0.75 l",39.05,RON,55.79,1,catalogue,1
2026-08-11T09:35:52.970550+00:00,auchan,5765,"Vin rose sec Canicatti La Ferla Rosato, Nero d'Avola si Nerello Mascalese, 0.75 l",31.42,RON,44.89,1,catalogue,1
2026-08-11T09:35:52.970642+00:00,auchan,5737,"Vin rose demidulce Budureasca Bristena, Busuioaca de Bohotin, 0.187 l",15.99,RON,,0,catalogue,1
2026-08-11T09:35:58.405765+00:00,auchan,455802,"Vin frizzante rose demidulce Zarea Bella Vita Lambrusco Emilia I.G.T., 0.75 l",20.89,RON,29.99,1,catalogue,1
2026-08-11T09:35:58.405876+00:00,auchan,457487,"Vin spumant Martini Asti, 0.75 l",54.99,RON,,0,catalogue,1
2026-08-11T09:35:58.406120+00:00,auchan,324459,"Vin spumant alb brut Apriori Maestro, Citron Magaratcha, 0.75 l",75.99,RON,,0,catalogue,1
2026-08-11T09:35:58.406501+00:00,auchan,745810,"Vin spumant rose demisec Zarea Ice Rose, 0.75 l",34.99,RON,,0,catalogue,1
2026-08-11T09:35:58.406672+00:00,auchan,745809,"Vin spumant alb demisec Zarea Ice, 0.75 l",34.99,RON,,0,catalogue,1
2026-08-11T09:35:58.406835+00:00,auchan,693448,"Vin spumant rosu demisec Cricova Traditional, alcool 13%, 0.75 l",25.99,RON,,0,catalogue,1
2026-08-11T09:35:58.406891+00:00,auchan,455819,"Vin spumant alb demisec Zarea Crystal Collection, 0.75 l",26.49,RON,,0,catalogue,1
2026-08-11T09:35:58.407076+00:00,auchan,455732,"Vin frizzante alb Zarea Bella Vita Lambrusco Emilia I.G.T., 0.75 l",20.89,RON,29.99,1,catalogue,1
2026-08-11T09:35:58.407350+00:00,auchan,454893,"Vin spumant rose Cricova Lacrima Dulce, 0.75 l",33.99,RON,,0,catalogue,1
2026-08-11T09:35:58.407537+00:00,auchan,324460,"Vin spumant alb extra sec Apriori Maestro, Viorica, 0.75 l",75.99,RON,,0,catalogue,1
2026-08-11T09:35:58.407599+00:00,auchan,273962,"Vin spumant rose dulce Rose di Bacco Lambrusco Amabile, 0.75 l",36.49,RON,,0,catalogue,1
2026-08-11T09:35:58.407787+00:00,auchan,273961,"Vin spumant alb dulce Rose di Bacco Lambrusco Amabile, 0.75 l",36.49,RON,,0,catalogue,1
2026-08-11T09:35:58.407974+00:00,auchan,213293,"Vin spumant rose dulce Domeniile Bohotin Simbol, Busuioaca de Bohotin, 0.75 l",32.99,RON,,0,catalogue,1
2026-08-11T09:35:58.408045+00:00,auchan,741347,"Vin spumant alb sec Pere Ventura Primer Reserva Brut, cupaj, 0.75 l",62.49,RON,,0,catalogue,1
2026-08-11T09:35:58.408143+00:00,auchan,694597,"Vin spumant alb dulce Festiv, Muscat Ottonel 0.75 l",10.0,RON,15.0,1,catalogue,1
2026-08-11T09:35:58.408403+00:00,auchan,693447,"Vin spumant rose demisec Cricova Tramonto, Traminer Rose, alcool 12%, 0.75 l",33.99,RON,,0,catalogue,1
2026-08-11T09:35:58.408466+00:00,auchan,693109,"Vin spumant alb brut Domeniile Davidescu Muscat & Viorica, 0.75 l",40.49,RON,,0,catalogue,1
2026-08-11T09:35:58.408546+00:00,auchan,542925,"Vin spumant rose JP Chenet Ice Edition, 0.75 l",37.99,RON,,0,catalogue,1
2026-08-11T09:35:58.408761+00:00,auchan,542728,"Vin spumant alb sec Cramele Recas Muse Stars, Mustoasa, 0.75 l",85.89,RON,,0,catalogue,1
2026-08-11T09:35:58.408827+00:00,auchan,490290,"Vin spumant alb demisec Baron de Clary, Ugni Blanc 0.75 l",20.39,RON,,0,catalogue,1
2026-08-11T09:35:58.409085+00:00,auchan,490275,"Vin frizzante rose demisec Casa Panciu, 0.75 l",22.49,RON,,0,catalogue,1
2026-08-11T09:35:58.409305+00:00,auchan,490274,"Vin frizzante alb demidulce Casa Panciu, 0.75 l",22.49,RON,,0,catalogue,1
2026-08-11T09:35:58.409356+00:00,auchan,489846,"Vin spumant alb dulce Angelli Gran Dolce, 0.75 l",26.69,RON,,0,catalogue,1
2026-08-11T09:35:58.409539+00:00,auchan,489590,"Vin spumant rose Riunite Lambrusco Emilia, 0.75 l",23.79,RON,,0,catalogue,1
2026-08-11T09:35:58.409741+00:00,auchan,489517,"Vin spumant alb demisec Veuve du Vernay Ice, 0.75 l",46.49,RON,,0,catalogue,1
2026-08-11T09:35:58.409916+00:00,auchan,455804,"Vin spumant alb sec Zarea Crystal Collection, 0.75 l",27.89,RON,,0,catalogue,1
2026-08-11T09:35:58.410100+00:00,auchan,455742,"Vin spumant alb demisec Dorato Florentino, 0.75 l",19.99,RON,,0,catalogue,1
2026-08-11T09:35:58.410296+00:00,auchan,455738,"Vin spumant rose Zarea Royal Gold cu foita de aur 23K, 0.75 l",48.49,RON,,0,catalogue,1
2026-08-11T09:35:58.410507+00:00,auchan,455737,"Vin spumant alb Zarea Royal Gold cu foita de aur 23K, 0.75 l",48.49,RON,,0,catalogue,1
2026-08-11T09:35:58.410704+00:00,auchan,455727,"Vin spumant alb dulce Zarea Crystal Collection, 0.75 l",27.89,RON,,0,catalogue,1
2026-08-11T09:35:58.410881+00:00,auchan,454892,"Vin spumant alb dulce Cricova, Muscat, 0.75 l",33.99,RON,,0,catalogue,1
2026-08-11T09:35:58.411061+00:00,auchan,454891,"Vin spumant alb demisec Cricova, Traminer 0.75 l",33.99,RON,,0,catalogue,1
2026-08-11T09:35:58.411262+00:00,auchan,454890,"Vin spumant alb demisec Cricova Traditional, 0.75 l",25.99,RON,,0,catalogue,1
2026-08-11T09:35:58.411443+00:00,auchan,454889,"Spumant brut rose brut Cricova Crisecco, 0.75 l",33.99,RON,,0,catalogue,1
2026-08-11T09:35:58.411651+00:00,auchan,454888,"Vin spumant alb brut Cricova Crisecco, Feteasca Alba, Muscat, 0.75 l",33.99,RON,,0,catalogue,1
2026-08-11T09:35:58.411847+00:00,auchan,327974,"Vin spumant rose brut Domeniile Bohotin, Busuioaca de Bohotin, 0.75 l",32.99,RON,,0,catalogue,1
2026-08-11T09:35:58.412064+00:00,auchan,324461,"Vin spumant rose dulce Apriori Maestro, Muscat, 0.75 l",75.99,RON,,0,catalogue,1
2026-08-11T09:35:58.412117+00:00,auchan,694596,"Vin spumant rose dulce Festiv, Feteasca Neagra 0.75 l",13.0,RON,18.4,1,catalogue,1
2026-08-11T09:35:58.412327+00:00,auchan,629216,"Vin spumant Martini Asti, 0.2 l",25.49,RON,,0,catalogue,1
2026-08-11T09:35:58.412510+00:00,auchan,490204,"Vin spumant demisec Casa Panciu Frizzante, alcool 11.5%, 0.75 l",22.49,RON,,0,catalogue,1
2026-08-11T09:35:58.412571+00:00,auchan,489835,"Vin spumant alb demisec Angelli Cuvee Imperial, 0.75 l",26.69,RON,,0,catalogue,1
2026-08-11T09:35:58.412797+00:00,auchan,489518,"Vin spumant rose demisec Veuve du Vernay Ice Rose, 0.75 l",55.89,RON,,0,catalogue,1
2026-08-11T09:35:58.413019+00:00,auchan,455728,"Vin spumant rose demisec Zarea Crystal Collection, 0.75 l",27.89,RON,,0,catalogue,1
2026-08-11T09:35:58.413210+00:00,auchan,202702,"Vin spumant alb brut Ferrari, Chardonnay, 0.75 l",119.89,RON,,0,catalogue,1
2026-08-11T09:35:58.413306+00:00,auchan,965476,"Vin spumant rose demisec CAVA Chic Barcelona, Trepat, 0.75 l",47.89,RON,,0,catalogue,1
2026-08-11T09:35:58.413366+00:00,auchan,911483,"Vin spumant rose sec Cramele Recas Muse Stars, Pinot Noir, 0.75 l",85.89,RON,,0,catalogue,1
2026-08-11T09:35:58.413435+00:00,auchan,891380,"Vin spumant rose dulce Apriori, Muscat si Cabernet Sauvignon, 0.75 l",43.19,RON,,0,catalogue,1
2026-08-11T09:35:58.413497+00:00,auchan,849772,"Vin spumant alb sec Budureasca Shine, 0.2 l",21.49,RON,,0,catalogue,1
2026-08-11T09:35:58.413672+00:00,auchan,777697,"Vin spumant rose brut Rose Verite, Merlot, 0.75 l",35.62,RON,50.89,1,catalogue,1
2026-08-11T09:35:58.413731+00:00,auchan,741348,"Vin spumant alb dulce Gemma Di Luna, Moscato, 0.75 l",54.19,RON,,0,catalogue,1
2026-08-11T09:35:58.413804+00:00,auchan,740366,"Vin spumant alb extra sec La Casada Gran Cuvee Blanc de Blancs, 0.75 l",29.99,RON,,0,catalogue,1
2026-08-11T09:35:58.413888+00:00,auchan,724851,"Vin spumant alb brut Domeniile Davidescu Momente, Chardonnay, 0.75 l",40.49,RON,,0,catalogue,1
2026-08-11T09:35:58.413977+00:00,auchan,693110,"Vin spumant rose brut Domeniile Davidescu, Rara Neagra si Merlot, 0.75 l",40.49,RON,,0,catalogue,1
2026-08-11T09:35:58.414051+00:00,auchan,692744,"Vin spumant alb sec Jidvei Scintti Extra, Muscat Ottonel, 0.75 l",32.79,RON,,0,catalogue,1
2026-08-11T09:35:58.414113+00:00,auchan,692743,"Vin spumant alb demisec Jidvei Scintti Brut, Feteasca Regala, 0.75 l",32.79,RON,,0,catalogue,1
2026-08-11T09:35:58.414168+00:00,auchan,692739,"Vin spumant rose demisec Jidvei Scintti Brut, Syrah, 0.75 l",32.79,RON,,0,catalogue,1
2026-08-11T09:35:58.414248+00:00,auchan,629241,"Vin spumant alb demisec Silvania, Feteasca Regala, Riesling Italian, Muscat Ottonel 0.75 l",38.99,RON,,0,catalogue,1
2026-08-11T09:35:58.414489+00:00,auchan,629235,"Vin spumant alb demisec Silvania Premium Lux, Feteasca Regala, Riesling Italian, Muscat Ottonel 0.75 l",57.69,RON,,0,catalogue,1
2026-08-11T09:35:58.414711+00:00,auchan,629232,Vin spumant alb dulce Silvania Premium Lux 0.75 l,57.69,RON,,0,catalogue,1
2026-08-11T09:35:58.414898+00:00,auchan,629231,"Vin spumant rose Silvania Lux Brut Pinot Noir, 12%, 0.75 l",57.69,RON,,0,catalogue,1
2026-08-11T09:35:58.415111+00:00,auchan,573853,"Vin spumant rose sec Chateau Vartely Inspiro, Pinot Noir, alcool 12.3%, 0.75 l",37.89,RON,,0,catalogue,1
2026-08-11T09:35:58.415191+00:00,auchan,573850,"Vin spumant alb brut Chateau Vartely Inspiro, Feteasca Regala, 0.75 l",37.89,RON,,0,catalogue,1
2026-08-11T09:35:58.415308+00:00,auchan,546049,"Vin spumant rose sec Luc Belaire Rose, Syrah, Grenache si Cinsault, 0.75 l",125.99,RON,180.89,1,catalogue,1
2026-08-11T09:35:58.415549+00:00,auchan,546046,"Vin spumant alb sec Luc Belaire Gold, Chardonnay si Pinot Noir, 0.75 l",125.99,RON,180.89,1,catalogue,1
2026-08-11T09:35:58.415785+00:00,auchan,545720,"Vin spumant rose brut Mateus, Baga si Syrah, 0.75 l",38.99,RON,,0,catalogue,1
2026-08-11T09:35:58.415854+00:00,auchan,542924,"Vin spumant alb JP Chenet Ice Edition, 10.5% alcool, 0.75 l",47.69,RON,,0,catalogue,1
2026-08-11T09:35:58.416072+00:00,auchan,542920,"Vin spumant alb Fantinel Prestige, sec, 0.75 l",41.29,RON,58.99,1,catalogue,1
2026-08-11T09:35:58.416150+00:00,auchan,532973,"Vin spumant alb demisec Zaz, 0.75 l",34.79,RON,,0,catalogue,1
2026-08-11T09:35:58.416349+00:00,auchan,532971,"Vin spumant alb extra sec Cotnari Francusa, 0.75 l",34.79,RON,,0,catalogue,1
2026-08-11T09:35:58.416409+00:00,auchan,532969,"Vin alb spumant dulce Cotnari, 11%, 0.75 l",34.79,RON,,0,catalogue,1
2026-08-11T09:35:58.416584+00:00,auchan,532967,"Vin spumant rose demisec Zaz, 0.75 l",34.79,RON,,0,catalogue,1
2026-08-11T09:35:58.416750+00:00,auchan,490264,"Vin spumant alb dulce Panciu Riserva, Muscat Ottonel 0.75 l",38.69,RON,,0,catalogue,1
2026-08-11T09:35:58.416815+00:00,auchan,490203,"Vin Spumant Casa Panciu Feteasca Regala & Muscat Ottonel Alb Demisec, 12.5%, 0.75 l",35.49,RON,,0,catalogue,1
2026-08-11T09:35:58.417088+00:00,auchan,490047,"Vin Spumant rose Freixenet, extra sec, 11% alcool, 0.7 l",42.99,RON,53.89,1,catalogue,1
2026-08-11T09:35:58.417324+00:00,auchan,490046,"Vin spumant rose demidulce Lambrusco Angelli, alcool 8%, 0.75 l",35.99,RON,,0,catalogue,1
2026-08-11T09:35:58.417523+00:00,auchan,490006,"Vin spumant premium Freixenet Carta, alcool 11.5%, 0.75 l",36.59,RON,45.79,1,catalogue,1
2026-08-11T09:35:58.417732+00:00,auchan,489897,Vin spumant alb demisec Henkell Trocken 0.2 l,15.39,RON,,0,catalogue,1
2026-08-11T09:35:58.417906+00:00,auchan,489854,"Vin spumant rose sec Angelli, Rose de Noires 0.75 l",21.49,RON,26.69,1,catalogue,1
2026-08-11T09:35:58.418096+00:00,auchan,489850,"Vin spumant alb demisec Angelli, Blanc de Blancs 0.75 l",21.49,RON,25.29,1,catalogue,1
2026-08-11T09:35:58.418307+00:00,auchan,489800,Vin spumant alb dulce Torley Charmant 0.75 l,31.79,RON,,0,catalogue,1
2026-08-11T09:35:58.418496+00:00,auchan,489462,"Vin spumant alb Serena 1881 Prosecco, alcool 11%, 0.75",44.69,RON,,0,catalogue,1
2026-08-11T09:35:58.418698+00:00,auchan,489179,"Vin spumant rose Rhein, Pinot Noir 0.75 l",67.29,RON,,0,catalogue,1
2026-08-11T09:35:58.418880+00:00,auchan,489175,"Vin spumant alb sec Rhein Imperial, Chardonnay 0.75 l",66.79,RON,,0,catalogue,1
2026-08-11T09:35:58.419079+00:00,auchan,457564,"Vin spumant rose Cinzano, 0.75 l",43.79,RON,,0,catalogue,1
2026-08-11T09:35:58.419154+00:00,auchan,457563,Vin spumant Cinzano GranDolce 0.75 l,34.99,RON,43.79,1,catalogue,1
2026-08-11T09:35:58.419363+00:00,auchan,457562,"Vin Spumant Cinzano Asti, 0.75 l",75.99,RON,,0,catalogue,1
2026-08-11T09:35:58.419545+00:00,auchan,457561,"Vin spumant sec Cinzano Gran, 0.75 l",43.79,RON,,0,catalogue,1
2026-08-11T09:35:58.419599+00:00,auchan,457493,"Vin spumant rose Martini Sparkling Rose, 0.75 l",58.49,RON,,0,catalogue,1
2026-08-11T09:35:58.419801+00:00,auchan,457400,Vin spumant demi sec Rose Mary 0.75 l,26.49,RON,,0,catalogue,1
2026-08-11T09:35:58.419974+00:00,auchan,455803,"Vin frizzante rosu Zarea Bella Vita Lambrusco Emilia I.G.T., 0.75 l",20.89,RON,29.99,1,catalogue,1
2026-08-11T09:35:58.420445+00:00,auchan,455785,"Vin spumant alb Zarea Royal Gold cu foita de aur 23K, Magnum, 1.5 l",109.89,RON,,0,catalogue,1
2026-08-11T09:35:58.420888+00:00,auchan,455731,"Vin spumant alb demisec Zarea Crystal Collection, 0.2 l",12.99,RON,,0,catalogue,1
2026-08-11T09:35:58.421114+00:00,auchan,455730,"Vin spumant alb demisec Zarea Crystal Collection, Magnum, 1.5 l",73.29,RON,,0,catalogue,1
2026-08-11T09:35:58.421331+00:00,auchan,455729,"Vin spumant alb dulce Zarea Crystal Collection Muscat, 0.75 l",27.89,RON,,0,catalogue,1
2026-08-11T09:35:58.421540+00:00,auchan,455721,"Vin spumant rose sec Zarea Diamond Collection Metoda Traditionala, 0.75 l",52.99,RON,,0,catalogue,1
2026-08-11T09:35:58.421746+00:00,auchan,455720,"Vin spumant alb demisec Zarea Diamond Collection Metoda Traditionala, 0.75 l",52.99,RON,,0,catalogue,1
2026-08-11T09:35:58.421949+00:00,auchan,455719,"Vin spumant alb brut Zarea Diamond Collection Metoda Traditionala, 0.75 l",52.99,RON,,0,catalogue,1
2026-08-11T09:35:58.422152+00:00,auchan,454887,"Vin spumant rose demisec Cricova, Cabernet Sauvignon, 0.75 l",59.99,RON,,0,catalogue,1
2026-08-11T09:35:58.422360+00:00,auchan,327973,"Vin spumant rose demisec Domeniile Bohotin, Busuioaca de Bohotin, 0.75 l",32.99,RON,,0,catalogue,1
2026-08-11T09:35:58.422566+00:00,auchan,257492,"Vin spumant rose brut Domeniile Averesti Povestea Alb Visinie, Pinot Noir, 0.75 l",59.99,RON,,0,catalogue,1
2026-08-11T09:35:58.422645+00:00,auchan,257491,"Vin spumant alb brut Domeniile Averesti Povestea Alb Visinie, Zghihara de Husi, 0.75 l",59.99,RON,,0,catalogue,1
2026-08-11T09:35:58.422863+00:00,auchan,253225,"Vin spumant alb brut Freixenet Cava Cordon Negro, 0.75 l",47.79,RON,,0,catalogue,1
2026-08-11T09:35:58.422909+00:00,auchan,166623,"Vin frizzante rose sec Crama Carastelec Friza, Pinot Noir, 0.75 l",43.89,RON,,0,catalogue,1
2026-08-11T09:35:58.422971+00:00,auchan,151496,"Vin spumant rose demisec Freixenet Ice Rose Cuvee Especial Cava, 0.75 l",47.79,RON,,0,catalogue,1
2026-08-11T09:35:58.423161+00:00,auchan,151494,"Vin spumant alb demisec Freixenet Ice Cuvee Especial Cava, 0.75 l",47.79,RON,,0,catalogue,1
2026-08-11T09:35:58.423736+00:00,auchan,136927,"Vin spumant rose brut Montelvini Promosso, 0.75 l",49.89,RON,,0,catalogue,1
2026-08-11T09:35:58.423920+00:00,auchan,136921,"Vin frizzante rose demisec Domeniile Davidescu, Muscat de Hamburg, 0.75 l",20.0,RON,27.9,1,catalogue,1
2026-08-11T09:35:58.424071+00:00,auchan,136919,"Vin frizzante alb demisec Domeniile Davidescu, Muscat, 0.75 l",25.0,RON,30.7,1,catalogue,1
2026-08-11T09:36:00.568284+00:00,auchan,636999,"Vin alb demisec Budureasca, Sauvignon Blanc, Chardonnay, Pinot Gri 2 l",50.39,RON,,0,catalogue,1
2026-08-11T09:36:00.568541+00:00,auchan,535313,"Vin alb demidulce Cotnari, Eticheta Galbena 3 l",39.89,RON,,0,catalogue,1
2026-08-11T09:36:00.568725+00:00,auchan,366609,"Vin alb demisec Budureasca, Sauvignon Blanc 2 l",50.39,RON,,0,catalogue,1
2026-08-11T09:36:00.568902+00:00,auchan,4955,"Vin rose demisec Val Duna, cupaj, 3 l",49.99,RON,,0,catalogue,1
2026-08-11T09:36:00.569140+00:00,auchan,535314,"Vin alb demisec Cotnari, Feteasca Alba 3 l",39.89,RON,,0,catalogue,1
2026-08-11T09:36:00.569362+00:00,auchan,93855,"Vin alb sec Domeniul Coroanei Segarcea Bib, Chardonnay, Feteasca Alba si Viognier, 3 l",44.99,RON,,0,catalogue,1
2026-08-11T09:36:00.569467+00:00,auchan,599634,"Vin rosu demisec Budureasca, Shiraz, Merlot, Cabernet Sauvignon 2 l",50.39,RON,,0,catalogue,1
2026-08-11T09:36:00.569666+00:00,auchan,461175,"Vin rose demisec Vinarte, Crama Starmina, 3 l",46.99,RON,,0,catalogue,1
2026-08-11T09:36:00.569855+00:00,auchan,366610,"Vin rose demisec Budureasca, Merlot, Pinot Noir 2 l",50.39,RON,,0,catalogue,1
2026-08-11T09:36:00.569927+00:00,auchan,283454,"Vin alb demisec Vinarte Crama Starmina, Riesling si Feteasca Regala, 3 l",46.99,RON,,0,catalogue,1
2026-08-11T09:36:00.570000+00:00,auchan,245554,"Vin Rose demidulce Mozaic, 3 l",63.49,RON,,0,catalogue,1
2026-08-11T09:36:00.570165+00:00,auchan,825441,"Vin rose demisec Sigillum Moldaviae, 3 l",50.49,RON,,0,catalogue,1
2026-08-11T09:36:00.570373+00:00,auchan,366612,"Vin rosu sec Budureasca, Cabernet Sauvignonsec 2 l",50.39,RON,,0,catalogue,1
2026-08-11T09:36:00.570568+00:00,auchan,292267,"Vin rosu sec Domeniul Coroanei Segarcea, bag in box, 3 l",44.99,RON,,0,catalogue,1
2026-08-11T09:36:00.570765+00:00,auchan,4720,"Vin Val Duna rosu demisec, Feteasca Neagra 3 l",49.99,RON,,0,catalogue,1
2026-08-11T09:36:00.570940+00:00,auchan,531662,"Vin rose demidulce Schwaben Wein, Bag in box, 3 l",72.99,RON,,0,catalogue,1
2026-08-11T09:36:00.571115+00:00,auchan,426285,"Vin rose demidulce Vinarte Crama Starmina, Varietal, 3 l",46.99,RON,,0,catalogue,1
2026-08-11T09:36:00.571336+00:00,auchan,283452,"Vin rosu sec Crama Starmina Vinarte Cuvee, Merlot, 3 l",46.99,RON,,0,catalogue,1
2026-08-11T09:36:00.571419+00:00,auchan,245432,"Vin Rosu demidulce Mozaic, 3 l",63.49,RON,,0,catalogue,1
2026-08-11T09:36:00.571595+00:00,auchan,232436,"Vin rosu demisec de Varancha, Cupaj din soiuri rosii 3 l",53.59,RON,,0,catalogue,1
2026-08-11T09:36:00.571794+00:00,auchan,232432,"Vin alb demisec de Varancha, Cupaj din soiuri albe 3 l",53.59,RON,,0,catalogue,1
2026-08-11T09:36:00.571985+00:00,auchan,112181,"Vin alb demisec Schwaben Wein, Feteasca Regala, Bag in box, 3 l",72.99,RON,,0,catalogue,1
2026-08-11T09:36:01.682594+00:00,auchan,455598,"Sampanie Moet & Chandon, 0.75 l",199.99,RON,249.99,1,catalogue,1
2026-08-11T09:36:01.682831+00:00,auchan,454898,Sampanie Moet & Chandon 0.75 l,259.99,RON,324.99,1,catalogue,1
2026-08-11T09:36:01.683020+00:00,auchan,15975,"Sampanie Moet & Chandon Imperial, 0.75 l",199.99,RON,,0,catalogue,1
2026-08-11T09:36:01.683096+00:00,auchan,850011,"Sampanie Veuve Emille Brut, 0.75 l",119.99,RON,,0,catalogue,1
2026-08-11T09:36:01.683162+00:00,auchan,965667,"Sampanie Moet & Chandon Imperial, 0.75 l",199.99,RON,,0,catalogue,1
2026-08-11T09:36:01.683265+00:00,auchan,691987,"Sampanie Moet & Chandon Ice Imperial, rose, 0.75 l",295.99,RON,369.99,1,catalogue,1
2026-08-11T09:36:01.683465+00:00,auchan,691947,"Sampanie Moet & Chandon, Ice Imperial, 0.75 l",287.99,RON,359.99,1,catalogue,1
2026-08-11T09:36:01.683646+00:00,auchan,542914,"Sampanie rose Prince Laurent Champagne, 12%, 0.75 l",127.04,RON,181.49,1,catalogue,1
2026-08-11T09:36:01.683844+00:00,auchan,455599,"Sampanie Moet & Chandon, alcool 12%, 0.75 l",287.99,RON,359.99,1,catalogue,1
2026-08-11T09:36:04.291521+00:00,auchan,489857,"Prosecco alb sec Mionetto Treviso, 0.75 l",47.99,RON,,0,catalogue,1
2026-08-11T09:36:04.291819+00:00,auchan,729157,"Prosecco alb sec Mott, 0.75 l",58.29,RON,,0,catalogue,1
2026-08-11T09:36:04.291892+00:00,auchan,455787,"Prosecco alb demisec Zarea Bella Vita D.O.C., 0.75 l",49.99,RON,,0,catalogue,1
2026-08-11T09:36:04.292075+00:00,auchan,291924,"Prosecco alb extra sec Costaross D.O.C, 0.75 l",21.49,RON,23.99,1,catalogue,1
2026-08-11T09:36:04.292174+00:00,auchan,166621,"Prosecco alb extra sec La Casada D.O.C, 0.75 l",38.99,RON,,0,catalogue,1
2026-08-11T09:36:04.292251+00:00,auchan,151514,"Prosecco alb brut La Casada DOC, 0.75 l",38.99,RON,,0,catalogue,1
2026-08-11T09:36:04.292322+00:00,auchan,136990,"Prosecco alb extra sec Maestro Millestimato D.O.C, Glera, 0.75 l",53.49,RON,,0,catalogue,1
2026-08-11T09:36:04.292523+00:00,auchan,457566,"Prosecco alb extra dry Grande Vento, 0.75 l",38.99,RON,,0,catalogue,1
2026-08-11T09:36:04.292597+00:00,auchan,457491,"Prosecco Martini Sparkling, 0.75 l",43.59,RON,,0,catalogue,1
2026-08-11T09:36:04.292786+00:00,auchan,455809,"Prosecco alb extra sec Zarea Bella Vita D.O.C., 0.75 l",49.99,RON,,0,catalogue,1
2026-08-11T09:36:04.293034+00:00,auchan,455733,"Prosecco rose extra sec Zarea Bella Vita D.O.C., 0.75 l",49.99,RON,,0,catalogue,1
2026-08-11T09:36:04.293266+00:00,auchan,542879,"Prosecco alb sec Botter, Glera, 0.75 l",35.59,RON,,0,catalogue,1
2026-08-11T09:36:04.293336+00:00,auchan,490008,"Prosecco rose Mionetto DOC, alcool 11%, 0.75 l",49.99,RON,,0,catalogue,1
2026-08-11T09:36:04.293413+00:00,auchan,489905,"Prosecco Mionetto Treviso, 0.2 l",17.99,RON,,0,catalogue,1
2026-08-11T09:36:04.293594+00:00,auchan,489633,"Prosecco Maschio Treviso Extra Dry, 0.75 l",45.16,RON,,0,catalogue,1
2026-08-11T09:36:04.293774+00:00,auchan,457567,"Prosecco Grande Vento rose, 0.75 l",47.79,RON,,0,catalogue,1
2026-08-11T09:36:04.293956+00:00,auchan,202700,"Prosecco alb brut Pasqua Romeo & Juliet, Glera, 0.75 l",49.99,RON,,0,catalogue,1
2026-08-11T09:36:04.294026+00:00,auchan,825435,"Prosecco rose Mionetto, 0.2 l",17.99,RON,,0,catalogue,1
2026-08-11T09:36:04.294221+00:00,auchan,457418,"Prosecco rose extra dry Rose Mary, alcool 11%, 0.75 l",36.99,RON,,0,catalogue,1
2026-08-11T09:36:04.294445+00:00,auchan,850494,"Prosecco Mionetto Biologico Extra Dry, 0.7 l",61.79,RON,,0,catalogue,1
2026-08-11T09:36:04.294529+00:00,auchan,850433,"Prosecco rose extra sec Zarea Bella Vita D.O.C., 0.2 l",18.89,RON,,0,catalogue,1
2026-08-11T09:36:04.294721+00:00,auchan,850432,"Prosecco alb extra sec Zarea Bella Vita D.O.C., 0.2 l",18.89,RON,,0,catalogue,1
2026-08-11T09:36:04.294909+00:00,auchan,741332,"Prosecco rose sec Canti Millesimato D.O.C, Glera si Pinot Noir, 0.75 l",59.39,RON,,0,catalogue,1
2026-08-11T09:36:04.294983+00:00,auchan,741331,"Prosecco alb sec Canti Millesimato, Glera, 0.75 l",59.39,RON,,0,catalogue,1
2026-08-11T09:36:04.295044+00:00,auchan,545621,"Prosecco rose Picini Millesimato, demisec, 0.75 l",77.19,RON,,0,catalogue,1
2026-08-11T09:36:04.295101+00:00,auchan,545619,"Prosseco alb Picini, demisec, 0.75 l",65.19,RON,,0,catalogue,1
2026-08-11T09:36:04.295186+00:00,auchan,542919,"Prosseco alb Fantinel Glera, demisec, 0.75 l",44.02,RON,62.89,1,catalogue,1
2026-08-11T09:36:04.295253+00:00,auchan,490049,"Prosecco Magnum Mionetto, alcool 11%, 1.5 l",92.32,RON,131.89,1,catalogue,1
2026-08-11T09:36:04.295456+00:00,auchan,490048,"Prosecco Freixenet Doc, alb, 0.75 l",75.99,RON,,0,catalogue,1
2026-08-11T09:36:04.295650+00:00,auchan,489858,"Prosecco alb extra sec Mionetto Valdobbiadene superiore docg, 0.75 l",71.99,RON,,0,catalogue,1
2026-08-11T09:36:04.295722+00:00,auchan,489639,"Prosecco alb sec Maschio Conegliano, 11% alcool, 0.75 l",58.99,RON,,0,catalogue,1
2026-08-11T09:36:04.295916+00:00,auchan,489636,"Prosecco Maschio Treviso D.O.C, 11% alcool, 0.75l",45.16,RON,,0,catalogue,1
2026-08-11T09:36:04.296115+00:00,auchan,489634,"Proseco rose Maschio Extra Dry, 0.75 l",45.16,RON,,0,catalogue,1
2026-08-11T09:36:04.296328+00:00,auchan,489631,"Prosecco Rose Riunite D.O.C, 0.75 l",32.49,RON,40.69,1,catalogue,1
2026-08-11T09:36:04.296512+00:00,auchan,489628,"Prosecco White Riunite Frizzante Treviso D.O.C, extra sec, 0.75 l",31.19,RON,38.99,1,catalogue,1
2026-08-11T09:36:04.296588+00:00,auchan,489621,"Prosecco alb sec Riunite Treviso D.O.C, 11% alcool, 0.75 l",32.39,RON,40.59,1,catalogue,1
2026-08-11T09:36:04.296787+00:00,auchan,489616,"Prosecco White Cavicchioli, extra dry, 11% alcool, 0.7 l",51.99,RON,,0,catalogue,1
2026-08-11T09:36:04.297032+00:00,auchan,489461,"Prosecco rose Brut Serena 188, alcool 11%, 0.75 l",49.89,RON,,0,catalogue,1
2026-08-11T09:36:04.297284+00:00,auchan,457520,"Prosecco alb sec La Gioiosa Treviso, 0.75 l",61.69,RON,,0,catalogue,1
2026-08-11T09:36:04.297483+00:00,auchan,457490,"Prosecco Sparkling Martini, alcool 11.5%, 0.75 l",47.99,RON,,0,catalogue,1
2026-08-11T09:36:04.297695+00:00,auchan,457447,"Prosecco alb sec Garrone, 0.75 l",35.0,RON,43.0,1,catalogue,1
2026-08-11T09:36:04.297873+00:00,auchan,323064,"Prosecco extra sec Zonin Valdobbiadene Superiore DOCG, Glera, 0.75 l",51.79,RON,73.99,1,catalogue,1
2026-08-11T09:36:04.297955+00:00,auchan,323063,"Prosecco alb brut Zonin DOC, Glera, 0.75 l",55.19,RON,,0,catalogue,1
2026-08-11T09:36:04.298133+00:00,auchan,202701,"Prosecco rose brut Pasqua Millesimato Romeo & Juliet, Glera si Pinot Noir, 0.75 l",51.69,RON,,0,catalogue,1
2026-08-11T09:36:04.298247+00:00,auchan,151533,"Prosecco extra sec Bernardino Prestige DOC, Glera, 0.75 l",55.39,RON,,0,catalogue,1
2026-08-11T09:36:04.298317+00:00,auchan,136926,"Prosecco alb extra sec Montelvini Treviso DOC, Glera, 0.75 l",60.99,RON,,0,catalogue,1
2026-08-11T09:36:05.205306+00:00,carrefour,10511762,"Vin Dextra Primus, 750 Ml, Vin Alb Sec, Feteasca Regala",40.19,RON,,0,catalogue,1
2026-08-11T09:36:05.205653+00:00,carrefour,10511727,Vin Alb Crepuscul Green 0.75L,24.9,RON,,0,catalogue,1
2026-08-11T09:36:05.205937+00:00,carrefour,10511728,Vin Alb Crepuscul Blue 0.75L Demisec,24.9,RON,,0,catalogue,1
2026-08-11T09:36:05.206233+00:00,carrefour,10511725,"Vin Rosu Crepuscul Red, Sec, 0.75l",24.9,RON,,0,catalogue,1
2026-08-11T09:36:05.206501+00:00,carrefour,10511726,"Vin Rose Crepuscul Rose, Sec, 0.75l",24.9,RON,,0,catalogue,1
2026-08-11T09:36:05.206749+00:00,carrefour,10511724,"Vin Spumant Liliac Crepuscul, Brut, 0.75l",24.9,RON,,0,catalogue,1
2026-08-11T09:36:05.207299+00:00,carrefour,10511623,"Tectonic - Tamaioasa Romaneasca Doc Demisec 0,75L",37.49,RON,,0,catalogue,1
2026-08-11T09:36:05.207585+00:00,carrefour,10511083,Vin Feudi Salentini 125 Negroamaro Salento 0.75L,45.09,RON,,0,catalogue,1
2026-08-11T09:36:05.207860+00:00,carrefour,10511082,Vin Feudi Salentini 125 Primitivo Salento 0.75L,45.09,RON,,0,catalogue,1
2026-08-11T09:36:05.208554+00:00,carrefour,10511635,"Tectonic Reserva - Cuvee Rosu Doc Sec 0,75L",39.9,RON,,0,catalogue,1
2026-08-11T09:36:05.209174+00:00,carrefour,10511634,"Tectonic Reserva - Cuvee Rose Doc Sec 0,75L",39.9,RON,,0,catalogue,1
2026-08-11T09:36:05.209435+00:00,carrefour,10511747,Maschio Prosecco Doc Treviso Brut 11% 0.75L,37.3,RON,,0,catalogue,1
2026-08-11T09:36:05.209973+00:00,carrefour,10511637,"Vin Rosu Constantin, Premium D.O.C, Sec, Cutie, 0.75l",204.99,RON,,0,catalogue,1
2026-08-11T09:36:05.210298+00:00,carrefour,10508601,Feteasca De Tohani Rose 0.75L,37.49,RON,,0,catalogue,1
2026-08-11T09:36:05.210542+00:00,carrefour,10510720,Vin Australian Syrah Cabernet 0.75L,21.99,RON,,0,catalogue,1
2026-08-11T09:36:05.210792+00:00,carrefour,10510721,Vin Australian Chardonnay 0.75L,24.49,RON,,0,catalogue,1
2026-08-11T09:36:05.211046+00:00,carrefour,10511621,Bacanta Reserva Premium Red Blend + Cutie Doc Sec 0.75L,134.99,RON,,0,catalogue,1
2026-08-11T09:36:05.211369+00:00,carrefour,10511090,"Vin Spumant JP.Chenet Divine, Pinot Noir, Demisec, 0.75l",91.99,RON,,0,catalogue,1
2026-08-11T09:36:05.211622+00:00,carrefour,10511091,"Vin Spumant JP.Chenet Divine, Chardonnay, Blanc De Blancs, Brut, 0.75l",91.99,RON,,0,catalogue,1
2026-08-11T09:36:05.211894+00:00,carrefour,10511748,Maschio Prosecco Rive Di Colfosco Valdobbiadene Docg Extra Dry 11.5% 0.75L,59.49,RON,,0,catalogue,1
2026-08-11T09:36:05.212227+00:00,carrefour,10511739,Maschio Onda Prosecco Doc Treviso Extra Dry 11% 0.75L,44.49,RON,,0,catalogue,1
2026-08-11T09:36:05.212495+00:00,carrefour,10509696,Domeniile Davidescu Vin Alb Sec Chardonnay 0.75L,36.49,RON,,0,catalogue,1
2026-08-11T09:36:05.212754+00:00,carrefour,10511317,"Vin Alb Valahorum Summer Wine, Demisec, 0.75l",55.49,RON,,0,catalogue,1
2026-08-11T09:36:05.213076+00:00,carrefour,10508264,"Vin rosu demisec Cricova Chateau, Cabernet Sauvignon, 0.75 l",20.99,RON,,0,catalogue,1
2026-08-11T09:36:05.213378+00:00,carrefour,10510037,Cavicchioli Spumante Cuvee Extra Dry 11% 0.75L,38.49,RON,,0,catalogue,1
2026-08-11T09:36:05.213637+00:00,carrefour,10510138,Apriori Maestro Spumant Viorica Alb Extra Sec 0.75L,76.49,RON,,0,catalogue,1
2026-08-11T09:36:05.213884+00:00,carrefour,10510146,Apriori Maestro Spumant Citron Magaratcha Alb Brut 0.75L,72.99,RON,,0,catalogue,1
2026-08-11T09:36:05.214175+00:00,carrefour,10510059,La Podgorii Vin Roze Demisec 0.75L,9.49,RON,,0,catalogue,1
2026-08-11T09:36:05.214419+00:00,carrefour,10510069,"Vin rosu demidulce Domeniile Urlati, Cabernet Sauvignon, 0.75 l",31.49,RON,,0,catalogue,1
2026-08-11T09:36:05.214678+00:00,carrefour,10508556,"Tamaioasa Romaneasca DOC demidulce Livia 0,75L",31.49,RON,,0,catalogue,1
2026-08-11T09:36:05.214917+00:00,carrefour,10509806,"Genesa Reserva Merlot 15% Sec 0,75L",86.99,RON,,0,catalogue,1
2026-08-11T09:36:05.215209+00:00,carrefour,10511057,Vin Castel Huniade Sarba Sec 0.75 L,26.99,RON,,0,catalogue,1
2026-08-11T09:36:05.215479+00:00,carrefour,10509872,"Vin Rosu Tenuta Ulisse Montepulciano D'Abruzzo DOP, Sec, 0.75l",44.9,RON,,0,catalogue,1
2026-08-11T09:36:05.215760+00:00,carrefour,10509873,"Vin Alb Tenuta Ulisse, Terre D'Abruzzo IGP, Pecorino, Sec, 0.75l",44.9,RON,,0,catalogue,1
2026-08-11T09:36:05.216080+00:00,carrefour,10509870,"Vin Rose Tenuta Ulisse Cerasuolo D'Abruzzo DOP, 0.75l",44.9,RON,,0,catalogue,1
2026-08-11T09:36:05.216401+00:00,carrefour,10002786,"Vin Rosu Budureasca Origini Feteasca Neagra, Sec, 0.75l",117.9,RON,,0,catalogue,1
2026-08-11T09:36:05.216698+00:00,carrefour,10509489,"Vin rosu demisec Arca, Feteasca Neagra si Merlot, 0.75L",31.89,RON,,0,catalogue,1
2026-08-11T09:36:05.216957+00:00,carrefour,10509918,Panciu Riserva Spumant Brut Alb 0.200L,18.49,RON,,0,catalogue,1
2026-08-11T09:36:05.217356+00:00,carrefour,10509721,Vin Individo Alb Sec 0.75L,37.99,RON,,0,catalogue,1
2026-08-11T09:36:05.217619+00:00,carrefour,10509635,Sable Noble Chardonnay&Sauvignon Blanc&Pinot Gris 13% 0.75L,75.99,RON,,0,catalogue,1
2026-08-11T09:36:05.217907+00:00,carrefour,10509922,"Panciu Riserva Vin Linistit Demisec Sarba 0,187L",11.99,RON,,0,catalogue,1
2026-08-11T09:36:05.218207+00:00,carrefour,10509634,Murfatlar Sable Noble Rosu 0.75L,75.99,RON,,0,catalogue,1
2026-08-11T09:36:05.218486+00:00,carrefour,10509921,"Panciu Riserva Vin Linistit Sec Babeasca Neagra 0,187L",11.99,RON,,0,catalogue,1
2026-08-11T09:36:05.218758+00:00,carrefour,10509920,"Panciu Riserva Vin Linistit Demisec Cupaj Roze 0,187L",11.99,RON,,0,catalogue,1
2026-08-11T09:36:05.810579+00:00,carrefour,10509636,"Sable Noble Cabernet Sauvignon&Merlot&Feteasca Neagra Roze 12,5% alc., 0.75L",75.99,RON,,0,catalogue,1
2026-08-11T09:36:05.811297+00:00,carrefour,10509494,"Vin alb Arca Muscat Ottonel Strunga, 0.75L",31.89,RON,,0,catalogue,1
2026-08-11T09:36:05.811564+00:00,carrefour,10509798,"Vin rosu Puglia 2021, 15% alc., Rocca 0.75L",45.49,RON,,0,catalogue,1
2026-08-11T09:36:05.811844+00:00,carrefour,10509743,Vin Individo Rose Sec 0.75,37.99,RON,,0,catalogue,1
2026-08-11T09:36:05.812089+00:00,carrefour,10509624,"Vin rosu Explicit sec, Rara neagra si Merlot, 0.75L",42.99,RON,,0,catalogue,1
2026-08-11T09:36:05.812398+00:00,carrefour,10510182,Vin Strunga Merlot Sec 0.75 L,50.49,RON,,0,catalogue,1
2026-08-11T09:36:05.812677+00:00,carrefour,10509984,Crama Mircesti Viorica Alb Demisec 0.75L,92.99,RON,,0,catalogue,1
2026-08-11T09:36:05.812928+00:00,carrefour,10509990,Crama Mircesti Sauvignon Blanc Alb 0.75L,74.99,RON,,0,catalogue,1
2026-08-11T09:36:05.813283+00:00,carrefour,10510043,La Plage Prosecco Extra Dry 0.75L,46.89,RON,,0,catalogue,1
2026-08-11T09:36:05.813530+00:00,carrefour,10510044,"Vin Rosu Crama Rasova La Plage, Sec, 0.75L",39.99,RON,,0,catalogue,1
2026-08-11T09:36:05.813789+00:00,carrefour,10510045,"Vin Rose Crama Rasova La Plage, Sec, 0.75L",39.99,RON,,0,catalogue,1
2026-08-11T09:36:05.814052+00:00,carrefour,10509790,"Vin Sparkling Rose JP Chenet, 0.75l",48.99,RON,,0,catalogue,1
2026-08-11T09:36:05.814369+00:00,carrefour,10509789,"Vin Rose JP Chenet, 0.75l",48.99,RON,,0,catalogue,1
2026-08-11T09:36:05.814902+00:00,carrefour,10510155,Geneza Rara Neagra Rose 0.75L,43.85,RON,,0,catalogue,1
2026-08-11T09:36:05.815194+00:00,carrefour,10510154,Geneza Rara Neagra 0.75L,43.85,RON,,0,catalogue,1
2026-08-11T09:36:05.815446+00:00,carrefour,10510166,Vin Olt De Vie Alutus Primus 0.75L,114.75,RON,,0,catalogue,1
2026-08-11T09:36:05.815701+00:00,carrefour,10507738,Vin Bordeaux Blanc 3L BIB,82.29,RON,,0,catalogue,1
2026-08-11T09:36:05.815940+00:00,carrefour,10506872,"Vin Alb Demisec Beciul Podgoreanului, 3L",26.99,RON,,0,catalogue,1
2026-08-11T09:36:05.816224+00:00,carrefour,10510066,Vin Casa de Rose Feteasca Neagra Rose sec 0.75L,46.99,RON,,0,catalogue,1
2026-08-11T09:36:05.816488+00:00,carrefour,10510067,"Vin Casa de Rose Cabernet Sauvignon Rose sec, 0.75L",46.99,RON,,0,catalogue,1
2026-08-11T09:36:05.816741+00:00,carrefour,10510056,Mignon Freixenet Cordon Negro Cava Brut 0.2L,24.99,RON,,0,catalogue,1
2026-08-11T09:36:05.817049+00:00,carrefour,10510013,Zarea Best Wishes Alb Demisec 11% alc. Vin Spumant 0.75L,37.49,RON,,0,catalogue,1
2026-08-11T09:36:05.817342+00:00,carrefour,10509808,"Negroamaro Salento 2023 14% alc., Torridoro 0.75L",54.49,RON,,0,catalogue,1
2026-08-11T09:36:05.817898+00:00,carrefour,10510074,"Vin Alb Sec Domeniile Dealu Mare Sauvignon Blanc, Feteasca Alba Doc-Cmd Dealu Mare 0.75L",36.99,RON,,0,catalogue,1
2026-08-11T09:36:05.818247+00:00,carrefour,10510072,"Vin Rosu Demisec Domeniile Dealu Mare, 0.75L",36.99,RON,,0,catalogue,1
2026-08-11T09:36:05.818961+00:00,carrefour,10510073,"Vin Rose Sec Domeniile Dealu Mare, 0.75L",35.99,RON,,0,catalogue,1
2026-08-11T09:36:05.819255+00:00,carrefour,10510139,"Jidvei Spirit Roze 0.75L , Sec",50.99,RON,,0,catalogue,1
2026-08-11T09:36:05.819501+00:00,carrefour,10510143,"Jidvei Spirit Chardonnay 0.75L , Sec",50.99,RON,,0,catalogue,1
2026-08-11T09:36:05.819750+00:00,carrefour,10510140,"Jidvei Spirit Feteasca Regala 0.75L , Sec",50.99,RON,,0,catalogue,1
2026-08-11T09:36:05.819995+00:00,carrefour,10510049,Hyperion Tamaioasa Romaneasca 0.75L Doc,102.9,RON,,0,catalogue,1
2026-08-11T09:36:05.820288+00:00,carrefour,10510058,La Podgorii Vin Alb Demisec 0.75L,9.49,RON,,0,catalogue,1
2026-08-11T09:36:05.820534+00:00,carrefour,10510057,La Podgorii Vin Rosu Demisec 0.75L,9.49,RON,,0,catalogue,1
2026-08-11T09:36:05.820768+00:00,carrefour,10510068,"Vin Rose Demisec Domeniile Urlati, 0.75L",29.99,RON,,0,catalogue,1
2026-08-11T09:36:05.821059+00:00,carrefour,10510071,"Vin Alb Demisec Domeniile Urlati, 0.75L",28.49,RON,,0,catalogue,1
2026-08-11T09:36:05.821346+00:00,carrefour,10510070,"Vin Alb Demidulce Domeniile Urlati, 0.75L",29.49,RON,,0,catalogue,1
2026-08-11T09:36:05.821629+00:00,carrefour,10509618,"Vin alb Aerosoli Feteasca Regala, sec, 750ml",41.49,RON,,0,catalogue,1
2026-08-11T09:36:05.822447+00:00,carrefour,10509610,Murfatlar Aerosoli Roze Sec 0.75L,41.49,RON,,0,catalogue,1
2026-08-11T09:36:05.822730+00:00,carrefour,10509791,"Vin spumant Rose JP Chenet Ice Edition, 0.75l",37.99,RON,,0,catalogue,1
2026-08-11T09:36:05.822985+00:00,carrefour,10509128,"Vin Alb Lacerta Cameleon, Sec, 0.75l",44.99,RON,,0,catalogue,1
2026-08-11T09:36:05.823282+00:00,carrefour,10509127,"Vin Rosu Lacerta Cameleon, Sec, 0.75l",50.49,RON,,0,catalogue,1
2026-08-11T09:36:05.823535+00:00,carrefour,10509943,"Vin Rose Lacerta, Demisec, 0.75l",59.99,RON,,0,catalogue,1
2026-08-11T09:36:07.076292+00:00,carrefour,10510008,"Vin Spumant Rose Zarea Gurmet Feteasca Neagra, Dulce, 8%, 0.75l",41.99,RON,,0,catalogue,1
2026-08-11T09:36:07.076638+00:00,carrefour,10510012,"Vin Spumant Alb Zarea Gurment Muscat Ottonel, Dulce, 7.5%, 0.75l",40.49,RON,,0,catalogue,1
2026-08-11T09:36:07.076908+00:00,carrefour,10510050,"Vin Alb Prahova Valley, Feteasca Regala, Demisec, 0.75l",25.99,RON,,0,catalogue,1
2026-08-11T09:36:07.077291+00:00,carrefour,10510126,Vin Chardonnay Les Allies 0.75L,20.49,RON,,0,catalogue,1
2026-08-11T09:36:07.077571+00:00,carrefour,10510125,Vin Sauvignon Blanc Les Allies 0.75L,17.99,RON,,0,catalogue,1
2026-08-11T09:36:07.077821+00:00,carrefour,10510119,Vin Vinho Verde Tussock Jumper 0.75L,18.49,RON,,0,catalogue,1
2026-08-11T09:36:07.078081+00:00,carrefour,10510117,Vin Moscato Tussock Jumper 0.75L,24.49,RON,,0,catalogue,1
2026-08-11T09:36:07.078372+00:00,carrefour,10510115,Vin Chenin Blanc Tussock Jumper 0.75L,24.99,RON,,0,catalogue,1
2026-08-11T09:36:07.078627+00:00,carrefour,10509795,Petit Chablis Caf 0.75L,63.19,RON,,0,catalogue,1
2026-08-11T09:36:07.078867+00:00,carrefour,10509770,Cremant Bourgogne Brut 0.75L,60.49,RON,,0,catalogue,1
2026-08-11T09:36:07.079132+00:00,carrefour,10509785,Monbazillac Moel 0.75L,46.99,RON,,0,catalogue,1
2026-08-11T09:36:07.079383+00:00,carrefour,10509773,Pays Doc Chardonnay Heritage 0.75L,21.49,RON,,0,catalogue,1
2026-08-11T09:36:07.079634+00:00,carrefour,10510116,Vin Sauvignon Blanc Tussock Jumper 0.75L,24.99,RON,,0,catalogue,1
2026-08-11T09:36:07.079886+00:00,carrefour,10509774,Cabernet Sauvignon Heritage Carillan 0.75L,13.49,RON,,0,catalogue,1
2026-08-11T09:36:07.080182+00:00,carrefour,10510124,Vin Rose Grenache Les Allies 0.75L,18.49,RON,,0,catalogue,1
2026-08-11T09:36:07.080435+00:00,carrefour,10509778,Costieres Nimes 0.75L,21.99,RON,,0,catalogue,1
2026-08-11T09:36:07.080667+00:00,carrefour,10509764,Pays Doc Merlot Heritage 0.75L,17.49,RON,,0,catalogue,1
2026-08-11T09:36:07.080915+00:00,carrefour,10510110,Vin Amarone Covalli 0.75L,139.9,RON,,0,catalogue,1
2026-08-11T09:36:07.081249+00:00,carrefour,10510111,Vin Barolo Covalli 0.75L,126.9,RON,,0,catalogue,1
2026-08-11T09:36:07.081493+00:00,carrefour,10510109,Vin Barbaresco Covalli 0.75L,129.9,RON,,0,catalogue,1
2026-08-11T09:36:07.081734+00:00,carrefour,10510112,Vin Zinfandel Tussock Jumper 0.75L,35.99,RON,,0,catalogue,1
2026-08-11T09:36:07.081985+00:00,carrefour,10510118,Vin Pinot Grigio Tussock Jumper 0.75L,18.99,RON,,0,catalogue,1
2026-08-11T09:36:07.082299+00:00,carrefour,10510113,Vin Tempranillo Tussock Jumper 0.75L,24.49,RON,,0,catalogue,1
2026-08-11T09:36:07.082556+00:00,carrefour,10510123,Vin Merlot Les Allies 0.75L,18.99,RON,,0,catalogue,1
2026-08-11T09:36:07.082804+00:00,carrefour,10510122,Vin Pinot Noir Les Allies 0.75L,18.99,RON,,0,catalogue,1
2026-08-11T09:36:07.083057+00:00,carrefour,10510121,Vin Cabernet Sauvignon Les Allies 0.75L,16.99,RON,,0,catalogue,1
2026-08-11T09:36:07.083349+00:00,carrefour,10510120,Vin Chateuneuf Du Pape Les Allies 0.75L,103.9,RON,,0,catalogue,1
2026-08-11T09:36:07.083609+00:00,carrefour,10510032,Muse Stars Rose Spumant Brut 0.75 L,85.99,RON,,0,catalogue,1
2026-08-11T09:36:07.083842+00:00,carrefour,10510063,"Spumant Alb Asti Martini, 7.5% alc., 0.75 L",111.9,RON,,0,catalogue,1
2026-08-11T09:36:07.085504+00:00,carrefour,10509742,Spumant Inspiro Brut 0.75L,40.49,RON,,0,catalogue,1
2026-08-11T09:36:07.085741+00:00,carrefour,10509751,"Prosecco Riunite, Valdobiadenne Superiore D.O.C.G, Extra Dry, 0.75l",74.99,RON,,0,catalogue,1
2026-08-11T09:36:07.086847+00:00,carrefour,10509862,Bordeaux Caf 0.75L,18.89,RON,,0,catalogue,1
2026-08-11T09:36:07.087088+00:00,carrefour,10509723,Vin Glamour Alb Demi Sec 0.75L,38.49,RON,,0,catalogue,1
2026-08-11T09:36:07.087382+00:00,carrefour,10509749,"Vin Tramonto Sauvignon, Alb, Demidulce, 0.75l",31.99,RON,,0,catalogue,1
2026-08-11T09:36:07.087633+00:00,carrefour,10509979,"Vin Alb Crama Mircesti, Riesling, Sec, 0.75l",92.99,RON,,0,catalogue,1
2026-08-11T09:36:07.087894+00:00,carrefour,10509737,"Vin Alb Apriori Maestro, Chardonnay Barrique, Sec, 0.75l",67.99,RON,,0,catalogue,1
2026-08-11T09:36:07.088488+00:00,carrefour,10509746,Vin Tramonto Rose Demidulce 0.75 L,31.99,RON,,0,catalogue,1
2026-08-11T09:36:07.088721+00:00,carrefour,10509988,Mircesti Cherry Flower Feteasca Neagra 0.75l,74.99,RON,,0,catalogue,1
2026-08-11T09:36:07.089040+00:00,carrefour,10509722,Vin Glamour Rose Demi Sec 0.75L,38.49,RON,,0,catalogue,1
2026-08-11T09:36:07.089329+00:00,carrefour,10509748,"Vin Tramonto Saperavi, Rosu, Demidulce, 0.75l",31.99,RON,,0,catalogue,1
2026-08-11T09:36:08.287147+00:00,carrefour,10509976,"Vin Rosu Pripa, Rara Neagra, Sec, 0.75l",107.15,RON,,0,catalogue,1
2026-08-11T09:36:08.287497+00:00,carrefour,10509981,"Vin Rosu Mircesti Bardul din Mircesti, Cuvee Rouge, Cabernet Sauvignon & Saperavi, Sec, 0.75l",117.85,RON,,0,catalogue,1
2026-08-11T09:36:08.287832+00:00,carrefour,10509985,Crama Mircesti Feteasca Neagra & Saperavi Rosu 0.75L,92.99,RON,,0,catalogue,1
2026-08-11T09:36:08.288146+00:00,carrefour,10509740,"Vin Rosu Apriori Maestro, Secret Blend Reserve, Demisec, 0.75l",67.99,RON,,0,catalogue,1
2026-08-11T09:36:08.288426+00:00,carrefour,10509720,Vin Glamour Rosu Demi Sec 0.75L,38.49,RON,,0,catalogue,1
2026-08-11T09:36:08.288675+00:00,carrefour,10509803,"Rosso Puglia 2022 13,5% Amornero 0.75L",25.9,RON,,0,catalogue,1
2026-08-11T09:36:08.288953+00:00,carrefour,10509809,Rosso Salento 2020 Montrale 0.75L,42.49,RON,,0,catalogue,1
2026-08-11T09:36:08.289294+00:00,carrefour,10005388,Cuvee Deluxe Extra Sec Angelli 0.75L,47.99,RON,,0,catalogue,1
2026-08-11T09:36:08.289585+00:00,carrefour,10509830,Vin rosu Fitou 2023 0.75L,26.49,RON,,0,catalogue,1
2026-08-11T09:36:08.289843+00:00,carrefour,10509779,Graves Chateau Haut Gramon 0.75L,62.35,RON,,0,catalogue,1
2026-08-11T09:36:08.290118+00:00,carrefour,10509777,Coteaux Bourg Croix 0.75L,34.99,RON,,0,catalogue,1
2026-08-11T09:36:08.290370+00:00,carrefour,10509863,Medoc Rosu 0.75L,24.69,RON,,0,catalogue,1
2026-08-11T09:36:08.290597+00:00,carrefour,10509832,Blaye Cotes De Bordeaux Chardonnay .0.75L,43.59,RON,,0,catalogue,1
2026-08-11T09:36:08.291160+00:00,carrefour,10509781,Vin rosu Saint Loup Hauts Gabriac 0.75L,56.35,RON,,0,catalogue,1
2026-08-11T09:36:08.291421+00:00,carrefour,10509994,Aurelius Prosecco Valdobbiadene 750Ml,78.49,RON,,0,catalogue,1
2026-08-11T09:36:08.291665+00:00,carrefour,10509996,Aurelius Vin Sec Alb Pinot Grigio 750Ml,57.99,RON,,0,catalogue,1
2026-08-11T09:36:08.291918+00:00,carrefour,10509999,Aurelius Vin Sec Rosu Cabernet Sauvignon 750Ml,67.49,RON,,0,catalogue,1
2026-08-11T09:36:08.292201+00:00,carrefour,10509998,Aurelius Vin Sec Alb Viorica 750Ml,57.99,RON,,0,catalogue,1
2026-08-11T09:36:08.292463+00:00,carrefour,10509995,Aurelius Pinot Noir 750Ml,57.99,RON,,0,catalogue,1
2026-08-11T09:36:08.292718+00:00,carrefour,10509738,"Vin Rosu Ungheni, Bridge, Merlot, Sec, 0.75l",24.85,RON,,0,catalogue,1
2026-08-11T09:36:08.293019+00:00,carrefour,10509739,"Vin Alb Ungheni, Bridge, Chardonnay, Sec, 0.75l",24.85,RON,,0,catalogue,1
2026-08-11T09:36:08.293333+00:00,carrefour,10509741,"Vin Spumant Apriori, Glera, Brut, 0.75l",52.49,RON,,0,catalogue,1
2026-08-11T09:36:08.293580+00:00,carrefour,10509626,"Cramele Recas Vin alb demisec Explicit, Feteasca Regala, 0.75 l",42.99,RON,,0,catalogue,1
2026-08-11T09:36:08.293855+00:00,carrefour,10509698,"Vin Desert Tata Si Fiul Tamaioasa Romaneasca, 0.50L",68.99,RON,,0,catalogue,1
2026-08-11T09:36:08.294158+00:00,carrefour,10005349,"Vin alb Tata Si Fiul Chardonnay & Sauvignon Blanc 0.75L, sec",42.99,RON,,0,catalogue,1
2026-08-11T09:36:08.294432+00:00,carrefour,10509383,Vin alb demisec Pelin Carpatin 187ml,8.69,RON,,0,catalogue,1
2026-08-11T09:36:08.295041+00:00,carrefour,10509702,"Vin Alb Frentana Vallevo Pecorino Igt Terre Chieti, 0.75L",65.49,RON,,0,catalogue,1
2026-08-11T09:36:08.295385+00:00,carrefour,10509703,"Vin Alb Frentana Vallevo Passerina Igt Terre Chieti, 0.75L",65.49,RON,,0,catalogue,1
2026-08-11T09:36:08.295674+00:00,carrefour,10509704,"Vin Alb Frentana Vallevo Cococciola Igt Terre Chieti, 0.75L",65.49,RON,,0,catalogue,1
2026-08-11T09:36:08.295968+00:00,carrefour,10509699,"Vin Rosu Pertinace Terramata Langhe Nebbiolo, Doc, Sec, 0.75L",129.9,RON,,0,catalogue,1
2026-08-11T09:36:08.296283+00:00,carrefour,10509700,"Vin Rosu Pertinace Terramata Barolo, Docg, Sec, 0.75L",256.9,RON,,0,catalogue,1
2026-08-11T09:36:08.296553+00:00,carrefour,10509701,"Vin Rosu Pertinace Terramata Barbaresco, Docg, Sec, 0.75L",206.9,RON,,0,catalogue,1
2026-08-11T09:36:08.296852+00:00,carrefour,10509705,"Vin Rosu Lucepiana Cabernet Franc Trevenezie Igt, 0.75L",59.99,RON,,0,catalogue,1
2026-08-11T09:36:08.297209+00:00,carrefour,10509706,"Spumant Alb Lucepiana Prosecco Doc Extra Dry, 0.75L",61.49,RON,,0,catalogue,1
2026-08-11T09:36:08.297491+00:00,carrefour,10509697,Vin Rosu Tata Si FiulBabeasca Neagra Editie Limitata Nicoresti Doc 0.75L,42.99,RON,,0,catalogue,1
2026-08-11T09:36:08.297799+00:00,carrefour,10005559,"Tata Si Fiul Merlot Barrique 0.75L, sec",42.99,RON,,0,catalogue,1
2026-08-11T09:36:08.298058+00:00,carrefour,10005560,"Tata Si Fiul Cabernet Sauvignon Barrique 0.75L, sec",42.99,RON,,0,catalogue,1
2026-08-11T09:36:08.298355+00:00,carrefour,10005348,"Tata Si Fiul Feteasca Neagra 0.75L, sec",42.99,RON,,0,catalogue,1
2026-08-11T09:36:08.298864+00:00,carrefour,10509747,"Vin Tamaioasa Roza, Vinarte, Sec, 0.75l",84.7,RON,,0,catalogue,1
2026-08-11T09:36:08.299147+00:00,carrefour,10509039,Grand Reserve Cabernet Sauvignon Rose 0.75 L,34.99,RON,,0,catalogue,1
2026-08-11T09:36:08.299413+00:00,carrefour,10509023,"Vin Luturi Negru de Dragasani 0,75L",47.99,RON,,0,catalogue,1
2026-08-11T09:36:08.299695+00:00,carrefour,10509707,"Vin Rosu Cantina Di Negrar Valpolicella, Doc, Sec 0.75L",77.49,RON,,0,catalogue,1
2026-08-11T09:36:08.299974+00:00,carrefour,10509708,"Vin Rosu Cantina di Negrar, Bardolino Classico DOC, Sec, 0.75l",50.99,RON,,0,catalogue,1
2026-08-11T09:36:08.300393+00:00,carrefour,10509709,"Vin Alb Cantina di Negrar, Soave Classico, DOC, Sec, 0.75l",50.99,RON,,0,catalogue,1
2026-08-11T09:36:08.300675+00:00,carrefour,10509625,"Cramele Recas Vin alb demisec Explicit, Muscat Ottonel, 0.75 l",42.99,RON,,0,catalogue,1
2026-08-11T09:36:08.300951+00:00,carrefour,10509534,"Spectrum, Zghihara De Husi, Vin Spumant de Calitate, Alb Brut, 0.75l",63.39,RON,,0,catalogue,1
2026-08-11T09:36:09.327785+00:00,carrefour,10509535,"Spectrum, Pinot Noir, Vin Spumant de Calitate, Rose Brut, 0.75l",63.39,RON,,0,catalogue,1
2026-08-11T09:36:09.328196+00:00,carrefour,10508544,"Vin Kendall-Jackson, Vintners Reserve, Mendocino County, Zinfandel, Rosu, 0.75 l",132.9,RON,,0,catalogue,1
2026-08-11T09:36:09.328532+00:00,carrefour,10508549,"Vin Kendall-Jackson, Vintners Reserve, California, Rosu, Pinot Noir, 0.75 l",149.9,RON,,0,catalogue,1
2026-08-11T09:36:09.328848+00:00,carrefour,10508545,"Vin Kendall-Jackson, Vintners Reserve, Sonoma County, Rosu, Cabernet Sauvignon, 0.75 l",188.9,RON,,0,catalogue,1
2026-08-11T09:36:09.329243+00:00,carrefour,10003635,"Vin Spumant Bottega Petalo Amore Moscato, 0.75l",83.99,RON,,0,catalogue,1
2026-08-11T09:36:09.329508+00:00,carrefour,10005504,"Vin Rosu Cantus Primus Feteasca Neagra, Sec, 0.75l",90.49,RON,,0,catalogue,1
2026-08-11T09:36:09.329873+00:00,carrefour,10005503,"Vin Rosu Cantus Primus Cabernet Sauvignon, Sec, 0.75l",97.49,RON,,0,catalogue,1
2026-08-11T09:36:09.330213+00:00,carrefour,10005500,"Vin Rosu Via Coltul Pietrei Syrah, Sec, 0.75l",53.99,RON,,0,catalogue,1
2026-08-11T09:36:09.330477+00:00,carrefour,10508367,"Vin Rose Vinarte, Crama Starmina, Demidulce, 3l",43.49,RON,,0,catalogue,1
2026-08-11T09:36:09.330731+00:00,carrefour,10005293,"Vin Feteasca Neagra Metamorfosis, 0.75L",44.49,RON,,0,catalogue,1
2026-08-11T09:36:09.330986+00:00,carrefour,10005292,"Vin Rose Viile Metamorfosis, Sec, 0.75l",28.49,RON,,0,catalogue,1
2026-08-11T09:36:09.331265+00:00,carrefour,10507563,Vin Roze Aromat De Husi Domeniile Averesti Bib 3l,59.49,RON,,0,catalogue,1
2026-08-11T09:36:09.331591+00:00,carrefour,10507562,Vin Alb Demidulce De Husi Domeniile Averesti Bib 3L,59.49,RON,,0,catalogue,1
2026-08-11T09:36:09.331850+00:00,carrefour,10506867,"Vin Alb Demidulce Beciul Podgoreanului, 3L",26.99,RON,,0,catalogue,1
2026-08-11T09:36:09.332120+00:00,carrefour,10509477,Pamanturi Albe Demisec 0.75L,32.99,RON,,0,catalogue,1
2026-08-11T09:36:09.332359+00:00,carrefour,10509478,Pamanturi Rose Demisec 0.75L,32.99,RON,,0,catalogue,1
2026-08-11T09:36:09.332591+00:00,carrefour,10509474,Vin Pamanturi Negre Demisec 0.75L,32.99,RON,,0,catalogue,1
2026-08-11T09:36:09.332837+00:00,carrefour,10509122,"Vin Explicit Chardonnay Sgr Sec ,12.5% alc., 0.75L",47.99,RON,,0,catalogue,1
2026-08-11T09:36:09.333183+00:00,carrefour,10509123,"Vin Explicit Sauvignon Blanc Doc Sec ,12.5%alc., 0.75L",41.99,RON,,0,catalogue,1
2026-08-11T09:36:09.333456+00:00,carrefour,10509126,"Vin Alb Lacerta Sauvignon Blanc, Sec, 0.75l",64.49,RON,,0,catalogue,1
2026-08-11T09:36:09.333711+00:00,carrefour,10509141,"Vin Alb Lacerta Cuvee X, Sec, 0.75l",81.49,RON,,0,catalogue,1
2026-08-11T09:36:09.333969+00:00,carrefour,10005595,"Vin Rosu Domeniul Bogdan Biodinamic, Patrar Syrah, Sec, 0.75l",224.45,RON,,0,catalogue,1
2026-08-11T09:36:09.334285+00:00,carrefour,10005596,Vin rosu sec Domeniul Bogdan Patrar Merlot 0.75L,224.45,RON,,0,catalogue,1
2026-08-11T09:36:09.334549+00:00,carrefour,10509125,"Vin Rosu Lacerta Feteasca Neagra, Sec, 0.75l",103.9,RON,,0,catalogue,1
2026-08-11T09:36:09.334805+00:00,carrefour,10509114,"Vin Rosu Lacerta Cuvee IX, Sec, 0.75l",127.9,RON,,0,catalogue,1
2026-08-11T09:36:09.335046+00:00,carrefour,10509124,"Vin Explicit Merlot Doc Sec 14%, 0.75L",41.99,RON,,0,catalogue,1
2026-08-11T09:36:09.335338+00:00,carrefour,10509118,"Vin Explicit Cabernet Sauvignon Doc Sec 14%, 0.75L",41.99,RON,,0,catalogue,1
2026-08-11T09:36:09.335598+00:00,carrefour,10509040,"Domaine Muntean Vin rose, Zana Roza, Pinot Noir, sec, 2022, 0.75L",30.49,RON,,0,catalogue,1
2026-08-11T09:36:09.335894+00:00,carrefour,10509269,"Vin Explicit Rose Doc Sec 13.2%, 0.75L",43.49,RON,,0,catalogue,1
2026-08-11T09:36:09.336176+00:00,carrefour,10508837,Zonin Asti D.O.C.G. 0.75L,45.99,RON,,0,catalogue,1
2026-08-11T09:36:09.336422+00:00,carrefour,10508586,"Escapade Busuioaca De Bohotin Rose Demisec, 0.75L",37.49,RON,,0,catalogue,1
2026-08-11T09:36:09.336662+00:00,carrefour,10508286,"Prosecco Alb Sec Mott, 0.75 L",69.49,RON,,0,catalogue,1
2026-08-11T09:36:09.336899+00:00,carrefour,10508994,"Vin Spumant Zarea Feteasca Regala, Alb ExtraSec, 0.75l",38.99,RON,,0,catalogue,1
2026-08-11T09:36:09.337268+00:00,carrefour,10005237,"Zarea Cristal Demisec 3L, Demisec",309.9,RON,,0,catalogue,1
2026-08-11T09:36:09.337521+00:00,carrefour,10005389,Cuvee Deluxe Rose Extra Sec Angelli 0.75L,45.99,RON,,0,catalogue,1
2026-08-11T09:36:09.338687+00:00,carrefour,10508501,"Vin Rose Davino, Faurar Rose De Ceptura, Sec, 0.75l",37.99,RON,,0,catalogue,1
2026-08-11T09:36:09.339226+00:00,carrefour,10509374,"Vin Rosu Tohani, Feteasca Neagra, Sec, 0.75l",93.49,RON,,0,catalogue,1
2026-08-11T09:36:09.339508+00:00,carrefour,10509389,"Vin Rosu Tohani Siel, Sec, 0.75l",40.65,RON,,0,catalogue,1
2026-08-11T09:36:09.339790+00:00,carrefour,10508597,"Vin Rosu Feteasca de Tohani, Sec, 0.75l",37.49,RON,,0,catalogue,1
2026-08-11T09:36:09.340047+00:00,carrefour,10508428,"Vin Rosu Budureasca Origini Cabernet Sauvignon, Dulce, 11%, 0.5l",74.99,RON,,0,catalogue,1
2026-08-11T09:36:09.340681+00:00,carrefour,10508505,"Vin Alb Davino, Faurar Alb De Ceptura, Cupaj Sec, 0.75l",39.99,RON,,0,catalogue,1
2026-08-11T09:36:09.340954+00:00,carrefour,10509372,Tohani Premium Chardonnay 0.75L,90.99,RON,,0,catalogue,1
2026-08-11T09:36:09.341280+00:00,carrefour,10508427,"Vin Alb Budureasca Noble White, Sec, 0.75l",99.49,RON,,0,catalogue,1
2026-08-11T09:36:10.491870+00:00,carrefour,10004900,"Vin Alb Jidvei Castel, Muscat Ottonel demidulce 0.75 L",95.49,RON,,0,catalogue,1
2026-08-11T09:36:10.492251+00:00,carrefour,10508977,Vin Alb Sec Villa Maria Sauvignon Blanc 0.75L,101.99,RON,,0,catalogue,1
2026-08-11T09:36:10.492519+00:00,carrefour,10508550,Kendall-Jackson - California Chardonnay 0.7L,131.9,RON,,0,catalogue,1
2026-08-11T09:36:10.492798+00:00,carrefour,10004454,Vin Rosu Manieri Negroamaro 0.75L,20.75,RON,,0,catalogue,1
2026-08-11T09:36:10.495880+00:00,carrefour,10509213,Vin Feteasca Alba Dom Kogalniceanu 0.75L,32.49,RON,,0,catalogue,1
2026-08-11T09:36:10.496169+00:00,carrefour,10509211,Vin Rose Domeniile Kogalniceanu 0.75L,32.99,RON,,0,catalogue,1
2026-08-11T09:36:10.496420+00:00,carrefour,10509212,Vin Feteasca Neagra Dom Kogalniceanu 0.75L,32.99,RON,,0,catalogue,1
2026-08-11T09:36:10.496681+00:00,carrefour,10509138,"Zarea Ice Rose Vin Spumant, Demisec 0.75L",34.99,RON,,0,catalogue,1
2026-08-11T09:36:10.496905+00:00,carrefour,10509139,"Zarea Ice Alb Vin Spumant, Demisec 0.75L",34.99,RON,,0,catalogue,1
2026-08-11T09:36:10.497209+00:00,carrefour,10509388,Siel Fet Neagra Rose Dvr 0.75L,40.65,RON,,0,catalogue,1
2026-08-11T09:36:10.497476+00:00,carrefour,10509393,Siel Feteasca Regala Dvr 0.75L,40.65,RON,,0,catalogue,1
2026-08-11T09:36:10.497729+00:00,carrefour,10509279,"Livia - Galbena De Odobesti Doc Sec 0,75L",17.9,RON,,0,catalogue,1
2026-08-11T09:36:10.497971+00:00,carrefour,10005834,Cramele Recas Te Iubesc Vin Rosu Demidulce 0.75L,26.99,RON,,0,catalogue,1
2026-08-11T09:36:10.498253+00:00,carrefour,10005835,"Cramele Recas Vin rose Te Iubesc, 0.75L",25.49,RON,,0,catalogue,1
2026-08-11T09:36:10.498512+00:00,carrefour,10508313,"Vin Spumant Alb Recas Muse Stars, 0.75l",87.69,RON,,0,catalogue,1
2026-08-11T09:36:10.498761+00:00,carrefour,10005242,Ceptura Motiv Feteasca Regala & Chardonnay Demisec 0.75L,26.49,RON,,0,catalogue,1
2026-08-11T09:36:10.499017+00:00,carrefour,10005839,Ceptura Motiv Cabernet Sauvignon & Merlot Rose Demisec 0.75L,26.99,RON,,0,catalogue,1
2026-08-11T09:36:10.499314+00:00,carrefour,10005243,Ceptura Motiv Feteasca Neagra & Cabernet Sauvignon Demisec 0.75L,26.99,RON,,0,catalogue,1
2026-08-11T09:36:10.499570+00:00,carrefour,10508195,"Vin rose Pelin, 1.5L",28.55,RON,,0,catalogue,1
2026-08-11T09:36:10.501710+00:00,carrefour,10508194,"Vin Rose Dulce 1.5l, Sange de Taur",28.49,RON,,0,catalogue,1
2026-08-11T09:36:10.501951+00:00,carrefour,10508290,"Vin Rose Vinarte Avenue Rozalia de Samburesti, Demidulce, 0.75l",48.99,RON,,0,catalogue,1
2026-08-11T09:36:10.502246+00:00,carrefour,10508435,Eticheta Neagra Alb 0.75L,13.49,RON,,0,catalogue,1
2026-08-11T09:36:10.502493+00:00,carrefour,10508434,Eticheta Neagra Rosu 0.75L,13.49,RON,,0,catalogue,1
2026-08-11T09:36:10.502741+00:00,carrefour,10508415,Sampanie Charles de Courance 0.75L,172.25,RON,,0,catalogue,1
2026-08-11T09:36:10.502976+00:00,carrefour,10508733,"Sigillum Moldaviae Rose, demisec, 3L (BIB)",50.49,RON,,0,catalogue,1
2026-08-11T09:36:10.503247+00:00,carrefour,10508684,Spumant Zaz Francusa alb sec 0.75L,34.55,RON,,0,catalogue,1
2026-08-11T09:36:10.503477+00:00,carrefour,10508830,Vibe Spumant Mt Busuioaca Rose Extrabrut 0.75L,47.79,RON,,0,catalogue,1
2026-08-11T09:36:10.503727+00:00,carrefour,10508935,Rhein Extra Magnifique Brut 0.75L,71.39,RON,,0,catalogue,1
2026-08-11T09:36:10.503974+00:00,carrefour,10508609,"Zarea Royal Gold Cu Foita De Aur 23K Editie Limitata, Alb 0.75L",49.99,RON,,0,catalogue,1
2026-08-11T09:36:10.504298+00:00,carrefour,10508124,Vin spumant roze Tectonic extrasec 0.75L,23.9,RON,,0,catalogue,1
2026-08-11T09:36:10.504537+00:00,carrefour,10508125,Vin spumant alb Tectonic extrasec 0.75L,23.9,RON,,0,catalogue,1
2026-08-11T09:36:11.586136+00:00,carrefour,10004439,Vin rosu Vinul Cavalerului Secret 0.75L,38.25,RON,,0,catalogue,1
2026-08-11T09:36:11.586532+00:00,carrefour,10005950,Vin Avincis Olt de Vie Negru de Dragasani 0.75L,104.35,RON,,0,catalogue,1
2026-08-11T09:36:11.586816+00:00,carrefour,10005610,"Distinct Cabernet Sauvignon, rosu, sec, 0.75L",45.25,RON,,0,catalogue,1
2026-08-11T09:36:11.587109+00:00,carrefour,10005532,"Vin rosu sec, Caii de la Letea Geneza Feteasca Neagra, 0.75L",42.59,RON,,0,catalogue,1
2026-08-11T09:36:11.587402+00:00,carrefour,10005658,Caii de la Letea Geneza Feteasca Neagra 375 ml,20.89,RON,,0,catalogue,1
2026-08-11T09:36:11.587670+00:00,carrefour,10004529,Vin rosu Budureasca Feteasca Neagra Sec editie DVR 0.75L,60.69,RON,,0,catalogue,1
2026-08-11T09:36:11.587939+00:00,carrefour,10005283,"Vin rosu sec, Etika Feteasca Neagra, 0.75L",92.39,RON,,0,catalogue,1
2026-08-11T09:36:11.588224+00:00,carrefour,10508502,Vin rosu Davino Brumar 0.75L,39.09,RON,,0,catalogue,1
2026-08-11T09:36:11.588477+00:00,carrefour,10005597,Vin rosu Cuvee Matei 0.75L,79.79,RON,,0,catalogue,1
2026-08-11T09:36:11.588715+00:00,carrefour,10004564,Vin rosu demidulce Sonet 250ml,8.09,RON,,0,catalogue,1
2026-08-11T09:36:11.588941+00:00,carrefour,10004357,"Vin rosu Siel, Domeniile Tohani, Feteasca Neagra, 0.75L",39.05,RON,,0,catalogue,1
2026-08-11T09:36:11.589298+00:00,carrefour,10005495,Vin rosu Ecou Merlot 0.75L,27.45,RON,,0,catalogue,1
2026-08-11T09:36:11.589551+00:00,carrefour,10005701,Vin rosu Biodinamic Magnaluna Feteasca Neagra 0.75L,115.79,RON,,0,catalogue,1
2026-08-11T09:36:11.589814+00:00,carrefour,10509002,Vin rosu Castel Bolovanu Feteasca Neagra demisec 0.75L,33.35,RON,,0,catalogue,1
2026-08-11T09:36:11.590137+00:00,carrefour,10005957,Vin rosu Avincis Amfiteatru Negru de Dragasani 0.75L,37.55,RON,,0,catalogue,1
2026-08-11T09:36:11.590434+00:00,carrefour,10005746,"Vin rose demidulce Vin de Roze Crama de Matei, 0.75L",73.25,RON,,0,catalogue,1
2026-08-11T09:36:11.590685+00:00,carrefour,10508680,"Vinul Cavalerului secret, Rose, 0.75L",38.25,RON,,0,catalogue,1
2026-08-11T09:36:11.590940+00:00,carrefour,10004122,"Vin rose, Busuioaca de Bohotin Demisec, Domeniile Averesti 0.75L",69.95,RON,,0,catalogue,1
2026-08-11T09:36:11.591233+00:00,carrefour,10005529,Vin rose Ecou 0.75L,27.45,RON,,0,catalogue,1
2026-08-11T09:36:11.591476+00:00,carrefour,10005531,Vin rose Caii de la Letea Geneza 0.75L,41.15,RON,,0,catalogue,1
2026-08-11T09:36:11.591732+00:00,carrefour,10005657,Caii de la Letea Geneza Rose 375 ml,20.89,RON,,0,catalogue,1
2026-08-11T09:36:11.591989+00:00,carrefour,10005714,"Vin rose sec Rasarit Domeniile Prince Matei Busuioaca de Bohotin, 0.75 L",53.05,RON,,0,catalogue,1
2026-08-11T09:36:11.592319+00:00,carrefour,10004565,Vin rose demisec Sonet 250ml,8.09,RON,,0,catalogue,1
2026-08-11T09:36:11.592555+00:00,carrefour,10508895,"Vin Rose Grand Reserve Busuioaca de Bohotin, demidulce, 12.5% alc. , 0.75L",46.09,RON,,0,catalogue,1
2026-08-11T09:36:11.592824+00:00,carrefour,10005744,"Vin rose Cotnari Domenii Feteasca Neagra, sec, 0.75 L",40.55,RON,,0,catalogue,1
2026-08-11T09:36:11.593156+00:00,carrefour,10509000,Vin rose Castel Bolovanu demisec 0.75L,33.35,RON,,0,catalogue,1
2026-08-11T09:36:11.593405+00:00,carrefour,10004310,"Vin Alb Zghihara Spectrum Doc, 0.75L",69.95,RON,,0,catalogue,1
2026-08-11T09:36:11.593662+00:00,carrefour,10004438,Vin alb Vinul Cavalerului Secret 0.75L,38.25,RON,,0,catalogue,1
2026-08-11T09:36:11.593957+00:00,carrefour,10004135,"Vin alb, Smarald Feteasca Regala, 0.75L",42.19,RON,,0,catalogue,1
2026-08-11T09:36:11.594253+00:00,carrefour,10005951,"Olt De Vie Cramposie Selectionata, 0.75L, sec",57.39,RON,,0,catalogue,1
2026-08-11T09:36:11.594541+00:00,carrefour,10005637,Vin alb Vals Chardonnay 0.75L,38.09,RON,,0,catalogue,1
2026-08-11T09:36:11.594790+00:00,carrefour,10005612,Vin alb Distinct Feteasca Alba&Tamaioasa Romaneasca 0.75L,40.15,RON,,0,catalogue,1
2026-08-11T09:36:11.595091+00:00,carrefour,10508751,Vin alb X+Y Babeasca Gri sec 0.75L,29.39,RON,,0,catalogue,1
2026-08-11T09:36:11.595355+00:00,carrefour,10004530,Vin alb Via Transilvanica Sauvignon Blanc 0.75L,58.55,RON,,0,catalogue,1
2026-08-11T09:36:11.595617+00:00,carrefour,10509014,"Vin Alb Recas Sole, Viognier, Sec, 0.75l",58.89,RON,,0,catalogue,1
2026-08-11T09:36:11.595869+00:00,carrefour,10005528,"Vin alb sec, Etika Fume, Sauvignon Blanc, 2019, 0.75L",76.75,RON,,0,catalogue,1
2026-08-11T09:36:11.596177+00:00,carrefour,10005613,"Distinct Tamaioasa Romaneasca, alb, 0.75L",45.25,RON,,0,catalogue,1
2026-08-11T09:36:11.596546+00:00,carrefour,10508503,"Vin Davino Brumar Alb, 0.75L",39.09,RON,,0,catalogue,1
2026-08-11T09:36:11.596800+00:00,carrefour,10005530,"Vin alb sec Caii de la Letea, Geneza Oaky Chardonnay, 0.75L",42.59,RON,,0,catalogue,1
2026-08-11T09:36:11.597185+00:00,carrefour,10005659,Caii de la Letea Geneza Oaky Chardonnay 375 ml,20.89,RON,,0,catalogue,1
2026-08-11T09:36:11.597481+00:00,carrefour,10004345,Vin alb Tectonic Sarba Barrique 0.75L,56.85,RON,,0,catalogue,1
2026-08-11T09:36:11.597742+00:00,carrefour,10508436,Vin alb Budureasca Tamaioasa Romaneasca&Muscat Ottonel 0.75L,43.85,RON,,0,catalogue,1
2026-08-11T09:36:11.598010+00:00,carrefour,10004566,Vin alb demisec Sonet 250 ml,8.09,RON,,0,catalogue,1
2026-08-11T09:36:11.598300+00:00,carrefour,10004658,Vin alb Mysterium Feteasca Regala 0.75L,65.69,RON,,0,catalogue,1
2026-08-11T09:36:11.598567+00:00,carrefour,10508894,"Vin Alb Grand Reserve Chardonnay, sec, 13% alc. , 0.75L",46.09,RON,,0,catalogue,1
2026-08-11T09:36:11.598840+00:00,carrefour,10004446,Vin alb sec Spectrum Domeniile Averesti 2021 Feteasca Regala 0.75L,61.49,RON,,0,catalogue,1
2026-08-11T09:36:11.599160+00:00,carrefour,10005493,"Vin alb Ecou Sauvignon Blanc&Riesling Bio, 0.75L",27.35,RON,,0,catalogue,1
2026-08-11T09:36:11.599432+00:00,carrefour,10005434,"Vin alb Cotnari Domenii, Grasa de Cotnari, 0.75L",36.49,RON,,0,catalogue,1
2026-08-11T09:36:12.658793+00:00,carrefour,10508446,Vin alb Cuvee Matei 0.75L,63.65,RON,,0,catalogue,1
2026-08-11T09:36:12.659155+00:00,carrefour,10509001,Vin alb Castel Bolovanu Tamaioasa Romaneasca demidulce 0.75L,33.35,RON,,0,catalogue,1
2026-08-11T09:36:12.659434+00:00,carrefour,10005693,"Vin alb sec Caii de la Letea Geneza Aligote, 0.75L",42.59,RON,,0,catalogue,1
2026-08-11T09:36:12.659719+00:00,carrefour,10005958,"Vin alb Avincis Amfiteatru Cramposie Selectionata, sec 0.75L",37.55,RON,,0,catalogue,1
2026-08-11T09:36:12.659988+00:00,carrefour,10004553,Vin rosu Villanyi Cuvee 0.75L,32.99,RON,,0,catalogue,1
2026-08-11T09:36:12.660272+00:00,carrefour,10508678,"Vin mini alb sec, 0.187L",11.99,RON,,0,catalogue,1
2026-08-11T09:36:12.660506+00:00,carrefour,10508676,"Vin Mini Rosu, 0.187L",11.99,RON,,0,catalogue,1
2026-08-11T09:36:12.660785+00:00,carrefour,10508677,"Vin Mini Rose, 0.187L",11.99,RON,,0,catalogue,1
2026-08-11T09:36:12.661105+00:00,carrefour,10508908,"Vin Spumant Caii de la Letea, Volumul I, Aligote, Brut, 0.75l",43.49,RON,,0,catalogue,1
2026-08-11T09:36:12.661386+00:00,carrefour,10508602,"Vin Alb Feteasca de Tohani, Sec, 0.75l",37.49,RON,,0,catalogue,1
2026-08-11T09:36:12.662014+00:00,carrefour,10005329,"Vin Alb Cervus Cepturum, Muscat Ottonel Demidulce 0.75L",14.99,RON,,0,catalogue,1
2026-08-11T09:36:12.662333+00:00,carrefour,10508838,"Vin Rosu Demisec Alai Cabernet Sauvignon, 0.75L",25.99,RON,,0,catalogue,1
2026-08-11T09:36:12.662886+00:00,carrefour,10508736,"Vin Roze Demisec Metafora Cabernet Sauvignon 0,75L",21.9,RON,,0,catalogue,1
2026-08-11T09:36:12.663513+00:00,carrefour,10508737,"Vin Alb Demisec Metafora Feteasca Regala 0,75L",21.9,RON,,0,catalogue,1
2026-08-11T09:36:12.663785+00:00,carrefour,10005624,"Vin Alb Purcari, Traminer De Purcari, 0.75 L",45.5,RON,,0,catalogue,1
2026-08-11T09:36:12.664204+00:00,carrefour,10508288,"Vin Rose Mateus miniatura, 11% alc., 187ml",17.99,RON,,0,catalogue,1
2026-08-11T09:36:12.664482+00:00,carrefour,10508985,"Vin Spumant Caii de la Letea, Volumul I, Babeasca Neagra, Brut, 0.75l",43.49,RON,,0,catalogue,1
2026-08-11T09:36:12.664761+00:00,carrefour,10508723,"Vin Spumant Castell D'Or Cabaret Cava Brut, 0.75 l",44.49,RON,,0,catalogue,1
2026-08-11T09:36:12.665093+00:00,carrefour,10508359,Frizzante Alb demidulce Casa Panciu 0.75l,21.99,RON,,0,catalogue,1
2026-08-11T09:36:12.665343+00:00,carrefour,10508295,"Vin spumant Mott Lambrusco, 0.75L",44.99,RON,,0,catalogue,1
2026-08-11T09:36:12.665585+00:00,carrefour,10508289,"Vin Spumant Muscat Ottonel, Domeniile Panciu, 750ml",38.75,RON,,0,catalogue,1
2026-08-11T09:36:12.666105+00:00,carrefour,10509017,"Vin Alb Sec Luturi Feteasca regala si Cramposie, 0.75l",40.19,RON,,0,catalogue,1
2026-08-11T09:36:12.666394+00:00,carrefour,10509018,"Vin Sauvignon Blanc sec Luturi, 0.75l",40.19,RON,,0,catalogue,1
2026-08-11T09:36:12.666645+00:00,carrefour,10509019,"Vin Rose Sec Luturi, 0.75l",40.19,RON,,0,catalogue,1
2026-08-11T09:36:12.667180+00:00,carrefour,10509020,"Vin rose Genesis demisec, 13% alc., 0.75L",40.99,RON,,0,catalogue,1
2026-08-11T09:36:12.667432+00:00,carrefour,10509021,"Vin alb demisec Genesis, alcool 13%, 0.75 l",40.99,RON,,0,catalogue,1
2026-08-11T09:36:12.667687+00:00,carrefour,10509012,"Vin Orange Recas Sole, Sec, 0.75l",57.99,RON,,0,catalogue,1
2026-08-11T09:36:12.667932+00:00,carrefour,10508998,Vin rose Bohotin Busuioaca demidulce 0.75L,28.95,RON,,0,catalogue,1
2026-08-11T09:36:12.668206+00:00,carrefour,10508997,Vin alb Bohotin Tamaioasa Romaneasca demidulce 0.75L,28.95,RON,,0,catalogue,1
2026-08-11T09:36:12.668454+00:00,carrefour,10508486,"Vin Alb Muse, Demisec 0.75l",75.49,RON,,0,catalogue,1
2026-08-11T09:36:12.668689+00:00,carrefour,10508390,Vin Alb Minuty M De Minuty Cotes de Provence 0.75L,95.99,RON,,0,catalogue,1
2026-08-11T09:36:12.668962+00:00,carrefour,10508404,Vin rosu Terre d'Italia Villa Montorsoli Chianti docg 0.75L,43.49,RON,,0,catalogue,1
2026-08-11T09:36:12.669354+00:00,carrefour,10508776,Vin Schwaben Wein Rose 0.75L,18.19,RON,,0,catalogue,1
2026-08-11T09:36:12.669607+00:00,carrefour,10005948,Vin alb Pietroasa Veche Sec 0.75L,34.99,RON,,0,catalogue,1
2026-08-11T09:36:12.669850+00:00,carrefour,10005501,"Vin Rosu Via Marchizului Pinot Noir, Sec, 0.75l",79.49,RON,,0,catalogue,1
2026-08-11T09:36:12.670151+00:00,carrefour,10005502,"Vin Rosu Via Marchizului Negru de Dragasani, Sec, 0.75l",64.99,RON,,0,catalogue,1
2026-08-11T09:36:12.670419+00:00,carrefour,10508162,"Vin Rosu Aurelia Visinescu, Nomad Feteasca Neagra, Sec, 0.75l",29.49,RON,,0,catalogue,1
2026-08-11T09:36:12.670696+00:00,carrefour,10508834,Jaume Serra Cava Brut 750Ml,37.49,RON,,0,catalogue,1
2026-08-11T09:36:12.670964+00:00,carrefour,10508835,Jaume Serra Bouquet Cava Brut 750Ml,32.99,RON,,0,catalogue,1
2026-08-11T09:36:12.671245+00:00,carrefour,10508511,Maschio Prosecco Bio Doc Treviso Extra 0.75L,61.5,RON,,0,catalogue,1
2026-08-11T09:36:12.671505+00:00,carrefour,10005379,"Vin Sarica Niculitel Caii De La Letea Aligote, Sec, 0.75L",40.49,RON,,0,catalogue,1
2026-08-11T09:36:12.671790+00:00,carrefour,10005262,"Vin alb Purcari Chardonnay, 0.375L",25.49,RON,,0,catalogue,1
2026-08-11T09:36:12.672072+00:00,carrefour,10005928,"Vin alb sec, Gitana Manastirea Riesling, alcool 13.5%, 0.75L",202.9,RON,,0,catalogue,1
2026-08-11T09:36:13.783131+00:00,carrefour,10005930,"Vin alb sec, Gitana La Petite Sophie, alcool 14%, 0.75L",143.9,RON,,0,catalogue,1
2026-08-11T09:36:13.783483+00:00,carrefour,10005428,"Vin Alb Cantine Di Marzo Greco Di Tufo DOCG, Sec, 0.75l",94.99,RON,,0,catalogue,1
2026-08-11T09:36:13.783773+00:00,carrefour,10005551,"Vin alb, Frescobaldi, Castello Pomino, 0.75L",85.49,RON,,0,catalogue,1
2026-08-11T09:36:13.784094+00:00,carrefour,10005677,"Vin Alb Torres Vina Sol, 0.75L",35.99,RON,,0,catalogue,1
2026-08-11T09:36:13.784356+00:00,carrefour,10005673,Vin alb Torres Sangre de Toro 0.75L,40.99,RON,,0,catalogue,1
2026-08-11T09:36:13.784606+00:00,carrefour,10005647,"Vin alb Sol De Chile Chardonnay, Sec 0.75L",25.49,RON,,0,catalogue,1
2026-08-11T09:36:13.784865+00:00,carrefour,10005429,"Vin alb La Mora Vermentino Maremma Toscana, sec 0.75L",58.49,RON,,0,catalogue,1
2026-08-11T09:36:13.785202+00:00,carrefour,10005675,Vin alb Torres Vina Esmeralda 0.75L,42.99,RON,,0,catalogue,1
2026-08-11T09:36:13.785462+00:00,carrefour,10005277,"Vin alb sec, Purcari Vintage, Alb de Purcari, 0.75L",117.9,RON,,0,catalogue,1
2026-08-11T09:36:13.785732+00:00,carrefour,10005591,"Vin Alb Cantina di Negrar Pinot Grigio Delle Venezie DOC, Sec, 0.75L",45.9,RON,,0,catalogue,1
2026-08-11T09:36:13.786122+00:00,carrefour,10005670,"Vin Alb San Marzano, Domodo Trebbiano Puglia, 0.75 L",32.49,RON,,0,catalogue,1
2026-08-11T09:36:13.786404+00:00,carrefour,10005297,"Vin alb, Frescobaldi, Remole, 0.75L",34.9,RON,,0,catalogue,1
2026-08-11T09:36:13.786658+00:00,carrefour,10005648,"Vin alb Sol De Chile Sauvignon Blanc, Sec 0.75L",25.49,RON,,0,catalogue,1
2026-08-11T09:36:13.786921+00:00,carrefour,10005667,"Vin Alb Domeniile Cuza, Sauvignon Blanc, Sec, 0.75l",34.49,RON,,0,catalogue,1
2026-08-11T09:36:13.787211+00:00,carrefour,10005266,"Vin alb sec, Cecchi Vernacia, 0.75L",45.49,RON,,0,catalogue,1
2026-08-11T09:36:13.787461+00:00,carrefour,10005927,"Vin alb sec, Gitana Winery, Chardonnay alcool 13.5%, 0.75L",49.49,RON,,0,catalogue,1
2026-08-11T09:36:13.787739+00:00,carrefour,10004546,Vin alb Teleki Villanyi Chardonnay 0.75L,33.99,RON,,0,catalogue,1
2026-08-11T09:36:13.787998+00:00,carrefour,10005310,"Vin alb sec, Purcari 1827, Pinot Grigio, 0.75L",39.99,RON,,0,catalogue,1
2026-08-11T09:36:13.788293+00:00,carrefour,10508819,Vin rosu Beaujolais Noveau 2022 Gamay 0.75L,35.49,RON,,0,catalogue,1
2026-08-11T09:36:13.788569+00:00,carrefour,10005680,"Vin rosu Cantina di Negrar Amarone Della Valpolicella Classico DOCG Sec, 0.75L",283.9,RON,,0,catalogue,1
2026-08-11T09:36:13.788876+00:00,carrefour,10005592,"Vin Rosu Vivaldi Premium Amarone Della Valpolicella, Classico DOCG, Sec, 0.75l",209.9,RON,,0,catalogue,1
2026-08-11T09:36:13.789267+00:00,carrefour,10005589,"Vin Rosu Cantina di Negrar Il Viaggio Apassimento Veneto IGT, Sec, 0.75l",65.49,RON,,0,catalogue,1
2026-08-11T09:36:13.789562+00:00,carrefour,10005672,"Vin Rosu Torres Sangre De Toro, Sec, 0.75l",40.99,RON,,0,catalogue,1
2026-08-11T09:36:13.789823+00:00,carrefour,10005646,"Vin rosu Sol De Chile Merlot, Sec 0.75L",25.49,RON,,0,catalogue,1
2026-08-11T09:36:13.790108+00:00,carrefour,10005424,"Vin Rosu San Marzano F Negroamaro Salento, 0.75l",164.9,RON,,0,catalogue,1
2026-08-11T09:36:13.790381+00:00,carrefour,10005553,"Vin rosu, Frescobaldi Nipozzano Chianti Rufina, 0.75L",120.9,RON,,0,catalogue,1
2026-08-11T09:36:13.790654+00:00,carrefour,10005593,"Vin Rosu Vivaldi Premium Valpolicella Ripasso Classico DOC, Sec, 0.75l",121.99,RON,,0,catalogue,1
2026-08-11T09:36:13.790942+00:00,carrefour,10005676,Vin rosu Torres Altos Ibericos Crianza Sec 0.75L,75.49,RON,,0,catalogue,1
2026-08-11T09:36:13.791238+00:00,carrefour,10005590,"Vin Rosu Vivaldi Premium Apassimento Rosso Veneto Passito IGT, Sec, 0.75l",89.49,RON,,0,catalogue,1
2026-08-11T09:36:13.791542+00:00,carrefour,10005823,Vin rosu Torres Sangre de Toro 0.75L,45.99,RON,,0,catalogue,1
2026-08-11T09:36:13.791803+00:00,carrefour,10005425,"Vin Rosu San Marzano Talo Negroamaro Salento, 0.75l",53.99,RON,,0,catalogue,1
2026-08-11T09:36:13.792109+00:00,carrefour,10005650,"Vin Rosu San Marzano Collezione Cinquanta, 0.75l",124.9,RON,,0,catalogue,1
2026-08-11T09:36:13.792378+00:00,carrefour,10005649,"Vin Rosu San Marzano Primitivo di Manduria, 0.75l",162.9,RON,,0,catalogue,1
2026-08-11T09:36:13.792646+00:00,carrefour,10005717,"Vin rosu sec Freixenet Chianti D.O.C.G, 0.75L",78.49,RON,,0,catalogue,1
2026-08-11T09:36:13.792910+00:00,carrefour,10005276,"Vin rosu sec, Purcari Vintage, Negru de Purcari, 0.75L",165.9,RON,,0,catalogue,1
2026-08-11T09:36:13.793250+00:00,carrefour,10005426,"Vin Rosu San Marzano Talo Primivito di Manduria, Sec, 0.75L",67.99,RON,,0,catalogue,1
2026-08-11T09:36:13.793530+00:00,carrefour,10005925,"Vin rosu sec, Gitana Reserva Merlot, alcool 14%, 0.75L",52.49,RON,,0,catalogue,1
2026-08-11T09:36:13.793808+00:00,carrefour,10005671,"Vin rosu San Marzano Domodo Primitivo Puglia, sec 0.75L",30.49,RON,,0,catalogue,1
2026-08-11T09:36:13.794106+00:00,carrefour,10005234,"Vin Rosu de Purcari, Sec, 0.75l",111.89,RON,,0,catalogue,1
2026-08-11T09:36:13.794356+00:00,carrefour,10005924,"Vin rosu sec, Gitana Reserva Cabernet Sauvignon, alcool 14%, 0.75L",52.99,RON,,0,catalogue,1
2026-08-11T09:36:13.794631+00:00,carrefour,10005233,"Vin Negru De Purcari, Sec, 0.75l",111.89,RON,,0,catalogue,1
2026-08-11T09:36:13.794884+00:00,carrefour,10005251,"Vin rosu sec, Cecchi Toscana Sangiovese, 0.75L",38.99,RON,,0,catalogue,1
2026-08-11T09:36:13.795181+00:00,carrefour,10005666,"Vin Rosu Domeniile Cuza, Rara Neagra & Cabernet Sauvignon, Sec, 0.75L",34.49,RON,,0,catalogue,1
2026-08-11T09:36:13.795465+00:00,carrefour,10005664,"Vin Rosu Purcari, Shiraz, Sec, 0.75L",59.49,RON,,0,catalogue,1
2026-08-11T09:36:13.795717+00:00,carrefour,10005938,"Vin rosu sec, Gitana Rara Neagra, 0.75l",52.99,RON,,0,catalogue,1
2026-08-11T09:36:13.795967+00:00,carrefour,10005263,Vin Rosu Purcari Cabernet Sauvignon Sec 0.375L,25.49,RON,,0,catalogue,1
2026-08-11T09:36:13.796258+00:00,carrefour,10005285,"Vin Rosu Purcari, Freedom Blend, Sec, 0.75l",47.79,RON,,0,catalogue,1
2026-08-11T09:36:13.796515+00:00,carrefour,10005265,"Vin rosu sec, Purcari, Maluri de Prut, Feteasca neagra, 0.75L",59.49,RON,,0,catalogue,1
2026-08-11T09:36:14.956061+00:00,carrefour,10005250,"Vin rosu sec, Cecchi Chianti Classico, 0.75L",47.99,RON,,0,catalogue,1
2026-08-11T09:36:14.956474+00:00,carrefour,10005298,"Vin Rosu Frescobaldi Remole Toscana Igt 12,5% Alc 0.75L",34.9,RON,,0,catalogue,1
2026-08-11T09:36:14.956795+00:00,carrefour,10005830,"Vin rosu sec, Purcari 1827, Merlot, 0.75L",39.99,RON,,0,catalogue,1
2026-08-11T09:36:14.957238+00:00,carrefour,10005831,"Vin rosu sec, Purcari 1827, Pinot Noir, 0.75L",39.99,RON,,0,catalogue,1
2026-08-11T09:36:14.957570+00:00,carrefour,10005829,"Vin rosu sec, Purcari 1827, Cabernet Sauvignon, 0.75L",39.99,RON,,0,catalogue,1
2026-08-11T09:36:14.957852+00:00,carrefour,10005743,"Vin rosu Zmeul Zmeilor Cupaj, sec 0.75L",57.99,RON,,0,catalogue,1
2026-08-11T09:36:14.958235+00:00,carrefour,10005629,"Vin rose Lechburg Frizzante Screwcap, sec, 0.75L",46.25,RON,,0,catalogue,1
2026-08-11T09:36:14.958545+00:00,carrefour,10005269,Vin Cotnari Selectionat Vin Alb Demidulce 12% Alcool 1L,20.49,RON,,0,catalogue,1
2026-08-11T09:36:14.958810+00:00,carrefour,10508294,Luc Belaire Brut Gold 0.2L,60.99,RON,,0,catalogue,1
2026-08-11T09:36:14.959110+00:00,carrefour,10005630,"Vin alb Lechburg Frizzante Screwcap, sec, 0.75L",43.19,RON,,0,catalogue,1
2026-08-11T09:36:14.959407+00:00,carrefour,10005396,"Vin rose sec, Solo Quinta, Cramele Recas, 0.75L",107.9,RON,,0,catalogue,1
2026-08-11T09:36:14.959702+00:00,carrefour,10005533,"Vin rosu sec, Zodiac Burgund Mare, 0.75L",31.49,RON,,0,catalogue,1
2026-08-11T09:36:14.959973+00:00,carrefour,10005718,"Piper Heidsieck Cuvee Brut, 0.75L",266.9,RON,,0,catalogue,1
2026-08-11T09:36:14.960304+00:00,carrefour,10005687,"Piper-Heidsieck, Heid Sleeve 0.75L",279.9,RON,,0,catalogue,1
2026-08-11T09:36:14.960625+00:00,carrefour,10004447,Louis Roederer 243 Collection 0.75L,426.9,RON,,0,catalogue,1
2026-08-11T09:36:14.960909+00:00,carrefour,10508734,"Cutie bag in box Vin Feteasca Alb Demisec Sigilium Moldavie, 3 L",50.49,RON,,0,catalogue,1
2026-08-11T09:36:14.961303+00:00,carrefour,10508732,"Cutie bag in box Vin rosu Feteasca Neagra Sigilium Moldavie, 3 L",50.49,RON,,0,catalogue,1
2026-08-11T09:36:14.961599+00:00,carrefour,10004680,Velodoro DOC 0.75L,32.99,RON,,0,catalogue,1
2026-08-11T09:36:14.961852+00:00,carrefour,10005497,"Freixenet DOC extra dry, 0.75 L",75.99,RON,,0,catalogue,1
2026-08-11T09:36:14.962163+00:00,carrefour,10005391,"Mionetto D.O.C. Linea Prestige BIO, extra dry 0.75 L",61.79,RON,,0,catalogue,1
2026-08-11T09:36:14.962445+00:00,carrefour,10005416,"Mionetto Superiore D.O.C.G. Valdobbiadene Yellow, extra dry, 0.75 L",65.79,RON,,0,catalogue,1
2026-08-11T09:36:14.962769+00:00,carrefour,10005578,"Terra Serena Rose DOC Treviso, 0.75L",44.9,RON,,0,catalogue,1
2026-08-11T09:36:14.963094+00:00,carrefour,10005390,"Mionetto Mignon D.O.C Treviso Linea Prestige Orange, brut 0.2 L",18.99,RON,,0,catalogue,1
2026-08-11T09:36:14.963389+00:00,carrefour,10003414,Charles De Courance Brut 0.75L,123.79,RON,,0,catalogue,1
2026-08-11T09:36:14.963689+00:00,carrefour,10005300,"Vin rose sec, Sole, Cramele Recas, 0.75L",106.49,RON,,0,catalogue,1
2026-08-11T09:36:14.963974+00:00,carrefour,10005410,"Vin alb sec, Sole Feteasca Regala, Cramele Recas, 0.75L",106.49,RON,,0,catalogue,1
2026-08-11T09:36:14.964286+00:00,carrefour,10005611,Vin rose Distinct Rose 0.75L,40.15,RON,,0,catalogue,1
2026-08-11T09:36:14.964542+00:00,carrefour,10005450,"Vin rose Virtuoz Gramofon W, demisec, 0.75 L",25.99,RON,,0,catalogue,1
2026-08-11T09:36:14.964869+00:00,carrefour,10004098,"Vin Alb Budureasca Clasic, Feteasca Regala, Demisec, 0.187l",13.99,RON,,0,catalogue,1
2026-08-11T09:36:14.965257+00:00,carrefour,10005816,"Vin rosu demisec, Merlot Beciul Domnesc Comoara Pivnitei, 0.75L",81.49,RON,,0,catalogue,1
2026-08-11T09:36:14.965551+00:00,carrefour,10002948,Vin Vinaria Ostrov Cabernet Sauvignon Demidulce 1.5L,18.49,RON,,0,catalogue,1
2026-08-11T09:36:14.965818+00:00,carrefour,10004099,"Vin Rosu Budureasca Clasic, Feteasca Neagra, Demisec, 0.187l",13.99,RON,,0,catalogue,1
2026-08-11T09:36:14.966119+00:00,carrefour,10005674,"Vin rose Miguel Torres Vina Esmeralda, 0.75L",50.49,RON,,0,catalogue,1
2026-08-11T09:36:14.966389+00:00,carrefour,10005669,"Vin rose Torres Sangre De Toro Cataluna, 0.75l",40.99,RON,,0,catalogue,1
2026-08-11T09:36:14.966685+00:00,carrefour,10005427,"Vin Rose San Marzano Tramari Rose Di Primitivo Salento, Sec, 0.75l",57.99,RON,,0,catalogue,1
2026-08-11T09:36:14.966973+00:00,carrefour,10005547,"Vin rose Frescobaldi, Remole Toscana rose, 0.75l",41.49,RON,,0,catalogue,1
2026-08-11T09:36:14.967305+00:00,carrefour,10005926,"Vin rose sec, Gitana Winery, alcool 13.5%, 0.75L",47.49,RON,,0,catalogue,1
2026-08-11T09:36:14.967603+00:00,carrefour,10005645,"Vin rose Sol De Chile, Syrah, Sec 0.75L",25.49,RON,,0,catalogue,1
2026-08-11T09:36:14.967945+00:00,carrefour,10005668,"Vin rose Domeniile Cuza, Sec, 0.75l",34.49,RON,,0,catalogue,1
2026-08-11T09:36:14.968266+00:00,carrefour,10005358,"Vin rose sec, Vinohora, 0.75L",59.49,RON,,0,catalogue,1
2026-08-11T09:36:14.968532+00:00,carrefour,10004545,Vin rose Teleki Villanyi Cuvee 0.75L,34.49,RON,,0,catalogue,1
2026-08-11T09:36:14.968792+00:00,carrefour,10005261,"Vin Rose Purcari 1827, 0.375L",25.49,RON,,0,catalogue,1
2026-08-11T09:36:14.969148+00:00,carrefour,10005712,"Vin Rose demisec Demeter Vinaltus, Cabernet Sauvignon & Feteasca Neagra 0.75L",93.49,RON,,0,catalogue,1
2026-08-11T09:36:14.969430+00:00,carrefour,10005451,"Vin rosu demisec, Feteasca Neagra Gramofon Wine, 0.75 L",90.99,RON,,0,catalogue,1
2026-08-11T09:36:14.969717+00:00,carrefour,10005734,Vin Domeniul Muntean Scarabeu Pinot Noir DOC-CMD 0.75L,65.49,RON,,0,catalogue,1
2026-08-11T09:36:14.970026+00:00,carrefour,10005804,"Vin rosu Castel Huniade Feteasca Neagra, sec 0.75L",25.89,RON,,0,catalogue,1
2026-08-11T09:36:14.970316+00:00,carrefour,10005461,"Vin rosu sec, Zana Purpurie Cabernet Sauvignon 0.75L",30.49,RON,,0,catalogue,1
2026-08-11T09:36:14.970607+00:00,carrefour,10005431,"Vin rosu sec, Negru de Ceptura, 2017, 0.75L",77.99,RON,,0,catalogue,1
2026-08-11T09:36:16.156958+00:00,carrefour,10005692,"Vin Nasty Cuvee alb, 0.75L",75.99,RON,,0,catalogue,1
2026-08-11T09:36:16.157607+00:00,carrefour,10005447,"Vin alb Recas Castel Huniade Muscat Ottonel, Demidulce, 0.75L",29.49,RON,,0,catalogue,1
2026-08-11T09:36:16.158153+00:00,carrefour,10005397,"Vin alb dulce Conacul Ambrozy, Cramele Recas, 375ml",72.99,RON,,0,catalogue,1
2026-08-11T09:36:16.158622+00:00,carrefour,10005256,"Vin alb sec, Domenii Cotnari Feteasca Alba, 0.75L",33.99,RON,,0,catalogue,1
2026-08-11T09:36:16.159102+00:00,carrefour,10005949,"Vin alb sec, Avincis Cramposie Selectionata, 0.75L",54.99,RON,,0,catalogue,1
2026-08-11T09:36:16.159548+00:00,carrefour,10005491,"Vin alb Domeniul Bogdan Organic Chardonnay, sec, 0.75L",38.39,RON,,0,catalogue,1
2026-08-11T09:36:16.160055+00:00,carrefour,10005232,"Vin Alb Vinoteca Pinot Gris, 1993, Demidulce, 13%, 0.75l",388.9,RON,,0,catalogue,1
2026-08-11T09:36:16.160374+00:00,carrefour,10005321,"Vin alb Domeniile Vinju Mare, Tamaioasa Romaneasca 0.75 l",13.49,RON,,0,catalogue,1
2026-08-11T09:36:16.160650+00:00,carrefour,10005245,Vin alb Cotnari Domenii Tamaioasa Romaneasca 0.75L,16.99,RON,,0,catalogue,1
2026-08-11T09:36:16.160910+00:00,carrefour,10005417,"Vin alb demisec, Domeniul Bogdan Sauvignon Blanc, 0.75L",34.59,RON,,0,catalogue,1
2026-08-11T09:36:16.161277+00:00,carrefour,10005213,"Vin alb Cotnari, Feteasca Alba, Demidulce 0.75L",17.99,RON,,0,catalogue,1
2026-08-11T09:36:16.161531+00:00,carrefour,10005403,"Vin alb Sigillum Moldaviae, Tamaioasa Romaneasca, dulce 0.75L",18.49,RON,,0,catalogue,1
2026-08-11T09:36:16.161798+00:00,carrefour,10005826,"Vin Alb BeciulDomnesc Sauvignon Blanc, Demisec, 0.75L",24.49,RON,,0,catalogue,1
2026-08-11T09:36:16.162086+00:00,carrefour,10005806,"Vin alb Recas Castel Huniade Riesling, Sec, 0.75L",27.99,RON,,0,catalogue,1
2026-08-11T09:36:16.162362+00:00,carrefour,10005278,"Vin Alb Grasa de Cotnari, Demisec, 0.75L",17.49,RON,,0,catalogue,1
2026-08-11T09:36:16.162599+00:00,carrefour,10005211,"Vin Alb Grasa de Cotnari, Demidulce, 0.75L",18.49,RON,,0,catalogue,1
2026-08-11T09:36:16.162829+00:00,carrefour,10005332,"Vin alb Castel Huniade Recas, sec 0.187L",9.39,RON,,0,catalogue,1
2026-08-11T09:36:16.163155+00:00,carrefour,10002742,Vin Rose Serve Terra Romana Rose 0.75L,48.99,RON,,0,catalogue,1
2026-08-11T09:36:16.163415+00:00,carrefour,10005706,Vin rose sec Corvus Vinaltus Feteasca Neagra 0.75L,72.49,RON,,0,catalogue,1
2026-08-11T09:36:16.163669+00:00,carrefour,10005915,"Vin rose sec, Avincis Vila Dobrusa, 0.75L",33.99,RON,,0,catalogue,1
2026-08-11T09:36:16.163914+00:00,carrefour,10005318,"Vin rose Vinju Mare Vinul Principelui, sec, 0.75L",16.99,RON,,0,catalogue,1
2026-08-11T09:36:16.164223+00:00,carrefour,10005688,"Vin rose Cotnari Eticheta Galbena, demidulce 1.5L",22.49,RON,,0,catalogue,1
2026-08-11T09:36:16.164474+00:00,carrefour,10005663,Vin rose demidulce Cervus Cepturum Crama Ceptura 0.75 L,14.99,RON,,0,catalogue,1
2026-08-11T09:36:16.164726+00:00,carrefour,10005697,"Vin Rose Verite Cabernet Sauvignon, Sec, 0.75L",34.49,RON,,0,catalogue,1
2026-08-11T09:36:16.164972+00:00,carrefour,10004097,"Vin Rose Budureasca Clasic, Demisec, 0.187l",13.99,RON,,0,catalogue,1
2026-08-11T09:36:16.165289+00:00,carrefour,10005684,"Vin rose Domenii Euforia, Busuioaca, Demidulce, 0.75L",45.99,RON,,0,catalogue,1
2026-08-11T09:36:16.165544+00:00,carrefour,10005423,"Vin rose demisec, Domeniile Recas, Cramele Recas, 0.75L",38.99,RON,,0,catalogue,1
2026-08-11T09:36:16.165798+00:00,carrefour,10005760,"Vin Beciul Domnesc Mini, Rose Demisec 0.187 l",10.99,RON,,0,catalogue,1
2026-08-11T09:36:16.166080+00:00,carrefour,10005809,"Vin rose Proles Pontica Busuioaca de Bohotin, dulce, 1.5L",25.49,RON,,0,catalogue,1
2026-08-11T09:36:16.166353+00:00,carrefour,10005380,"Vin rose Caii De La Letea, Sarica Niculitel, Sec, 0.75L",40.49,RON,,0,catalogue,1
2026-08-11T09:36:16.166617+00:00,carrefour,10005696,"Vin Rose Verite Busuioaca de Bohotin, Demidulce, 0.75L",36.49,RON,,0,catalogue,1
2026-08-11T09:36:16.166860+00:00,carrefour,10005361,"Vin rose Verite Cabernet Sauvignon, Demisec, 0.75l",36.99,RON,,0,catalogue,1
2026-08-11T09:36:16.167141+00:00,carrefour,10005402,"Vin rose Sigillum Moldaviae, Busuioaca de Bohotin, Demidulce, 0.75L",18.49,RON,,0,catalogue,1
2026-08-11T09:36:16.167410+00:00,carrefour,10005238,"Vin rose Recas Castel Huniade, Demisec, 0.75L",25.89,RON,,0,catalogue,1
2026-08-11T09:36:16.167658+00:00,carrefour,10005400,Vin rosu Grand Reserve Cabernet Sauvignon Sec 0.75L,35.49,RON,,0,catalogue,1
2026-08-11T09:36:16.167912+00:00,carrefour,10005933,"Vin rosu sec, Avincis Grandiflora Merlot, 0.75L",152.9,RON,,0,catalogue,1
2026-08-11T09:36:16.168217+00:00,carrefour,10005633,"Vin rosu Lechburg, Pinot Noir, 0.75L",96.09,RON,,0,catalogue,1
2026-08-11T09:36:16.168475+00:00,carrefour,10005475,"Vin alb sec, Corcova Reserve Cuveee Racoveanu, 0.75L",87.49,RON,,0,catalogue,1
2026-08-11T09:36:16.168737+00:00,carrefour,10005691,"Vin rosu Nasty Cuvee, 0.75L",75.99,RON,,0,catalogue,1
2026-08-11T09:36:16.169047+00:00,carrefour,10005477,"Vin rosu sec, Corcova Reserve Cuveee Boheme, 0.75L",80.49,RON,,0,catalogue,1
2026-08-11T09:36:16.169333+00:00,carrefour,10005484,"Vin rosu sec, Stih Cabernet Sauvignon, 0.75L",36.99,RON,,0,catalogue,1
2026-08-11T09:36:16.169588+00:00,carrefour,10005722,"Vin rosu Gramofon Virtuoz Cupaj- Feteasca Neagra, Merlot demisec 0.75L",51.99,RON,,0,catalogue,1
2026-08-11T09:36:16.169864+00:00,carrefour,10005490,"Vin rosu sec, Bon Viveur Licorna, 0.75L",113.9,RON,,0,catalogue,1
2026-08-11T09:36:16.170158+00:00,carrefour,10005543,"Vin rosu, Primordial Bio Feteasca Neagra, 0.75L",96.05,RON,,0,catalogue,1
2026-08-11T09:36:16.170424+00:00,carrefour,10005476,"Vin rosu sec, Corcova Reserve Syrah, 0.75L",87.49,RON,,0,catalogue,1
2026-08-11T09:36:16.170678+00:00,carrefour,10005455,"Vin rosu sec, Zana Zanelor, Feteasca Neagra, 0.75L",57.49,RON,,0,catalogue,1
2026-08-11T09:36:16.170929+00:00,carrefour,10005487,"Vin rosu, Serafim Merlot, 0.75L",38.99,RON,,0,catalogue,1
2026-08-11T09:36:16.171226+00:00,carrefour,10005636,"Vin rosu Virtuoz Gramofon Wine Feteasca Neagra, dulce, 0.75l",45.49,RON,,0,catalogue,1
2026-08-11T09:36:17.534926+00:00,carrefour,10005401,Vin rosu Grand Reserve Feteasca Neagra Sec 0.75L,35.49,RON,,0,catalogue,1
2026-08-11T09:36:17.535305+00:00,carrefour,10005506,"Vin rosu Aurelia Visinescu Nomad Pinot Noir, sec, 0.75L",29.99,RON,,0,catalogue,1
2026-08-11T09:36:17.535585+00:00,carrefour,10005454,"Vin rosu sec, Lechinta Teaca, 0.75L",26.99,RON,,0,catalogue,1
2026-08-11T09:36:17.535856+00:00,carrefour,10005720,Vin rosu sec Serafim Feteasca Neagra 0.75L,42.49,RON,,0,catalogue,1
2026-08-11T09:36:17.536149+00:00,carrefour,10005942,"Vin rosu, Avincis Negru de Dragasani, 0.75L",82.99,RON,,0,catalogue,1
2026-08-11T09:36:17.536410+00:00,carrefour,10005922,"Vin rosu sec, Avincis Cuvee Andrei, 0.75L",82.99,RON,,0,catalogue,1
2026-08-11T09:36:17.536669+00:00,carrefour,10005535,"Vin rosu Acvila Merlot, demisec, 0.75 L",20.49,RON,,0,catalogue,1
2026-08-11T09:36:17.536913+00:00,carrefour,10005919,"Vin rosu sec, Avincis Domn de Roua, 0.75L",33.49,RON,,0,catalogue,1
2026-08-11T09:36:17.537276+00:00,carrefour,10005312,"Vin rosu sec, Mirabilis Machina Cabernet Sauvignon&Feteasca Neagra, 0,75 L",70.49,RON,,0,catalogue,1
2026-08-11T09:36:17.537574+00:00,carrefour,10005582,"Vin rosu, 1000 de Chipuri Feteasca Neagra, Sec, 0.75L",72.49,RON,,0,catalogue,1
2026-08-11T09:36:17.537906+00:00,carrefour,10005932,"Vin rosu sec, Avincis Pinot Noir, 0.75L",70.99,RON,,0,catalogue,1
2026-08-11T09:36:17.538236+00:00,carrefour,10005480,"Vin rosu sec, Jirov, 0.75L",19.49,RON,,0,catalogue,1
2026-08-11T09:36:17.538496+00:00,carrefour,10005488,"Vin rosu, Serafim Cabernet Sauvignon, 0.75L",37.49,RON,,0,catalogue,1
2026-08-11T09:36:17.538759+00:00,carrefour,10005977,"Vin rosu sec, Prince Matei, 0.75L",117.9,RON,,0,catalogue,1
2026-08-11T09:36:17.539038+00:00,carrefour,10005702,Vin rosu sec Picote Vinaltus Feteasca Neagra & Merlot 0.75L,48.99,RON,,0,catalogue,1
2026-08-11T09:36:17.539345+00:00,carrefour,10005471,"Vin rosu sec, Corcova Feteasca Neagra, 0.75L",40.49,RON,,0,catalogue,1
2026-08-11T09:36:17.539605+00:00,carrefour,10005538,"Vin rosu sec, Rod de Lechinta, 0.75L",40.19,RON,,0,catalogue,1
2026-08-11T09:36:17.539849+00:00,carrefour,10005470,"Vin rosu sec, Corcova Cabernet Sauvignon, Merlot, 0.75L",40.49,RON,,0,catalogue,1
2026-08-11T09:36:17.540153+00:00,carrefour,10005639,"Vin rosu Sceptrus, Cabernet Sauvignon & Feteasca Neagra & Merlot, Sec, 0.75L",38.49,RON,,0,catalogue,1
2026-08-11T09:36:17.540437+00:00,carrefour,10005437,"Vin Rosu Domenii Feteasca Neagra, Sec, 0.75l",44.99,RON,,0,catalogue,1
2026-08-11T09:36:17.540722+00:00,carrefour,10005236,"Vin rosu Aurelia Visinescu Nomad Cabernet Sauvignon, Sec, 0.75L",32.99,RON,,0,catalogue,1
2026-08-11T09:36:17.541060+00:00,carrefour,10005208,"Vin Rosu Ceptura Cervus Magnus Monte, Merlot, Sec, 0.75l",31.99,RON,,0,catalogue,1
2026-08-11T09:36:17.541339+00:00,carrefour,10005626,Vin rosu sec Zaiafet Cabernet Sauvignon 0.75L,21.99,RON,,0,catalogue,1
2026-08-11T09:36:17.541592+00:00,carrefour,10005317,"Vin rosu Vinju Mare Prince Vlad, Merlot, sec, 0.75L",36.99,RON,,0,catalogue,1
2026-08-11T09:36:17.541863+00:00,carrefour,10005430,"Vin rosu sec, Caii de la Letea, Volumul II Cabernet Sauvignon si Feteasca Neagra, 0.75L",58.99,RON,,0,catalogue,1
2026-08-11T09:36:17.542191+00:00,carrefour,10005643,Vin rosu Sarica Niculitel Caii De La Letea Volumul 1 QuintEssence 0.75L,40.49,RON,,0,catalogue,1
2026-08-11T09:36:17.542489+00:00,carrefour,10005682,"Vin rosu Euforia Feteasca Neagra, demisec, 0.75L",45.99,RON,,0,catalogue,1
2026-08-11T09:36:17.542741+00:00,carrefour,10005246,"Vin Rosu Ceptura Cervus Magnus Monte, Cabernet Sauvignon, Sec, 0.75l",31.99,RON,,0,catalogue,1
2026-08-11T09:36:17.543050+00:00,carrefour,10005561,"Vin rosu, Prince Vlad Feteasca Neagra, 0.75L",36.99,RON,,0,catalogue,1
2026-08-11T09:36:17.543314+00:00,carrefour,10005382,"Vin rosu Sarica Niculitel Caii De La Letea Cabernet Sauvignon, Sec, 0.75L",40.49,RON,,0,catalogue,1
2026-08-11T09:36:17.543629+00:00,carrefour,10005316,"Vin rosu Vanju Mare Cabernet Sauvignon, 0.75L",36.99,RON,,0,catalogue,1
2026-08-11T09:36:17.543891+00:00,carrefour,10005286,"Vin Rosu Ceptura Cervus Magnus Monte, Syrah, Sec, 0.75l",31.99,RON,,0,catalogue,1
2026-08-11T09:36:17.544201+00:00,carrefour,10005448,"Vin rosu Sarica Niculitel Caii De La Letea Feteasca Neagra, Sec, 0.75L",40.49,RON,,0,catalogue,1
2026-08-11T09:36:17.544501+00:00,carrefour,10005326,"Vin rosu Astrum Cervi Cabernet Sauvignon, 0.75L",20.99,RON,,0,catalogue,1
2026-08-11T09:36:17.544777+00:00,carrefour,10005305,"Vin rosu Astrum Cervi Feteasca Neagra, 0.75L",20.99,RON,,0,catalogue,1
2026-08-11T09:36:17.545102+00:00,carrefour,10005614,Vin rosu Sigillum Moldaviae Feteasca Neagra Demisec 0.75L,18.49,RON,,0,catalogue,1
2026-08-11T09:36:17.545366+00:00,carrefour,10005344,"Vin rosu Aurelia Visinescu, Promessa Feteasca Neagra&Syrah, 0.75L",47.99,RON,,0,catalogue,1
2026-08-11T09:36:17.545662+00:00,carrefour,10005736,"Vin rosu demisec Domeniile Vinju Mare Bucura, Feteasca Neagra, 0.75L",17.05,RON,,0,catalogue,1
2026-08-11T09:36:17.545945+00:00,carrefour,10005690,"Vin Nasty Cuvee, rose 0.75L",75.99,RON,,0,catalogue,1
2026-08-11T09:36:17.546236+00:00,carrefour,10005494,"Vin rose Domeniul Bogdan Organic, 0.75L",38.39,RON,,0,catalogue,1
2026-08-11T09:36:17.546492+00:00,carrefour,10005313,Vin rose Doi Cocosi Demidulce 1.5L,22.49,RON,,0,catalogue,1
2026-08-11T09:36:17.546727+00:00,carrefour,10005270,"Vin rose Cotnari Busuioaca de Bohotin Demisec, 0.75L",18.49,RON,,0,catalogue,1
2026-08-11T09:36:17.547002+00:00,carrefour,10005419,"Vin rose demisec, Domeniul Bogdan, 0.75L",34.19,RON,,0,catalogue,1
2026-08-11T09:36:17.547250+00:00,carrefour,10005306,"Vin rose Astrum Cervi, Cabernet Sauvignon 0.75L",20.99,RON,,0,catalogue,1
2026-08-11T09:36:17.547535+00:00,carrefour,10005231,"Vin rose, Castel Huniade Recas, demisec 0.187L",9.79,RON,,0,catalogue,1
2026-08-11T09:36:17.547794+00:00,carrefour,10005244,Vin rose Cotnari Busuioaca de Bohotin demidulce 0.75L,17.49,RON,,0,catalogue,1
2026-08-11T09:36:17.548102+00:00,carrefour,10005202,"Vin rose Beciul Domnesc, demisec, 0.75L",23.15,RON,,0,catalogue,1
2026-08-11T09:36:17.548355+00:00,carrefour,10005394,"Vin rosu sec, Selene Feteasca Neagra, Cramele Recas, 0.75L",116.49,RON,,0,catalogue,1
2026-08-11T09:36:18.608310+00:00,carrefour,10005705,Vin rosu sec Corvus Vinaltus Feteasca Neagra & Negru de Dragasani 0.75L,88.99,RON,,0,catalogue,1
2026-08-11T09:36:18.608825+00:00,carrefour,10005723,Vin rosu demidulce Gramofon Opus Fabula Feteasca Neagra 0.75L,217.9,RON,,0,catalogue,1
2026-08-11T09:36:18.609194+00:00,carrefour,10005708,Vin rosu sec Demeter Vinaltus Cabernet Sauvignon & Negru de Dragasani 0.75L,129.9,RON,,0,catalogue,1
2026-08-11T09:36:18.609488+00:00,carrefour,10005579,"Vin rosu Recas Selene Merlot Sec, 0.75l",116.49,RON,,0,catalogue,1
2026-08-11T09:36:18.609743+00:00,carrefour,10005580,"Vin Rosu Recas Selene Cabernet Sauvignon, Sec 0.75L",116.49,RON,,0,catalogue,1
2026-08-11T09:36:18.610041+00:00,carrefour,10005496,"Vin rosu, Domeniul Bogdan Cuvee Experience rosu, 0.75L",49.89,RON,,0,catalogue,1
2026-08-11T09:36:18.610319+00:00,carrefour,10005422,"Vin rosu Cotnari Selectii, Feteasca Neagra, Sec, 0.75L",30.99,RON,,0,catalogue,1
2026-08-11T09:36:18.610583+00:00,carrefour,10005314,Vin rosu Doi Cocosi Vincon Feteasca Neagra Demisec 1.5L,22.49,RON,,0,catalogue,1
2026-08-11T09:36:18.610835+00:00,carrefour,10005420,"Vin rosu demisec, Domeniul Bogdan Syrah & Merlot, 0.75L",35.59,RON,,0,catalogue,1
2026-08-11T09:36:18.611130+00:00,carrefour,10005617,Vin rosu Comoara Pivnitei Feteasca Neagra Sec 0.75L,84.99,RON,,0,catalogue,1
2026-08-11T09:36:18.611386+00:00,carrefour,10005421,"Vin rosu, Domeniul Bogdan Feteasca Neagra & Merlot, 0.75L",35.59,RON,,0,catalogue,1
2026-08-11T09:36:18.611667+00:00,carrefour,10005324,"Vin rosu Vinju Mare, Feteasca Neagra& Cabernet Sauvignon, 0.75L",13.49,RON,,0,catalogue,1
2026-08-11T09:36:18.611939+00:00,carrefour,10005803,"Vin rosu Castel Huniade Domeniile Recas Merlot&Pinot Noir Demidulce, 0.75L",26.99,RON,,0,catalogue,1
2026-08-11T09:36:18.612249+00:00,carrefour,10005817,Vin rosu Beciul Domnesc Merlot Demisec 0.75L,23.15,RON,,0,catalogue,1
2026-08-11T09:36:18.612500+00:00,carrefour,10005198,"Vin Rosu Ceptura Cervus Magnus Monte, Feteasca Neagra, Sec, 0.75l",31.99,RON,,0,catalogue,1
2026-08-11T09:36:18.612772+00:00,carrefour,10005813,"Vin rosu Beciul Domnesc, Pinot Noir, Demisec, 0.75L",23.15,RON,,0,catalogue,1
2026-08-11T09:36:18.613090+00:00,carrefour,10005801,"Vin rosu Schwaben, Cabernet Sauvignon, Sec, 0.75l",18.19,RON,,0,catalogue,1
2026-08-11T09:36:18.613346+00:00,carrefour,10005260,"Vin rosu Castel Huniade Merlot, Demisec 0.75L",28.99,RON,,0,catalogue,1
2026-08-11T09:36:18.613599+00:00,carrefour,10005333,"Vin rosu Castel Huniade, Cabernet Sauvignon sec 0.187L",9.79,RON,,0,catalogue,1
2026-08-11T09:36:18.613885+00:00,carrefour,10005482,"Vin rose sec, Stih, 0.75L",32.99,RON,,0,catalogue,1
2026-08-11T09:36:18.614160+00:00,carrefour,10005453,"Vin rose sec, Lechinta Teaca, 0.75L",26.99,RON,,0,catalogue,1
2026-08-11T09:36:18.614413+00:00,carrefour,10005936,"Vin rose sec, Pietroasa Research&Innovation, Busuioaca de Bohotin, 0.75L",34.99,RON,,0,catalogue,1
2026-08-11T09:36:18.614720+00:00,carrefour,10005481,"Vin alb sec, Stih Sauvignon Blanc, 0.75L",52.49,RON,,0,catalogue,1
2026-08-11T09:36:18.615039+00:00,carrefour,10005452,"Vin alb, Lechinta Teaca, demisec, 0.75L",26.99,RON,,0,catalogue,1
2026-08-11T09:36:18.615291+00:00,carrefour,10005537,"Vin alb sec, Rod de Lechinta Cupaj, 0.75L",38.05,RON,,0,catalogue,1
2026-08-11T09:36:18.615552+00:00,carrefour,10005247,"Vin alb sec, Crama Ceptura Vintage, 0.75L",72.99,RON,,0,catalogue,1
2026-08-11T09:36:18.615827+00:00,carrefour,10005465,"Vin alb sec, Strunga Muscat Ottonel, 0.75L",33.99,RON,,0,catalogue,1
2026-08-11T09:36:18.616118+00:00,carrefour,10005463,"Vin alb sec Chardonnay Strunga, sec, 0.75 L",32.99,RON,,0,catalogue,1
2026-08-11T09:36:18.616475+00:00,carrefour,10005258,"Vin alb Recas Sole Sauvignon Blanc, Sec, 0.75L",106.49,RON,,0,catalogue,1
2026-08-11T09:36:18.616967+00:00,carrefour,10005725,Vin alb Gramofon Cuvee Chardonnay si Sauvignon Blanc 0.75L,55.99,RON,,0,catalogue,1
2026-08-11T09:36:18.617325+00:00,carrefour,10005271,"Vin Alb Vinoteca Tamaioasa Romaneasca 2014, Dulce, 11.5%, 0.75l",342.9,RON,,0,catalogue,1
2026-08-11T09:36:18.617617+00:00,carrefour,10005912,"Vin alb Avincis Vila Dobrusa Sauvignon Blanc, Sec, 0.75L",39.99,RON,,0,catalogue,1
2026-08-11T09:36:18.617884+00:00,carrefour,10005711,Vin alb demisec Vinul Principelui Sauvignon Blanc & Riesling 0.75L,16.99,RON,,0,catalogue,1
2026-08-11T09:36:18.618214+00:00,carrefour,10005562,"Vin alb, Vinul Principelui Tamaioasa Romaneasca & Chardonnay sec 0.75l",16.99,RON,,0,catalogue,1
2026-08-11T09:36:18.618503+00:00,carrefour,10005810,Vin alb Proles Pontica Muscat Ottonel demidulce 1.5L,25.49,RON,,0,catalogue,1
2026-08-11T09:36:18.618755+00:00,carrefour,10003012,Vin alb Vinaria Ostrov Chardonnay 1.5L,18.49,RON,,0,catalogue,1
2026-08-11T09:36:18.619048+00:00,carrefour,10005343,"Vin alb Aurelia Visinescu, Promessa Chardonnay, 0.75L",38.99,RON,,0,catalogue,1
2026-08-11T09:36:18.619326+00:00,carrefour,10005279,"Vin alb Premiat Feteasca Regala, demidulce, 0.75L",18.49,RON,,0,catalogue,1
2026-08-11T09:36:18.619578+00:00,carrefour,10005761,"Vin Beciul Domnesc Sauvignon Blanc, Alb Demisec 0.187 l",10.99,RON,,0,catalogue,1
2026-08-11T09:36:18.619868+00:00,carrefour,10005315,"Vin alb, Beciul Domnesc Chardonnay, sec, 0.75L",24.49,RON,,0,catalogue,1
2026-08-11T09:36:18.620182+00:00,carrefour,10508138,"Vin alb Sigillum Moldaviae, Muscat Ottonel, demisec 0.75L",18.49,RON,,0,catalogue,1
2026-08-11T09:36:18.620440+00:00,carrefour,10005327,"Vin Astrum Cervi Feteasca Regala, 0.75L",20.99,RON,,0,catalogue,1
2026-08-11T09:36:18.620702+00:00,carrefour,10005360,"Vin Alb Beciul Domnesc Feteasca Regala, Demisec, 0.75L",24.49,RON,,0,catalogue,1
2026-08-11T09:36:18.621034+00:00,carrefour,10005357,"Vin Cervus Cepturum Feteasca Regala, 0.75L",14.99,RON,,0,catalogue,1
2026-08-11T09:36:18.621313+00:00,carrefour,10005199,"Vin Alb Ceptura Cervus Magnus Monte, Sauvignon Blanc, Sec, 0.75l",31.99,RON,,0,catalogue,1
2026-08-11T09:36:18.621598+00:00,carrefour,10005794,Vin Alb Vincon Galbena de Odobesti Demisec 1.5L,22.99,RON,,0,catalogue,1
2026-08-11T09:36:18.621842+00:00,carrefour,10005811,Vin Alb Proles Pontica Demidulce 1.5L,25.49,RON,,0,catalogue,1
2026-08-11T09:36:18.622115+00:00,carrefour,10005259,"Vin alb Recas Castel Huniade Sauvignon Blanc, Demisec, 0.75L",25.49,RON,,0,catalogue,1
2026-08-11T09:36:20.060720+00:00,carrefour,10005273,"Vin alb Cotnari, Eticheta Galbena, Demsec 1.5L",23.49,RON,,0,catalogue,1
2026-08-11T09:36:20.061177+00:00,carrefour,10005212,"Vin Alb Cotnari, Tamaioasa Romaneasca, Dulce, 0.75L",18.35,RON,,0,catalogue,1
2026-08-11T09:36:20.061451+00:00,carrefour,10005272,"Vin alb Cotnari, Eticheta Galbena, Demidulce 1.5L",23.49,RON,,0,catalogue,1
2026-08-11T09:36:20.061701+00:00,carrefour,10005800,"Vin Alb Schwaben Muscat Ottonel, Demidulce, 0.75l",18.19,RON,,0,catalogue,1
2026-08-11T09:36:20.061977+00:00,carrefour,10005798,"Vin Alb Schwaben, Riesling Italian, Sec, 0.75l",18.19,RON,,0,catalogue,1
2026-08-11T09:36:20.062249+00:00,carrefour,10005805,"Vin rosu Castel Huniade, Cabernet Sauvignon, sec 0.75L",25.89,RON,,0,catalogue,1
2026-08-11T09:36:20.062510+00:00,carrefour,10005709,Vin rosu sec Demeter Vinaltus Feteasca Neagra & Merlot 0.75L,129.9,RON,,0,catalogue,1
2026-08-11T09:36:20.062779+00:00,carrefour,10005395,"Vin rosu sec, Cuvee Uberland Single Vineyard, Crama Recas, 0.75L",202.9,RON,,0,catalogue,1
2026-08-11T09:36:20.063089+00:00,carrefour,10005913,"Vin rosu Avincis Vila Dobrusa Merlot, Negru De Dragasani, 0.75L",26.49,RON,,0,catalogue,1
2026-08-11T09:36:20.063392+00:00,carrefour,10005710,Vin rosu demisec Vinul Principelui Merlot & Syrah 0.75L,16.99,RON,,0,catalogue,1
2026-08-11T09:36:20.063650+00:00,carrefour,10005564,"Vin rosu Vinu Principelui, Feteasca Neagra, 0.75L",16.99,RON,,0,catalogue,1
2026-08-11T09:36:20.063914+00:00,carrefour,10005563,Vin rosu Vinul Principelui Cabernet Sauvignon & Syrah 0.75L,16.99,RON,,0,catalogue,1
2026-08-11T09:36:20.064232+00:00,carrefour,10508137,Vin rosu Sigillum Moldaviae Pinot Noir Demidulce 0.75L,18.99,RON,,0,catalogue,1
2026-08-11T09:36:20.064492+00:00,carrefour,10005762,"Vin Beciul Domnesc Feteasca Neagra, Rosu Demidulce 0.187 l",10.99,RON,,0,catalogue,1
2026-08-11T09:36:20.064745+00:00,carrefour,10005763,"Vin rosu Beciul Domnesc Cabernet Sauvignon, 0.187L",10.99,RON,,0,catalogue,1
2026-08-11T09:36:20.065122+00:00,carrefour,10005814,"Vin rosu Beciul Domnesc, Cabernet Sauvignon, Sec, 0.75L",23.15,RON,,0,catalogue,1
2026-08-11T09:36:20.065407+00:00,carrefour,10005281,"Vin rosu Premiat Vincon Feteasca Neagra, demisec, 0.75L",17.99,RON,,0,catalogue,1
2026-08-11T09:36:20.065662+00:00,carrefour,10005824,"Vin rosu Proles Pontica, Pinot Noir&Merlot, demidulce 1.5 L",25.49,RON,,0,catalogue,1
2026-08-11T09:36:20.065983+00:00,carrefour,10005812,Vin rosu Beciul Domnesc Feteasca Neagra Demidulce 0.75L,23.15,RON,,0,catalogue,1
2026-08-11T09:36:20.066252+00:00,carrefour,10005815,Vin rosu Beciul Domnesc Cabernet Sauvignon Dulce 0.75L,23.15,RON,,0,catalogue,1
2026-08-11T09:36:20.066518+00:00,carrefour,10005294,"Vin rosu Cervus Cepturum, Feteasca Neagra & Merlot, Demisec, 0.75l",14.99,RON,,0,catalogue,1
2026-08-11T09:36:20.066786+00:00,carrefour,10005797,"Vin rosu Schwaben, Merlot, Demisec, 0.75l",18.19,RON,,0,catalogue,1
2026-08-11T09:36:20.067073+00:00,carrefour,10005713,"Vin alb sec Demeter Vinaltus Feteasca Alba, Feteasca Regala & Sauvignon Blanc 0.75L",103.9,RON,,0,catalogue,1
2026-08-11T09:36:20.067370+00:00,carrefour,10005727,"Vin alb Gramofon Chardonnay, Sec, 0.75 L",40.49,RON,,0,catalogue,1
2026-08-11T09:36:20.067621+00:00,carrefour,10005728,Vin alb Gramofon Feteasca Regala 0.75L,40.49,RON,,0,catalogue,1
2026-08-11T09:36:20.067874+00:00,carrefour,10005399,"Vin alb Beciul Domnesc Grand Reserve Chardonnay, Sec, 0.75 l",35.49,RON,,0,catalogue,1
2026-08-11T09:36:20.068191+00:00,carrefour,10005489,"Vin alb sec, Bon Viveur Licorna, 0.75L",65.99,RON,,0,catalogue,1
2026-08-11T09:36:20.068436+00:00,carrefour,10005449,"Vin alb sec Chardonnay Virtuoz Gramofon W, sec, 0.75 L",25.99,RON,,0,catalogue,1
2026-08-11T09:36:20.068750+00:00,carrefour,10005726,Vin alb sec Gramofon Sauvignon Blanc 0.75L,40.49,RON,,0,catalogue,1
2026-08-11T09:36:20.069209+00:00,carrefour,10005632,Vin alb Lechburg Sauvignon Blanc 0.75L,92.25,RON,,0,catalogue,1
2026-08-11T09:36:20.069508+00:00,carrefour,10005393,Vin Alb Recas Sole Chardonnay Sec 0.75l,106.49,RON,,0,catalogue,1
2026-08-11T09:36:20.069778+00:00,carrefour,10005719,"Vin alb sec Serafim Feteasca Regala, 0.75L",39.49,RON,,0,catalogue,1
2026-08-11T09:36:20.070073+00:00,carrefour,10005545,"Vin alb, Primordial Bio Sauvignon Blanc, 0.75L",96.05,RON,,0,catalogue,1
2026-08-11T09:36:20.070342+00:00,carrefour,10005546,"Vin alb, Primordial Bio Chardonnay, 0.75L",96.05,RON,,0,catalogue,1
2026-08-11T09:36:20.070611+00:00,carrefour,10005534,"Vin alb sec Zodiac Muscat Ottonel, sec, 0.75 L",31.49,RON,,0,catalogue,1
2026-08-11T09:36:20.070864+00:00,carrefour,10005740,"Vin alb Mirabilis Machina Blanc de Noir Pinot Noir, Sec, 0.75L",68.99,RON,,0,catalogue,1
2026-08-11T09:36:20.071185+00:00,carrefour,10005217,"Vin alb Cotnari Selectie Francusa, sec, 0.75L",30.99,RON,,0,catalogue,1
2026-08-11T09:36:20.071475+00:00,carrefour,10005918,Vin alb Avincis Domnul De Roua 0.75L,33.99,RON,,0,catalogue,1
2026-08-11T09:36:20.071736+00:00,carrefour,10005485,"Vin alb, Serafim Sauvignon Blanc, 0.75L",37.49,RON,,0,catalogue,1
2026-08-11T09:36:20.072031+00:00,carrefour,10005466,Vin alb Strunga Sauvignon Blanc 0.75L,35.99,RON,,0,catalogue,1
2026-08-11T09:36:20.072293+00:00,carrefour,10005473,"Vin alb sec, Corcova Reserve Chardonnay, 0.75L",82.99,RON,,0,catalogue,1
2026-08-11T09:36:20.072551+00:00,carrefour,10003176,"Vin Alb Basilescu Eclipse Tamaioasa, Sec, 0.75l",32.49,RON,,0,catalogue,1
2026-08-11T09:36:20.072809+00:00,carrefour,10005257,"Vin alb demisec, Domenii Cotnari Tamaioasa Romaneasca, 0.75L",33.99,RON,,0,catalogue,1
2026-08-11T09:36:20.073178+00:00,carrefour,10005704,Vin alb sec Picote Vinaltus Feteasca Regala & Tamaioasa Romaneasca 0.75L,56.49,RON,,0,catalogue,1
2026-08-11T09:36:20.073470+00:00,carrefour,10005790,"Cotnari Selectie de Tamaioasa Romaneasca & Francusa, alb, demisec, 0.75L",32.49,RON,,0,catalogue,1
2026-08-11T09:36:20.073743+00:00,carrefour,10005908,"Vin alb demidulce, Crama Noua Tamaioasa Romaneasca, 0.75L",28.99,RON,,0,catalogue,1
2026-08-11T09:36:20.074029+00:00,carrefour,10005923,"Vin alb sec, Avincis Cuvee Petit Savignon Blanc, 0.75L",54.99,RON,,0,catalogue,1
2026-08-11T09:36:20.074307+00:00,carrefour,10005628,Vin alb sec Zaiafet Feteasca Regala 0.75L,22.99,RON,,0,catalogue,1
2026-08-11T09:36:21.055411+00:00,carrefour,10005729,"Vin alb sec Aurelia Visinescu Nomad Sauvignon Blanc, 0.75L",29.99,RON,,0,catalogue,1
2026-08-11T09:36:21.055763+00:00,carrefour,10005320,Vin alb Prince Vlad Chardonnay 0.75L,44.49,RON,,0,catalogue,1
2026-08-11T09:36:21.056068+00:00,carrefour,10005467,"Vin alb sec, Corcova Chardonnay, 0.75L",40.49,RON,,0,catalogue,1
2026-08-11T09:36:21.056325+00:00,carrefour,10005235,"Vin alb Aurelia Visinescu Nomad Feteasca Alba, 0.75L",29.49,RON,,0,catalogue,1
2026-08-11T09:36:21.056609+00:00,carrefour,10005398,"Vin alb sec, Beciul Domnesc Grand Reserve, Sauvignon Blanc, 0.75L",35.49,RON,,0,catalogue,1
2026-08-11T09:36:21.056944+00:00,carrefour,10005214,"Vin alb Cotnari Feteasca Alba, demisec, 0.75L",17.99,RON,,0,catalogue,1
2026-08-11T09:36:21.057490+00:00,carrefour,10005505,"Vin alb sec Aurelia Visinescu, Nomad Pinot Grigio, 0.75L",29.49,RON,,0,catalogue,1
2026-08-11T09:36:21.057860+00:00,carrefour,10005373,"Vin alb Doi Cocosi, Feteasca Regala, demisec, 0.75L",22.49,RON,,0,catalogue,1
2026-08-11T09:36:21.058289+00:00,carrefour,10005355,"Vin Cervus Magnus Monte Chardonnay, 0.75L",31.99,RON,,0,catalogue,1
2026-08-11T09:36:21.058586+00:00,carrefour,10005264,"Vin Alb Ceptura Cervus Magnus Monte, Feteasca Regala, Sec, 0.75l",31.99,RON,,0,catalogue,1
2026-08-11T09:36:21.058866+00:00,carrefour,10005372,"Vin Alb, Doi Cocosi, demidulce, 1.5L",22.49,RON,,0,catalogue,1
2026-08-11T09:36:21.059233+00:00,carrefour,10005640,"Vin Alb Sceptrus, Chardonnay & Sauvignon Blanc, Fume, Sec, 0.75L",38.99,RON,,0,catalogue,1
2026-08-11T09:36:21.059545+00:00,carrefour,10005405,"Vin alb Beciul Domnesc Grand Reserve Tamaioasa Romaneasca Dulce, 0.75L",35.49,RON,,0,catalogue,1
2026-08-11T09:36:21.059826+00:00,carrefour,10005683,"Vin Alb Domenii Euforia Tamaioasa Romaneasca, Demisec, 0.75L",45.49,RON,,0,catalogue,1
2026-08-11T09:36:21.060118+00:00,carrefour,10005215,"Vin alb Cotnari Francusa, Sec, 0.75L",17.99,RON,,0,catalogue,1
2026-08-11T09:36:21.060373+00:00,carrefour,10005413,"Vin alb sec, Caii de la Letea, Volumul II Sauvignon Blanc Fume, 0.75L",58.99,RON,,0,catalogue,1
2026-08-11T09:36:21.060663+00:00,carrefour,10005793,Vin Alb Galbena De Odobesti Demisec 0.75L,18.99,RON,,0,catalogue,1
2026-08-11T09:36:21.060898+00:00,carrefour,10005825,"Vin Alb Beciul Domnesc Riesling de Rhin, Demisec, 0.75L",24.49,RON,,0,catalogue,1
2026-08-11T09:36:21.061242+00:00,carrefour,10005699,"Vin alb Domeniile Recas, Sauvignon Blanc, Sec 0.75L",34.99,RON,,0,catalogue,1
2026-08-11T09:36:21.061509+00:00,carrefour,10005616,"Vin Alb Sigillum Moldaviae Sauvignon Blanc, Demisec 0.75L",18.49,RON,,0,catalogue,1
2026-08-11T09:36:21.061768+00:00,carrefour,10005739,"Vin alb demidulce Domeniile Vinju Mare Bucura, Tamaioasa Romaneasca, 0.75L",17.05,RON,,0,catalogue,1
2026-08-11T09:36:21.062079+00:00,carrefour,10005738,"Vin alb demisec Domeniile Vinju Mare Bucura, Sauvignon Blanc, 0.75L",17.05,RON,,0,catalogue,1
2026-08-11T09:36:21.062345+00:00,carrefour,10005827,"Vin alb dulce, Comoara Pivnitei, Tamaioasa Romaneasca Husi , 0.75L",84.99,RON,,0,catalogue,1
2026-08-11T09:36:21.062625+00:00,carrefour,10005386,"Vin alb demidulce, Domeniile Recas Gewurtztraminer, Cramele Recas, 0.75 l",38.99,RON,,0,catalogue,1
2026-08-11T09:36:21.062900+00:00,carrefour,10005356,"Vin Astrum Cervi Sauvignon Blanc, 0.75L",20.99,RON,,0,catalogue,1
2026-08-11T09:36:21.063193+00:00,carrefour,10005807,"Vin alb Recas Castel Huniade Feteasca Regala, Demnisec, 0.75L",25.89,RON,,0,catalogue,1
2026-08-11T09:36:21.063482+00:00,carrefour,10005724,"Vin rose Gramofon Feteasca Neagra & Merlot, sec, 0.75L",45.99,RON,,0,catalogue,1
2026-08-11T09:36:21.063743+00:00,carrefour,10005544,"Vin rose Domeniul Bogdan, Primordial Bio, 0.75L",96.05,RON,,0,catalogue,1
2026-08-11T09:36:21.064077+00:00,carrefour,10005631,Vin rose Lechburg Pinot Noir 0.75L,80.65,RON,,0,catalogue,1
2026-08-11T09:36:21.064338+00:00,carrefour,10508735,Vin rose Domeniile Urlati Feteasca Neagra 0.75L,34.99,RON,,0,catalogue,1
2026-08-11T09:36:21.064607+00:00,carrefour,10005486,"Vin rose, Serafim, 0.75L",37.49,RON,,0,catalogue,1
2026-08-11T09:36:21.064843+00:00,carrefour,10005943,"Vin rose, Avincis Cuvee Alexis, 0.75L",54.99,RON,,0,catalogue,1
2026-08-11T09:36:21.065186+00:00,carrefour,10005444,"Vin rose demisec, Muse Night, Cramele Recas 0.75L",85.49,RON,,0,catalogue,1
2026-08-11T09:36:21.065471+00:00,carrefour,10005469,"Vin rose sec, Corcova rose, 0.75L",40.49,RON,,0,catalogue,1
2026-08-11T09:36:21.065715+00:00,carrefour,10508140,"Vin rosu Sceptrus, Cabernet Sauvignon & Feteasca Neagra & Merlot, Sec, 0.75L",38.49,RON,,0,catalogue,1
2026-08-11T09:36:21.066037+00:00,carrefour,10005917,"Vin rose sec, Avincis Merlot&Cabernet Sauvignon, 0.75L",33.99,RON,,0,catalogue,1
2026-08-11T09:36:21.066297+00:00,carrefour,10005255,"Vin rose, Domenii Cotnari Busuioaca de Bohotin, 0.75L",57.99,RON,,0,catalogue,1
2026-08-11T09:36:21.066568+00:00,carrefour,10005966,Vin rose demisec Crama Noua Merlot 0.75L,26.99,RON,,0,catalogue,1
2026-08-11T09:36:21.066808+00:00,carrefour,10005909,"Vin rose demidulce, Crama Noua Merlot, 0.75L",27.99,RON,,0,catalogue,1
2026-08-11T09:36:21.067086+00:00,carrefour,10005703,"Vin Rose demisec Picote Vinaltus, Cabernet Sauvignon & Merlot 0.75L",48.99,RON,,0,catalogue,1
2026-08-11T09:36:21.067380+00:00,carrefour,10005570,"Vin rose, Prince Vlad,Domeniile Vanju Mare, 0.75L",36.99,RON,,0,catalogue,1
2026-08-11T09:36:21.067657+00:00,carrefour,10005627,Vin rose sec Velvet Zaiafet 0.75L,20.49,RON,,0,catalogue,1
2026-08-11T09:36:21.067893+00:00,carrefour,10005507,"Vin rose sec Aurelia Visinescu, Nomad rose, 0.75L",29.49,RON,,0,catalogue,1
2026-08-11T09:36:21.068186+00:00,carrefour,10005385,Vin rose Cotnari Busuioaca de Bohotin demisec 0.75L,32.49,RON,,0,catalogue,1
2026-08-11T09:36:21.068429+00:00,carrefour,10005412,"Vin rose sec, Caii de la Letea, Volumul II, 0.75L",58.99,RON,,0,catalogue,1
2026-08-11T09:36:21.069041+00:00,carrefour,10005464,"Vin rose sec Busuioaca de Bohotin Strunga , sec, 0.75 L",41.99,RON,,0,catalogue,1
2026-08-11T09:36:21.069368+00:00,carrefour,10005374,"Vin rose Aurelia Visinescu, Promessa Dealu Mare, 0.75L",34.49,RON,,0,catalogue,1
2026-08-11T09:36:21.069711+00:00,carrefour,10005615,"Vin rose Sigillum Moldaviae, Demisec, 0.75L",18.49,RON,,0,catalogue,1
2026-08-11T09:36:22.113472+00:00,carrefour,10005759,"Vin Rose Verite Cabernet Sauvignon, demisec, 0.187L",15.99,RON,,0,catalogue,1
2026-08-11T09:36:22.114160+00:00,carrefour,10005252,"Vin rose demisec, Magnus Monte Ceptura, 0.75L",32.65,RON,,0,catalogue,1
2026-08-11T09:36:22.114694+00:00,carrefour,10005295,Vin rose demisec Cervus Crama Ceptura 0.75L,14.99,RON,,0,catalogue,1
2026-08-11T09:36:22.115150+00:00,carrefour,10005695,Vin spumant Piper Heidsieck Essentiel Blanc de Blanc 0.75L,418.9,RON,,0,catalogue,1
2026-08-11T09:36:22.115468+00:00,carrefour,10005409,"Vin spumant Alb Purcari, Cuvee Extrabrut, 0.75L",111.9,RON,,0,catalogue,1
2026-08-11T09:36:22.115736+00:00,carrefour,10005387,"Vin Spumant Alb Angelli Cuvee Deluxe, Demisec, 0.75L",43.49,RON,,0,catalogue,1
2026-08-11T09:36:22.116042+00:00,carrefour,10005407,"Vin spumant Purcari, Cuvee Alb, Brut, 0.75L",111.9,RON,,0,catalogue,1
2026-08-11T09:36:22.116324+00:00,carrefour,10005408,"Vin spumant Purcari, Cuvee Rose, Brut, 0.75L",111.9,RON,,0,catalogue,1
2026-08-11T09:36:22.116589+00:00,carrefour,10005765,"Vin spumant alb brut Sceptrus Glera, 12%, 0.75L",53.99,RON,,0,catalogue,1
2026-08-11T09:36:22.116870+00:00,carrefour,10005435,"Vin spumant alb, Colocviu la Praga- Tamaioasa Romaneasca, 0.75L",53.99,RON,,0,catalogue,1
2026-08-11T09:36:22.117262+00:00,carrefour,10005354,"Vin spumant Freixenet Cordon Negro, 0.75l",56.49,RON,,0,catalogue,1
2026-08-11T09:36:22.117533+00:00,carrefour,10005518,"Vin spumant Cotnari Zaz Alb Demisec, 0.75l",34.99,RON,,0,catalogue,1
2026-08-11T09:36:22.117788+00:00,carrefour,10005850,Vin spumant rose Angelli demisec 0.75 L,28.49,RON,,0,catalogue,1
2026-08-11T09:36:22.118051+00:00,carrefour,10005519,"Vin spumant Cotnari Zaz Rose Demisec, 0.75l",34.99,RON,,0,catalogue,1
2026-08-11T09:36:22.118289+00:00,carrefour,10005432,"Vin Spumant Alb Angelli Elegance Chardonnay, Extra Sec, 0.75L",36.99,RON,,0,catalogue,1
2026-08-11T09:36:22.118568+00:00,carrefour,10005792,"Vin spumant rose Cordon Rosado Freixenet, sec, 12%, 0.75 L",70.49,RON,,0,catalogue,1
2026-08-11T09:36:22.118858+00:00,carrefour,10005791,"Vin spumant alb Cava Nevada Freixenet, demisec, 11.5%, 0.75 L",47.99,RON,,0,catalogue,1
2026-08-11T09:36:22.119149+00:00,carrefour,10005770,"Vin Spumant, Angelli, Gran Dolce, 0.75l",26.49,RON,,0,catalogue,1
2026-08-11T09:36:22.119396+00:00,carrefour,10005965,"Vin Spumant Sec, Luc Belaire Rare Rose 0.75L",180.9,RON,,0,catalogue,1
2026-08-11T09:36:22.119952+00:00,carrefour,10508715,Vin spumant alb extra sec Jidvei Scintti 0.75L,30.49,RON,,0,catalogue,1
2026-08-11T09:36:22.120247+00:00,carrefour,10005775,Vin Spumant Rosu Angelli Kir Royal Dulce 0.75 L,25.49,RON,,0,catalogue,1
2026-08-11T09:36:22.120504+00:00,carrefour,10005964,"Vin Spumant Brut, Luc Belaire Gold 0.75L",186.9,RON,,0,catalogue,1
2026-08-11T09:36:22.120754+00:00,carrefour,10005433,"Vin spumant alb Angelli Elegance Muscat Doux, 0.75L",34.99,RON,,0,catalogue,1
2026-08-11T09:36:22.121120+00:00,carrefour,10508718,Vin spumant rose brut Jidvei Scintti 0.75L,30.49,RON,,0,catalogue,1
2026-08-11T09:36:22.121366+00:00,carrefour,10005302,Vin spumant IL Prosecco Mionetto 0.75 L,51.99,RON,,0,catalogue,1
2026-08-11T09:36:22.121615+00:00,carrefour,10508719,Vin spumant alb brut Jidvei Scintti 0.75L,30.49,RON,,0,catalogue,1
2026-08-11T09:36:22.121874+00:00,carrefour,10005517,Vin spumant rose Cotnari Feteasca Neagra Demisec 0.75L,34.99,RON,,0,catalogue,1
2026-08-11T09:36:22.122154+00:00,carrefour,10508247,"Vin alb spumant, Gran Cinzano,sec, 0.75L",36.9,RON,,0,catalogue,1
2026-08-11T09:36:22.122394+00:00,carrefour,10005820,"Vin Spumant, Angelli Blanc de Blancs, Demisec, 0.75l",27.99,RON,,0,catalogue,1
2026-08-11T09:36:22.122641+00:00,carrefour,10005757,"Vin Spumant Domeniile Davidescu, Rara Neagra, Rose, Brut, 0.75l",40.49,RON,,0,catalogue,1
2026-08-11T09:36:22.122934+00:00,carrefour,10508296,"Vin spumant Zarea, Dulce Bella Vita Asti, Alb, 0.75L",51.49,RON,,0,catalogue,1
2026-08-11T09:36:22.123189+00:00,carrefour,10005756,Vin perlant Rose Verite sec 0.25L,14.49,RON,,0,catalogue,1
2026-08-11T09:36:22.123435+00:00,carrefour,10005758,"Vin Spumant Domeniile Davidescu, Muscat & Viorica, Brut, 0.75l",40.49,RON,,0,catalogue,1
2026-08-11T09:36:22.123705+00:00,carrefour,10005515,Vin spumant alb Cotnari Francusa Extra Sec 0.75L,30.49,RON,,0,catalogue,1
2026-08-11T09:36:22.123977+00:00,carrefour,10005700,Vin Perlant Rose Verite 0.25L,14.49,RON,,0,catalogue,1
2026-08-11T09:36:22.124710+00:00,carrefour,10005438,"Vin Spumant Angelli Cuvee Gold Sleeve Edition, Dulce, 0.75l",27.99,RON,,0,catalogue,1
2026-08-11T09:36:22.125325+00:00,carrefour,10005769,"Vin Spumant, Angelli Cuvee Imperial, Demisec, 0.75l",28.49,RON,,0,catalogue,1
2026-08-11T09:36:22.125617+00:00,carrefour,10005606,"Prosecco Serena 1881, D.O.C, Brut, 0.75l",30.9,RON,,0,catalogue,1
2026-08-11T09:36:22.125918+00:00,carrefour,10508417,Vecchia Cantina di Montepulciano Rosu DOCG 0.75L,44.99,RON,,0,catalogue,1
2026-08-11T09:36:22.126209+00:00,carrefour,10508416,Tenuta Friggiali Rosso di Montalcino DOC 0.75L,71.05,RON,,0,catalogue,1
2026-08-11T09:36:22.126478+00:00,carrefour,10005653,"Dealurile Vinului, alb, demisec 2L",10.99,RON,,0,catalogue,1
2026-08-11T09:36:22.126723+00:00,carrefour,10002877,"Cupola Sanctis, Sfantul Ilie, rosu, 0.75L",53.49,RON,,0,catalogue,1
2026-08-11T09:36:22.127023+00:00,carrefour,10508433,"Budureasca Clasic Feteasca Regala, alb, demisec, 0.75L",32.99,RON,,0,catalogue,1
2026-08-11T09:36:22.127283+00:00,carrefour,10508429,"Budureasca Chardonnay, alb, sec, 0.75L",48.99,RON,,0,catalogue,1
2026-08-11T09:36:23.424936+00:00,carrefour,10508287,"Zestrea Riesling alb, demisec, 0.75L",17.99,RON,,0,catalogue,1
2026-08-11T09:36:23.426095+00:00,carrefour,10005492,"Vin Organic alb Domeniul Bogdan Cuvee Christian, Sec, 0.75L",34.19,RON,,0,catalogue,1
2026-08-11T09:36:23.426586+00:00,carrefour,10507737,Vin alb dulce Cave d'Augustin Florent bag in box 3L,65.99,RON,,0,catalogue,1
2026-08-11T09:36:23.426944+00:00,carrefour,10005239,Vin roze demidulce Schwaben 0.75L,18.19,RON,,0,catalogue,1
2026-08-11T09:36:23.427187+00:00,carrefour,10005802,"Vin rosu Schwaben, Cabernet Sauvignon/ Pinot Noir, 0.75L",18.19,RON,,0,catalogue,1
2026-08-11T09:36:23.427551+00:00,carrefour,10508136,Vin alb Beciul Domnesc Muscat Ottonel 0.75L,24.49,RON,,0,catalogue,1
2026-08-11T09:36:23.427822+00:00,carrefour,10005767,"Vin alb Beciul Domnesc Tamaioasa Romaneasca, demidulce, 0.75L",24.49,RON,,0,catalogue,1
2026-08-11T09:36:23.428113+00:00,carrefour,10005799,Vin alb demisec Schwaben Feteasca Regala 0.75L,18.19,RON,,0,catalogue,1
2026-08-11T09:36:23.428365+00:00,carrefour,10005254,Prosecco Mionetto Treviso D.O.C Brut 0.75L,39.89,RON,,0,catalogue,1
2026-08-11T09:36:23.428875+00:00,carrefour,10005331,"Vin spumant rose Veuve Du Vernay Ice, 0.75L",58.49,RON,,0,catalogue,1
2026-08-11T09:36:23.429221+00:00,carrefour,10005330,"Vin spumant alb Veuve Du Vernay Ice, 0.75L",46.49,RON,,0,catalogue,1
2026-08-11T09:36:23.429483+00:00,carrefour,10005539,"Vin rose Domeniul Bogdan Duh Cupaj, sec, 0.75L",40.99,RON,,0,catalogue,1
2026-08-11T09:36:23.429738+00:00,carrefour,10005542,"Vin rosu Domeniul Bogdan Duh Cupaj, sec, 0.75L",43.65,RON,,0,catalogue,1
2026-08-11T09:36:23.430030+00:00,carrefour,10005541,"Vin alb Domeniul Bogdan Duh, sec, 0.75L",43.65,RON,,0,catalogue,1
2026-08-11T09:36:23.430286+00:00,carrefour,10005540,"Vin alb Domeniul Bogdan Duh Chardonnay, sec, BIO 0.75L",43.65,RON,,0,catalogue,1
2026-08-11T09:36:23.430566+00:00,carrefour,10005381,"Vin alb Sarica Niculitel Caii De La Letea Sauvignon Blanc, sec, 0.75L",40.49,RON,,0,catalogue,1
2026-08-11T09:36:23.430853+00:00,carrefour,10005525,"Vin Sarica Niculitel Caii De La Letea Aligote Editie Limitata, sec, 0.75L",58.99,RON,,0,catalogue,1
2026-08-11T09:36:23.431183+00:00,carrefour,10005907,Vin rose Innocentia Cabernet Sauvignon Demidulce 0.75L,35.49,RON,,0,catalogue,1
2026-08-11T09:36:23.431439+00:00,carrefour,10005442,Vin alb Solo Quinta sec 0.75L,107.9,RON,,0,catalogue,1
2026-08-11T09:36:23.431685+00:00,carrefour,10005967,Vin rosu demidulce Innocentia Domeniile Baniei Feteasca Neagra 0.75 L,35.49,RON,,0,catalogue,1
2026-08-11T09:36:23.431985+00:00,carrefour,10005952,"Vin alb Innocentia, Chardonnay, demisec 0.75L",35.49,RON,,0,catalogue,1
2026-08-11T09:36:23.432239+00:00,carrefour,10005968,"Vin alb Innocentia, Sauvignon Blanc, sec 0.75L",35.49,RON,,0,catalogue,1
2026-08-11T09:36:23.432497+00:00,carrefour,10005207,"Vin Rose de Purcari, sec, 0.75L",34.99,RON,,0,catalogue,1
2026-08-11T09:36:23.432734+00:00,carrefour,10005219,Vin rosu sec Purcari Rara Neagra 0.75L,34.99,RON,,0,catalogue,1
2026-08-11T09:36:23.433060+00:00,carrefour,10005833,Vin alb sec Purcari Sauvignon Blanc 0.75L,34.99,RON,,0,catalogue,1
2026-08-11T09:36:23.433320+00:00,carrefour,10005558,Vin alb sec Pucari Viorica 0.75L,34.99,RON,,0,catalogue,1
2026-08-11T09:36:23.433567+00:00,carrefour,10005832,Vin alb sec Purcari Chardonnay 0.75L,34.99,RON,,0,catalogue,1
2026-08-11T09:36:23.433810+00:00,carrefour,10004657,Vin rose Silvania demidulce Pinot Noir 0.75L,35.49,RON,,0,catalogue,1
2026-08-11T09:36:23.434086+00:00,carrefour,10005766,"Vin Spumant Rose Verite, Brut, 0.75L",50.49,RON,,0,catalogue,1
2026-08-11T09:36:23.434323+00:00,carrefour,10507729,Vin rose Cotes de Provence La Cave d'Augustin Florent 3L,114.85,RON,,0,catalogue,1
2026-08-11T09:36:23.434614+00:00,carrefour,10005603,Vin alb Domeniile Prince Matei Rosturi 0.75L,31.9,RON,,0,catalogue,1
2026-08-11T09:36:23.434904+00:00,carrefour,10005605,Vin rosu Domeniile Prince Matei Rosturi 0.75L,31.9,RON,,0,catalogue,1
2026-08-11T09:36:23.435184+00:00,carrefour,10005565,"Vin rose Domeniile Davidescu, Sorginte, Demisec, 0.75L",40.49,RON,,0,catalogue,1
2026-08-11T09:36:23.435453+00:00,carrefour,10005604,Vin rose Domeniile Prince Matei Rosturi 0.75L,31.9,RON,,0,catalogue,1
2026-08-11T09:36:23.435713+00:00,carrefour,10005309,"Prosecco alb DOC Treviso, Corte delle Calli, 0.75L",48.95,RON,,0,catalogue,1
2026-08-11T09:36:23.436009+00:00,carrefour,10004608,Pelinul Dacilor Alb 0.75L,11.99,RON,,0,catalogue,1
2026-08-11T09:36:23.436259+00:00,carrefour,10005568,"Vin rosu sec Domenille Davidescu Rara Neagra & Saperavi, 13.5%, 0.75 L",30.95,RON,,0,catalogue,1
2026-08-11T09:36:23.436591+00:00,carrefour,10005566,"Vin rose , Domeniile Davidescu, Rara Neagra sec 0.75L",41.29,RON,,0,catalogue,1
2026-08-11T09:36:23.436855+00:00,carrefour,10508144,Vinul Principelui Rose demisec 2L,56.99,RON,,0,catalogue,1
2026-08-11T09:36:23.437200+00:00,carrefour,10005567,"Vin Rosu, Domeniile Davidescu, Feteasca Neagra & Malbec sec 0.75L",40.49,RON,,0,catalogue,1
2026-08-11T09:36:23.437494+00:00,carrefour,10005681,"Vin alb Domeniile Davidescu, Sauvignon Blanc & Chardonnay, sec 0.75L",40.49,RON,,0,catalogue,1
2026-08-11T09:36:23.437775+00:00,carrefour,10005571,"Vin Alb Domeniile Davidescu, Aligote & Muscat Ottonel, Sec, 0.75L",40.49,RON,,0,catalogue,1
2026-08-11T09:36:23.438092+00:00,carrefour,10005569,"Vin Alb Domeniile Davidescu Viorica & Pinot Grigio, Sec 0.75L",41.29,RON,,0,catalogue,1
2026-08-11T09:36:23.438374+00:00,carrefour,10508143,Vinul Principelui Merlot &Syrah demisec 2L,56.99,RON,,0,catalogue,1
2026-08-11T09:36:23.438635+00:00,carrefour,10508145,Vinul Principelui Sauvignon Blanc 2L,56.99,RON,,0,catalogue,1
2026-08-11T09:36:24.680328+00:00,carrefour,10003888,"Vin rosu sec, Feteasca Neagra Poem, 0.75L",48.99,RON,,0,catalogue,1
2026-08-11T09:36:24.680685+00:00,carrefour,10004148,"Vin alb sec Pivnita Savu Feteasca Regala, 0.75L",38.49,RON,,0,catalogue,1
2026-08-11T09:36:24.681053+00:00,carrefour,10004149,"Vin alb sec Pivnita Savu Sauvignon Blanc, 0.75L",38.49,RON,,0,catalogue,1
2026-08-11T09:36:24.681326+00:00,carrefour,10004147,"Vin alb Pivnita Savu Riesling, demisec 0.75L",38.49,RON,,0,catalogue,1
2026-08-11T09:36:24.681575+00:00,carrefour,10004049,"Vin rosu sec, Negrini Premium Negru de Dragasani, 0.75L",50.99,RON,,0,catalogue,1
2026-08-11T09:36:24.681837+00:00,carrefour,10004052,"Vin rose sec, Negrini Premium Rose, 0.75l",50.99,RON,,0,catalogue,1
2026-08-11T09:36:24.682136+00:00,carrefour,10004053,"Vin alb sec, Negrini Premium Sauvignon Blanc & Feteasca Regala, 075L",50.99,RON,,0,catalogue,1
2026-08-11T09:36:24.682430+00:00,carrefour,10003732,"Vin rosu sec, Panciu fara Sulfiti Cabernet Sauvignon, 0.75L",30.49,RON,,0,catalogue,1
2026-08-11T09:36:24.682904+00:00,carrefour,10003731,"Vin rose sec, Panciu fara Sulfiti, 0.75L",30.49,RON,,0,catalogue,1
2026-08-11T09:36:24.683395+00:00,carrefour,10003696,"Vin alb sec, Conu Albu Chardonnay, 0.75L",44.99,RON,,0,catalogue,1
2026-08-11T09:36:24.683839+00:00,carrefour,10003695,"Vin rose demisec, Nostalgia Merlot, 0.75L",29.49,RON,,0,catalogue,1
2026-08-11T09:36:24.684135+00:00,carrefour,10003694,"Vin alb demisec, Nostalgia Tamaioasa Romaneasca, 0.75L",29.49,RON,,0,catalogue,1
2026-08-11T09:36:24.684389+00:00,carrefour,10003906,"Vin rose demisec, Domeniile Blaga Flamingo, 0.75L",17.99,RON,,0,catalogue,1
2026-08-11T09:36:24.684642+00:00,carrefour,10003905,"Vin rosu sec, Domeniul Blaga Allegro, 0.75L",40.29,RON,,0,catalogue,1
2026-08-11T09:36:24.684936+00:00,carrefour,10003904,"Vin rosu sec, Domeniile Blaga Cabernet Sauvignon&Merlot, 0.75L",22.49,RON,,0,catalogue,1
2026-08-11T09:36:24.685282+00:00,carrefour,10003701,"Vin rosu sec, Villa Vinea Pinot Noir, 0.75L",43.99,RON,,0,catalogue,1
2026-08-11T09:36:24.685540+00:00,carrefour,10003700,"Vin rose sec, Villa Vinea, 0.75L",42.49,RON,,0,catalogue,1
2026-08-11T09:36:24.685781+00:00,carrefour,10003889,"Vin rose Busuioaca de Bohotin Domeniile Bohotin, demidulce, 0.75 L",28.49,RON,,0,catalogue,1
2026-08-11T09:36:24.686085+00:00,carrefour,10003890,"Vin rose Busuioaca de Bohotin Zurzur, demidulce, 0.75 L",22.49,RON,,0,catalogue,1
2026-08-11T09:36:24.686337+00:00,carrefour,10003922,"Vin rosu Feteasca Neagra Domeniile Bohotin, demidulce, 0.75 L",37.99,RON,,0,catalogue,1
2026-08-11T09:36:24.686593+00:00,carrefour,10003900,"Vin alb sec, Privilegium Feteasca Alba, 0.75L",37.99,RON,,0,catalogue,1
2026-08-11T09:36:24.686845+00:00,carrefour,10003897,"Vin alb demisec, Domeniul Ciumbrud Sauvignon Blanc, 0.75L",29.99,RON,,0,catalogue,1
2026-08-11T09:36:24.687149+00:00,carrefour,10003899,"Vin roze demidulce, Roza de Ciumbrud, Feteasca Neagra&Pinot Noir, 0.75L",29.99,RON,,0,catalogue,1
2026-08-11T09:36:24.687415+00:00,carrefour,10004600,Vin rosu 3 Pietre Merlot 0.75L,11.19,RON,,0,catalogue,1
2026-08-11T09:36:24.687668+00:00,carrefour,10004651,Vin rosu Zestrea Murfatlar Pinot Noir demidulce 0.75L,17.99,RON,,0,catalogue,1
2026-08-11T09:36:24.687961+00:00,carrefour,10004650,Vin rosu Zestera Murfatlar Cabernet Sauvignon demisec 0.75L,17.99,RON,,0,catalogue,1
2026-08-11T09:36:24.688227+00:00,carrefour,10004648,Vin rosu Sec de Murfatlar Cabernet Sauvignon Sec 0.75L,19.49,RON,,0,catalogue,1
2026-08-11T09:36:24.688494+00:00,carrefour,10004643,Vin rosu 3 Hectare Feteasca Neagra sec 0.75L,37.99,RON,,0,catalogue,1
2026-08-11T09:36:24.688746+00:00,carrefour,10004686,Vin rosu Terra Valleverde Divino 0.75L,54.99,RON,,0,catalogue,1
2026-08-11T09:36:24.689112+00:00,carrefour,10003102,"Vin rosu Crama Oprisor Maiastru, Cabernet Sauvignon, sec, mini 0.25 L",9.79,RON,,0,catalogue,1
2026-08-11T09:36:24.689395+00:00,carrefour,10003163,Vin rosu Domeniile Ostrov Naiada Syrah sec 0.75L,16.49,RON,,0,catalogue,1
2026-08-11T09:36:24.689658+00:00,carrefour,10004504,"Vin rosu Vinarte, Prince Mircea, Negru de Dragasani, sec, 0.75L",58.99,RON,,0,catalogue,1
2026-08-11T09:36:24.689973+00:00,carrefour,10004503,"Vin rosu Navigo Compas, Feteasca Neagra, sec, 0.75L",40.99,RON,,0,catalogue,1
2026-08-11T09:36:24.690298+00:00,carrefour,10004479,"Vin rosu Crama Oprisor Feteasca Neagra Sec, 0.75L",124.9,RON,,0,catalogue,1
2026-08-11T09:36:24.690564+00:00,carrefour,10003903,Vin rosu Domeniile Blaga Cabernet Sauvignon Cuvee M 0.75 L,40.29,RON,,0,catalogue,1
2026-08-11T09:36:24.690916+00:00,carrefour,10004994,"Vin Rosu Sange de Taur, Dulce, 0.75l",15.19,RON,,0,catalogue,1
2026-08-11T09:36:24.691192+00:00,carrefour,10002875,Vin rosu Sange de Taur Demidulce 1.5L,29.99,RON,,0,catalogue,1
2026-08-11T09:36:24.691439+00:00,carrefour,10003175,"Vin rosu Domeniile Urlati Pelin de Urlati, demisec 1.5L",28.55,RON,,0,catalogue,1
2026-08-11T09:36:24.691697+00:00,carrefour,10003142,"Vin rosu Tohani, Pinot Noir Demidulce, 0.75L",18.99,RON,,0,catalogue,1
2026-08-11T09:36:24.691978+00:00,carrefour,10005068,"Vin rosu Castel Starmina Merlot, 0.75L",20.99,RON,,0,catalogue,1
2026-08-11T09:36:24.692276+00:00,carrefour,10004915,Vin rosu Prahova Valley Feteasca Neagra Demisec 0.75L,25.99,RON,,0,catalogue,1
2026-08-11T09:36:24.692543+00:00,carrefour,10003564,"Vin Rosu Averesti, Cabernet Sauvignon, D.O.C, Sec, 0.75l",19.99,RON,,0,catalogue,1
2026-08-11T09:36:24.692808+00:00,carrefour,10003270,"Vin Castel Starmina Feteasca Neagra, 0.75L",20.99,RON,,0,catalogue,1
2026-08-11T09:36:24.693161+00:00,carrefour,10002711,"Vin rosu Pelin de Urlati Domeniile Urlati, demisec 0.75L",17.99,RON,,0,catalogue,1
2026-08-11T09:36:24.693428+00:00,carrefour,10002705,"Vin rosu Maiastru Crama Oprisor Cabernet Sauvignon, 0.75L",19.99,RON,,0,catalogue,1
2026-08-11T09:36:24.693727+00:00,carrefour,10002704,"Vin rosu Maiastru Crama Oprisor, Feteasca Neagra 0.75L",19.99,RON,,0,catalogue,1
2026-08-11T09:36:24.694071+00:00,carrefour,10002694,"Vin Rosu Serve Cuvee Charlotte, Sec, 0.75l",157.9,RON,,0,catalogue,1
2026-08-11T09:36:24.694346+00:00,carrefour,10004184,"Vin rosu Alira Merlot, Sec, 0.75L",49.49,RON,,0,catalogue,1
2026-08-11T09:36:25.673192+00:00,carrefour,10003395,"Vin rosu Girboiu Livia Feteasca Neagra, Sec, 0.75L",25.99,RON,,0,catalogue,1
2026-08-11T09:36:25.673555+00:00,carrefour,10003117,"Vin rosu Basilescu Eclipse Feteasca Neagra, Demisec, 0.75L",27.49,RON,,0,catalogue,1
2026-08-11T09:36:25.673829+00:00,carrefour,10003429,"Vin rosu Basilescu Eclipse Cabernet Sauvignon, Sec, 0.75L",27.99,RON,,0,catalogue,1
2026-08-11T09:36:25.674168+00:00,carrefour,10003159,"Vin rosu Domeniile Urlati Cabernet Sauvignon, Sec 0.75L",46.49,RON,,0,catalogue,1
2026-08-11T09:36:25.674430+00:00,carrefour,10003158,"Vin rosu Domeniile Urlati Feteasca Neagra, Sec 0.75L",41.49,RON,,0,catalogue,1
2026-08-11T09:36:25.674685+00:00,carrefour,10003430,"Vin rosu Basilescu Eclipse Pinot Noir, Sec, 0.75L",27.49,RON,,0,catalogue,1
2026-08-11T09:36:25.674989+00:00,carrefour,10003406,"Vin rosu Eclipse, Crama Basilescu, Cupaj rosu, Sec, 0.75L",27.99,RON,,0,catalogue,1
2026-08-11T09:36:25.675261+00:00,carrefour,10003304,"Vin rosu Basilescu Eclipse Merlot, Sec, 0.75L",28.49,RON,,0,catalogue,1
2026-08-11T09:36:25.675519+00:00,carrefour,10004046,"Vin rosu Negrini Muga, Cabernet Sauvignon, sec 0.75L",81.99,RON,,0,catalogue,1
2026-08-11T09:36:25.675774+00:00,carrefour,10004045,"Vin rosu Negrini Muga, Negru de Dragasani, sec, 0.75L",86.99,RON,,0,catalogue,1
2026-08-11T09:36:25.676110+00:00,carrefour,10004044,"Vin rosu Negrini Muga, Merlot, 0.75L",81.49,RON,,0,catalogue,1
2026-08-11T09:36:25.676399+00:00,carrefour,10003221,"Vin rosu Crama Oprisor Sfintii Petru si Pavel, 0.75L",59.49,RON,,0,catalogue,1
2026-08-11T09:36:25.676695+00:00,carrefour,10002912,"Vin rosu Crama Oprisor Sfintii Constantin si Elena, 0.75L",58.99,RON,,0,catalogue,1
2026-08-11T09:36:25.677077+00:00,carrefour,10002878,"Vin rosu Crama Oprisor Sfanta Maria, 0.75L",56.99,RON,,0,catalogue,1
2026-08-11T09:36:25.677373+00:00,carrefour,10002752,"Vin rosu Crama Oprisor Sfantul Andrei, 0.75L",51.49,RON,,0,catalogue,1
2026-08-11T09:36:25.677639+00:00,carrefour,10003013,Vin rosu Jidvei Perla Transilvaniei demisec 1.5 litri,21.49,RON,,0,catalogue,1
2026-08-11T09:36:25.677937+00:00,carrefour,10003932,"Vin rosu Hora Murfatlar, Pinot Noir, 0.75L",15.49,RON,,0,catalogue,1
2026-08-11T09:36:25.678225+00:00,carrefour,10004082,"Vin rosu Boier Bibicu Feteasca Neagra, sec 0.75L",17.49,RON,,0,catalogue,1
2026-08-11T09:36:25.678648+00:00,carrefour,10004077,"Vin rosu Basileus Feteasca Neagra, sec 0.75L",30.99,RON,,0,catalogue,1
2026-08-11T09:36:25.678949+00:00,carrefour,10004113,"Vin rosu Serve Cuvee Guillaume, Sec, 0.75L",91.99,RON,,0,catalogue,1
2026-08-11T09:36:25.679214+00:00,carrefour,10003356,"Vin rosu Serve Terra Romana Cabernet Sauvignon, Sec, 0.75L",48.99,RON,,0,catalogue,1
2026-08-11T09:36:25.679485+00:00,carrefour,10002743,"Vin rosu Serve Terra Romana Milenium, Sec, 0.75L",58.99,RON,,0,catalogue,1
2026-08-11T09:36:25.679758+00:00,carrefour,10004124,"Vin rosu Vinarte Castel Bolovanu, Novac, Sec, 0.75L",23.99,RON,,0,catalogue,1
2026-08-11T09:36:25.680084+00:00,carrefour,10004123,"Vin rosu Vinarte Castel Bolovanu, Feteasca Neagra, Sec, 0.75L",23.99,RON,,0,catalogue,1
2026-08-11T09:36:25.680360+00:00,carrefour,10003600,"Vin rosu Hermeziu Te Ispiteste, Cabernet Sauvignon, sec, 0.75L",40.99,RON,,0,catalogue,1
2026-08-11T09:36:25.680630+00:00,carrefour,10003567,"Vin rosu Crama Hermeziu Ravase Feteasca Neagra, demisec 0.75L",27.49,RON,,0,catalogue,1
2026-08-11T09:36:25.680960+00:00,carrefour,10004985,"Vin rosu, Domeniile Tohani Dealu Mare, Cabernet Sauvignon, sec 0.75L",18.99,RON,,0,catalogue,1
2026-08-11T09:36:25.681316+00:00,carrefour,10004984,"Vin rosu Domeniile Tohani, Feteasca Neagra, Demisec, 0.75l",18.99,RON,,0,catalogue,1
2026-08-11T09:36:25.681818+00:00,carrefour,10004295,Vin rosu Budureasca Clasic Feteasca Neagra Demisec 2019,37.49,RON,,0,catalogue,1
2026-08-11T09:36:25.682159+00:00,carrefour,10003121,"Vin rosu Budureasca Nobel Five, Sec, 0.75l",104.9,RON,,0,catalogue,1
2026-08-11T09:36:25.682436+00:00,carrefour,10003103,"Vin rosu Caloian Merlot, Sec, 0.75l",25.49,RON,,0,catalogue,1
2026-08-11T09:36:25.682684+00:00,carrefour,10002979,"Vin rosu Domeniile Tohani, Mosia de la Tohani Pinot Noir, demisec 0.75l",28.99,RON,,0,catalogue,1
2026-08-11T09:36:25.683013+00:00,carrefour,10002977,"Vin rosu Mosia de la Tohani, Feteasca Neagra, Demisec, 0.75l",27.99,RON,,0,catalogue,1
2026-08-11T09:36:25.683284+00:00,carrefour,10003825,"Vin rosu Domeniile Tohani, Mosia de la Tohani Shiraz, demisec 0.75l",27.99,RON,,0,catalogue,1
2026-08-11T09:36:25.683564+00:00,carrefour,10003354,"Vin rosu Serve Vinul Cavalerului Cabernet Sauvignon, Sec, 0.75l",28.49,RON,,0,catalogue,1
2026-08-11T09:36:25.683886+00:00,carrefour,10004763,"Vin rosu Serve Vinul Cavalerului, Pinot Noir 2018, 0.75l",31.99,RON,,0,catalogue,1
2026-08-11T09:36:25.684365+00:00,carrefour,10004760,"Vin rosu Serve Vinul Cavalerului Merlot, Sec, 0.75l",27.99,RON,,0,catalogue,1
2026-08-11T09:36:25.684654+00:00,carrefour,10005014,"Vin rosu sec Vinul Cavalerului Serve, Feteasca Neagra 2015, 0.75L",27.99,RON,,0,catalogue,1
2026-08-11T09:36:25.685040+00:00,carrefour,10003777,"Vin rosu sec, Alira Grand Feteasca neagra, 0.75L",40.49,RON,,0,catalogue,1
2026-08-11T09:36:25.685321+00:00,carrefour,10003485,"Vin rosu sec, Alira Cuvee, 2014, 0.75L",49.49,RON,,0,catalogue,1
2026-08-11T09:36:25.686198+00:00,carrefour,10003827,"Vin rosu sec, Siel, 0.75L",35.99,RON,,0,catalogue,1
2026-08-11T09:36:25.686460+00:00,carrefour,10003500,"Vin rosu sec, Domeniul Panciu Riserva Babeasca Neagra, 0.75L",30.49,RON,,0,catalogue,1
2026-08-11T09:36:25.686755+00:00,carrefour,10003183,"Vin rosu sec, Domeniul Panciu Feteasca Neagra, 0.75L",57.49,RON,,0,catalogue,1
2026-08-11T09:36:25.687083+00:00,carrefour,10004834,"Vin rosu sec, Castel Bolovanu Cabernet Sauvignon, 0.75L",23.99,RON,,0,catalogue,1
2026-08-11T09:36:25.687348+00:00,carrefour,10003439,"Vin rosu sec, Domeniile Vinarte, 0.75L",29.49,RON,,0,catalogue,1
2026-08-11T09:36:25.687597+00:00,carrefour,10003337,"Vin rosu, Alira Flamma rosu Savuros 2017, 0.75L",31.49,RON,,0,catalogue,1
2026-08-11T09:36:26.842888+00:00,carrefour,10003131,"Vin rosu sec, Domeniile Samburesti Pinot Noir, 0.75L",37.99,RON,,0,catalogue,1
2026-08-11T09:36:26.843524+00:00,carrefour,10003130,"Vin rosu sec, Domeniile Samburesti Feteasca Neagra, 0.75L",32.99,RON,,0,catalogue,1
2026-08-11T09:36:26.844151+00:00,carrefour,10002902,"Vin rosu sec, Domeniile Samburesti Merlot, 0.75L",32.99,RON,,0,catalogue,1
2026-08-11T09:36:26.844761+00:00,carrefour,10004847,"Vin rosu, La Cetate Pinot Noir, 0.75L",39.49,RON,,0,catalogue,1
2026-08-11T09:36:26.845391+00:00,carrefour,10004845,"Vin rosu, La Cetate Merlot, 0.75L",39.49,RON,,0,catalogue,1
2026-08-11T09:36:26.845956+00:00,carrefour,10003104,"Vin rosu, Caloian Cabernet Sauvignon, 0.75L",25.49,RON,,0,catalogue,1
2026-08-11T09:36:26.846474+00:00,carrefour,10002986,"Vin rosu, Caloian Feteasca Neagra, 0.75L",25.49,RON,,0,catalogue,1
2026-08-11T09:36:26.847051+00:00,carrefour,10002909,"Vin rosu,La Cetate Feteasca Neagra, 0.75L",42.99,RON,,0,catalogue,1
2026-08-11T09:36:26.847580+00:00,carrefour,10002706,"Vin rosu, La Cetate Shiraz, 0.75L",39.49,RON,,0,catalogue,1
2026-08-11T09:36:26.848101+00:00,carrefour,10002668,"Vin rosu, La Cetate Cabernet Sauvignon, 0.75L",42.49,RON,,0,catalogue,1
2026-08-11T09:36:26.848650+00:00,carrefour,10003815,"Vin rosu, Navigo Compas Shiraz, 0.75L",40.99,RON,,0,catalogue,1
2026-08-11T09:36:26.849272+00:00,carrefour,10003563,"Vin rosu Feteasca Neagra Nativa, sec, 0.75 L",45.49,RON,,0,catalogue,1
2026-08-11T09:36:26.849684+00:00,carrefour,10004964,"Vin rosu Byzantium Rosso, 0.75L",37.49,RON,,0,catalogue,1
2026-08-11T09:36:26.850134+00:00,carrefour,10003313,"Vin rosu sec, Budureasca Premium Feteasca Neagra, 0.75L",48.99,RON,,0,catalogue,1
2026-08-11T09:36:26.850433+00:00,carrefour,10003189,"Vin rosu sec, Budureasca Premium Cabernet Sauvignon, 0.75L",49.99,RON,,0,catalogue,1
2026-08-11T09:36:26.850700+00:00,carrefour,10002970,"Vin rosu demisec, Budureasca Clasic Merlot, 0.75L",32.99,RON,,0,catalogue,1
2026-08-11T09:36:26.850998+00:00,carrefour,10003436,"Vin rosu demisec, Budureasca Clasic Cabernet Sauvignon, 0.75L",32.99,RON,,0,catalogue,1
2026-08-11T09:36:26.851273+00:00,carrefour,10003120,"Vin rosu sec, Budureasca Origini Cabernet Sauvignon, 0.75L",120.9,RON,,0,catalogue,1
2026-08-11T09:36:26.851539+00:00,carrefour,10002945,"Vin rosu sec, Budureasca Premium Zenovius, 0.75L",49.99,RON,,0,catalogue,1
2026-08-11T09:36:26.851798+00:00,carrefour,10002942,"Vin rosu sec, Budureasca Bio Merlot, alcool 13.5%, 0.75L",42.49,RON,,0,catalogue,1
2026-08-11T09:36:26.852113+00:00,carrefour,10002943,"Vin rosu sec, Budureasca Premium Merlot, 0.75L",48.99,RON,,0,catalogue,1
2026-08-11T09:36:26.852380+00:00,carrefour,10002783,"Vin rosu demisec, Budureasca Clasic Feteasca Neagra, alcool 14.5%, 0.75 L",32.99,RON,,0,catalogue,1
2026-08-11T09:36:26.852678+00:00,carrefour,10004971,"Sampanie Veuve Clicquot Brut, 0.75L in cutie pentru cadou",352.9,RON,,0,catalogue,1
2026-08-11T09:36:26.853040+00:00,carrefour,10004836,"Sampanie Moet&Chandon Brut Imperial, alcool 12%, 0.75L in cutie pentru cadou",286.9,RON,,0,catalogue,1
2026-08-11T09:36:26.853344+00:00,carrefour,10003773,"Sampanie Moet&Chandon Ice Imperial, alcool 12%, 0.75L",384.9,RON,,0,catalogue,1
2026-08-11T09:36:26.853612+00:00,carrefour,10004094,Vin rose Mysterium Pinot Noir Roze 0.75L,65.69,RON,,0,catalogue,1
2026-08-11T09:36:26.853907+00:00,carrefour,10004486,"Prosecco White Riunite Treviso D.O.C, Brut, 0.75L",49.49,RON,,0,catalogue,1
2026-08-11T09:36:26.854209+00:00,carrefour,10004488,"Prosecco Maschio Conegliano DOCG Extra Dry 11%, 0.75 L",59.49,RON,,0,catalogue,1
2026-08-11T09:36:26.854484+00:00,carrefour,10003844,Vin spumant rose Prosecco Maschio Doc Treviso Magnum,149.9,RON,,0,catalogue,1
2026-08-11T09:36:26.854743+00:00,carrefour,10003715,"Vin spumant alb, Prosecco Maschio DOC Millesimato, 0.75L",56.79,RON,,0,catalogue,1
2026-08-11T09:36:26.855056+00:00,carrefour,10003420,"Vin spumant alb, Prosecco Grande Vento, 0.75L",37.99,RON,,0,catalogue,1
2026-08-11T09:36:26.855318+00:00,carrefour,10003980,"Vin spumant rose Prosecco, extra dry, Machio Rose , 0.75L",40.99,RON,,0,catalogue,1
2026-08-11T09:36:26.855584+00:00,carrefour,10003843,"Vin spumant alb, extra dry, Maschio Prosecco DOC Treviso, 0.2L",16.99,RON,,0,catalogue,1
2026-08-11T09:36:26.855884+00:00,carrefour,10003766,"Vin spumant alb, Riunite Prosecco Frizzante DOC Treviso, 0.75L",38.99,RON,,0,catalogue,1
2026-08-11T09:36:26.856196+00:00,carrefour,10003718,"Vin spumant alb, extra dry, Riunite Prosecco DOC Treviso, 0.75L",40.59,RON,,0,catalogue,1
2026-08-11T09:36:26.856469+00:00,carrefour,10003716,"Vin spumant alb, Maschio Prosecco Valdobbiadene Millesimato DOCG, 0.75L",65.49,RON,,0,catalogue,1
2026-08-11T09:36:26.856749+00:00,carrefour,10003714,"Vin spumant alb, extra dry, Maschio Prosecco DOC Treviso, 0.75L",40.99,RON,,0,catalogue,1
2026-08-11T09:36:26.857124+00:00,carrefour,10002893,"Vin spumant alb Martini Prosecco, sec, 0.75 L",41.3,RON,,0,catalogue,1
2026-08-11T09:36:26.857378+00:00,carrefour,10003258,Prosecco Zarea 0.75 L,49.9,RON,,0,catalogue,1
2026-08-11T09:36:26.857607+00:00,carrefour,10003146,"Vin spumant alb Prosecco DOC Zarea, demisec, 0.75 L",49.9,RON,,0,catalogue,1
2026-08-11T09:36:26.857873+00:00,carrefour,10003093,"Vin rosu sec Incantation DOC-CMD Villa Vinea, 0.75L",97.49,RON,,0,catalogue,1
2026-08-11T09:36:26.858176+00:00,carrefour,10003561,"Vin rose demisec, Basilescu Autentique, 0.75L",52.99,RON,,0,catalogue,1
2026-08-11T09:36:26.858424+00:00,carrefour,10003848,"Vin alb sec, Principele Radu Chardonnay, 0.75L",76.49,RON,,0,catalogue,1
2026-08-11T09:36:26.858686+00:00,carrefour,10003828,"Vin alb dulce Tohani Flori de gheata Tamaioasa Romaneasca, 375ml",51.49,RON,,0,catalogue,1
2026-08-11T09:36:26.858993+00:00,carrefour,10003633,"Vin rosu sec, Principele Radu Merlot, 0.75L",76.49,RON,,0,catalogue,1
2026-08-11T09:36:26.859258+00:00,carrefour,10003698,"Vin rosu sec, Crama Viisoara Cuvee Ioan, 0.75L",131.9,RON,,0,catalogue,1
2026-08-11T09:36:26.859518+00:00,carrefour,10003796,"Vin alb sec, Bacanta Chardonnay, 0.75L",77.99,RON,,0,catalogue,1
2026-08-11T09:36:26.859768+00:00,carrefour,10003795,"Vin rosu sec, Tectonic Feteasca Neagra, 0.75L",37.49,RON,,0,catalogue,1
2026-08-11T09:36:28.058950+00:00,carrefour,10003560,"Vin rosu sec, Basilescu Autentique sec, 0.75 L",59.49,RON,,0,catalogue,1
2026-08-11T09:36:28.059293+00:00,carrefour,10003618,"Vin alb Golem Basilescu Vincon, sec, 0.75 L",55.99,RON,,0,catalogue,1
2026-08-11T09:36:28.059559+00:00,carrefour,10003619,"Vin rosu demisec, Ingeri din Micul Paris, demisec, 0.75 L",60.99,RON,,0,catalogue,1
2026-08-11T09:36:28.059849+00:00,carrefour,10003804,"Vin rosu sec, Villa Vinea Rubin Selection, 0.75L",111.9,RON,,0,catalogue,1
2026-08-11T09:36:28.060128+00:00,carrefour,10003798,"Vin alb sec, Villa Vinea Gewurztraminer Clasic, 0.75L",75.49,RON,,0,catalogue,1
2026-08-11T09:36:28.060395+00:00,carrefour,10003802,"Vin rosu sec, Villa Vinea Feteasca Neagra Selection, 0.75L",111.9,RON,,0,catalogue,1
2026-08-11T09:36:28.060661+00:00,carrefour,10003803,"Vin alb sec, Villa Vinea Diamant Selection Feteasca Regala, 0.75L",102.9,RON,,0,catalogue,1
2026-08-11T09:36:28.061021+00:00,carrefour,10003801,"Vin rosu sec, Villa Vinea Pinot Noir Selection, 0.75L",98.49,RON,,0,catalogue,1
2026-08-11T09:36:28.061305+00:00,carrefour,10004853,"Vin rosu sec, Soare Cabernet Sauvignon Vinarte, 0.75L",130.9,RON,,0,catalogue,1
2026-08-11T09:36:28.061568+00:00,carrefour,10004835,"Vin rosu sec, Prince Mircea Merlot Vinarte, 0.75L",59.65,RON,,0,catalogue,1
2026-08-11T09:36:28.061862+00:00,carrefour,10003853,"Vin rosu sec, Prince Mircea Feteasca Neagra, 0.75L",59.65,RON,,0,catalogue,1
2026-08-11T09:36:28.062137+00:00,carrefour,10003852,"Vin rosu sec, Prince Mircea Cabernet Sauvignon Vinarte, 0.75L",59.65,RON,,0,catalogue,1
2026-08-11T09:36:28.062405+00:00,carrefour,10003780,"Vin alb sec, Alira Sauvignon Blanc, Winero Crama, 2018, 0.75L",58.99,RON,,0,catalogue,1
2026-08-11T09:36:28.062683+00:00,carrefour,10003779,"Vin rosu sec, Alira Concordia Feteasca Neagra&Merlot 2015, 0.75L",53.49,RON,,0,catalogue,1
2026-08-11T09:36:28.063002+00:00,carrefour,10003728,"Vin rose sec, Alira, Winero Crama, 2018, 0.75L",58.99,RON,,0,catalogue,1
2026-08-11T09:36:28.063264+00:00,carrefour,10003640,"Vin rosu sec, Chateau Valvis Feteasca Neagra, 0.75L",99.99,RON,,0,catalogue,1
2026-08-11T09:36:28.063555+00:00,carrefour,10003026,"Vin alb sec, Chateau Valvis Chardonnay, 0.75L",95.99,RON,,0,catalogue,1
2026-08-11T09:36:28.065806+00:00,carrefour,10003024,"Vin rosu sec, Chateau Valvis Cabernet Sauvignon, 0.75L",93.49,RON,,0,catalogue,1
2026-08-11T09:36:28.066151+00:00,carrefour,10002691,"Vin rosu sec, Crama Oprisor Dragaica Rosie, 0.75L",68.99,RON,,0,catalogue,1
2026-08-11T09:36:28.066418+00:00,carrefour,10002690,"Vin alb sec, Crama Oprisor Rusalca alba, 0.75L",58.49,RON,,0,catalogue,1
2026-08-11T09:36:28.066679+00:00,carrefour,10002689,"Vin rosu sec, Crama Oprisor, Cabernet Sauvignon, 0.75L",119.9,RON,,0,catalogue,1
2026-08-11T09:36:28.066981+00:00,carrefour,10003476,"Vin alb Jidvei Owners Choice Ana Chardonnay, Sec, 0.75l",76.99,RON,,0,catalogue,1
2026-08-11T09:36:28.067275+00:00,carrefour,10003475,"Vin alb Jidvei Owners Choice Ana Sauvignon Blanc, Sec, 0.75l",76.99,RON,,0,catalogue,1
2026-08-11T09:36:28.067550+00:00,carrefour,10003474,"Vin alb Jidvei Owners Choice Maria Feteasca alba, Sec, 0.75l",76.99,RON,,0,catalogue,1
2026-08-11T09:36:28.068005+00:00,carrefour,10003473,"Vin alb Jidvei Owners Choice Maria Pinot Gris, Sec, 0.75l",76.99,RON,,0,catalogue,1
2026-08-11T09:36:28.068487+00:00,carrefour,10003484,"Vin rosu sec, Hyperion Feteasca Neagra, 0.75L",130.9,RON,,0,catalogue,1
2026-08-11T09:36:28.068749+00:00,carrefour,10003483,"Vin alb sec, Hyperion Pinot Grigio, 0.75L",102.9,RON,,0,catalogue,1
2026-08-11T09:36:28.069092+00:00,carrefour,10002879,"Vin rosu sec, Hyperion Cabernet Sauvignon, 0.75L",94.99,RON,,0,catalogue,1
2026-08-11T09:36:28.069356+00:00,carrefour,10003204,"Vin alb sec, Budureasca Origini Oromanisa Cupaj, alcool 13.5%, 0.75L",88.99,RON,,0,catalogue,1
2026-08-11T09:36:28.069640+00:00,carrefour,10004596,Vin rose Alai demisec 0.75L,25.99,RON,,0,catalogue,1
2026-08-11T09:36:28.069910+00:00,carrefour,10004640,Vin licoros rose Lacrima lui Ovidiu 0.75L,42.49,RON,,0,catalogue,1
2026-08-11T09:36:28.070176+00:00,carrefour,10004649,Vin rose Zestrea Murfatlar Merlot&Cabernet Sauvignon demidulce 0.75L,17.99,RON,,0,catalogue,1
2026-08-11T09:36:28.070440+00:00,carrefour,10004647,Vin roze 3 Hectare Cabernet Sauvignon Sec 0.75L,37.99,RON,,0,catalogue,1
2026-08-11T09:36:28.070688+00:00,carrefour,10004642,Vin roze Sec de Murfatlar Merlot sec 0.75L,19.49,RON,,0,catalogue,1
2026-08-11T09:36:28.070989+00:00,carrefour,10004684,Vin rose Terra Valleverde sec 0.75L,48.49,RON,,0,catalogue,1
2026-08-11T09:36:28.071233+00:00,carrefour,10004575,Vin rose demisec Jidvei Weinland 0.75L,19.49,RON,,0,catalogue,1
2026-08-11T09:36:28.071471+00:00,carrefour,10004574,"Vin rose demidulce Roza Feteasca Neagra & Pinot Noir, Ciumbrud, 0.25L",7.29,RON,,0,catalogue,1
2026-08-11T09:36:28.071737+00:00,carrefour,10004378,Vin rose Apus Busuioaca de Bohotin & Traminer 0.75L,67.99,RON,,0,catalogue,1
2026-08-11T09:36:28.072049+00:00,carrefour,10004385,Vin rose demisec Familia Darabont BO Merlot 0.75L,39.99,RON,,0,catalogue,1
2026-08-11T09:36:28.072308+00:00,carrefour,10004381,"Vin rose demisec X+Y Traminer, 13.5% alc., 750 ml",31.49,RON,,0,catalogue,1
2026-08-11T09:36:28.072560+00:00,carrefour,10004877,Vin rose demidulce Jidvei Traditional 0.75L,16.89,RON,,0,catalogue,1
2026-08-11T09:36:28.072798+00:00,carrefour,10004433,Vin rose demidulce Perla Jidvei 1.5 L,21.49,RON,,0,catalogue,1
2026-08-11T09:36:28.073136+00:00,carrefour,10004397,Vin rose Podgoria Silvania 1251 Pinot Noir 0.75L,48.99,RON,,0,catalogue,1
2026-08-11T09:36:28.073413+00:00,carrefour,10004360,"Vin Rose sec Domeniile Bohotin, Simbol, Busuioaca de Bohotin 0.75L",38.75,RON,,0,catalogue,1
2026-08-11T09:36:28.073687+00:00,carrefour,10003305,"Vin Rose Budureasca Bristena Busuioaca de Bohotin, Demidulce, 0.75l",49.49,RON,,0,catalogue,1
2026-08-11T09:36:28.074016+00:00,carrefour,10003601,"Vin rose Hermeziu Vladomira, Busuioaca de Bohotin, Demidulce, 0.75L",46.49,RON,,0,catalogue,1
2026-08-11T09:36:28.074308+00:00,carrefour,10003260,"Vin rose Casa Panciu, Babeasca Neagra, 0.75L",19.99,RON,,0,catalogue,1
2026-08-11T09:36:28.074576+00:00,carrefour,10003341,Vin rose Prahova Valley Merlot Demisec 0.75L,25.99,RON,,0,catalogue,1
2026-08-11T09:36:29.367220+00:00,carrefour,10003331,"Vin rose Domeniile Urlati, Pelin de Urlati, Demisec, 0.75L",16.85,RON,,0,catalogue,1
2026-08-11T09:36:29.367572+00:00,carrefour,10004265,"Vin rose Panciu Riserva, Demisec, 0.75L",30.49,RON,,0,catalogue,1
2026-08-11T09:36:29.367861+00:00,carrefour,10004322,Vin rose sec Domeniile Urlati Saac 0.75L,48.49,RON,,0,catalogue,1
2026-08-11T09:36:29.368122+00:00,carrefour,10003729,"Vin rose Averesti Diamond, Busuioaca D.O.C, Sec, 0.75l",83.49,RON,,0,catalogue,1
2026-08-11T09:36:29.368448+00:00,carrefour,10003266,"Vin rose Domeniile Averesti, Busuioaca de Bohotin, Demidulce, D.O.C, 0.75L",28.49,RON,,0,catalogue,1
2026-08-11T09:36:29.368730+00:00,carrefour,10003264,"Vin rose Domeniile Averesti, D.O.C, Sec, 0.75L",21.49,RON,,0,catalogue,1
2026-08-11T09:36:29.369072+00:00,carrefour,10003300,"Vin rose Basilescu Eclipse Cupaj, Sec, 0.75l",28.49,RON,,0,catalogue,1
2026-08-11T09:36:29.369328+00:00,carrefour,10003394,"Vin rose Girboiu Livia, Sec, 0.75l",26.49,RON,,0,catalogue,1
2026-08-11T09:36:29.369595+00:00,carrefour,10004003,"Vin rose Tectonic, Pinot Noir&Cabernet Sauvignon, Sec, 0.75L",37.49,RON,,0,catalogue,1
2026-08-11T09:36:29.369905+00:00,carrefour,10003119,"Vin rose Basilescu Eclipse Busuioaca, Demidulce, 0.75L",28.49,RON,,0,catalogue,1
2026-08-11T09:36:29.370163+00:00,carrefour,10003118,"Vin rose Basilescu Eclipse Busuioaca, Sec, 0.75L",32.49,RON,,0,catalogue,1
2026-08-11T09:36:29.370416+00:00,carrefour,10004047,"Vin rose Negrini Muga Merolt, Sec, 0.75L",74.99,RON,,0,catalogue,1
2026-08-11T09:36:29.370671+00:00,carrefour,10003306,"Vin rose Maiastru Crama Oprisor, Demisec, 0.25L",9.89,RON,,0,catalogue,1
2026-08-11T09:36:29.370960+00:00,carrefour,10003289,"Vin rose Jidvei Grigorescu rose, demisec 0.75 l",21.99,RON,,0,catalogue,1
2026-08-11T09:36:29.371213+00:00,carrefour,10003432,"Vin rose Serve Le rose, sec, 0.75L",43.49,RON,,0,catalogue,1
2026-08-11T09:36:29.371454+00:00,carrefour,10004083,Vin rose Boier Bibicu Busuioaca 0.75L,16.49,RON,,0,catalogue,1
2026-08-11T09:36:29.371722+00:00,carrefour,10004076,Vin rose Fresh Syrah By Zoresti 0.75L,29.99,RON,,0,catalogue,1
2026-08-11T09:36:29.372017+00:00,carrefour,10003464,"Vin rose Maiastru Crama Oprisor, Merlot, demisec, 0.75L",19.99,RON,,0,catalogue,1
2026-08-11T09:36:29.372278+00:00,carrefour,10004962,Vin rose Vinarte Castel Starmina Demisec 0.75L,20.49,RON,,0,catalogue,1
2026-08-11T09:36:29.372534+00:00,carrefour,10004126,"Vin rose Vinarte Castel Bolovanu, Cabernet Sauvignon, Sec, 0.75L",23.99,RON,,0,catalogue,1
2026-08-11T09:36:29.372831+00:00,carrefour,10004063,"Vin rose Vinarte Prince Mircea, Merlot & Cabernet Sauvignon, Sec, 0.75L",74.19,RON,,0,catalogue,1
2026-08-11T09:36:29.373174+00:00,carrefour,10003566,"Vin rose Crama Hermeziu Ravase Feteasca Neagra, demisec 0.75L",27.49,RON,,0,catalogue,1
2026-08-11T09:36:29.373436+00:00,carrefour,10004092,"Vin rose Siel de Vara, Domeniile Tohani, sec, 0.75L",35.99,RON,,0,catalogue,1
2026-08-11T09:36:29.373703+00:00,carrefour,10004091,Vin rose Tohani Flori de Gheata Busuioaca,53.49,RON,,0,catalogue,1
2026-08-11T09:36:29.374001+00:00,carrefour,10002659,"Vin rose Zarea, Sange De Taur, Dulce, 0.75L",15.19,RON,,0,catalogue,1
2026-08-11T09:36:29.374256+00:00,carrefour,10004105,"Vin rose Silvania Pinot Noir, 0.75l",30.99,RON,,0,catalogue,1
2026-08-11T09:36:29.374515+00:00,carrefour,10003826,Vin rose Mosia de la Tohani rose Busuioaca vinificata in alb & Tamaioasa Romaneasca Demidulce 0.75L,28.49,RON,,0,catalogue,1
2026-08-11T09:36:29.374845+00:00,carrefour,10003056,"Vin rose Averesti Herb, Busuioaca de Bohotin, D.O.C, Demisec, 0.75l",30.49,RON,,0,catalogue,1
2026-08-11T09:36:29.375121+00:00,carrefour,10003015,"Vin rose Jidvei Nec Plus Ultra, Demisec, 0.75l",35.99,RON,,0,catalogue,1
2026-08-11T09:36:29.375375+00:00,carrefour,10004762,"Vin rose Serve Vinul Cavalerului, Sec, 0.75l",28.49,RON,,0,catalogue,1
2026-08-11T09:36:29.375634+00:00,carrefour,10003639,"Vin rose, Samburel De Olt, demisec, 0.75L",22.49,RON,,0,catalogue,1
2026-08-11T09:36:29.375944+00:00,carrefour,10002693,"Vin rose Jidvei Tezaur, sec 0.75L",38.49,RON,,0,catalogue,1
2026-08-11T09:36:29.376194+00:00,carrefour,10003010,"Vin rose sec, Budureasca Bio, 0.75L",56.35,RON,,0,catalogue,1
2026-08-11T09:36:29.376435+00:00,carrefour,10003885,"Vin rose, Busuioaca Valahorum, sec, 0.75L",58.49,RON,,0,catalogue,1
2026-08-11T09:36:29.376697+00:00,carrefour,10003630,"Vin rose demisec, Mosia Tohani Special Reserve, 0.75L",35.49,RON,,0,catalogue,1
2026-08-11T09:36:29.377057+00:00,carrefour,10003549,"Vin rose sec, Siel, 0.75L",36.19,RON,,0,catalogue,1
2026-08-11T09:36:29.377315+00:00,carrefour,10003109,"Vin rose demisec, Princiar, 0.75L",33.99,RON,,0,catalogue,1
2026-08-11T09:36:29.377560+00:00,carrefour,10003794,"Vin rose sec, Epicentrum, Crama Girboiu, 0.75L",47.49,RON,,0,catalogue,1
2026-08-11T09:36:29.377848+00:00,carrefour,10003597,"Vin rose C'est Soir-Feteasca Neagra Hermeziu, sec, 0.75 L",50.99,RON,,0,catalogue,1
2026-08-11T09:36:29.378128+00:00,carrefour,10003596,"Vin rose C'est Soir Busuioaca de Bohotin, sec, 0.75 L",50.99,RON,,0,catalogue,1
2026-08-11T09:36:29.378399+00:00,carrefour,10003620,"Vin rose Basilescu Busuioaca Desert, demidulce, 0.75 L",30.99,RON,,0,catalogue,1
2026-08-11T09:36:29.378660+00:00,carrefour,10003789,"Vin rose sec, Issa Pinot Noir, 0.75L",46.99,RON,,0,catalogue,1
2026-08-11T09:36:29.378944+00:00,carrefour,10003925,"Vin rose sec, Roza de Samburesti, 0.75L",48.95,RON,,0,catalogue,1
2026-08-11T09:36:29.379190+00:00,carrefour,10003438,"Vin rose sec, Domeniile Vinarte, 0.75L",49.49,RON,,0,catalogue,1
2026-08-11T09:36:29.379434+00:00,carrefour,10003335,"Vin rose sec, Alira Flamma, Winero Crama, 2019, 0.75L",31.49,RON,,0,catalogue,1
2026-08-11T09:36:29.379732+00:00,carrefour,10003027,"Vin rose sec, Domeniile Samburesti, 0.75L",32.99,RON,,0,catalogue,1
2026-08-11T09:36:29.380023+00:00,carrefour,10003649,"Vin rose, Jiana Crama Oprisor, 0.75L",54.49,RON,,0,catalogue,1
2026-08-11T09:36:29.380279+00:00,carrefour,10002987,"Vin rose, Caloian, 0.75L",25.49,RON,,0,catalogue,1
2026-08-11T09:36:30.627167+00:00,carrefour,10003813,"Vin rose sec, Navigo Compas , 0.75L",31.49,RON,,0,catalogue,1
2026-08-11T09:36:30.627479+00:00,carrefour,10003477,"Vin rose Jidvei Misteryum, Sec, 0.75L",64.49,RON,,0,catalogue,1
2026-08-11T09:36:30.627732+00:00,carrefour,10003497,"Vin rose Busuioaca Averesti Magnum, sec, 1.5 L",186.9,RON,,0,catalogue,1
2026-08-11T09:36:30.628044+00:00,carrefour,10003391,"Vin rose Busuioaca Nativus Averesti, demidulce, 0.75 L",48.49,RON,,0,catalogue,1
2026-08-11T09:36:30.628299+00:00,carrefour,10003390,"Vin rose Nativus de Averesti, sec, 0.75 L",45.49,RON,,0,catalogue,1
2026-08-11T09:36:30.628542+00:00,carrefour,10004916,"Vin rose sec, Byzantium, 0.75L",37.99,RON,,0,catalogue,1
2026-08-11T09:36:30.628772+00:00,carrefour,10003312,"Vin rose sec, Budureasca Premium, 0.75L",48.99,RON,,0,catalogue,1
2026-08-11T09:36:30.629107+00:00,carrefour,10002784,"Vin rose demisec, Budureasca Clasic rose, 0.75L",32.99,RON,,0,catalogue,1
2026-08-11T09:36:30.629353+00:00,carrefour,10004602,Vin 3 Pietre Sauvignon Blanc 0.75L,11.19,RON,,0,catalogue,1
2026-08-11T09:36:30.629602+00:00,carrefour,10004594,Vin alb demisec Alai Sauvignon Blanc 0.75L,25.99,RON,,0,catalogue,1
2026-08-11T09:36:30.629879+00:00,carrefour,10004645,Vin alb 3 Hectare Chardonany sec 0.75L,37.99,RON,,0,catalogue,1
2026-08-11T09:36:30.630131+00:00,carrefour,10004652,Vin alb Zestrea Murfatlar Sauvignon Blanc demisec 0.75L,17.99,RON,,0,catalogue,1
2026-08-11T09:36:30.630582+00:00,carrefour,10004688,Vin alb Terra Valleverde Sauvignon Blanc sec 0.75L,50.99,RON,,0,catalogue,1
2026-08-11T09:36:30.630899+00:00,carrefour,10004687,Vin alb Terra Valleverde Pinot Blanc&Feteasca Regala 0.75L,48.49,RON,,0,catalogue,1
2026-08-11T09:36:30.631176+00:00,carrefour,10004685,Vin alb Terra Valleverde Chardonnay sec 0.75L,48.49,RON,,0,catalogue,1
2026-08-11T09:36:30.631435+00:00,carrefour,10004655,Vin alb Domeniile Blaga Blanc de Noir 0.75L,40.29,RON,,0,catalogue,1
2026-08-11T09:36:30.631724+00:00,carrefour,10004653,Vin alb Zestrea Chardonnay demidulce 0.75L,17.99,RON,,0,catalogue,1
2026-08-11T09:36:30.632004+00:00,carrefour,10004595,Vin alb Alai demisec Chardonnay 0.75L,25.99,RON,,0,catalogue,1
2026-08-11T09:36:30.632241+00:00,carrefour,10004644,"Vin alb Sec de Murfatlar Sauvignon Blanc, 0.75L",19.49,RON,,0,catalogue,1
2026-08-11T09:36:30.632493+00:00,carrefour,10004576,Vin alb Weinland Feteasca Regala Demisec 0.75L,19.49,RON,,0,catalogue,1
2026-08-11T09:36:30.632733+00:00,carrefour,10003161,"Vin alb sec Naiada Cramposie, 0.75 l",16.49,RON,,0,catalogue,1
2026-08-11T09:36:30.633066+00:00,carrefour,10004551,Vin alb demisec Vinaria Ostrov Sauvignon Blanc 1.5 l,18.99,RON,,0,catalogue,1
2026-08-11T09:36:30.633327+00:00,carrefour,10003162,Vin alb sec Naiada Chardonnay 0.75l,16.49,RON,,0,catalogue,1
2026-08-11T09:36:30.633832+00:00,carrefour,10004577,Vin alb demisec Jidvei Weinland Sauvignon Blanc 0.75L,19.49,RON,,0,catalogue,1
2026-08-11T09:36:30.634185+00:00,carrefour,10003793,Vin alb Tectonic Crama Girboiu Sauvignon Blanc & Chardonnay 0.75L,37.49,RON,,0,catalogue,1
2026-08-11T09:36:30.634484+00:00,carrefour,10004297,Vin alb demisec Budureasca Clasic Tamaioasa Romaneasca 0.75L,32.99,RON,,0,catalogue,1
2026-08-11T09:36:30.634744+00:00,carrefour,10004436,Vin alb demisec Jidvei Grigorescu Feteasca Regala 0.75L,21.99,RON,,0,catalogue,1
2026-08-11T09:36:30.635274+00:00,carrefour,10004398,Vin alb sec 1251 Podgoria Silvania Chardonnay 0.75L,48.99,RON,,0,catalogue,1
2026-08-11T09:36:30.635558+00:00,carrefour,10004396,Vin alb sec 1251 Blanc de Noir Podgoria Silvania Pinot Noir 0.75L,48.99,RON,,0,catalogue,1
2026-08-11T09:36:30.635892+00:00,carrefour,10004389,Vin alb sec Familia Darabont DA Riesling 0.75L,37.49,RON,,0,catalogue,1
2026-08-11T09:36:30.636238+00:00,carrefour,10004388,Vin alb sec Familia Darabont DA Feteasca Regala 0.75l,37.49,RON,,0,catalogue,1
2026-08-11T09:36:30.636512+00:00,carrefour,10004387,Vin alb sec Familia Darabont DA Pinot Gris 0.75L,37.49,RON,,0,catalogue,1
2026-08-11T09:36:30.636775+00:00,carrefour,10004386,Vin alb sec Familia Darabont RA Traminer 0.75L,37.49,RON,,0,catalogue,1
2026-08-11T09:36:30.637174+00:00,carrefour,10004384,Vin alb sec X+Y Chardonnay 0.75L,31.49,RON,,0,catalogue,1
2026-08-11T09:36:30.637432+00:00,carrefour,10004382,Vin alb demisec X+Y Feteasca Regala 0.75L,31.49,RON,,0,catalogue,1
2026-08-11T09:36:30.637675+00:00,carrefour,10003458,"Vin alb Maiastru Cramele Oprisor Riesling Italian, 13.5% alc., 0.75L",20.49,RON,,0,catalogue,1
2026-08-11T09:36:30.638020+00:00,carrefour,10004359,"Vin alb sec, Domeniile Bohotin Tamaioasa Romaneasca 0.75L",38.75,RON,,0,catalogue,1
2026-08-11T09:36:30.638291+00:00,carrefour,10003174,Vin alb Domeniile Urlati Pelin Demisec 1.5L,28.55,RON,,0,catalogue,1
2026-08-11T09:36:30.638540+00:00,carrefour,10003058,Vin alb Domeniile Averesti Alb demidulce de Husi 1.5L,24.49,RON,,0,catalogue,1
2026-08-11T09:36:30.638823+00:00,carrefour,10002663,Vin alb Jidvei Craita Transilvaniei demisec 0.75 l,16.49,RON,,0,catalogue,1
2026-08-11T09:36:30.639100+00:00,carrefour,10003040,"Vin alb Casa Panciu Domeniile Panciu Feteasca Regala & Muscat Ottonel, demisec, 0.75L",19.99,RON,,0,catalogue,1
2026-08-11T09:36:30.639390+00:00,carrefour,10003208,"Vin alb Domeniile Averesti Tamaioasa Romaneasca demidulce, 0.75L",13.99,RON,,0,catalogue,1
2026-08-11T09:36:30.639649+00:00,carrefour,10005070,"Vin Castel Starmina Riesling italian, demisec 0.75L",20.99,RON,,0,catalogue,1
2026-08-11T09:36:30.639951+00:00,carrefour,10005069,"Vin Castel Starmina Sauvignon Blanc, 0.75L",20.99,RON,,0,catalogue,1
2026-08-11T09:36:30.640218+00:00,carrefour,10002734,"Vin rosu sec, Domeniile Samburesti Cabernet Sauvignon, 0.75L",33.99,RON,,0,catalogue,1
2026-08-11T09:36:30.640494+00:00,carrefour,10002975,"Vin alb Domeniile Urlati, Pelin de Urlati demisec, 0.75L",16.85,RON,,0,catalogue,1
2026-08-11T09:36:30.640758+00:00,carrefour,10003055,"Vin Alb Averesti, Zghihara de Husi, D.O.C, Sec, 0.75l",20.99,RON,,0,catalogue,1
2026-08-11T09:36:30.641110+00:00,carrefour,10003292,Vin Alb Crama Girboiu Livia Plavaie Sec 0.75l,26.99,RON,,0,catalogue,1
2026-08-11T09:36:32.032129+00:00,carrefour,10003303,"Vin Alb Eclipse Basilescu, Riesling Italian Sec, 0.75l",28.49,RON,,0,catalogue,1
2026-08-11T09:36:32.032478+00:00,carrefour,10003302,"Vin alb, Eclipse Basilescu, Sauvignon Blanc Sec, 0,75l",30.49,RON,,0,catalogue,1
2026-08-11T09:36:32.032863+00:00,carrefour,10003301,"Vin Alb Eclipse Basilescu Chardonnay, Sec, 0.75l",32.49,RON,,0,catalogue,1
2026-08-11T09:36:32.033217+00:00,carrefour,10003186,"Vin alb Crama Basilescu Unique, Tamaioasa, Demidulce, 0.75L",25.49,RON,,0,catalogue,1
2026-08-11T09:36:32.033485+00:00,carrefour,10003177,"Vin Alb Basilescu Eclipse Cupaj , Demisec, 0.75l",28.49,RON,,0,catalogue,1
2026-08-11T09:36:32.033737+00:00,carrefour,10003382,"Vin Alb Basilescu Eclipse Feteasca Alba, Sec, 0.75l",30.49,RON,,0,catalogue,1
2026-08-11T09:36:32.034064+00:00,carrefour,10003101,"Vin Alb Maiastru Sauvignon Blanc, Sec, 0.25 L",11.99,RON,,0,catalogue,1
2026-08-11T09:36:32.034317+00:00,carrefour,10003288,Vin alb Jidvei Craita Transilvaniei demidulce 0.75L,16.49,RON,,0,catalogue,1
2026-08-11T09:36:32.034566+00:00,carrefour,10002956,Vin alb Jidvei 8 Mandrute demisec 1L,23.99,RON,,0,catalogue,1
2026-08-11T09:36:32.034839+00:00,carrefour,10004821,Vin alb Jidvei Perla Transilvaniei demisec 1.5 litri,21.49,RON,,0,catalogue,1
2026-08-11T09:36:32.035108+00:00,carrefour,10004899,"Vin alb Jidvei Castel Traminer, demidulce 0.75L",75.99,RON,,0,catalogue,1
2026-08-11T09:36:32.035359+00:00,carrefour,10004898,"Vin Alb Jidvei Castel Sauvignon Blanc, Demisec, 0.75L",75.99,RON,,0,catalogue,1
2026-08-11T09:36:32.035611+00:00,carrefour,10004879,"Vin alb Jidvei Clasic, Sauvignon Blanc, sec, 0.75L",24.49,RON,,0,catalogue,1
2026-08-11T09:36:32.035905+00:00,carrefour,10004880,"Vin alb Jidvei Grigorescu Gewurztraminer, demisec, 0.75 l",21.99,RON,,0,catalogue,1
2026-08-11T09:36:32.036172+00:00,carrefour,10004876,"Vin alb Jidvei Traditional Feteasca Alba, sec 0.75L",16.89,RON,,0,catalogue,1
2026-08-11T09:36:32.036433+00:00,carrefour,10004878,"Vin alb Jidvei Feteasca Regala, demisec 0.75L",16.89,RON,,0,catalogue,1
2026-08-11T09:36:32.036672+00:00,carrefour,10004837,"Vin alb Jidvei Grigorescu Pinot Gris, demisec, 0.75L",21.99,RON,,0,catalogue,1
2026-08-11T09:36:32.036962+00:00,carrefour,10004823,"Vin alb Jidvei Grigorescu Muscat Dry, demisec 0.75 l",21.99,RON,,0,catalogue,1
2026-08-11T09:36:32.037309+00:00,carrefour,10004822,"Vin alb Jidvei Feteasca Regala, sec, 0.75L",24.99,RON,,0,catalogue,1
2026-08-11T09:36:32.037602+00:00,carrefour,10004820,"Vin alb Jidvei Traditional Riesling, sec 0.75 l",16.89,RON,,0,catalogue,1
2026-08-11T09:36:32.037912+00:00,carrefour,10004202,"Vin alb Hora Murfatlar Sauvignon Blanc demisec, 0.75L",15.49,RON,,0,catalogue,1
2026-08-11T09:36:32.038248+00:00,carrefour,10003316,"Vin alb Jidvei Traditional Chardonnay, demidulce 0.75 l",16.89,RON,,0,catalogue,1
2026-08-11T09:36:32.038542+00:00,carrefour,10003315,"Vin alb Jidvei Traditional Muscat Ottonel, demidulce 0.75 l",16.89,RON,,0,catalogue,1
2026-08-11T09:36:32.038855+00:00,carrefour,10004867,"Vin Alb Serve Terra Romana Milenium, Sec, 0.75l",52.99,RON,,0,catalogue,1
2026-08-11T09:36:32.039141+00:00,carrefour,10004112,"Vin Alb Serve Cuvee Clemence, Sec, 0.75l",66.99,RON,,0,catalogue,1
2026-08-11T09:36:32.039403+00:00,carrefour,10003623,"Vin alb Serve, Le Blanc, sec, 0.75L",42.99,RON,,0,catalogue,1
2026-08-11T09:36:32.039665+00:00,carrefour,10004089,"Vin alb Boier Bibicu Sauvignon Blanc, sec 0.75L",17.49,RON,,0,catalogue,1
2026-08-11T09:36:32.039971+00:00,carrefour,10004084,Vin alb Boier Bibicu Chardonnay sec 0.75L,17.49,RON,,0,catalogue,1
2026-08-11T09:36:32.040235+00:00,carrefour,10002703,"Vin alb Maiastru Crama Oprisor, Sauvignon Blanc, 0.75L",20.49,RON,,0,catalogue,1
2026-08-11T09:36:32.040516+00:00,carrefour,10004128,"Vin Alb Vinarte Castel Bolovanu, Riesling, Sec, 0.75L",23.99,RON,,0,catalogue,1
2026-08-11T09:36:32.040828+00:00,carrefour,10004064,Vin alb Vinarte Prince Mircea Cuvee D Excellence 0.75L,74.19,RON,,0,catalogue,1
2026-08-11T09:36:32.041171+00:00,carrefour,10004127,"Vin Alb Vinarte Castel Bolovanu, Sauvignon Blanc, Sec, 0.75L",23.99,RON,,0,catalogue,1
2026-08-11T09:36:32.041452+00:00,carrefour,10004125,"Vin Alb Vinarte Castel Bolovanu, Tamaioasa Romaneasca, Demisec, 0.75L",23.99,RON,,0,catalogue,1
2026-08-11T09:36:32.041741+00:00,carrefour,10003437,"Vin Alb Vinarte Cupaj, Sec, 0.75L",29.99,RON,,0,catalogue,1
2026-08-11T09:36:32.042036+00:00,carrefour,10003570,"Vin alb Ravase Crama Hermeziu, Traminer, 0.75L",27.49,RON,,0,catalogue,1
2026-08-11T09:36:32.042308+00:00,carrefour,10004986,"Vin alb demisec Domeniile Tohani, Sauvignon Blanc 0.75L",18.99,RON,,0,catalogue,1
2026-08-11T09:36:32.042565+00:00,carrefour,10004093,"Vin alb, Siel Cuvee Fume, Dealu Mare, demisec 0.75L",35.49,RON,,0,catalogue,1
2026-08-11T09:36:32.042859+00:00,carrefour,10002716,"Vin alb, Domeniile Tohani Dealu Mare, Feteasca Regala, demisec 0.75L",18.99,RON,,0,catalogue,1
2026-08-11T09:36:32.043144+00:00,carrefour,10004090,"Vin alb Crama Viisoara Luna, dulce, 375ml",73.49,RON,,0,catalogue,1
2026-08-11T09:36:32.043400+00:00,carrefour,10004104,"Vin Alb Silvania Muscat Ottonel, Demisec, 0.75 L",32.99,RON,,0,catalogue,1
2026-08-11T09:36:32.043652+00:00,carrefour,10002976,"Vin alb Domeniile Tohani, Mosia de la Tohani, Sauvignon Blanc, sec 0.75l",27.99,RON,,0,catalogue,1
2026-08-11T09:36:32.043977+00:00,carrefour,10003265,"Vin Alb Averesti Herb, Tamaioasa Romanesca & Sauvignon Blanc, Demisec, 0.75l",30.49,RON,,0,catalogue,1
2026-08-11T09:36:32.044270+00:00,carrefour,10002730,"Vin Alb Jidvei Nec Plus Ultra Sauvignon Blanc, Demisec, 0.75l",35.99,RON,,0,catalogue,1
2026-08-11T09:36:32.044531+00:00,carrefour,10003014,"Vin Alb Jidvei, Nec Plus Ultra, Chardonnay, Demisec 0.75l",35.99,RON,,0,catalogue,1
2026-08-11T09:36:32.044827+00:00,carrefour,10004761,"Vin Alb Serve Vinul Cavalerului Riesling, Sec, 0.75l",28.55,RON,,0,catalogue,1
2026-08-11T09:36:32.045180+00:00,carrefour,10004833,Vin alb sec Vinul Cavalerului Sauvignon Blanc 0.75L,28.55,RON,,0,catalogue,1
2026-08-11T09:36:32.045447+00:00,carrefour,10005066,Vin alb sec Vinul Cavalerului Feteasca Alba 0.75L,28.49,RON,,0,catalogue,1
2026-08-11T09:36:32.045705+00:00,carrefour,10003431,Vin alb Vinul Cavalerului Chardonnay Serve Ceptura 0.75L,28.55,RON,,0,catalogue,1
2026-08-11T09:36:33.234791+00:00,carrefour,10002938,"Vin alb Samburel De Olt, Sauvignon Blanc, demisec, 0.75L",24.99,RON,,0,catalogue,1
2026-08-11T09:36:33.235163+00:00,carrefour,10002939,"Vin alb Samburel De Olt, Chardonnay, demisec, 0.75L",24.49,RON,,0,catalogue,1
2026-08-11T09:36:33.235462+00:00,carrefour,10003082,"Vin alb Jidvei, Grigorescu, Sauvignon Blanc, demisec 0.75L",21.99,RON,,0,catalogue,1
2026-08-11T09:36:33.235768+00:00,carrefour,10004965,"Vin Byzantium, alb, sec, 0.75L",37.99,RON,,0,catalogue,1
2026-08-11T09:36:33.236036+00:00,carrefour,10003898,"Vin alb demisec, Domeniul Ciumbrud Traminer, 0.75L",29.99,RON,,0,catalogue,1
2026-08-11T09:36:33.236327+00:00,carrefour,10003562,"Vin alb sec, Basilescu Autentique Blanc, 0.75L",52.49,RON,,0,catalogue,1
2026-08-11T09:36:33.236600+00:00,carrefour,10003494,"Vin alb sec, Siel, 0.75L",35.49,RON,,0,catalogue,1
2026-08-11T09:36:33.236882+00:00,carrefour,10003884,"Vin alb, Valahorum Chardonnay, sec, 0.75L",59.99,RON,,0,catalogue,1
2026-08-11T09:36:33.237213+00:00,carrefour,10003914,"Vin alb, Valahorum Feteasca Alba, sec, 0.75L",59.99,RON,,0,catalogue,1
2026-08-11T09:36:33.237503+00:00,carrefour,10003697,"Vin alb sec, Conu Albu, Chardonnay Barique, 0.75L",76.49,RON,,0,catalogue,1
2026-08-11T09:36:33.237815+00:00,carrefour,10003499,"Vin alb sec, Panciu Riserva Muscat Otonel, 0.75L",30.49,RON,,0,catalogue,1
2026-08-11T09:36:33.238088+00:00,carrefour,10003498,"Vin alb sec, Panciu Riserva Sarba, 0.75L",30.49,RON,,0,catalogue,1
2026-08-11T09:36:33.238341+00:00,carrefour,10003393,"Vin alb, Livia Sarba, DOC Cotesti, 0.75L",25.99,RON,,0,catalogue,1
2026-08-11T09:36:33.238612+00:00,carrefour,10002899,"Vin alb sec, Princiar Sauvignon Blanc, 0.75L",33.99,RON,,0,catalogue,1
2026-08-11T09:36:33.238901+00:00,carrefour,10003787,"Vin alb sec, Issa Rhein Riesling, 0.75L",48.25,RON,,0,catalogue,1
2026-08-11T09:36:33.239153+00:00,carrefour,10003788,"Vin demidulce, Issa Muscat Ottonel, 0.75L",48.99,RON,,0,catalogue,1
2026-08-11T09:36:33.239415+00:00,carrefour,10003785,"Vin alb sec, Issa Chardonnay, 0.75L",48.99,RON,,0,catalogue,1
2026-08-11T09:36:33.239921+00:00,carrefour,10003800,"Vin alb sec, Villa Vinea Kerner Selection, 0.75L",67.99,RON,,0,catalogue,1
2026-08-11T09:36:33.240394+00:00,carrefour,10003923,"Vin alb sec, Soare Blanc de Noir, 0.75L",100.9,RON,,0,catalogue,1
2026-08-11T09:36:33.240959+00:00,carrefour,10003396,"Vin alb sec, Alira Flamma Blanc, Winero Crama, 0.75L",31.49,RON,,0,catalogue,1
2026-08-11T09:36:33.241572+00:00,carrefour,10002874,"Vin alb sec, Domeniile Samburesti Chardonnay, 0.75L",32.65,RON,,0,catalogue,1
2026-08-11T09:36:33.242141+00:00,carrefour,10002735,"Vin alb, Domeniile Samburesti Sauvignon Blanc, 0.75L",33.99,RON,,0,catalogue,1
2026-08-11T09:36:33.242705+00:00,carrefour,10004846,"Vin alb, La Cetate Chardonnay, 0.75L",42.99,RON,,0,catalogue,1
2026-08-11T09:36:33.243271+00:00,carrefour,10003100,"Vin alb, La Cetate Tamaioasa Romaneasca, 0.75L",42.99,RON,,0,catalogue,1
2026-08-11T09:36:33.243862+00:00,carrefour,10002985,"Vin alb, Caloian Sauvignon Blanc, 0.75L",25.49,RON,,0,catalogue,1
2026-08-11T09:36:33.244380+00:00,carrefour,10004911,"Vin alb, Jidvei Tezaur Muscat Ottonel & Feteasca Regala, 0.75L",38.49,RON,,0,catalogue,1
2026-08-11T09:36:33.244806+00:00,carrefour,10004910,"Vin alb, Jidvei Tezaur Sauvgnon Blanc & Feteasca Regala, 0.75L",38.49,RON,,0,catalogue,1
2026-08-11T09:36:33.245462+00:00,carrefour,10003814,"Vin alb, Navigo Compas Pinot Grigio, 0.75L",31.49,RON,,0,catalogue,1
2026-08-11T09:36:33.246059+00:00,carrefour,10003812,"Vin alb, Navigo Compas Chardonnay, 0.75L",31.49,RON,,0,catalogue,1
2026-08-11T09:36:33.246582+00:00,carrefour,10003480,"Vin Alb Jidvei Misteryum, Traminer & Sauvignon Blanc, Sec, 0.75l",64.49,RON,,0,catalogue,1
2026-08-11T09:36:33.247224+00:00,carrefour,10003479,"Vin alb, Jidvei Misteryum Riesling, 0.75L",64.49,RON,,0,catalogue,1
2026-08-11T09:36:33.247829+00:00,carrefour,10003478,"Vin alb sec, Mysterium Pinot Noir&Chardonnay&Feteasca Alba, 0.75L",64.49,RON,,0,catalogue,1
2026-08-11T09:36:33.248158+00:00,carrefour,10003565,"Vin alb Chardonnay de Averesti, sec, 0.75 L",45.49,RON,,0,catalogue,1
2026-08-11T09:36:33.248429+00:00,carrefour,10003389,"Vin alb Nativus Traminer Averesti, demidulce, 0.75 L",45.49,RON,,0,catalogue,1
2026-08-11T09:36:33.248814+00:00,carrefour,10003388,"Vin alb Nativus Aligote Averesti, sec, 0.75 L",45.49,RON,,0,catalogue,1
2026-08-11T09:36:33.249178+00:00,carrefour,10003387,"Vin alb Nativus Zghihara Averesti, sec, 0.75 L",45.49,RON,,0,catalogue,1
2026-08-11T09:36:33.249447+00:00,carrefour,10003190,"Vin alb sec, Budureasca Premium Fume, 0.75L",48.99,RON,,0,catalogue,1
2026-08-11T09:36:33.249723+00:00,carrefour,10002969,"Vin alb demisec, Budureasca Clasic Sauvignon Blanc, 0.75L",33.65,RON,,0,catalogue,1
2026-08-11T09:36:33.250040+00:00,carrefour,10002785,"Vin alb demisec, Budureasca Clasic Fume, 0.75L",33.65,RON,,0,catalogue,1
2026-08-11T09:36:33.250303+00:00,carrefour,10003433,"Vin alb sec, Budureasca Premium Sauvignon Blanc, 0.75L",48.99,RON,,0,catalogue,1
2026-08-11T09:36:33.250579+00:00,carrefour,10508082,Vin spumant rose dulce Chiarli Lambrusco 0.75L,33.49,RON,,0,catalogue,1
2026-08-11T09:36:33.250867+00:00,carrefour,10004603,Vin rosu demidulce Merlot Premiat 0.75L,12.99,RON,,0,catalogue,1
2026-08-11T09:36:33.251116+00:00,carrefour,10004690,Champagne Louis Roederer Rose 12.5% alcool 0.75L,575.99,RON,,0,catalogue,1
2026-08-11T09:36:33.251379+00:00,carrefour,10004683,"Sampanie Moet & Chandon Nectar Imprial+Cutie, 12%, 0.75l",324.9,RON,,0,catalogue,1
2026-08-11T09:36:33.251664+00:00,carrefour,10004656,"Vin Spumant Silvania Premium Rose, Demisec, 0.75l",38.99,RON,,0,catalogue,1
2026-08-11T09:36:33.251951+00:00,carrefour,10004625,"Vin Spumant J.P. Chenet Ice Edition, Demisec, 0.75l",50.49,RON,,0,catalogue,1
2026-08-11T09:36:33.252202+00:00,carrefour,10002792,"Vin spumant Asti Martini Dolce, 0.2 l",26.49,RON,,0,catalogue,1
2026-08-11T09:36:33.252451+00:00,carrefour,10004495,Vin spumant rosu Riunite Lambrusco Emilia 0.75L,23.59,RON,,0,catalogue,1
2026-08-11T09:36:34.594017+00:00,carrefour,10004487,"Vin spumant Cavicchioli Lambrusco Rose, D.O.C. demisec, 0.75L",34.49,RON,,0,catalogue,1
2026-08-11T09:36:34.594479+00:00,carrefour,10004485,"Prosecco Cavicchioli Mondena DOC, 0.75L",51.99,RON,,0,catalogue,1
2026-08-11T09:36:34.594906+00:00,carrefour,10004493,"Prosecco Maschio Valdobiadenne Millesimato DOCG, 375ml",40.49,RON,,0,catalogue,1
2026-08-11T09:36:34.595299+00:00,carrefour,10004492,Vin spumant rose sec Maschio Pinot Rosa Frizzante 200ml,14.49,RON,,0,catalogue,1
2026-08-11T09:36:34.595664+00:00,carrefour,10004494,Vin spumant Riunite Lambrusco Bianco Emilia 0.75 L,23.59,RON,,0,catalogue,1
2026-08-11T09:36:34.596447+00:00,carrefour,10004976,"Vin Spumant Zarea Crystal Collection, Alb Demisec, 0.75l",23.99,RON,,0,catalogue,1
2026-08-11T09:36:34.596864+00:00,carrefour,10004419,Prosecco Zarea alb extrasec 1.5L,153.9,RON,,0,catalogue,1
2026-08-11T09:36:34.597696+00:00,carrefour,10004437,"Vin spumant rose Prosecco Sparkling Martini, alcool 11.5%, 0.75L",44.99,RON,,0,catalogue,1
2026-08-11T09:36:34.598140+00:00,carrefour,10004267,"Vin spumant Zarea Fresco alb sec, 10%, 0.75L",38.99,RON,,0,catalogue,1
2026-08-11T09:36:34.598490+00:00,carrefour,10003959,Vin spumant Prosecco Corte delle Rose Superiore extra sec 0.75L,43.99,RON,,0,catalogue,1
2026-08-11T09:36:34.598919+00:00,carrefour,10003846,"Vin spumant Zarea Fine Moments alb demisec, 0.75L",84.99,RON,,0,catalogue,1
2026-08-11T09:36:34.599650+00:00,carrefour,10004952,"Vin spumant alb Dorato, demisec, 0.75L",19.99,RON,,0,catalogue,1
2026-08-11T09:36:34.600414+00:00,carrefour,10004277,"Vin spumant Prosecco Maschio dei Cavalieri Rive di Colbertaldo DOCG, 0.75L",79.9,RON,,0,catalogue,1
2026-08-11T09:36:34.600892+00:00,carrefour,10004270,Vin perlant rose Sange de Taur demidulce 0.75L,23.99,RON,,0,catalogue,1
2026-08-11T09:36:34.601333+00:00,carrefour,10004266,Vin perlant Sange de Taur Dulce 0.75L,23.99,RON,,0,catalogue,1
2026-08-11T09:36:34.601678+00:00,carrefour,10003958,Vin Spumant Cricova Tramonto Traminer Rose Demisec 0.75L,33.99,RON,,0,catalogue,1
2026-08-11T09:36:34.602065+00:00,carrefour,10004980,Vin spumant Bucium Festiv Muscat 0.75L,27.49,RON,,0,catalogue,1
2026-08-11T09:36:34.602400+00:00,carrefour,10004970,"Vin Spumant Zarea Crystal Collection, Alb Sec, 0.75l",23.99,RON,,0,catalogue,1
2026-08-11T09:36:34.605044+00:00,carrefour,10004268,Vin spumant rose Zarea Lambrusco 0.2L,18.99,RON,,0,catalogue,1
2026-08-11T09:36:34.606226+00:00,carrefour,10004043,Vin spumant Prosecco Riunite Rose Millesimato Extra Dry 0.75l,40.59,RON,,0,catalogue,1
2026-08-11T09:36:34.606505+00:00,carrefour,10003990,Zarea Royal Gold Alb 0.75L,49.99,RON,,0,catalogue,1
2026-08-11T09:36:34.607077+00:00,carrefour,10003072,"Vin spumant rose Bucium Festiv, Dulce, 0.75L",27.49,RON,,0,catalogue,1
2026-08-11T09:36:34.607315+00:00,carrefour,10003256,Vin Spumant Rose Prosecco Grande Vento 0.75L,49.99,RON,,0,catalogue,1
2026-08-11T09:36:34.607565+00:00,carrefour,10003071,"Vin spumant alb Bucium Festiv, Demisec, 0.75L",27.49,RON,,0,catalogue,1
2026-08-11T09:36:34.608377+00:00,carrefour,10002905,Vin Spumant Banfi Rosa Regale Brachetto d'Aqui 0.75L,109.09,RON,,0,catalogue,1
2026-08-11T09:36:34.609324+00:00,carrefour,10003446,Prosecco alb Zarea extra sec 0.2l,19.99,RON,,0,catalogue,1
2026-08-11T09:36:34.610435+00:00,carrefour,10003037,"Vin Spumant Rose Zarea Crystal Collection, Demisec, 0.75l",23.99,RON,,0,catalogue,1
2026-08-11T09:36:34.610933+00:00,carrefour,10003036,"Vin Spumant Alb Zarea Crystal Collection, Dulce, 0.75l",23.99,RON,,0,catalogue,1
2026-08-11T09:36:34.611991+00:00,carrefour,10002872,"Vin spumant Alb Rose Mary, Demisec, 0.75L",26.49,RON,,0,catalogue,1
2026-08-11T09:36:34.612257+00:00,carrefour,10003156,Sampanie rose Charles de Courance Brut 0.75L,136.99,RON,,0,catalogue,1
2026-08-11T09:36:35.735488+00:00,carrefour,10002850,Sampanie Moet & Chandon Imperial Brut 0.75L,275.9,RON,,0,catalogue,1
2026-08-11T09:36:35.735935+00:00,carrefour,10005018,Sampanie Laurent-Perrier La Cuvee Brut 0.75L,367.9,RON,,0,catalogue,1
2026-08-11T09:36:35.736216+00:00,carrefour,10004374,Vin spumant Rhein Extra Royale Sec 0.75L,110.85,RON,,0,catalogue,1
2026-08-11T09:36:35.736454+00:00,carrefour,10003253,"Vin spumant Alb Cricova Crisecco Brut, 0.75l",33.99,RON,,0,catalogue,1
2026-08-11T09:36:35.736703+00:00,carrefour,10002667,"Vin spumant Cinzano Rose Edition, 0.75l",45.99,RON,,0,catalogue,1
2026-08-11T09:36:35.737053+00:00,carrefour,10004264,"Vin spumant Alb Panciu Riserva, Brut 0.75L",20.9,RON,,0,catalogue,1
2026-08-11T09:36:35.737318+00:00,carrefour,10003501,"Vin spumant Rose Panciu Riserva, Demisec, 0.75L",20.9,RON,,0,catalogue,1
2026-08-11T09:36:35.737557+00:00,carrefour,10003041,"Vin spumant Alb Domeniile Panciu Brut, 0.75L",54.99,RON,,0,catalogue,1
2026-08-11T09:36:35.737848+00:00,carrefour,10003254,"Vin spumant Alb Cricova Lacrima Dulce, Demisec 0.75l",34.65,RON,,0,catalogue,1
2026-08-11T09:36:35.738092+00:00,carrefour,10003046,"Vin spumant Alb Cricova Traminer, Demisec, 0.75l",33.99,RON,,0,catalogue,1
2026-08-11T09:36:35.738331+00:00,carrefour,10003579,"Vin spumant Zarea Lambrusco, Rose, 0.75l",23.79,RON,,0,catalogue,1
2026-08-11T09:36:35.738574+00:00,carrefour,10003578,"Vin spumant Zarea Lambrusco, Rosu, 0.75l",29.99,RON,,0,catalogue,1
2026-08-11T09:36:35.738859+00:00,carrefour,10002895,"Vin spumant Zarea Lambrusco, Alb, 0.75l",31.49,RON,,0,catalogue,1
2026-08-11T09:36:35.739105+00:00,carrefour,10004103,"Vin spumant Rose Silvania, Brut, 0.75L",54.99,RON,,0,catalogue,1
2026-08-11T09:36:35.739388+00:00,carrefour,10003989,"Vin spumant Prosseco Zarea,11 % alc. 750 ml",49.9,RON,,0,catalogue,1
2026-08-11T09:36:35.739736+00:00,carrefour,10004081,Vin Frizzante Niscov alb demisec 0.75 L,17.99,RON,,0,catalogue,1
2026-08-11T09:36:35.739983+00:00,carrefour,10004080,Vin Frizzante Niscov Rose 0.75L,17.99,RON,,0,catalogue,1
2026-08-11T09:36:35.740223+00:00,carrefour,10003185,Frizzante rose demisec Casa Panciu 750 ml,22.99,RON,,0,catalogue,1
2026-08-11T09:36:35.740460+00:00,carrefour,10003502,Vin spumant Casa Panciu Feteasca Regala & Muscat Ottonel Alb Demisec 0.75l,35.49,RON,,0,catalogue,1
2026-08-11T09:36:35.740759+00:00,carrefour,10003184,"Vin spumant Casa Panciu, rosu demisec 0.75L",28.49,RON,,0,catalogue,1
2026-08-11T09:36:35.741069+00:00,carrefour,10002683,"Vin spumant Zarea Diamond Collection DemiSec, 0.75l",55.99,RON,,0,catalogue,1
2026-08-11T09:36:35.741323+00:00,carrefour,10005078,Vin spumant Martini Sparking Rose Demisec 0.75l,58.49,RON,,0,catalogue,1
2026-08-11T09:36:35.741555+00:00,carrefour,10004204,Zarea Royal Gold Rose 0.75L,49.99,RON,,0,catalogue,1
2026-08-11T09:36:35.742078+00:00,carrefour,10003378,"Vin spumant Rose Jidvei Brut, 0.75L",64.49,RON,,0,catalogue,1
2026-08-11T09:36:35.742316+00:00,carrefour,10002852,"Vin spumant alb, dulce, Silvania Premium lux, 0.75L",56.09,RON,,0,catalogue,1
2026-08-11T09:36:35.742566+00:00,carrefour,10003908,"Vin spumant alb, demisec, Silvania Premium lux, 0.75L",56.09,RON,,0,catalogue,1
2026-08-11T09:36:35.742850+00:00,carrefour,10002854,"Vin spumant alb, brut natur, Silvania Premium lux, 0.75L",54.99,RON,,0,catalogue,1
2026-08-11T09:36:35.743112+00:00,carrefour,10002853,"Vin spumant alb, sec, Silvania Premium lux, 0.75L",54.99,RON,,0,catalogue,1
2026-08-11T09:36:35.743619+00:00,carrefour,10003907,"Vin spumant alb, sec, Silvania Premium, 0.75L",39.75,RON,,0,catalogue,1
2026-08-11T09:36:35.743925+00:00,carrefour,10002855,"Vin spumant alb, demisec, Silvania Premium, 0.75L",38.99,RON,,0,catalogue,1
2026-08-11T09:36:35.744177+00:00,carrefour,10004989,"Vin alb spumant, Gran Cinzano, dulce, 0.75L",46.49,RON,,0,catalogue,1
2026-08-11T09:36:35.744421+00:00,carrefour,10003667,ZZPelin Rose 0.75L,37.49,RON,,0,catalogue,1
2026-08-11T09:36:35.744681+00:00,carrefour,10003666,ZZPelin Alb 0.75L,37.49,RON,,0,catalogue,1
2026-08-11T09:36:35.745149+00:00,carrefour,10003791,"Vin rose spumant, Cuartz Pinot Noir, brut, 0.75L",44.49,RON,,0,catalogue,1
2026-08-11T09:36:35.745594+00:00,carrefour,10003790,"Vin alb spumant, Cuartz Plavaie si Feteasca alba, brut, 0.75L",44.49,RON,,0,catalogue,1
2026-08-11T09:36:35.746099+00:00,carrefour,10003811,"Vin rose Petiant Mademoiselle, demisec, 0.75 L",36.99,RON,,0,catalogue,1
2026-08-11T09:36:35.746468+00:00,carrefour,10003810,"Vin alb Petiant Mademoiselle Blue, demisec, 0.75 L",36.49,RON,,0,catalogue,1
2026-08-11T09:36:35.746823+00:00,carrefour,10003845,"Vin rose spumant, Riunite Lambrusco Butterfly, 0.75L",49.99,RON,,0,catalogue,1
2026-08-11T09:36:35.747130+00:00,carrefour,10003717,"Vin rose spumant, Riunite Lambrusco Emilia, 0.75L",23.59,RON,,0,catalogue,1
2026-08-11T09:36:35.747399+00:00,carrefour,10004825,"Vin alb spumant, sec, Jidvei Extra Dry, 0.75L",76.49,RON,,0,catalogue,1
2026-08-11T09:36:35.747650+00:00,carrefour,10003377,"Vin alb spumant, sec, Jidvei Extra Brut, 0.75L",69.49,RON,,0,catalogue,1
2026-08-11T09:36:35.747965+00:00,carrefour,10005012,"Vin spumant alb, Rhein Brut, 0.75L",61.99,RON,,0,catalogue,1
2026-08-11T09:36:35.748210+00:00,carrefour,10005013,"Vin spumant rose, Rhein Extra Brut, 0.75L",62.49,RON,,0,catalogue,1
2026-08-11T09:36:35.748461+00:00,carrefour,10003448,"Vin spumant alb, Bottega Millesimato Brut, 0.75L",79.9,RON,,0,catalogue,1
2026-08-11T09:36:35.748757+00:00,carrefour,10004926,"Vin spumant alb Martini Sparkling, brut, 0.75 L",51.8,RON,,0,catalogue,1
2026-08-11T09:36:35.749070+00:00,carrefour,10004779,"Vin spumant alb Martini & Rossi Asti Festive GB, 0.75 L",59.2,RON,,0,catalogue,1
2026-08-11T09:36:35.749384+00:00,carrefour,10004969,"Vin spumant alb Zarea Diamond Collection, brut, 0.75 L",56.49,RON,,0,catalogue,1
2026-08-11T09:36:37.031470+00:00,carrefour,10003115,"Vin spumant alb Zarea 100, demisec, 0.75 L",70.49,RON,,0,catalogue,1
2026-08-11T09:36:37.031841+00:00,carrefour,10002763,"Vin spumant rose Zarea Diamond Collection, sec, 0.75 L",59.99,RON,,0,catalogue,1
2026-08-11T09:36:37.032117+00:00,carrefour,10004631,Vin alb Silk & Spice White Blend 0.75L,42.49,RON,,0,catalogue,1
2026-08-11T09:36:37.032387+00:00,carrefour,10004692,Vin alb Terre d'Italia Koerus Greco di Tufo DOCG 0.75L,46.55,RON,,0,catalogue,1
2026-08-11T09:36:37.032837+00:00,carrefour,10004458,Vin alb Manieri Vermentino 0.75L,24.05,RON,,0,catalogue,1
2026-08-11T09:36:37.033406+00:00,carrefour,10004460,Vin alb Abbazia di Novacella Pinot Grigio 0.75L,141.99,RON,,0,catalogue,1
2026-08-11T09:36:37.033829+00:00,carrefour,10003196,"Vin alb Chateau d'Arche Sauternes 2018, 0.75L",198.9,RON,,0,catalogue,1
2026-08-11T09:36:37.034118+00:00,carrefour,10003232,Vin alb Bordeaux AOP Bordeaux Chateau Hautes Terres Reflets de France 0.75L,27.35,RON,,0,catalogue,1
2026-08-11T09:36:37.034421+00:00,carrefour,10003149,Vin alb sec Chablis Cave D'Augustin Florent 0.75L,75.29,RON,,0,catalogue,1
2026-08-11T09:36:37.034759+00:00,carrefour,10004276,Vin alb Kia Ora Sauvignon Blanc 0.75L,31.99,RON,,0,catalogue,1
2026-08-11T09:36:37.035027+00:00,carrefour,10004218,Vin alb Castillo de Artesan vegan Bio 0.75L,32.85,RON,,0,catalogue,1
2026-08-11T09:36:37.035294+00:00,carrefour,10004211,Vin alb Cape Dream Chenin 0.75L,22.99,RON,,0,catalogue,1
2026-08-11T09:36:37.035572+00:00,carrefour,10003231,Vin alb Reserve de Monrouby Reflets de France 0.75L,27.35,RON,,0,catalogue,1
2026-08-11T09:36:37.036067+00:00,carrefour,10003613,"Vin Alb Arthur Metz Philippe Michel, Riesling A.O.P, Sec, 0.75l",108.99,RON,,0,catalogue,1
2026-08-11T09:36:37.036536+00:00,carrefour,10004216,Vin alb El Castilla Viura Chardonnay 0.75L,25.39,RON,,0,catalogue,1
2026-08-11T09:36:37.036911+00:00,carrefour,10003548,"Vin Alb Suvorov Letto Viorica, Demidulce, 1l",32.99,RON,,0,catalogue,1
2026-08-11T09:36:37.037244+00:00,carrefour,10003226,Vin alb Gewurztraminer La Cave D'Augustin Florent 0.75L,38.55,RON,,0,catalogue,1
2026-08-11T09:36:37.037552+00:00,carrefour,10003124,"Vin Alb Garling Stradivari, Traminer, Demisec, 0.75l",32.5,RON,,0,catalogue,1
2026-08-11T09:36:37.037901+00:00,carrefour,10002665,Vin alb Trapiche Oak Cask Chardonnay 0.75L,115.99,RON,,0,catalogue,1
2026-08-11T09:36:37.038173+00:00,carrefour,10003823,"Vin alb de Tomai, Sauvignon Blanc sec 0.75L",34.99,RON,,0,catalogue,1
2026-08-11T09:36:37.038426+00:00,carrefour,10003822,"Vin alb de Tomai Chardonnay, sec 0.75 l",34.99,RON,,0,catalogue,1
2026-08-11T09:36:37.038679+00:00,carrefour,10004929,"Vin alb Mateus Portugal, 0.75L",27.49,RON,,0,catalogue,1
2026-08-11T09:36:37.039004+00:00,carrefour,10003607,Vin alb Cometa Planeta Fiano Sec 0.75L,256.99,RON,,0,catalogue,1
2026-08-11T09:36:37.039254+00:00,carrefour,10004920,Vin alb J.P. Chenet Blanc Medium white semi-sweet wine 0.75L,24.89,RON,,0,catalogue,1
2026-08-11T09:36:37.039543+00:00,carrefour,10004919,"Vin Alb J.P. CHENET Colombard-Sauvignon, 0.75L",24.89,RON,,0,catalogue,1
2026-08-11T09:36:37.039845+00:00,carrefour,10004185,"Vin Alb Cricova Tramonto, Feteasca Alba, Sec, 0.75l",35.49,RON,,0,catalogue,1
2026-08-11T09:36:37.040121+00:00,carrefour,10003113,"Vin Alb Cricova Chardonnay Vintage Sec, 0.75l",31.99,RON,,0,catalogue,1
2026-08-11T09:36:37.040377+00:00,carrefour,10003045,"Vin alb Cricova Chardonnay, demidulce, 0.75L",20.99,RON,,0,catalogue,1
2026-08-11T09:36:37.040625+00:00,carrefour,10004151,"Vin Alb Chateau Valvis, Sauvignon Blanc, Sec, 0.75l",94.49,RON,,0,catalogue,1
2026-08-11T09:36:37.040932+00:00,carrefour,10004956,"Vin alb, Arthur Metz Philippe Michel Gewurztraminer AOP 0.75L",125.9,RON,,0,catalogue,1
2026-08-11T09:36:37.041303+00:00,carrefour,10003616,"Vin alb, Louis Latour Grand Ardeche Chardonnay 0.75L",105.9,RON,,0,catalogue,1
2026-08-11T09:36:37.041580+00:00,carrefour,10004894,"Vin alb Chablis AOP Bovier & Fils, sec, 0.75 L",247.69,RON,,0,catalogue,1
2026-08-11T09:36:37.041877+00:00,carrefour,10003671,"Vin alb Louis Latour Ardeche Chardonnay, sec, 0.75 L",99.99,RON,,0,catalogue,1
2026-08-11T09:36:37.042176+00:00,carrefour,10002794,"Vin alb Feudi Di San Gregorio Fiano Di Avellino DOCG, sec, 0.75 L",106.9,RON,,0,catalogue,1
2026-08-11T09:36:37.042483+00:00,carrefour,10002727,"Vin alb Bianco Terre Siciliane IGT Corvo, sec, 0.75 L",76.49,RON,,0,catalogue,1
2026-08-11T09:36:37.042786+00:00,carrefour,10002751,"Vin alb Chardonnay Prestige Cricova, sec, 0.75 L",38.49,RON,,0,catalogue,1
2026-08-11T09:36:37.043058+00:00,carrefour,10003782,"Vin alb Taraboste Pur Aristocratic, 0.75L",117.9,RON,,0,catalogue,1
2026-08-11T09:36:37.043322+00:00,carrefour,10003781,"Vin alb sec, Vartely Individo Pinot Gris&Chardonnay, 0.75L",37.99,RON,,0,catalogue,1
2026-08-11T09:36:37.043593+00:00,carrefour,10004979,"Vin alb Baron Philippe de Rotschild, Mouton Cadet, 0.75 L",74.99,RON,,0,catalogue,1
2026-08-11T09:36:37.043914+00:00,carrefour,10004917,"Vin rosu Chianti Classico Annata DOCG Banfi, sec, 0.75 L",59.9,RON,,0,catalogue,1
2026-08-11T09:36:37.044198+00:00,carrefour,10004891,"Vin Rosu J.P. Chenet Cabernet Syrah, Sec, 0.75l",24.89,RON,,0,catalogue,1
2026-08-11T09:36:37.044461+00:00,carrefour,10004633,Vin rosu Silk&Spice Red Blend 0.75L,42.49,RON,,0,catalogue,1
2026-08-11T09:36:37.044843+00:00,carrefour,10004544,Vin rosu Teleki Villanyi Kekfrankos 0.75L,42.49,RON,,0,catalogue,1
2026-08-11T09:36:37.045210+00:00,carrefour,10004538,Vin rosu Teleki Villanyi Merlot 0.75L,39.49,RON,,0,catalogue,1
2026-08-11T09:36:37.045479+00:00,carrefour,10004552,Vin rosu sec Teleki Villanyi Portugieser 0.75L,33.99,RON,,0,catalogue,1
2026-08-11T09:36:37.045794+00:00,carrefour,10004912,Vin rosu Piccini Chianti Orange 0.75 L,50.49,RON,,0,catalogue,1
2026-08-11T09:36:37.046070+00:00,carrefour,10004462,"Vin rosu Louis Latour Bourgogne Pinot Noir Domaine de Valmoissine, Sec, 0.75L",113.99,RON,,0,catalogue,1
2026-08-11T09:36:37.046367+00:00,carrefour,10004445,"Vin Rosu Vartely Individo, Merlot & Cabernet, Sec, 0.75l",37.99,RON,,0,catalogue,1
2026-08-11T09:36:38.253933+00:00,carrefour,10003835,Vin rosu sec Bellamico Montepulciano D'Abruzzo 0.75L,13.5,RON,,0,catalogue,1
2026-08-11T09:36:38.254282+00:00,carrefour,10003834,Vin Rosu Primitivo di Salento IGT Bellamic 0.75L,18.9,RON,,0,catalogue,1
2026-08-11T09:36:38.254575+00:00,carrefour,10004210,Vin rosu Apatamas Valle Central Cabernet Cremenere 0.75L,21.49,RON,,0,catalogue,1
2026-08-11T09:36:38.254897+00:00,carrefour,10003230,Vin Rosu La Badie Medoc Reflets de France 0.75L,61.09,RON,,0,catalogue,1
2026-08-11T09:36:38.255172+00:00,carrefour,10002729,Vin rosu El Emperador Cabernet Carmenere Chile 0.75L,35.49,RON,,0,catalogue,1
2026-08-11T09:36:38.255458+00:00,carrefour,10002946,Vin rosu Saint-Emilion Chateau Clos Cormey 0.75L,45.49,RON,,0,catalogue,1
2026-08-11T09:36:38.255764+00:00,carrefour,10003125,"Vin Rosu Garling Stradivari, Pinot Franc, Demisec, 0.75l",30.5,RON,,0,catalogue,1
2026-08-11T09:36:38.256062+00:00,carrefour,10004213,Vin rosu Enchenor Malbec 0.75L,23.49,RON,,0,catalogue,1
2026-08-11T09:36:38.256312+00:00,carrefour,10004212,Vin rosu Cape Dream Pinotage 0.75L,22.99,RON,,0,catalogue,1
2026-08-11T09:36:38.256570+00:00,carrefour,10003546,"Vin Rosu Suvorov Letto, Merlot, Demidulce, 1l",28.99,RON,,0,catalogue,1
2026-08-11T09:36:38.256855+00:00,carrefour,10003363,Vin rosu Plan de Dieu Domaine Du Mistral Reflets De France 0.75L,35.49,RON,,0,catalogue,1
2026-08-11T09:36:38.257241+00:00,carrefour,10003229,Vin rosu Large Malartic La Cave d'Augustin Florent BIO 0.75L,31.39,RON,,0,catalogue,1
2026-08-11T09:36:38.257534+00:00,carrefour,10003206,"Vin Rosu Offey, Porto Tawny, Dulce, 0.75L",70.49,RON,,0,catalogue,1
2026-08-11T09:36:38.257819+00:00,carrefour,10002915,Vin rosu Bourgogne La Cave d'Augustin Florent Pinot Noir 0.75L,83.95,RON,,0,catalogue,1
2026-08-11T09:36:38.258138+00:00,carrefour,10003590,"Vin rosu Chateau Ferriere, Margaux Sec 0.75L",308.9,RON,,0,catalogue,1
2026-08-11T09:36:38.258398+00:00,carrefour,10003581,Vin rosu Chateau Echo De Lynch Bages 0.75L,267.9,RON,,0,catalogue,1
2026-08-11T09:36:38.258656+00:00,carrefour,10003580,Vin rosu Chateau Sociando Mallet Haut Medoc 0.75L,239.9,RON,,0,catalogue,1
2026-08-11T09:36:38.258957+00:00,carrefour,10003588,Vin rosu Chateau de Camensac Haut-Medoc Grand Cru Classe 0.75L,208.9,RON,,0,catalogue,1
2026-08-11T09:36:38.259242+00:00,carrefour,10003364,Vin rosu Chateauneuf du pape Reflets de France AOC 0.75L,128.95,RON,,0,catalogue,1
2026-08-11T09:36:38.259523+00:00,carrefour,10003820,"Vin rosu Tomai, Negru de Tomai, Sec, 0.75L",34.49,RON,,0,catalogue,1
2026-08-11T09:36:38.259810+00:00,carrefour,10003821,"Vin rosu Saperavi de Tomai, sec, 0.75L",34.49,RON,,0,catalogue,1
2026-08-11T09:36:38.260070+00:00,carrefour,10003604,"Vin Rosu Piccini Sasso al Poggio Rosso Toscana, I.G.T, Sec, 0.75l",106.99,RON,,0,catalogue,1
2026-08-11T09:36:38.260358+00:00,carrefour,10003602,"Vin Rosu Banfi Belnero Toscana, Sangiovese&Cabernet Sauvignon&Merlot, 0.75L",190.99,RON,,0,catalogue,1
2026-08-11T09:36:38.260661+00:00,carrefour,10004957,"Vin Rosu J.P. Chenet Merlot, 0.75L",24.89,RON,,0,catalogue,1
2026-08-11T09:36:38.260952+00:00,carrefour,10003252,Vin Cricova Pastoral 0.75L,46.99,RON,,0,catalogue,1
2026-08-11T09:36:38.261246+00:00,carrefour,10004187,"Vin Rosu Cricova Tramonto, Rara Neagra, Sec, 0.75l",35.49,RON,,0,catalogue,1
2026-08-11T09:36:38.261539+00:00,carrefour,10003112,Vin Rosu Cricova Cabernet Sauvignon Sec 0.75l,31.99,RON,,0,catalogue,1
2026-08-11T09:36:38.261830+00:00,carrefour,10003044,"Vin Cricova H Cabernet rosu demidulce, 0.75L",20.99,RON,,0,catalogue,1
2026-08-11T09:36:38.262077+00:00,carrefour,10003839,"Vin rosu Barolo Sacco DOCG, 0.75 L",100.39,RON,,0,catalogue,1
2026-08-11T09:36:38.262327+00:00,carrefour,10003837,"Vin rosu, Chianti Bellamico, sec, 0.75L",25.45,RON,,0,catalogue,1
2026-08-11T09:36:38.262582+00:00,carrefour,10003840,"Vin rosu, Barbaresco Sacco sec, 0.75L",60.99,RON,,0,catalogue,1
2026-08-11T09:36:38.262867+00:00,carrefour,10003841,"Vin rosu, Amarone della Valpolicella Classico Rocca, demisec, 0.75L",155.29,RON,,0,catalogue,1
2026-08-11T09:36:38.263144+00:00,carrefour,10003842,"Vin rosu sec, Brunello di Montalcino Docg Lazzeretti, 0.75L",174.75,RON,,0,catalogue,1
2026-08-11T09:36:38.263428+00:00,carrefour,10003603,"Vin rosu, Banfi Chianti Classico Riserva DOC, 0.75L",139.99,RON,,0,catalogue,1
2026-08-11T09:36:38.263735+00:00,carrefour,10004918,"Vin rosu Vinul Rosso Terre Siciliane IGT Corvo, sec, 0.75 L",76.49,RON,,0,catalogue,1
2026-08-11T09:36:38.264017+00:00,carrefour,10003284,"Vin rosu Achaval Ferrer Malbec Mendoza, sec, 0.75 L",162.9,RON,,0,catalogue,1
2026-08-11T09:36:38.264290+00:00,carrefour,10002726,"Vin rosu Rosso Di Montalcino Doc Banfi, sec, 0.75 L",118.9,RON,,0,catalogue,1
2026-08-11T09:36:38.264563+00:00,carrefour,10004893,"Vin rosu Monsieur Louis Reserve, sec, 0.75 L",63.49,RON,,0,catalogue,1
2026-08-11T09:36:38.264853+00:00,carrefour,10003946,"Vin rosu Merlot Virgin Cricova, sec, 0.75 L",96.49,RON,,0,catalogue,1
2026-08-11T09:36:38.265165+00:00,carrefour,10004996,"Vin rosu Codru Prestige Cricova, sec, 0.75 L",38.49,RON,,0,catalogue,1
2026-08-11T09:36:38.265437+00:00,carrefour,10005027,"Vin rosu Cabernet Sauvignon Prestige Cricova, sec, 0.75 L",38.99,RON,,0,catalogue,1
2026-08-11T09:36:38.265738+00:00,carrefour,10003945,"Vin rosu sec, Individo Editie limitata, Saperavi, 0.75L",63.49,RON,,0,catalogue,1
2026-08-11T09:36:38.266017+00:00,carrefour,10003545,"Vin rosu sec, Vartely Individo Rara Neagra, Malbec&Syrah, 0.75L",37.99,RON,,0,catalogue,1
2026-08-11T09:36:38.266302+00:00,carrefour,10004977,"Vin rosu Baron Philippe de Rotschild Mouton Cadet, 0.75 L",80.49,RON,,0,catalogue,1
2026-08-11T09:36:38.266589+00:00,carrefour,10002666,"Vin rosu, Trapiche Oak Cask Malbec, 0.75L",74.49,RON,,0,catalogue,1
2026-08-11T09:36:38.266912+00:00,carrefour,10004461,"Vin rose Domaines Ott By. Ott Cotes de Provence, 0.75L",169.9,RON,,0,catalogue,1
2026-08-11T09:36:38.267191+00:00,carrefour,10004219,Vin rose Petalos de Aresan Tempranillo 0.75L,29.49,RON,,0,catalogue,1
2026-08-11T09:36:38.267466+00:00,carrefour,10003234,Vin rose Languedoc Roussillon Cotes de Thau Reserve De Monrouby Reflets De France 0.75L,20.95,RON,,0,catalogue,1
2026-08-11T09:36:39.225393+00:00,carrefour,10003235,Vin rose Domaine de Cantarelle Reflets de France 0.75L,45.65,RON,,0,catalogue,1
2026-08-11T09:36:39.225836+00:00,carrefour,10003547,"Vin Rose Suvorov Letto, Grand Moscato, Demidulce, 1l",28.99,RON,,0,catalogue,1
2026-08-11T09:36:39.226127+00:00,carrefour,10004892,"Vin rose J.P. Chenet Cinsault Grenache, 0.75l",24.89,RON,,0,catalogue,1
2026-08-11T09:36:39.226403+00:00,carrefour,10004928,"Vin rose Sogrape Mateus, Demisec 0.75L",27.49,RON,,0,catalogue,1
2026-08-11T09:36:39.226652+00:00,carrefour,10004186,"Vin rose Cricova Tramonto, Feteasca Neagra, Sec, 0.75L",35.49,RON,,0,catalogue,1
2026-08-11T09:36:39.227008+00:00,carrefour,10004150,"Vin rose Chateau Valvis, 0.75l",93.99,RON,,0,catalogue,1
2026-08-11T09:36:39.227263+00:00,carrefour,10002914,"Vin rose Cabernet Merlot Shiraz Prestige Cricova, sec, 0.75 L",38.49,RON,,0,catalogue,1
2026-08-11T09:36:39.227544+00:00,carrefour,10003955,"Vin rose Cabernet Merlot Shiraz Vintage Cricova, sec, 0.75 L",31.99,RON,,0,catalogue,1
2026-08-11T09:36:39.227861+00:00,carrefour,10003940,"Vin rose Whispering Angel, sec, 0.75 L",138.9,RON,,0,catalogue,1
2026-08-11T09:36:39.228120+00:00,carrefour,10507732,Vin rosu bio La Cave d'Augustin Florent Bordeaux 3L,93.05,RON,,0,catalogue,1
2026-08-11T09:36:39.228392+00:00,carrefour,10507735,Vin rosu La Cave d'Augustin Florent Bordeaux Superieur 3L,65.99,RON,,0,catalogue,1
2026-08-11T09:36:39.228692+00:00,carrefour,10507761,Vin Premiat Rosu 3L,28.49,RON,,0,catalogue,1
2026-08-11T09:36:39.228942+00:00,carrefour,10502075,Vin alb Muscadet La Cave d'Augustin Florent 3L,67.99,RON,,0,catalogue,1
2026-08-11T09:36:39.229275+00:00,carrefour,10507762,Vin alb Premiat 3L,28.49,RON,,0,catalogue,1
2026-08-11T09:36:39.229514+00:00,carrefour,10507730,Vin rose Reflets de France Reserve de Monrouby 3L,60.89,RON,,0,catalogue,1
2026-08-11T09:36:39.229897+00:00,carrefour,10507414,"Vin Alb demisec Val Duna, Riesling Italian, 3L",54.49,RON,,0,catalogue,1
2026-08-11T09:36:39.230166+00:00,carrefour,10504550,"Vin rosu sec Cotnari Feteasca Neagra bag in box, 2 L",38.99,RON,,0,catalogue,1
2026-08-11T09:36:39.230428+00:00,carrefour,10507447,Vin rose demisec Crama Noua Bib 2L,51.99,RON,,0,catalogue,1
2026-08-11T09:36:39.230697+00:00,carrefour,10507316,Vin rosu demisec Domeniile Vinju Mare Merlot 2L,25.9,RON,,0,catalogue,1
2026-08-11T09:36:39.230993+00:00,carrefour,10507445,"Vin rosu sec Crama Noua, Domeniile Baniei, 2L",51.99,RON,,0,catalogue,1
2026-08-11T09:36:39.231252+00:00,carrefour,10507318,"Vin alb Domeniile Vinju Mare Sauvignon Blanc, demisec, 2L",25.9,RON,,0,catalogue,1
2026-08-11T09:36:39.231509+00:00,carrefour,10507450,"Vin alb demisec Crama Noua, Domeniile Baniei, 2L",51.99,RON,,0,catalogue,1
2026-08-11T09:36:39.231827+00:00,carrefour,10507341,Vin rosu demisec Zurzur Domeniile Bohotin Feteasca Neagra 3L,43.49,RON,,0,catalogue,1
2026-08-11T09:36:39.232124+00:00,carrefour,10507340,"Vin alb Zurzur Domeniile Bohotin, demidulce, 3 L",43.49,RON,,0,catalogue,1
2026-08-11T09:36:39.232374+00:00,carrefour,10507315,Vin rose demisec Domeniile Vinju Mare Bag in Bag 2L,25.9,RON,,0,catalogue,1
2026-08-11T09:36:39.232650+00:00,carrefour,10500785,"Vin rosu sec Samburesti Cabernet Sauvingnon, 5L",86.49,RON,,0,catalogue,1
2026-08-11T09:36:39.233029+00:00,carrefour,10501566,"Vin rosu Crama Girboiu Varancha Merlot, sec 3L",44.49,RON,,0,catalogue,1
2026-08-11T09:36:39.233303+00:00,carrefour,10503184,"Vin alb Cotnari, Eticheta Galbena demisec 3 l",42.15,RON,,0,catalogue,1
2026-08-11T09:36:39.233573+00:00,carrefour,10002212,Vin Alb Recas Schwaben Feteasca Regala Demisec 3L,72.99,RON,,0,catalogue,1
2026-08-11T09:36:39.233871+00:00,carrefour,10500277,"Vin Alb Vinarte, Crama Starmina, Demisec, 3L",46.49,RON,,0,catalogue,1
2026-08-11T09:36:39.234148+00:00,carrefour,10500276,"Vin rosu Vinarte, Crama Starmina, Sec, 3L",46.49,RON,,0,catalogue,1
2026-08-11T09:36:39.234400+00:00,carrefour,10502879,"Vin rose Vinarte, Crama Starmina Demisec, 3L",46.49,RON,,0,catalogue,1
2026-08-11T09:36:39.234640+00:00,carrefour,10504554,"Vin rosu Basilescu Rouge, sec 2L",39.49,RON,,0,catalogue,1
2026-08-11T09:36:39.234934+00:00,carrefour,10506611,"Vin rose Basilescu, Demisec, Bag in box, 2L",39.49,RON,,0,catalogue,1
2026-08-11T09:36:39.235179+00:00,carrefour,10504553,"Vin alb demisec Crama Basilescu, Cupaj alb 2 l",39.49,RON,,0,catalogue,1
2026-08-11T09:36:39.235435+00:00,carrefour,10506829,"Vin rosu Vinarte pentru fiert ,Dulce, 3L",71.99,RON,,0,catalogue,1
2026-08-11T09:36:39.235722+00:00,carrefour,10503665,"Vin rosu sec, Budureasca Cuvee bag in box, 2 L",51.99,RON,,0,catalogue,1
2026-08-11T09:36:39.236018+00:00,carrefour,10502196,"Vin rose demisec, Budureasca, bag in box, 2 L",51.99,RON,,0,catalogue,1
2026-08-11T09:36:39.236265+00:00,carrefour,10504456,"Vin alb demisec Budureasca, Fume, 2 L",51.99,RON,,0,catalogue,1
2026-08-11T09:36:39.236505+00:00,carrefour,10502318,"Vin alb demisec Budureasca, sauvignon blanc, 2 L",51.99,RON,,0,catalogue,1
2026-08-11T09:36:39.236794+00:00,carrefour,10506324,"Vin rosu sec, Domeniul Bogdan Patrar Syrah Biodinamic, 0.75L",224.45,RON,,0,catalogue,1
2026-08-11T09:36:39.237175+00:00,carrefour,10503911,"Vin rosu demisec, Budureasca BIB 2L Cabernet sauvignon, 2L",51.99,RON,,0,catalogue,1
2026-08-11T09:36:40.693343+00:00,freshful,100172616,"Vin alb sec Traminer, 13%, 750ml",43.99,RON,,0,catalogue,1
2026-08-11T09:36:40.693880+00:00,freshful,100177319,"Vin rose sec Whispering Angel, 13%, 750ml",102.49,RON,,0,catalogue,1
2026-08-11T09:36:40.694858+00:00,freshful,100167906,"Vin roșu sec Cabernet Sauvignon, 14.5%, 750ml",97.49,RON,,0,catalogue,1
2026-08-11T09:36:40.695299+00:00,freshful,100167907,"Vin alb sec Chardonnay, 14%, 750ml",99.99,RON,,0,catalogue,1
2026-08-11T09:36:40.695744+00:00,freshful,100168270,"Vin alb dulce Ice Wine Riesling Gift Box, 7%, 375ml",103.49,RON,,0,catalogue,1
2026-08-11T09:36:40.696198+00:00,freshful,100169713,"Vin spumant alb brut Prosecco, 11%, 1.5l",100.79,RON,121.49,1,catalogue,1
2026-08-11T09:36:40.696612+00:00,freshful,100172138,"Vin alb sec Malagousia, 13%, 750ml",100.79,RON,125.49,1,catalogue,1
2026-08-11T09:36:40.697152+00:00,freshful,100172624,"Vin roșu sec Shiraz, 13%, 750ml",49.59,RON,52.69,1,catalogue,1
2026-08-11T09:36:40.697583+00:00,freshful,100173549,"Vin alb sec Primordial Chardonnay, 13.5%, 750ml",60.79,RON,73.99,1,catalogue,1
2026-08-11T09:36:40.698074+00:00,freshful,100173550,"Vin alb sec eco Primordial Sauvignon Blanc, 13.5%, 750ml",61.59,RON,73.99,1,catalogue,1
2026-08-11T09:36:40.698533+00:00,freshful,100173552,"Vin roșu sec eco Primordial Fetească Neagră, 15.9%, 750ml",71.59,RON,85.99,1,catalogue,1
2026-08-11T09:36:40.699044+00:00,freshful,100173782,"Vin roșu sec Cuvée Grandiflora, 15%, 750ml",111.99,RON,139.99,1,catalogue,1
2026-08-11T09:36:40.699498+00:00,freshful,100174842,"Vin alb dulce Tămâioasă Românească, 11.5%, 750ml",55.49,RON,,0,catalogue,1
2026-08-11T09:36:40.700003+00:00,freshful,100175884,"Vin roșu sec Primitivo di Manduria, 14.5%, 750ml",87.99,RON,,0,catalogue,1
2026-08-11T09:36:40.700470+00:00,freshful,100177323,"Vin rose sec Merlot & Cabernet Sauvignon, 12%, 750ml",49.99,RON,,0,catalogue,1
2026-08-11T09:36:40.700944+00:00,freshful,100177440,"Vin spumant alb brut, 12%, 750ml",119.99,RON,,0,catalogue,1
2026-08-11T09:36:40.701383+00:00,freshful,100178267,"Vin roșu sec Merlot, 14.5%, 750ml",129.49,RON,,0,catalogue,1
2026-08-11T09:36:40.701872+00:00,freshful,100171710,"Vin alb sec Chardonnay Orange, 14%, 750ml",75.59,RON,90.99,1,catalogue,1
2026-08-11T09:36:40.702304+00:00,freshful,100178468,"Vin roșu sec Cuvée IX Cabernet Sauvignon & Merlot & Shiraz & Fetească Neagră, 14.8%, 750ml",114.29,RON,122.99,1,catalogue,1
2026-08-11T09:36:40.702925+00:00,freshful,100178475,"Vin alb sec Cuvee X, 13.6%, 750ml",73.94,RON,83.49,1,catalogue,1
2026-08-11T09:36:40.703372+00:00,freshful,100179055,"Vin alb sec Pagaia Sauvignon Blanc, 13%, 750ml",62.99,RON,,0,catalogue,1
2026-08-11T09:36:40.703831+00:00,freshful,100179056,"Vin rose sec Pagaia Merlot, 13%, 750ml",62.99,RON,,0,catalogue,1
2026-08-11T09:36:40.704257+00:00,freshful,100179057,"Vin roșu sec Pagaia Merlot & Cabernet Sauvignon, 13.5%, 750ml",102.49,RON,,0,catalogue,1
2026-08-11T09:36:40.704774+00:00,freshful,100180015,"Vin alb sec Malagouzia & Assyrtiko, 13%, 750ml",89.19,RON,111.49,1,catalogue,1
2026-08-11T09:36:40.705276+00:00,freshful,100182095,"Vin rose sec Les Papilles, 12.5%, 750ml",64.99,RON,,0,catalogue,1
2026-08-11T09:36:40.705730+00:00,freshful,100182115,"Vin roșu sec Callia Syrah & Malbec, 12.5%, 750ml",61.49,RON,,0,catalogue,1
2026-08-11T09:36:40.706194+00:00,freshful,100182225,"Vin spumant extra brut Blanc de Blancs, 12%, 750ml",103.99,RON,129.99,1,catalogue,1
2026-08-11T09:36:40.706601+00:00,freshful,100182991,"Prosecco alb extra dry Valdobbiadene Superiore DOCG, 11%, 750ml",59.99,RON,,0,catalogue,1
2026-08-11T09:36:40.707131+00:00,freshful,100183616,"Șampanie rose brut Grand Cordon Rosé, 12.5%, 750ml",221.42,RON,250.49,1,catalogue,1
2026-08-11T09:36:40.707568+00:00,freshful,100183990,"Șampanie brut Special Cuvee, 12%, 750ml",399.99,RON,,0,catalogue,1
2026-08-11T09:36:40.708025+00:00,freshful,100184227,"Vin alb dulce, Transylvanian Ice Wine, 10.5%, 375ml",68.39,RON,97.99,1,catalogue,1
2026-08-11T09:36:40.708463+00:00,freshful,100209224,"Vin alb sec Pecorino D'Abruzzo, 13%, 750ml",61.99,RON,,0,catalogue,1
2026-08-11T09:36:40.708938+00:00,freshful,100209225,"Vin rose sec Merlot, Montelpuciano, 13%, 750ml",64.98,RON,,0,catalogue,1
2026-08-11T09:36:40.709487+00:00,freshful,100209226,"Vin roșu sec Montepulciano D'Abruzzo DOP, 14%, 750ml",61.99,RON,,0,catalogue,1
2026-08-11T09:36:40.709993+00:00,freshful,100209250,"Vin roșu demidulce Fetească Neagră, 14%, 750ml",63.99,RON,,0,catalogue,1
2026-08-11T09:36:40.710424+00:00,freshful,100212514,"Vin spumant alb brut Carassia Classic, 12%, 1.5l",289.99,RON,,0,catalogue,1
2026-08-11T09:36:40.710917+00:00,freshful,100212515,"Vin spumant brut Blanc de Blancs Carassia, 12%, 1.5l",324.49,RON,,0,catalogue,1
2026-08-11T09:36:40.711375+00:00,freshful,100212643,"Vin alb sec Vallevo Gabbiano Pecorino IGT Terre di Chieti, 13%, 750ml",68.99,RON,,0,catalogue,1
2026-08-11T09:36:40.711954+00:00,freshful,100212648,"Vin roșu sec Barolo, 14.5%, 750ml",190.79,RON,269.99,1,catalogue,1
2026-08-11T09:36:40.712369+00:00,freshful,100212665,"Vin alb dulce Desert Tămâioasă Românească I.G Dealurile Moldovei, 12%, 500ml",74.99,RON,,0,catalogue,1
2026-08-11T09:36:40.712956+00:00,freshful,100216734,"Vin spumant brut eco Cava Reserva, 11.5%, 750ml",72.33,RON,,0,catalogue,1
2026-08-11T09:36:40.713459+00:00,freshful,100177441,"Vin spumant rose, 12%, 750ml",119.99,RON,,0,catalogue,1
2026-08-11T09:36:40.713884+00:00,freshful,100178465,"Vin alb sec Reserva Chardonnay, 14.1%, 750ml",74.39,RON,92.99,1,catalogue,1
2026-08-11T09:36:40.714309+00:00,freshful,100178634,"Vin roșu sec Tempranillo, 13.5%, 750ml",101.99,RON,,0,catalogue,1
2026-08-11T09:36:40.714771+00:00,freshful,100182110,"Vin alb sec, Portillo, Sauvignon Blanc, 12.5%, 750ml",74.98,RON,,0,catalogue,1
2026-08-11T09:36:40.715210+00:00,freshful,100182111,"Vin roșu sec Portillo Malbec, 13%, 750ml",74.98,RON,,0,catalogue,1
2026-08-11T09:36:40.715697+00:00,freshful,100183615,"Șampanie brut Cordon Rouge, 12.5%, 750ml",258.79,RON,323.49,1,catalogue,1
2026-08-11T09:36:40.716124+00:00,freshful,100212647,"Vin roșu sec Barbaresco, 14.5%, 750ml",153.19,RON,217.49,1,catalogue,1
2026-08-11T09:36:40.716533+00:00,freshful,100170371,"Vin roșu sec Oak Cask Malbec, 13.5%, 750ml",77.99,RON,,0,catalogue,1
2026-08-11T09:36:40.717095+00:00,freshful,100171318,"Vin rose sec Merlot, Syrah, Pinot Noir Volumul I, 12.5%, 750ml",49.99,RON,,0,catalogue,1
2026-08-11T09:36:40.717600+00:00,freshful,100171440,"Vin rose sec Le Rose, 13%, 750ml",58.69,RON,,0,catalogue,1
2026-08-11T09:36:40.718037+00:00,freshful,100171331,"Vin alb sec Aligote, Vol II, 12.5%, 750ml",59.99,RON,,0,catalogue,1
2026-08-11T09:36:40.718443+00:00,freshful,100176427,"Vin roșu sec Cabernet Sauvignon, 14%, 750ml",80.99,RON,,0,catalogue,1
2026-08-11T09:36:40.718902+00:00,freshful,100167338,"Șampanie brut Blanc de Noir, 12.5%, 750ml",262.49,RON,,0,catalogue,1
2026-08-11T09:36:40.719314+00:00,freshful,100170220,"Vin alb sec Cabernet Sauvignon, Blanc de Noir, 12.5%, 750ml",76.99,RON,,0,catalogue,1
2026-08-11T09:36:40.719822+00:00,freshful,100171452,"Vin alb sec Chardonnay & Fetească Albă, 13%, 750ml",63.49,RON,,0,catalogue,1
2026-08-11T09:36:40.720275+00:00,freshful,100171453,"Vin roșu sec Pinot Noir & Fetească Neagră, 14%, 750ml",95.99,RON,,0,catalogue,1
2026-08-11T09:36:40.720777+00:00,freshful,100171470,"Vin roșu sec Bacanta Fetească Neagră D.O.C., 15.5%, 750ml",92.99,RON,,0,catalogue,1
2026-08-11T09:36:40.721314+00:00,freshful,100171473,"Vin roșu sec Bacanta, Barrique Merlot, 14.5%, 750ml",92.99,RON,,0,catalogue,1
2026-08-11T09:36:42.488344+00:00,freshful,100171494,"Vin rose sec Traminer Special Edition, 12.5%, Bacanta 750ml",85.99,RON,,0,catalogue,1
2026-08-11T09:36:42.488676+00:00,freshful,100171495,"Vin rose sec Special Edition, 13%, 750ml",85.99,RON,,0,catalogue,1
2026-08-11T09:36:42.488887+00:00,freshful,100173424,"Vin rose sec Provence, 12.5%, 750ml",64.98,RON,,0,catalogue,1
2026-08-11T09:36:42.489140+00:00,freshful,100173447,"Vin roșu sec Bordeaux, 13.5%, 750ml",173.74,RON,,0,catalogue,1
2026-08-11T09:36:42.489351+00:00,freshful,100173484,"Vin spumant alb sec Sparkling Cuvee Prestige, 11.5%, 750ml",56.99,RON,,0,catalogue,1
2026-08-11T09:36:42.489569+00:00,freshful,100173783,"Vin roșu sec Negru de Drăgășani, 14.5%, 0.75l",95.49,RON,,0,catalogue,1
2026-08-11T09:36:42.489821+00:00,freshful,100171334,"Vin roșu sec Cabernet Sauvignon Vol II, 13%, 750ml",59.99,RON,,0,catalogue,1
2026-08-11T09:36:42.490033+00:00,freshful,100171336,"Vin roșu sec Quintessence II, 14%, 750ml",59.99,RON,,0,catalogue,1
2026-08-11T09:36:42.490240+00:00,freshful,100171333,"Vin rose sec Fetească Neagră & Pinot Noir & Syrah Volumul II, 13%, 750ml",59.99,RON,,0,catalogue,1
2026-08-11T09:36:42.490539+00:00,freshful,100175804,"Vin rose sec Ion Vlădoi Pinot Grigio Fumee, 12.9%, 750ml",91.49,RON,,0,catalogue,1
2026-08-11T09:36:42.490818+00:00,freshful,100175885,"Vin roșu sec Appasimento Puglia, 14.5%, 750ml",70.49,RON,,0,catalogue,1
2026-08-11T09:36:42.491063+00:00,freshful,100176340,"Vin alb dulce Royal Tokaji Aszu 5 Furmint & Harslevelu, 11%, 500ml",155.49,RON,,0,catalogue,1
2026-08-11T09:36:42.491301+00:00,freshful,100178295,"Vin roșu sec, 14%, 750ml",141.49,RON,,0,catalogue,1
2026-08-11T09:36:42.491495+00:00,freshful,100178266,"Vin alb demidulce Crâmpoșie Selecționată, 11%, 750ml",92.49,RON,,0,catalogue,1
2026-08-11T09:36:42.491743+00:00,freshful,100176307,"Vin alb demisec eco Riesling de Rhin, 12.2%, 750ml",80.99,RON,,0,catalogue,1
2026-08-11T09:36:42.491966+00:00,freshful,100176313,"Vin rose demisec eco La Capela Cuvée Selection, 12%, 750ml",53.09,RON,,0,catalogue,1
2026-08-11T09:36:42.492181+00:00,freshful,100179518,"Vin roșu sec Fetească Neagră, 13.5%, 750ml",83.99,RON,,0,catalogue,1
2026-08-11T09:36:42.492382+00:00,freshful,100179519,"Vin rose sec Codrinschii, 12.5%, 750ml",57.99,RON,,0,catalogue,1
2026-08-11T09:36:42.492574+00:00,freshful,100182122,"Prosecco alb extra dry, Valdobbiadene, Glera, 11%, 750ml",65.49,RON,,0,catalogue,1
2026-08-11T09:36:42.492831+00:00,freshful,100182126,"Vin alb sec Argali Cupaj, 12%, 750ml",148.49,RON,,0,catalogue,1
2026-08-11T09:36:42.493080+00:00,freshful,100182583,"Șampanie Sublime demisec, 12%, 750ml",375.39,RON,,0,catalogue,1
2026-08-11T09:36:42.493345+00:00,freshful,100176310,"Vin roșu sec eco Syrah Reserve, 14%, 750ml",110.49,RON,,0,catalogue,1
2026-08-11T09:36:42.493768+00:00,freshful,100176314,"Vin alb demisec eco La Capela Fetească Regală & Muscat Ottonel, 12%, 750ml",55.99,RON,,0,catalogue,1
2026-08-11T09:36:42.494014+00:00,freshful,100176315,"Vin roșu sec eco La Capela, 14%, 750ml",49.99,RON,,0,catalogue,1
2026-08-11T09:36:42.494215+00:00,freshful,100176327,Șampanie albă Brut Reserve 750ml + cutie,324.49,RON,,0,catalogue,1
2026-08-11T09:36:42.494415+00:00,freshful,100185630,"Vin roșu sec Sessantanni Primitivo di Manduria DOP, 14.5%, 750ml",169.99,RON,,0,catalogue,1
2026-08-11T09:36:42.494688+00:00,freshful,100188698,"Vin roșu sec Volpolo, 14.5%, 750ml",132.99,RON,,0,catalogue,1
2026-08-11T09:36:42.494889+00:00,freshful,100189854,"Vin rose sec AOC Cotes de Provence, 12.5%, 750ml",129.99,RON,,0,catalogue,1
2026-08-11T09:36:42.495097+00:00,freshful,100214761,"Vin rose sec Rară Neagră Vol I, 12%, 750ml",49.99,RON,,0,catalogue,1
2026-08-11T09:36:42.495308+00:00,freshful,100216740,"Vin spumant rose Exra Dry eco Prosecco Millesimato DOC, 11.5%, 750ml",74.99,RON,,0,catalogue,1
2026-08-11T09:36:42.495546+00:00,freshful,100216741,"Vin spumant brut Franciacorta DOCG, 12.5%, 750ml",169.99,RON,,0,catalogue,1
2026-08-11T09:36:42.495780+00:00,freshful,100167337,"Șampanie Brut 12.5%, 750ml",347.99,RON,,0,catalogue,1
2026-08-11T09:36:42.495966+00:00,freshful,100167339,"Șampanie Blanc de Blancs Grand Cru, 12.5%, 750ml",514.59,RON,,0,catalogue,1
2026-08-11T09:36:42.496176+00:00,freshful,100167538,"Vin roșu sec cupaj Uniq, 14%, 750ml",525.09,RON,,0,catalogue,1
2026-08-11T09:36:42.496390+00:00,freshful,100172655,"Vin roșu sec Pinot Noir, 14%, 750ml",315.99,RON,,0,catalogue,1
2026-08-11T09:36:42.496649+00:00,freshful,100173781,"Vin roșu sec Cuvée Andrei Cabernet Sauvignon, 14%, 750ml",81.99,RON,,0,catalogue,1
2026-08-11T09:36:42.496917+00:00,freshful,100179583,"Vin roșu sec Fetească Neagră, Merlot & Cabernet Sauvignon, 14%, 750ml",83.99,RON,,0,catalogue,1
2026-08-11T09:36:42.497245+00:00,freshful,100182112,"Vin roșu sec Barrel Selection Malbec, 14%, 750ml",116.99,RON,,0,catalogue,1
2026-08-11T09:36:42.497479+00:00,freshful,100182113,"Vin alb sec Barrel Selection Chardonnay, 13.5%, 750ml",124.99,RON,,0,catalogue,1
2026-08-11T09:36:42.497748+00:00,freshful,100176306,"Vin alb sec eco Chardonnay Barrique, 14.2%, 750ml",89.84,RON,,0,catalogue,1
2026-08-11T09:36:42.497975+00:00,freshful,100176308,"Vin roșu sec eco Blaufrankisch, 13%, 750ml",88.99,RON,,0,catalogue,1
2026-08-11T09:36:42.498176+00:00,freshful,100176323,"Șampanie rose, 12.5%, 750ml",774.19,RON,,0,catalogue,1
2026-08-11T09:36:42.498361+00:00,freshful,100176328,"Șampanie rose Prestige, 12.5%, 750ml + cutie",372.99,RON,,0,catalogue,1
2026-08-11T09:36:42.498561+00:00,freshful,100176342,"Șampanie rose brut, 12.5%, 750ml",509.99,RON,,0,catalogue,1
2026-08-11T09:36:42.498797+00:00,freshful,100216739,"Vin spumant extra brut eco Diamant Millesimato, 11.5%, 750ml",74.99,RON,,0,catalogue,1
2026-08-11T09:36:42.499017+00:00,freshful,100169715,"Vin spumant Prosecco alb brut Treviso, 11%, 750ml",39.99,RON,,0,catalogue,1
2026-08-11T09:36:42.499345+00:00,freshful,100179867,"Prosecco alb extra dry, 11%, 750ml",77.49,RON,,0,catalogue,1
2026-08-11T09:36:42.499542+00:00,freshful,100172597,"Vin alb sec Chardonnay, 12.5%, 750ml",35.49,RON,,0,catalogue,1
2026-08-11T09:36:42.499779+00:00,freshful,100172621,"Vin alb sec Viorica Muscat Ottonel, 13%, 750ml",35.99,RON,,0,catalogue,1
2026-08-11T09:36:42.499985+00:00,freshful,100172599,"Vin alb sec Pinot Grigio, 13.5%, 750ml",40.99,RON,,0,catalogue,1
2026-08-11T09:36:42.500180+00:00,freshful,100172598,"Vin rose sec, 13.5%, 750ml",35.99,RON,,0,catalogue,1
2026-08-11T09:36:42.500362+00:00,freshful,100177347,"Vin alb sec Unico Pecorino Terre di Chieti, 13%, 750ml",66.99,RON,,0,catalogue,1
2026-08-11T09:36:42.500573+00:00,freshful,100210415,"Prosecco alb DOC, 11.5%, 750ml",40.99,RON,,0,catalogue,1
2026-08-11T09:36:42.500797+00:00,freshful,100172594,Vin roșu sec Cabernet Sauvignon 750ml,40.99,RON,,0,catalogue,1
2026-08-11T09:36:42.501035+00:00,freshful,100170630,"Vin spumant Prosecco, 11.5%, 750ml",43.49,RON,,0,catalogue,1
2026-08-11T09:36:42.501232+00:00,freshful,100172592,Vin alb sec Sauvignon Blanc 750ml,40.99,RON,,0,catalogue,1
2026-08-11T09:36:42.501417+00:00,freshful,100172600,"Vin roșu sec Rară Neagră Saperavi, 13%, 750ml",40.99,RON,,0,catalogue,1
2026-08-11T09:36:42.501663+00:00,freshful,100156713,"Vin alb sec Sauvingnon Blanc, 13%, bag in box 3l",50.49,RON,,0,catalogue,1
2026-08-11T09:36:42.501879+00:00,freshful,100172772,"Vin alb demisec Sauvignon Blanc, 11.5%, 750ml",20.49,RON,,0,catalogue,1
2026-08-11T09:36:42.502093+00:00,freshful,100173555,"Vin spumant alb brut Carassia Blanc de Blancs, 12%, 750ml",141.99,RON,,0,catalogue,1
2026-08-11T09:36:43.704278+00:00,freshful,100177138,"Vin alb sec Vinho Verde, 9.5%, 750ml",41.49,RON,,0,catalogue,1
2026-08-11T09:36:43.704545+00:00,freshful,100209819,"Vin alb sec Inurrieta Orchidea Sauvignon Blanc, 12.5%, 750ml",47.99,RON,,0,catalogue,1
2026-08-11T09:36:43.704832+00:00,freshful,100171152,"Vin rose demisec, 12%, bag in box 3l",48.99,RON,,0,catalogue,1
2026-08-11T09:36:43.705109+00:00,freshful,100173451,"Vin rose demisec, 11%, 750ml",29.49,RON,,0,catalogue,1
2026-08-11T09:36:43.705291+00:00,freshful,100175393,"Vin alb sec Pinot Gris, 12.9%, 750ml",54.99,RON,,0,catalogue,1
2026-08-11T09:36:43.705496+00:00,freshful,100176258,"Vin petiant rose sec Pinot Noir Friza, 10.5%, 750ml",37.39,RON,,0,catalogue,1
2026-08-11T09:36:43.705776+00:00,freshful,100182093,"Vin spumant Prosecco alb brut, Glera, 11%, 750ml",56.99,RON,,0,catalogue,1
2026-08-11T09:36:43.706099+00:00,freshful,100188238,"Vin spumant alb extra sec Prosecco Millesimato, 11%, 750ml",59.99,RON,,0,catalogue,1
2026-08-11T09:36:43.706326+00:00,freshful,100171086,"Vin rose demidulce Busuioacă de Bohotin, 12%, 750ml",19.99,RON,,0,catalogue,1
2026-08-11T09:36:43.706536+00:00,freshful,100171088,"Vin alb dulce Tămâioasă Românească,11.5%, 750ml",19.49,RON,,0,catalogue,1
2026-08-11T09:36:43.706792+00:00,freshful,100171153,"Vin alb demisec Fetească Albă, 13%, bag in box 3l",48.99,RON,,0,catalogue,1
2026-08-11T09:36:43.707016+00:00,freshful,100171148,"Vin petiant Lambrusco Emilia rose dulce, 8%, 750ml",24.99,RON,,0,catalogue,1
2026-08-11T09:36:43.707229+00:00,freshful,100171192,"Prosecco rose extra sec D.O.C. Millesimato, 11%, 750ml",42.99,RON,,0,catalogue,1
2026-08-11T09:36:43.707940+00:00,freshful,100171998,"Vin spumant dulce Asti D.O.C.G., 7.5%, 750ml",53.49,RON,,0,catalogue,1
2026-08-11T09:36:43.708143+00:00,freshful,100172658,"Vin roșu demisec Fetească Neagră, 13.5%, 750ml",20.49,RON,,0,catalogue,1
2026-08-11T09:36:43.708348+00:00,freshful,100176788,"Vin rose demidulce Busuioacă de Bohotin, 11.5%, 750ml",18.99,RON,,0,catalogue,1
2026-08-11T09:36:43.708553+00:00,freshful,100182985,"Prosecco alb Extra Dry, 11%, 750ml",49.99,RON,,0,catalogue,1
2026-08-11T09:36:43.709073+00:00,freshful,100171189,"Prosecco extra sec, 11%, 200ml",18.49,RON,,0,catalogue,1
2026-08-11T09:36:43.709258+00:00,freshful,100171193,"Vin spumant brut Prosecco D.O.C. Treviso, 11%, 750ml",42.49,RON,,0,catalogue,1
2026-08-11T09:36:43.709485+00:00,freshful,100171498,"Vin alb sec Chardonnay & Fetească Regală & Muscat Ottonel & Sauvignon Blanc & Traminer Roz, 13%, 750ml",124.99,RON,,0,catalogue,1
2026-08-11T09:36:43.709793+00:00,freshful,100171504,"Vin alb sec Sauvignon Blanc, 13%, 750ml",65.49,RON,,0,catalogue,1
2026-08-11T09:36:43.709990+00:00,freshful,100172619,"Vin alb sec Nocturne Sauvignon Blanc, 12%, 750ml",58.49,RON,,0,catalogue,1
2026-08-11T09:36:43.710193+00:00,freshful,100172659,"Vin alb demisec Fetească Regală, 12%, 750ml",20.49,RON,,0,catalogue,1
2026-08-11T09:36:43.710407+00:00,freshful,100175394,"Vin alb sec Chardonnay & Sauvignon Blanc & Fetească Regală, 12.5%, 750ml",51.99,RON,,0,catalogue,1
2026-08-11T09:36:43.710693+00:00,freshful,100176259,"Vin petiant alb sec Fetească Regală Friza, 11%, 750ml",43.49,RON,,0,catalogue,1
2026-08-11T09:36:43.710900+00:00,freshful,100188003,"Vin spumant Prosecco alb brut Treviso, 11%, 200ml",18.99,RON,,0,catalogue,1
2026-08-11T09:36:43.711116+00:00,freshful,100188004,"Prosecco rose extra sec, 11%, 200ml",18.99,RON,,0,catalogue,1
2026-08-11T09:36:43.711564+00:00,freshful,100153738,"Vin alb demisec Sauvignon Blanc, 13.5%, bag in box 2l",60.99,RON,,0,catalogue,1
2026-08-11T09:36:43.711811+00:00,freshful,100157342,"Vin alb demisec Riesling, 12.5%, bag in box 3l",47.99,RON,,0,catalogue,1
2026-08-11T09:36:43.712026+00:00,freshful,100157343,"Vin roșu sec Merlot, 12.5%, bag in box 3l",47.99,RON,,0,catalogue,1
2026-08-11T09:36:43.712284+00:00,freshful,100157344,"Vin rose demisec, 12.5%, bag in box 3l",48.49,RON,,0,catalogue,1
2026-08-11T09:36:43.712499+00:00,freshful,100167903,"Vin alb demisec ALAI Chardonnay, 12.5%, 750ml",27.49,RON,,0,catalogue,1
2026-08-11T09:36:43.712749+00:00,freshful,100167909,"Vin alb sec Chardonnay, 13%, 750ml",35.49,RON,,0,catalogue,1
2026-08-11T09:36:43.712959+00:00,freshful,100169939,"Vin spumant alb dulce Muscat Ottonel D.O.C., 6%, 750ml",39.99,RON,,0,catalogue,1
2026-08-11T09:36:43.713224+00:00,freshful,100170196,"Vin alb sec Riesling, 12.5%, 750ml",24.99,RON,,0,catalogue,1
2026-08-11T09:36:43.713441+00:00,freshful,100171017,"Vin rose demisec Cabernet Sauvignon, 13%, 750ml",34.99,RON,,0,catalogue,1
2026-08-11T09:36:43.713691+00:00,freshful,100171080,"Vin roșu demidulce Fetească Neagră, 13.5%, 750ml",24.49,RON,,0,catalogue,1
2026-08-11T09:36:43.713895+00:00,freshful,100171081,"Vin roșu dulce Cabernet Sauvignon, 12%, 750ml",24.49,RON,,0,catalogue,1
2026-08-11T09:36:43.714095+00:00,freshful,100171082,"Vin rose demisec, 12%, 750ml",24.49,RON,,0,catalogue,1
2026-08-11T09:36:43.714270+00:00,freshful,100171087,"Vin alb demisec Muscat Ottonel, 12.5%, 750ml",19.99,RON,,0,catalogue,1
2026-08-11T09:36:43.714460+00:00,freshful,100171092,"Vin alb demidulce Tămâioasă Românească, 11.5%, 1.5l",23.99,RON,,0,catalogue,1
2026-08-11T09:36:43.714696+00:00,freshful,100171188,"Vin frizzante Prosecco alb extra sec, 10.5%, 750ml",39.99,RON,,0,catalogue,1
2026-08-11T09:36:43.714901+00:00,freshful,100171430,"Vin alb sec Chardonnay, 12.5%, 750ml",29.99,RON,,0,catalogue,1
2026-08-11T09:36:43.715113+00:00,freshful,100171503,"Vin alb sec Fetească Regală, 12%, 750ml",65.49,RON,,0,catalogue,1
2026-08-11T09:36:43.715313+00:00,freshful,100171695,"Vin rose sec, 12.5%, 750ml",30.99,RON,,0,catalogue,1
2026-08-11T09:36:43.715564+00:00,freshful,100171696,"Vin alb demisec Crepuscul Blue, 12.5%, 750ml",38.99,RON,,0,catalogue,1
2026-08-11T09:36:43.715797+00:00,freshful,100171847,"Vin spumant alb demisec Crystal, 11%, 750ml",34.49,RON,,0,catalogue,1
2026-08-11T09:36:43.715985+00:00,freshful,100172602,"Vin alb sec Chardonnay, 12.5%, 375ml",27.49,RON,,0,catalogue,1
2026-08-11T09:36:43.716206+00:00,freshful,100172604,"Vin roșu sec Saperavi & Rară Neagră & Bastardo Freedom Blend, 13.5%, 750ml",43.49,RON,,0,catalogue,1
2026-08-11T09:36:43.716488+00:00,freshful,100172620,"Vin alb sec Nocturne Pinot Grigio, 12%, 750ml",58.49,RON,,0,catalogue,1
2026-08-11T09:36:43.716751+00:00,freshful,100172770,"Vin roșu sec Cabernet Sauvignon, 13.5%, 750ml",20.49,RON,,0,catalogue,1
2026-08-11T09:36:43.716974+00:00,freshful,100172771,"Vin rose demisec, 11.5%, 750ml",20.49,RON,,0,catalogue,1
2026-08-11T09:36:43.717218+00:00,freshful,100173452,"Vin alb demisec Branco, 10%, 750ml",29.49,RON,,0,catalogue,1
2026-08-11T09:36:43.717403+00:00,freshful,100174537,"Vin spumant alb brut Crisecco, 12.5%, 750ml",35.49,RON,,0,catalogue,1
2026-08-11T09:36:43.717655+00:00,freshful,100174539,"Vin spumant alb demisec Lacrima Dulce, 10%, 750ml",35.49,RON,,0,catalogue,1
2026-08-11T09:36:43.717850+00:00,freshful,100174590,"Vin spumant rose dulce, 10%, 750ml",33.49,RON,,0,catalogue,1
2026-08-11T09:36:43.718039+00:00,freshful,100176782,"Vin alb demisec Grasă de Cotnari, 13%, 750ml",18.99,RON,,0,catalogue,1
2026-08-11T09:36:45.177612+00:00,freshful,100176783,"Vin alb demidulce Grasă de Cotnari, 12%, 750ml",19.99,RON,,0,catalogue,1
2026-08-11T09:36:45.177881+00:00,freshful,100177418,"Vin rose demisec Summer Wine, 12.8%, 750ml",79.99,RON,,0,catalogue,1
2026-08-11T09:36:45.178084+00:00,freshful,100177442,"Spumant rose brut, 11.5%, 750ml",44.99,RON,,0,catalogue,1
2026-08-11T09:36:45.178288+00:00,freshful,100179060,"Vin alb sec Ataman Pinot Gris, 13%, 750ml",46.49,RON,,0,catalogue,1
2026-08-11T09:36:45.178514+00:00,freshful,100180798,"Vin spumant rose brut, 11%, 750ml",29.49,RON,,0,catalogue,1
2026-08-11T09:36:45.178738+00:00,freshful,100180803,"Vin alb demisec Sauvignon Blanc, 12.5%, 750ml",20.99,RON,,0,catalogue,1
2026-08-11T09:36:45.178935+00:00,freshful,100182092,"Spumant alb extra sec Grand Cuvee Blanc De Blancs, 11.5%, 750ml",27.49,RON,,0,catalogue,1
2026-08-11T09:36:45.179158+00:00,freshful,100182117,"Prosecco alb brut, Il Concerto, Glera, 11.5%, 750ml",68.99,RON,,0,catalogue,1
2026-08-11T09:36:45.179564+00:00,freshful,100188000,"Prosecco alb extra dry Valdobbiadene Superiore DOCG, 11%, 750ml",77.99,RON,,0,catalogue,1
2026-08-11T09:36:45.180221+00:00,freshful,100156698,"Vin alb demidulce Eticheta Galbenă, 11.5%, bag in box 3l",42.99,RON,,0,catalogue,1
2026-08-11T09:36:45.180435+00:00,freshful,100156699,"Vin alb demisec Eticheta Galbenă, 12.5%, bag in box 3l",42.99,RON,,0,catalogue,1
2026-08-11T09:36:45.180682+00:00,freshful,100157345,"Vin rose demidulce, 12.5%, bag in box 3l",48.49,RON,,0,catalogue,1
2026-08-11T09:36:45.180871+00:00,freshful,100167911,"Vin rose sec Cabernet Sauvignon & Merlot, 13.5%, 750ml",32.99,RON,,0,catalogue,1
2026-08-11T09:36:45.181148+00:00,freshful,100167913,"Vin demisec Chardonnay, 13%, 750ml",25.49,RON,,0,catalogue,1
2026-08-11T09:36:45.181338+00:00,freshful,100168045,"Vin spumant alb brut Fetească Regală Inspiro, 12%, 750ml",38.49,RON,,0,catalogue,1
2026-08-11T09:36:45.181557+00:00,freshful,100169664,"Vin spumant alb sec, 11%, 750ml",29.99,RON,,0,catalogue,1
2026-08-11T09:36:45.182005+00:00,freshful,100169718,"Vin spumant alb brut Cava Grand Selection Cordon Negro, 11.5%, 750ml",57.49,RON,,0,catalogue,1
2026-08-11T09:36:45.182320+00:00,freshful,100169988,"Vin rose demidulce Nativus Busuioacă de Averești, D.O.C. Huși, 12.5%, 750ml",49.49,RON,,0,catalogue,1
2026-08-11T09:36:45.182557+00:00,freshful,100170629,"Vin spumant rose extra-sec Prosecco, 11.5%, 750ml",46.99,RON,,0,catalogue,1
2026-08-11T09:36:45.182788+00:00,freshful,100171078,"Vin roșu demisec Merlot, 13.5%, 750ml",24.49,RON,,0,catalogue,1
2026-08-11T09:36:45.182986+00:00,freshful,100171079,"Vin roșu demisec Pinot Noir, 12.5%, 750ml",24.49,RON,,0,catalogue,1
2026-08-11T09:36:45.183188+00:00,freshful,100171085,"Vin alb demidulce Muscat Ottonel, 11.5%, 750ml",25.99,RON,,0,catalogue,1
2026-08-11T09:36:45.183378+00:00,freshful,100171131,"Vin rose demisec Sorginte, 12%, 750ml",39.49,RON,,0,catalogue,1
2026-08-11T09:36:45.183682+00:00,freshful,100171132,"Vin rose sec Rară Neagră, 12.5%, 750ml",42.49,RON,,0,catalogue,1
2026-08-11T09:36:45.183962+00:00,freshful,100171151,"Vin roșu demisec Fetească Neagră, 13%, bag in box 3l",48.99,RON,,0,catalogue,1
2026-08-11T09:36:45.184180+00:00,freshful,100171191,"Vin spumant rose extra dry Prosecco DOC, 11%, 200ml",15.99,RON,,0,catalogue,1
2026-08-11T09:36:45.184394+00:00,freshful,100171283,"Vin alb sec Fetească Albă & Sauvignon Blanc, 13%, 750ml",28.49,RON,,0,catalogue,1
2026-08-11T09:36:45.184642+00:00,freshful,100171316,"Vin alb sec Aligote, Vol I, 12.5%, 750ml",41.49,RON,,0,catalogue,1
2026-08-11T09:36:45.184846+00:00,freshful,100171317,"Vin alb sec Sauvignon Blanc Vol I, 12.5%, 750ml",37.49,RON,,0,catalogue,1
2026-08-11T09:36:45.185126+00:00,freshful,100171436,"Vin rose demisec, 12.5%, 750ml",30.49,RON,,0,catalogue,1
2026-08-11T09:36:45.185322+00:00,freshful,100171437,"Vin alb sec Sauvignon Blanc, 12.5%, 750ml",29.99,RON,,0,catalogue,1
2026-08-11T09:36:45.185521+00:00,freshful,100171447,"Vin rose sec Merlot, Fetească Neagră, 13%, 750ml",50.99,RON,,0,catalogue,1
2026-08-11T09:36:45.185770+00:00,freshful,100171480,"Vin alb sec Livia Șarba D.O.C., 12%, 750ml",26.99,RON,,0,catalogue,1
2026-08-11T09:36:45.185983+00:00,freshful,100171502,"Vin rose demisec Merlot & Cabernet Sauvignon Night, 12.5%, 750ml",71.99,RON,,0,catalogue,1
2026-08-11T09:36:45.186289+00:00,freshful,100171537,"Vin alb demisec Fetească Regală, 13.5%, 750ml",34.49,RON,,0,catalogue,1
2026-08-11T09:36:45.186492+00:00,freshful,100171538,"Vin alb demisec Fume, 13.5%, 750ml",34.49,RON,,0,catalogue,1
2026-08-11T09:36:45.186731+00:00,freshful,100171540,"Vin rose demisec Fetească Neagră, 13.5%, 750ml",34.49,RON,,0,catalogue,1
2026-08-11T09:36:45.186931+00:00,freshful,100171697,"Vin alb sec Crepuscul Green, 13.5%, 750ml",38.99,RON,,0,catalogue,1
2026-08-11T09:36:45.187149+00:00,freshful,100171704,"Vin rose sec, 13%, 750ml",59.99,RON,,0,catalogue,1
2026-08-11T09:36:45.187339+00:00,freshful,100171850,"Vin spumant alb sec Crystal, 11%, 750ml",34.49,RON,,0,catalogue,1
2026-08-11T09:36:45.187794+00:00,freshful,100171863,"Prosecco alb demisec, 11%, 750ml",54.49,RON,,0,catalogue,1
2026-08-11T09:36:45.187968+00:00,freshful,100172153,"Vin alb sec Kechribari Retsina, 11.5%, 500ml",27.99,RON,,0,catalogue,1
2026-08-11T09:36:45.188191+00:00,freshful,100172595,"Vin roșu sec Merlot, 13.5%, 750ml",40.99,RON,,0,catalogue,1
2026-08-11T09:36:45.188403+00:00,freshful,100172596,"Vin roșu sec Pinot Noir, 13.5%, 750ml",37.49,RON,,0,catalogue,1
2026-08-11T09:36:45.188632+00:00,freshful,100172603,"Vin rose sec, 13%, 375ml",27.49,RON,,0,catalogue,1
2026-08-11T09:36:45.188817+00:00,freshful,100172608,"Vin rose sec Fetească Neagră & Pinot Grigio, 13%, 750ml",51.99,RON,,0,catalogue,1
2026-08-11T09:36:45.189100+00:00,freshful,100172618,"Vin roșu sec Nocturne, Rară Neagră, 13%, 750ml",58.49,RON,,0,catalogue,1
2026-08-11T09:36:45.189323+00:00,freshful,100172654,"Vin spumant rose demisec Ice, 11%, 750ml",41.49,RON,,0,catalogue,1
2026-08-11T09:36:45.189515+00:00,freshful,100172773,"Vin alb demisec Fetească Regală & Fetească Albă, 12.9%, 750ml",30.49,RON,,0,catalogue,1
2026-08-11T09:36:45.189770+00:00,freshful,100172780,"Vin alb sec, 12%, 750ml",36.99,RON,,0,catalogue,1
2026-08-11T09:36:45.189955+00:00,freshful,100172792,"Vin alb dulce Flori de gheață Tamâioasă Românească, 10%, 375ml",53.99,RON,,0,catalogue,1
2026-08-11T09:36:45.190186+00:00,freshful,100172793,"Vin rose dulce Flori de gheață Busuioacă, 11.5%, 375ml",50.49,RON,,0,catalogue,1
2026-08-11T09:36:45.190421+00:00,freshful,100173096,"Vin alb sec Fetească Albă Îngeri din Micul Paris, 12.6%, 750ml",43.49,RON,,0,catalogue,1
2026-08-11T09:36:45.190695+00:00,freshful,100173439,"Vin alb sec Blanc, 10.5%, 750ml",24.49,RON,,0,catalogue,1
2026-08-11T09:36:45.190918+00:00,freshful,100173453,"Vin roșu dulce Porto Ruby, 19.5%, 750ml",78.98,RON,,0,catalogue,1
2026-08-11T09:36:46.469444+00:00,freshful,100173537,"Vin alb sec eco Cuvee Christian, 12.2%, 750ml",34.99,RON,,0,catalogue,1
2026-08-11T09:36:46.469844+00:00,freshful,100173556,"Vin spumant alb brut Carassia Classic, 12%, 750ml",115.49,RON,,0,catalogue,1
2026-08-11T09:36:46.470078+00:00,freshful,100173748,"Vin alb sec Crâmpoșie Selecționată, 13%, 750ml",50.49,RON,,0,catalogue,1
2026-08-11T09:36:46.470293+00:00,freshful,100173780,"Vin alb sec Cuvée Petit Sauvignon Blanc, 13.5%, 750ml",50.49,RON,,0,catalogue,1
2026-08-11T09:36:46.470520+00:00,freshful,100173785,"Vin alb sec Sauvignon Blanc, 13.5%, 750ml",41.99,RON,,0,catalogue,1
2026-08-11T09:36:46.470779+00:00,freshful,100174534,"Vin alb sec Chardonnay, 12.5%, 750ml",33.49,RON,,0,catalogue,1
2026-08-11T09:36:46.471048+00:00,freshful,100174849,"Vin alb sec Sauvignon Blanc, 13%, 750ml",31.49,RON,,0,catalogue,1
2026-08-11T09:36:46.471374+00:00,freshful,100174860,"Vin roșu sec Fetească Neagră, 13.5%, 750ml",30.99,RON,,0,catalogue,1
2026-08-11T09:36:46.471779+00:00,freshful,100175395,"Vin alb sec Chardonnay, 13.2%, 750ml",56.99,RON,,0,catalogue,1
2026-08-11T09:36:46.472132+00:00,freshful,100175396,"Vin rose sec Syrah & Fetească Neagră & Cabernet Sauvignon, 12.9%, 750ml",52.99,RON,,0,catalogue,1
2026-08-11T09:36:46.472610+00:00,freshful,100176256,"Vin spumant rose brut Carassia, 12%, 750ml",115.49,RON,,0,catalogue,1
2026-08-11T09:36:46.473458+00:00,freshful,100177346,"Vin roșu sec Montepulciano D'Abruzzo, 14%, 750ml",50.99,RON,,0,catalogue,1
2026-08-11T09:36:46.473875+00:00,freshful,100177350,"Vin alb sec Unico Cococciola, 13%, 750ml",50.99,RON,,0,catalogue,1
2026-08-11T09:36:46.474135+00:00,freshful,100177382,Vin rose sec Remole Toscana 750ml,38.49,RON,,0,catalogue,1
2026-08-11T09:36:46.474326+00:00,freshful,100177419,"Vin alb demisec Summer Wine, 12.5%, 750ml",79.99,RON,,0,catalogue,1
2026-08-11T09:36:46.474530+00:00,freshful,100174809,"Vin rose demidulce Merlot Rendez Vous, 13.9%, 750ml",30.59,RON,,0,catalogue,1
2026-08-11T09:36:46.474773+00:00,freshful,100174830,"Vin roșu demisec Rendez Vous, 14.9%, 750ml",30.59,RON,,0,catalogue,1
2026-08-11T09:36:46.474979+00:00,freshful,100171706,"Vin alb demisec, 12%, 750ml",44.99,RON,,0,catalogue,1
2026-08-11T09:36:46.475158+00:00,freshful,100178628,"Vin alb sec Chardonnay Aurore, 14%, 750ml",58.99,RON,,0,catalogue,1
2026-08-11T09:36:46.475393+00:00,freshful,100171711,"Vin spumant rose brut Pinot Noir, 11.5%, 750ml",90.99,RON,,0,catalogue,1
2026-08-11T09:36:46.475655+00:00,freshful,100182123,"Vin alb sec Tenuta Sant'Antonio Garganega & Chardonnay, 12.5%, 750ml",66.99,RON,,0,catalogue,1
2026-08-11T09:36:46.475938+00:00,freshful,100183447,"Vin alb sec Virtuoz Chardonnay, 12.9%, 750ml",27.99,RON,,0,catalogue,1
2026-08-11T09:36:46.476252+00:00,freshful,100183450,"Vin alb sec Chardonnay, 14.8%, 750ml",42.49,RON,,0,catalogue,1
2026-08-11T09:36:46.476680+00:00,freshful,100185300,"Vin alb sec eco Chardonnay Galeron, 14%, 750ml",76.48,RON,,0,catalogue,1
2026-08-11T09:36:46.477071+00:00,freshful,100185310,"Vin alb demisec Rendez-Vous, 12.5%, 750ml",30.59,RON,,0,catalogue,1
2026-08-11T09:36:46.477797+00:00,freshful,100207138,"Vin roșu demisec Fetească Neagră, 14.5%, 750ml",37.49,RON,,0,catalogue,1
2026-08-11T09:36:46.478021+00:00,freshful,100210419,"Vin rose sec D'Amour, Pinot Noir, Fetească Neagră, Syraj, 12.5%, 750ml",37.99,RON,,0,catalogue,1
2026-08-11T09:36:46.478853+00:00,freshful,100212520,"Vin spumant alb extra dry Prosecco D.O.C., 11%, 750ml",56.99,RON,,0,catalogue,1
2026-08-11T09:36:46.479239+00:00,freshful,100212652,"Vin alb sec Scansano Trebbiano IGT Toscana, 12%, 750ml",53.49,RON,,0,catalogue,1
2026-08-11T09:36:46.479690+00:00,freshful,100153736,"Vin roșu demisec cuvée, 13.5%, bag in box 2l",60.99,RON,,0,catalogue,1
2026-08-11T09:36:46.480046+00:00,freshful,100167904,"Vin rose demisec ALAI, 13.5%, 750ml",25.99,RON,,0,catalogue,1
2026-08-11T09:36:46.480376+00:00,freshful,100167908,"Vin roșu sec Cabernet Sauvignon, 14%, 750ml",35.49,RON,,0,catalogue,1
2026-08-11T09:36:46.480763+00:00,freshful,100167910,"Vin roșu sec Fetească Neagră, 14.5%, 750ml",33.49,RON,,0,catalogue,1
2026-08-11T09:36:46.481182+00:00,freshful,100167914,"Vin rose demisec Cabernet Sauvignon, 13.5%, 750ml",24.49,RON,,0,catalogue,1
2026-08-11T09:36:46.481538+00:00,freshful,100168046,"Vin spumant rose sec Pinot Noir Inspiro, 12%, 750ml",37.49,RON,,0,catalogue,1
2026-08-11T09:36:46.481906+00:00,freshful,100168047,"Vin alb sec Totem Viorica, 13%, 750ml",34.49,RON,,0,catalogue,1
2026-08-11T09:36:46.482113+00:00,freshful,100168048,"Vin rose sec Totem Fetească Neagră, 13%, 750ml",35.49,RON,,0,catalogue,1
2026-08-11T09:36:46.482321+00:00,freshful,100168049,"Vin roșu sec Totem Rară Neagră, 14%, 750ml",30.49,RON,,0,catalogue,1
2026-08-11T09:36:46.482538+00:00,freshful,100168254,"Vin alb sec Individo Pinot Gris & Chardonnay, 14%, 750ml",39.99,RON,,0,catalogue,1
2026-08-11T09:36:46.482813+00:00,freshful,100168258,"Vin roșu sec Individo Rară Neagră & Malbec & Syrah, 13%, 750ml",38.49,RON,,0,catalogue,1
2026-08-11T09:36:46.483064+00:00,freshful,100168259,"Vin roșu sec Individo Fetească Neagră & Rară Neagră, 14%, 750ml",43.49,RON,,0,catalogue,1
2026-08-11T09:36:46.483292+00:00,freshful,100168262,"Vin sec roșu Individo Saperavi, 13.5%, 750ml",47.49,RON,,0,catalogue,1
2026-08-11T09:36:46.483509+00:00,freshful,100168274,"Vin alb sec Sauvignon Blanc, 13.5%, 750ml",54.99,RON,,0,catalogue,1
2026-08-11T09:36:46.483742+00:00,freshful,100168278,"Vin roșu sec Fetească Neagră & Saperavi, 14.5%, 750ml",69.99,RON,,0,catalogue,1
2026-08-11T09:36:46.483966+00:00,freshful,100168309,"Vin spumant alb brut Gift Box, 13.5%, 750ml",85.99,RON,,0,catalogue,1
2026-08-11T09:36:46.484166+00:00,freshful,100169520,"Vin spumant rose extra sec Prosecco, 11%, 750ml",76.48,RON,,0,catalogue,1
2026-08-11T09:36:46.484372+00:00,freshful,100169662,"Vin spumant alb demisec, 11%, 750ml",29.99,RON,,0,catalogue,1
2026-08-11T09:36:46.484812+00:00,freshful,100169711,"Vin spumant extra sec Prosecco Valdobbiadene, 11%, 750ml",68.99,RON,,0,catalogue,1
2026-08-11T09:36:46.485071+00:00,freshful,100169712,"Vin spumant alb extra sec Valdobbiadene, 11%, 750ml",61.99,RON,,0,catalogue,1
2026-08-11T09:36:46.485274+00:00,freshful,100169720,"Vin spumant alb demisec Carta Nevada, 11.5%, 750ml",45.99,RON,,0,catalogue,1
2026-08-11T09:36:46.486214+00:00,freshful,100169933,"Vin alb demisec Șarba, 11.5%, 750ml",31.99,RON,,0,catalogue,1
2026-08-11T09:36:46.486411+00:00,freshful,100169935,"Vin alb demisec Sauvignon Blanc, 14%, 750ml",35.99,RON,,0,catalogue,1
2026-08-11T09:36:46.486635+00:00,freshful,100169936,"Vin roșu sec Băbească Neagră, 13.5%, 750ml",31.99,RON,,0,catalogue,1
2026-08-11T09:36:47.838609+00:00,freshful,100169938,"Vin rose demisec, 12.5%, 750ml",31.99,RON,,0,catalogue,1
2026-08-11T09:36:47.838846+00:00,freshful,100169943,"Vin alb sec Chardonnay, 13.1%, 750ml",67.49,RON,,0,catalogue,1
2026-08-11T09:36:47.839054+00:00,freshful,100169959,"Frizzante alb sec Fetească Regală, 11%, 750ml",41.99,RON,,0,catalogue,1
2026-08-11T09:36:47.839257+00:00,freshful,100170195,"Vin alb demisec Tămâioasă Românească, 12.5%, 750ml",24.99,RON,,0,catalogue,1
2026-08-11T09:36:47.839457+00:00,freshful,100170197,"Vin alb sec Sauvignon Blanc, 12.5%, 750ml",25.99,RON,,0,catalogue,1
2026-08-11T09:36:47.839688+00:00,freshful,100170198,"Vin rose sec Cabernet Sauvignon, 12.5%, 750ml",24.99,RON,,0,catalogue,1
2026-08-11T09:36:47.839888+00:00,freshful,100170199,"Vin roșu sec Cabernet Sauvignon, 13%, 750ml",24.99,RON,,0,catalogue,1
2026-08-11T09:36:47.840110+00:00,freshful,100170201,"Vin roșu sec Fetească Neagră, 13%, 750ml",24.99,RON,,0,catalogue,1
2026-08-11T09:36:47.840344+00:00,freshful,100170203,"Vin rose sec Cuvee, 12.5%, 750ml",43.49,RON,,0,catalogue,1
2026-08-11T09:36:47.840637+00:00,freshful,100170209,"Vin rose sec Roză de Sâmburești, 12.5%, 750ml",53.99,RON,,0,catalogue,1
2026-08-11T09:36:47.841061+00:00,freshful,100170210,"Vin rose demidulce Rozalia, 12.5% 750ml",52.99,RON,,0,catalogue,1
2026-08-11T09:36:47.841273+00:00,freshful,100170212,"Vin roșu sec Merlot, 14%, 750ml",60.99,RON,,0,catalogue,1
2026-08-11T09:36:47.841666+00:00,freshful,100170215,"Vin roșu sec Fetească Neagră, 13.5%, 750ml",60.99,RON,,0,catalogue,1
2026-08-11T09:36:47.842065+00:00,freshful,100170216,"Vin roșu sec Prince Mircea, Negru de Drăgășani, 14%, 750ml",61.49,RON,,0,catalogue,1
2026-08-11T09:36:47.842493+00:00,freshful,100170640,"Vin alb sec Coresei 11.5%, 750ml",39.99,RON,,0,catalogue,1
2026-08-11T09:36:47.842898+00:00,freshful,100170654,"Vin spumant dulce Asti, 7.5%, 200ml",26.99,RON,,0,catalogue,1
2026-08-11T09:36:47.843256+00:00,freshful,100170655,"Șampanie La Cuvée Brut, 12%, 350ml",222.49,RON,,0,catalogue,1
2026-08-11T09:36:47.844067+00:00,freshful,100171015,"Vin rose sec Cabernet Sauvignon, 13%, 750ml",35.99,RON,,0,catalogue,1
2026-08-11T09:36:47.844272+00:00,freshful,100171016,"Vin rose demidulce Busuioacă de Bohotin, 11.5%, 750ml",39.99,RON,,0,catalogue,1
2026-08-11T09:36:47.844468+00:00,freshful,100171019,"Vin perlant rose dulce, 7%, 250ml",14.99,RON,,0,catalogue,1
2026-08-11T09:36:47.844736+00:00,freshful,100171074,"Vin alb sec Sauvignon Blanc, 13%, 750ml",45.49,RON,,0,catalogue,1
2026-08-11T09:36:47.845078+00:00,freshful,100171075,"Vin alb sec Chardonnay, 13%, 750ml",44.99,RON,,0,catalogue,1
2026-08-11T09:36:47.845283+00:00,freshful,100171076,"Vin alb dulce Tămâioasă Românească, 11.5%, 750ml",36.99,RON,,0,catalogue,1
2026-08-11T09:36:47.845516+00:00,freshful,100171077,"Vin roșu Cabernet Sauvignon, 13.5%, 750ml",24.49,RON,,0,catalogue,1
2026-08-11T09:36:47.845770+00:00,freshful,100171128,"Vin roșu sec Cabernet Sauvignon & Fetească Neagră, 13.5%, 750ml",43.49,RON,,0,catalogue,1
2026-08-11T09:36:47.846011+00:00,freshful,100171129,"Vin roșu sec Fetească Neagră & Malbec, 13.5%, 750ml",41.49,RON,,0,catalogue,1
2026-08-11T09:36:47.846244+00:00,freshful,100171135,"Vin alb sec Generații Chardonnay & Cabernet Sauvignon, 12.5%, 750ml",95.49,RON,,0,catalogue,1
2026-08-11T09:36:47.846480+00:00,freshful,100171137,"Vin roșu sec Generații Saperavi, 13.5%, 750ml",123.49,RON,,0,catalogue,1
2026-08-11T09:36:47.846739+00:00,freshful,100171138,"Vin roșu sec Generații Rară Neagră, Syrah & Fetească Neagră, 13.5%, 750ml",148.99,RON,,0,catalogue,1
2026-08-11T09:36:47.847003+00:00,freshful,100171145,"Vin rose demisec Busuioacă de Bohotin Euforia, 11.5%, 750ml",45.49,RON,,0,catalogue,1
2026-08-11T09:36:47.847211+00:00,freshful,100171147,"Vin petiant rose demidulce Lambrusco Emilia, 8%, 187ml",12.49,RON,,0,catalogue,1
2026-08-11T09:36:47.847399+00:00,freshful,100171149,"Vin petiant Lambrusco Bianco Emilia IGT, 8%, 750ml",24.99,RON,,0,catalogue,1
2026-08-11T09:36:47.847643+00:00,freshful,100171181,"Vin petiant Lambrusco rose demidulce Butterfly, 7.5%, 750ml",45.49,RON,,0,catalogue,1
2026-08-11T09:36:47.847839+00:00,freshful,100171184,"Vin spumant alb extra sec Prosecco DOC, 11%, 750ml",54.49,RON,,0,catalogue,1
2026-08-11T09:36:47.848037+00:00,freshful,100171185,"Vin spumant alb extra dry Prosecco DOC, 11%, 750ml",41.49,RON,,0,catalogue,1
2026-08-11T09:36:47.848268+00:00,freshful,100171186,"Vin spumant rose extra sec Prosecco DOC, 11%, 750ml",51.49,RON,,0,catalogue,1
2026-08-11T09:36:47.848480+00:00,freshful,100171187,"Vin spumant alb brut Prosecco DOC, 11%, 750ml",45.49,RON,,0,catalogue,1
2026-08-11T09:36:47.848732+00:00,freshful,100171194,"Vin spumant extra sec Prosecco Treviso Millesimato, 11%, 750ml",57.99,RON,,0,catalogue,1
2026-08-11T09:36:47.848950+00:00,freshful,100171197,"Vin spumant alb extra sec Prosecco Valdobbiadene DOCG, 11%, 375ml",42.49,RON,,0,catalogue,1
2026-08-11T09:36:47.849230+00:00,freshful,100171198,"Vin spumant extra sec Prosecco Valdobbiadene Millesimato, 11%, 750ml",68.49,RON,,0,catalogue,1
2026-08-11T09:36:47.849451+00:00,freshful,100171201,"Vin spumant rose sec Frizzante, 11%, 200ml",13.49,RON,,0,catalogue,1
2026-08-11T09:36:47.849680+00:00,freshful,100171285,"Vin alb sec eco Fetească Regală, 13%, 750ml",29.49,RON,,0,catalogue,1
2026-08-11T09:36:47.849887+00:00,freshful,100171286,"Vin rose sec Merlot & Cabernet Sauvignon, 13.5%, 750ml",28.49,RON,,0,catalogue,1
2026-08-11T09:36:47.850095+00:00,freshful,100171287,"Vin roșu sec Pinot Noir, 13.5%, 750ml",38.99,RON,,0,catalogue,1
2026-08-11T09:36:47.850294+00:00,freshful,100171288,"Vin roșu sec Merlot, 14.5%, 750ml",31.49,RON,,0,catalogue,1
2026-08-11T09:36:47.850490+00:00,freshful,100171290,"Vin roșu sec Fetească Neagră, 15%, 750ml",33.49,RON,,0,catalogue,1
2026-08-11T09:36:47.850730+00:00,freshful,100171293,"Vin rose sec Merlot, Syrah, Fetească Neagră & Negru de Drăgășani, 13.5%, 750ml",50.99,RON,,0,catalogue,1
2026-08-11T09:36:47.850974+00:00,freshful,100171294,"Vin roșu sec Syrah, 14.5%, 750ml",50.49,RON,,0,catalogue,1
2026-08-11T09:36:47.851167+00:00,freshful,100171295,"Vin roșu sec Pinot Noir, 13.5%, 750ml",78.99,RON,,0,catalogue,1
2026-08-11T09:36:47.851365+00:00,freshful,100171296,"Vin roșu sec Negru de Drăgășani, 16.5%, 750ml",66.99,RON,,0,catalogue,1
2026-08-11T09:36:47.851759+00:00,freshful,100171297,"Vin roșu sec Cabernet Sauvignon, 14.5%, 750ml",79.99,RON,,0,catalogue,1
2026-08-11T09:36:47.851976+00:00,freshful,100171298,"Vin roșu sec Fetească Neagră, 14.5%, 750ml",75.49,RON,,0,catalogue,1
2026-08-11T09:36:47.852177+00:00,freshful,100171330,"Vin roșu sec Quintessence I, 14%, 750ml",37.49,RON,,0,catalogue,1
2026-08-11T09:36:47.852378+00:00,freshful,100171429,"Vin roșu sec Cabernet Sauvignon, 13%, 750ml",30.49,RON,,0,catalogue,1
2026-08-11T09:36:47.852616+00:00,freshful,100171432,"Vin roșu sec Fetească Neagră, 14.5%, 750ml",29.99,RON,,0,catalogue,1
2026-08-11T09:36:47.852896+00:00,freshful,100171441,"Vin roșu sec Cabernet Sauvignon, 14.5%, 750ml",50.99,RON,,0,catalogue,1
2026-08-11T09:36:47.853206+00:00,freshful,100171444,"Vin roșu sec Fetească Neagră, 14.5%, 750ml",54.99,RON,,0,catalogue,1
2026-08-11T09:36:47.853413+00:00,freshful,100171445,"Vin alb sec Milenium, 13.5%, 750ml",55.49,RON,,0,catalogue,1
2026-08-11T09:36:47.853646+00:00,freshful,100171446,"Vin roșu sec Milenium, 14%, 750ml",61.49,RON,,0,catalogue,1
2026-08-11T09:36:49.187400+00:00,freshful,100171448,"Vin alb sec Sauvignon Blanc, 13%, 750ml",67.99,RON,,0,catalogue,1
2026-08-11T09:36:49.187718+00:00,freshful,100171451,"Vin roșu sec Cabernet Sauvignon, Merlot & Fetească Neagră, 14.5%, 750ml",164.49,RON,,0,catalogue,1
2026-08-11T09:36:49.187984+00:00,freshful,100171454,"Vin roșu sec Fetească Neagră, 15%, 750ml",238.49,RON,,0,catalogue,1
2026-08-11T09:36:49.188201+00:00,freshful,100171457,"Vin alb sec Pinot Noir, Chardonnay, Fetească Albă, Tămâioasă Românească, 12.5%, 750ml",79.99,RON,,0,catalogue,1
2026-08-11T09:36:49.188511+00:00,freshful,100171458,"Vin rose sec, 12.5%, 750ml",69.99,RON,,0,catalogue,1
2026-08-11T09:36:49.188879+00:00,freshful,100171348,"Vin spumant alb extra sec Cuartz Fetească Albă, 12%, 750ml",46.49,RON,,0,catalogue,1
2026-08-11T09:36:49.189321+00:00,freshful,100171471,"Vin alb sec Bacanta Sauvignon Blanc Fume, 14%, 750ml",96.99,RON,,0,catalogue,1
2026-08-11T09:36:49.189742+00:00,freshful,100171478,"Vin alb sec Tectonic Sauvignon Blanc& Chardonnay Fume, D.O.C., 13.5%, 750ml",37.99,RON,,0,catalogue,1
2026-08-11T09:36:49.190173+00:00,freshful,100171479,"Vin roșu sec Tectonic Fetească Neagră, 14.5%, 750ml",38.99,RON,,0,catalogue,1
2026-08-11T09:36:49.190589+00:00,freshful,100171482,"Vin rose demisec Livia Merlot, 12.5%, 750ml",39.99,RON,,0,catalogue,1
2026-08-11T09:36:49.190946+00:00,freshful,100171483,"Vin roșu sec Fetească Neagră, D.O.C, 14.5%, 750ml",27.99,RON,,0,catalogue,1
2026-08-11T09:36:49.191328+00:00,freshful,100171484,"Vin roșu demisec Livia Cabernet Sauvignon, 14.5%, 750ml",37.99,RON,,0,catalogue,1
2026-08-11T09:36:49.191706+00:00,freshful,100171499,"Vin rose sec Merlot & Cabernet Sauvignon & Fetească Neagră & Pinot Noir, 12.5%, 750ml",98.99,RON,,0,catalogue,1
2026-08-11T09:36:49.191962+00:00,freshful,100171500,"Vin roșu sec Cabernet Sauvignon & Merlot, 14%, 750ml",141.49,RON,,0,catalogue,1
2026-08-11T09:36:49.192177+00:00,freshful,100171501,"Vin rose sec Merlot & Cabernet Sauvignon Day, 13%, 750ml",80.99,RON,,0,catalogue,1
2026-08-11T09:36:49.192387+00:00,freshful,100171506,"Vin rose sec Merlot & Cabernet Sauvignon & Fetească Neagră, 12.5%, 750ml",79.99,RON,,0,catalogue,1
2026-08-11T09:36:49.192698+00:00,freshful,100171507,"Vin roșu sec Fetească Neagră, 14.5%, 750ml",100.99,RON,,0,catalogue,1
2026-08-11T09:36:49.192900+00:00,freshful,100171509,"Vin spumant alb brut Stars, 11.5%, 750ml",87.49,RON,,0,catalogue,1
2026-08-11T09:36:49.193149+00:00,freshful,100171534,"Vin rose demidulce Busuioacă de Bohotin, 12.5%, 750ml",51.99,RON,,0,catalogue,1
2026-08-11T09:36:49.193349+00:00,freshful,100171535,"Vin roșu sec Cabernet Sauvignon, 14%, 750ml",34.49,RON,,0,catalogue,1
2026-08-11T09:36:49.193586+00:00,freshful,100171536,"Vin roșu demisec Fetească Neagră, 14.5%, 750ml",34.49,RON,,0,catalogue,1
2026-08-11T09:36:49.193787+00:00,freshful,100171698,"Vin roșu sec Red, 13.5%, 750ml",30.99,RON,,0,catalogue,1
2026-08-11T09:36:49.193977+00:00,freshful,100171699,"Vin alb sec Fetească Albă, 13%, 750ml",51.99,RON,,0,catalogue,1
2026-08-11T09:36:49.194177+00:00,freshful,100171700,"Vin alb sec Fetească Regală, 13%, 750ml",53.99,RON,,0,catalogue,1
2026-08-11T09:36:49.194372+00:00,freshful,100171701,"Vin roșu sec Red Cuvee 14%, 750ml",62.99,RON,,0,catalogue,1
2026-08-11T09:36:49.194602+00:00,freshful,100171877,Vin spumant alb demisec 100 de ani 750ml,68.99,RON,,0,catalogue,1
2026-08-11T09:36:49.194916+00:00,freshful,100172139,"Vin alb sec Kalogeri Malagousia, 12.5%, 750ml",76.99,RON,,0,catalogue,1
2026-08-11T09:36:49.195307+00:00,freshful,100172145,"Vin alb sec Cupaj Sauvignon Blanc & Assyrtiko, 13.5%, 750ml",112.49,RON,,0,catalogue,1
2026-08-11T09:36:49.195664+00:00,freshful,100172152,"Vin alb dulce Vin Doux Muscat de Samos, 15%, 750ml",56.99,RON,,0,catalogue,1
2026-08-11T09:36:49.195883+00:00,freshful,100172591,"Vin roșu sec Toscana Sangiovese IGT, 13%, 750ml",38.49,RON,,0,catalogue,1
2026-08-11T09:36:49.196119+00:00,freshful,100172593,"Vin roșu sec Negru de Purcari, 14%, 750ml",114.49,RON,,0,catalogue,1
2026-08-11T09:36:49.196475+00:00,freshful,100172601,"Vin roșu sec Cabernet Sauvignon, 14.5%, 375ml",27.49,RON,,0,catalogue,1
2026-08-11T09:36:49.196953+00:00,freshful,100172605,"Vin roșu sec Rară Neagră, Saperavi, 13%, 375ml",30.99,RON,,0,catalogue,1
2026-08-11T09:36:49.197468+00:00,freshful,100172606,"Vin roșu sec Rară Neagră & Malbec, 13%, 750ml",51.99,RON,,0,catalogue,1
2026-08-11T09:36:49.197889+00:00,freshful,100172607,"Vin alb sec Fetească Albă & Chardonay, 13.5%, 750ml",51.99,RON,,0,catalogue,1
2026-08-11T09:36:49.198151+00:00,freshful,100172609,"Vin roșu sec, 13%, 750ml",61.99,RON,,0,catalogue,1
2026-08-11T09:36:49.198380+00:00,freshful,100172611,"Vin spumant alb brut Classic, 12.5%, 750ml",94.99,RON,,0,catalogue,1
2026-08-11T09:36:49.198632+00:00,freshful,100172612,"Vin spumant rose brut, 12.5%, 750ml",94.99,RON,,0,catalogue,1
2026-08-11T09:36:49.198826+00:00,freshful,100172615,"Vin spumant alb brut Fetească Albă, 12.5%, 750ml",94.99,RON,,0,catalogue,1
2026-08-11T09:36:49.199028+00:00,freshful,100172617,"Vin roșu sec Malbec, 13%, 750ml",61.99,RON,,0,catalogue,1
2026-08-11T09:36:49.199268+00:00,freshful,100172622,"Vin roșu sec Fetească Neagră, 13%, 750ml",51.99,RON,,0,catalogue,1
2026-08-11T09:36:49.199656+00:00,freshful,100172625,"Vin roșu sec Cabernet Sauvignon, 14%, 750ml",59.99,RON,,0,catalogue,1
2026-08-11T09:36:49.200020+00:00,freshful,100172626,"Vin roșu sec Rară Neagră, 13.5%, 750ml",59.99,RON,,0,catalogue,1
2026-08-11T09:36:49.200404+00:00,freshful,100172627,"Vin rose sec, 12.5%, 750ml",59.99,RON,,0,catalogue,1
2026-08-11T09:36:49.200699+00:00,freshful,100172628,Vin alb sec Chardonnay 750ml,59.99,RON,,0,catalogue,1
2026-08-11T09:36:49.200971+00:00,freshful,100172629,"Vin alb sec Sauvignon Blanc, 13.5%, 0.75l",59.99,RON,,0,catalogue,1
2026-08-11T09:36:49.201388+00:00,freshful,100172630,"Vin roșu sec Saperavi Limited, 14%, 750ml",51.99,RON,,0,catalogue,1
2026-08-11T09:36:49.201794+00:00,freshful,100172651,"Vin roșu sec Castiglioni Chianti, 13%, 750ml",73.48,RON,,0,catalogue,1
2026-08-11T09:36:49.201995+00:00,freshful,100172652,"Vin alb sec Rèmole Toscana, 12%, 750ml",39.99,RON,,0,catalogue,1
2026-08-11T09:36:49.202202+00:00,freshful,100172653,"Vin roșu sec Lucente, 14%, 750ml",224.49,RON,,0,catalogue,1
2026-08-11T09:36:49.202396+00:00,freshful,100172775,"Vin roșu demisec Pinot Noir, 13.8%, 750ml",30.49,RON,,0,catalogue,1
2026-08-11T09:36:49.202666+00:00,freshful,100172777,"Vin rose demidulce Busuioacă & Merlot, 12%, 750ml",38.99,RON,,0,catalogue,1
2026-08-11T09:36:49.202882+00:00,freshful,100172782,"Vin roșu sec Fetească Neagră & Pinot Noir & Merlot & Cabernet Sauvignon & Shiraz, 13.5%, 750ml",37.49,RON,,0,catalogue,1
2026-08-11T09:36:49.203151+00:00,freshful,100172783,"Vin alb demisec Cuvee Fume, 12%, 750ml",36.99,RON,,0,catalogue,1
2026-08-11T09:36:49.203341+00:00,freshful,100172784,"Vin rose sec de vară, 12.5%, 750ml",37.49,RON,,0,catalogue,1
2026-08-11T09:36:49.203579+00:00,freshful,100172787,"Vin rose demisec Special Reserve Rose, 12%, 750ml",35.49,RON,,0,catalogue,1
2026-08-11T09:36:49.204300+00:00,freshful,100173093,"Vin rose demidulce Busuioacă, 13.5%, 750ml",41.49,RON,,0,catalogue,1
2026-08-11T09:36:49.204494+00:00,freshful,100173094,"Vin rose demidulce Busuioacă Eclipse, 13.5%, 750ml",28.99,RON,,0,catalogue,1
2026-08-11T09:36:50.613211+00:00,freshful,100173095,"Vin rose sec Busuioacă Eclipse, 13.1%, 750ml",32.99,RON,,0,catalogue,1
2026-08-11T09:36:50.613482+00:00,freshful,100173098,"Vin alb sec Sauvignon Blanc Eclipse, 13.7%, 750ml",33.99,RON,,0,catalogue,1
2026-08-11T09:36:50.613741+00:00,freshful,100173099,"Vin alb sec Sauvignon Blanc Îngeri din Micul Paris, 13.7%, 750ml",43.49,RON,,0,catalogue,1
2026-08-11T09:36:50.613979+00:00,freshful,100173100,"Vin alb sec Tămâioasă Eclipse, 14.2%, 750ml",30.49,RON,,0,catalogue,1
2026-08-11T09:36:50.614193+00:00,freshful,100173101,"Vin alb sec Chardonnay Îngeri din Micul Paris, 14%, 750ml",43.49,RON,,0,catalogue,1
2026-08-11T09:36:50.614419+00:00,freshful,100173315,"Vin rose demidulce Busuioacă de Averești, D.O.C. Huși, 12.5%, 750ml",56.49,RON,,0,catalogue,1
2026-08-11T09:36:50.614681+00:00,freshful,100173316,"Vin rose sec Busuioacă de Averești, D.O.C. Huși, 14%, 750ml",86.99,RON,,0,catalogue,1
2026-08-11T09:36:50.614921+00:00,freshful,100173319,"Vin alb sec Nativus Aligote de Averești, D.O.C. Huși, 13%, 750ml",47.49,RON,,0,catalogue,1
2026-08-11T09:36:50.615158+00:00,freshful,100173322,"Vin alb demidulce Nativus Traminer de Averești, D.O.C. Huși, 14.5%, 750ml",39.49,RON,,0,catalogue,1
2026-08-11T09:36:50.615397+00:00,freshful,100173326,"Vin rose sec Busuioacă de Averești, D.O.C. Huși, 14%, 1.5l",117.49,RON,,0,catalogue,1
2026-08-11T09:36:50.615654+00:00,freshful,100173327,"Vin rose demisec Busuioacă de Averești, D.O.C. Huși, 13.5%, 1.5l",117.49,RON,,0,catalogue,1
2026-08-11T09:36:50.615884+00:00,freshful,100173428,"Vin roșu sec Côtes du Rhône, 13.5%, 750ml",56.99,RON,,0,catalogue,1
2026-08-11T09:36:50.616092+00:00,freshful,100173429,"Vin roșu sec Châteauneuf du Pape, 15%, 750ml",217.49,RON,,0,catalogue,1
2026-08-11T09:36:50.616328+00:00,freshful,100173432,"Vin alb demisec Colombard Sauvignon, 11%, 750ml",25.99,RON,,0,catalogue,1
2026-08-11T09:36:50.616559+00:00,freshful,100173433,"Vin roșu sec Cabernet-Syrah, 13%, 750ml",25.99,RON,,0,catalogue,1
2026-08-11T09:36:50.616773+00:00,freshful,100173434,"Vin rose demisec Grenache-Cinsault, 12%, 750ml",25.99,RON,,0,catalogue,1
2026-08-11T09:36:50.617023+00:00,freshful,100173435,"Vin roșu sec Merlot, 13%, 750ml",25.99,RON,,0,catalogue,1
2026-08-11T09:36:50.617229+00:00,freshful,100173436,"Vin alb sec Chablis Chardonnay, 12.5%, 750ml",174.99,RON,,0,catalogue,1
2026-08-11T09:36:50.617432+00:00,freshful,100173440,"Vin roșu demidulce Medium Sweet, 12.5%, 750ml",37.99,RON,,0,catalogue,1
2026-08-11T09:36:50.617662+00:00,freshful,100173442,"Vin spumant alb demisec Sparkling Ice Edition, 10.5%, 750ml",52.99,RON,,0,catalogue,1
2026-08-11T09:36:50.617873+00:00,freshful,100173443,"Vin spumant rose demisec Ice Edition Sparkling, 11%, 750ml",52.99,RON,,0,catalogue,1
2026-08-11T09:36:50.618067+00:00,freshful,100173444,"Vin alb sec Ardeche Chardonnay, 13%, 750ml",58.99,RON,,0,catalogue,1
2026-08-11T09:36:50.618265+00:00,freshful,100173455,"Vin roșu sec Cabernet Carmenere, 13%, 750ml",34.49,RON,,0,catalogue,1
2026-08-11T09:36:50.618471+00:00,freshful,100173459,"Vin roșu sec Chianti Orange DOCG, 12.5%, 750ml",40.49,RON,,0,catalogue,1
2026-08-11T09:36:50.618716+00:00,freshful,100173462,"Prosecco alb extra sec, 11%, 750ml",72.99,RON,,0,catalogue,1
2026-08-11T09:36:50.618905+00:00,freshful,100173464,"Vin roșu sec Primitivo di Manduria Frapasso, 14.5%, 750ml",54.99,RON,,0,catalogue,1
2026-08-11T09:36:50.619130+00:00,freshful,100173465,"Vin roșu sec Pinocchio, 13%, 750ml",54.99,RON,,0,catalogue,1
2026-08-11T09:36:50.619326+00:00,freshful,100173471,"Vin roșu dulce Superiore Vecchio Dolce, 18%, 750ml",66.99,RON,,0,catalogue,1
2026-08-11T09:36:50.619566+00:00,freshful,100173479,"Vin alb sec Pinot Grigio, 12%, 750ml",42.49,RON,,0,catalogue,1
2026-08-11T09:36:50.619767+00:00,freshful,100173480,"Vin spumant extra sec Casa Vinicola Prosecco, 11%, 750ml",35.49,RON,,0,catalogue,1
2026-08-11T09:36:50.619975+00:00,freshful,100173485,"Vin spumant alb brut Prosecco, 12%, 750ml",84.99,RON,,0,catalogue,1
2026-08-11T09:36:50.620170+00:00,freshful,100173491,"Vin alb sec Pinot Grigio San Angelo, 12.5%, 750ml",113.99,RON,,0,catalogue,1
2026-08-11T09:36:50.620377+00:00,freshful,100173492,"Vin roșu sec Chianti Annata, 13%, 750ml",69.49,RON,,0,catalogue,1
2026-08-11T09:36:50.620609+00:00,freshful,100173493,"Vin alb sec Chardonnay, 13.5%, 750ml",266.99,RON,,0,catalogue,1
2026-08-11T09:36:50.620812+00:00,freshful,100173494,"Vin alb sec Greco di Tufo, 12.5%, 750ml",112.99,RON,,0,catalogue,1
2026-08-11T09:36:50.621135+00:00,freshful,100173496,"Vin spumant alb brut Valdobbiane Superiore, 11.5%, 750ml",99.99,RON,,0,catalogue,1
2026-08-11T09:36:50.621360+00:00,freshful,100173497,"Vin roșu sec Beronia Rioja Reserva, 14.5%, 750ml",99.99,RON,,0,catalogue,1
2026-08-11T09:36:50.621606+00:00,freshful,100173498,"Vin spumant rose brut Vilarnau Cava Rose Brut Reserva, 8%, 750ml",77.99,RON,,0,catalogue,1
2026-08-11T09:36:50.621840+00:00,freshful,100173525,"Vin roșu sec Memoro d'Italia, 14%, 750ml",46.49,RON,,0,catalogue,1
2026-08-11T09:36:50.622099+00:00,freshful,100173531,"Vin frizzante sec Prosecco Frizzante, 11%, 750ml",39.49,RON,,0,catalogue,1
2026-08-11T09:36:50.622385+00:00,freshful,100173535,"Vin roșu sec Duh Cupaj, 14.5%, 750ml",44.99,RON,,0,catalogue,1
2026-08-11T09:36:50.622649+00:00,freshful,100173536,"Vin rose sec Duh Cupaj, 12.5%, 750ml",43.99,RON,,0,catalogue,1
2026-08-11T09:36:50.622873+00:00,freshful,100173539,"Vin roșu demisec eco Syrah & Merlot, 14.7%, 750ml",36.49,RON,,0,catalogue,1
2026-08-11T09:36:50.623086+00:00,freshful,100173547,"Vin roșu sec eco Syrah, 13.5%, 750ml",34.49,RON,,0,catalogue,1
2026-08-11T09:36:50.623286+00:00,freshful,100173787,"Vin spumant alb extra brut, 12%, 750ml",99.99,RON,,0,catalogue,1
2026-08-11T09:36:50.623477+00:00,freshful,100174598,"Vin spumant alb brut Cuvée Prestige, 12.5%, 750ml",63.99,RON,,0,catalogue,1
2026-08-11T09:36:50.623721+00:00,freshful,100171558,"Vin alb sec Fume, 13.5%, 750ml",50.99,RON,,0,catalogue,1
2026-08-11T09:36:50.623911+00:00,freshful,100174831,"Vin rose sec, 13%, 750ml",35.99,RON,,0,catalogue,1
2026-08-11T09:36:50.624090+00:00,freshful,100174832,"Vin roșu sec Fetească Neagră, Syrah, 14.5%, 750ml",47.99,RON,,0,catalogue,1
2026-08-11T09:36:50.624487+00:00,freshful,100174834,"Vin roșu demisec Merlot, 13.5%, 750ml",31.99,RON,,0,catalogue,1
2026-08-11T09:36:50.624739+00:00,freshful,100174835,"Vin alb demisec Fetească Regală, 12.5%, 750ml",31.99,RON,,0,catalogue,1
2026-08-11T09:36:50.624958+00:00,freshful,100174848,"Vin roșu sec Cabernet Sauvignon, 14.5%, 750ml",33.49,RON,,0,catalogue,1
2026-08-11T09:36:50.625234+00:00,freshful,100174850,"Vin rose sec Pinot, Syrah, 13%, 750ml",29.99,RON,,0,catalogue,1
2026-08-11T09:36:50.625433+00:00,freshful,100174851,"Vin rose sec Pinot Noir, Syrah, Pinot Grigio, 13%, 750ml",55.99,RON,,0,catalogue,1
2026-08-11T09:36:50.625677+00:00,freshful,100174852,"Vin alb sec Chardonnay, 13.5%, 750ml",56.99,RON,,0,catalogue,1
2026-08-11T09:36:50.625876+00:00,freshful,100174853,"Vin alb sec Sauvignon Blanc, 13.5%, 750ml",56.99,RON,,0,catalogue,1
2026-08-11T09:36:50.626072+00:00,freshful,100174854,"Vin roșu sec Fetească Neagră, 14.5%, 750ml",61.99,RON,,0,catalogue,1
2026-08-11T09:36:50.626278+00:00,freshful,100174855,"Vin roșu sec Fetească Neagră, Merlot și Cabernet Sauvignon, 14.5%, 750ml",61.99,RON,,0,catalogue,1
2026-08-11T09:36:50.626536+00:00,freshful,100174856,"Vin alb sec Tămâioasă Românească, 12.5%, 750ml",56.99,RON,,0,catalogue,1
2026-08-11T09:36:50.626756+00:00,freshful,100174857,"Vin alb sec Cuvee, 13%, 750ml",54.99,RON,,0,catalogue,1
2026-08-11T09:36:51.871149+00:00,freshful,100174858,"Vin roșu sec Syrah, 14%, 750ml",118.99,RON,,0,catalogue,1
2026-08-11T09:36:51.871436+00:00,freshful,100174976,"Vin alb sec Chardonnay Barrel, 14%, 750ml",78.99,RON,,0,catalogue,1
2026-08-11T09:36:51.871720+00:00,freshful,100174978,"Vin roșu sec Malbec & Saperavi, 14%, 750ml",78.99,RON,,0,catalogue,1
2026-08-11T09:36:51.871939+00:00,freshful,100174979,"Vin rose sec Pinot Noir, 13.5%, 750ml",83.99,RON,,0,catalogue,1
2026-08-11T09:36:51.872133+00:00,freshful,100174980,"Vin roșu sec Cuvee Bravoure, 13.5%, 750ml",41.49,RON,,0,catalogue,1
2026-08-11T09:36:51.872340+00:00,freshful,100174981,"Vin rose sec Malbec Bravoure, 13.5%, 750ml",41.49,RON,,0,catalogue,1
2026-08-11T09:36:51.872571+00:00,freshful,100174983,"Vin roșu sec Cuvee Politika, 13.5%, 750ml",34.49,RON,,0,catalogue,1
2026-08-11T09:36:51.872814+00:00,freshful,100174984,"Vin rose sec Merlot Politika, 13.5%, 750ml",36.49,RON,,0,catalogue,1
2026-08-11T09:36:51.873066+00:00,freshful,100174985,"Vin alb sec Chardonnay & Riesling Politika, 14%, 750l",28.99,RON,,0,catalogue,1
2026-08-11T09:36:51.873286+00:00,freshful,100171709,"Vin spumant alb brut, 12.5%, 750ml",46.49,RON,,0,catalogue,1
2026-08-11T09:36:51.873484+00:00,freshful,100175390,"Vin roșu sec Cabernet Sauvignon & Pinot Noir & Fetească Neagră & Syrah, 14.5%, 750ml",41.99,RON,,0,catalogue,1
2026-08-11T09:36:51.873793+00:00,freshful,100175391,"Vin alb sec Pinot Gris & Muscat Ottonel & Sauvignon Blanc & Traminer, 12.5%, 750ml",73.99,RON,,0,catalogue,1
2026-08-11T09:36:51.874219+00:00,freshful,100175392,"Vin rose sec Pinot Noir & Fetească Neagră & Mamaia, 13%, 750ml",73.99,RON,,0,catalogue,1
2026-08-11T09:36:51.874457+00:00,freshful,100175397,"Vin roșu sec Merlot, Syrah & Cabernet Sauvignon, 14.2%, 750ml",77.99,RON,,0,catalogue,1
2026-08-11T09:36:51.874729+00:00,freshful,100175399,"Vin alb sec Fetească Albă & Fetească Regală, 12.6%, 750ml",76.99,RON,,0,catalogue,1
2026-08-11T09:36:51.874949+00:00,freshful,100175400,"Vin rose sec Syrah, 12.8%, 750ml",76.99,RON,,0,catalogue,1
2026-08-11T09:36:51.875136+00:00,freshful,100175402,"Vin alb sec Semillon & Chardonnay, 13.3%, 750ml",88.99,RON,,0,catalogue,1
2026-08-11T09:36:51.875340+00:00,freshful,100175741,"Vin alb sec Pinot Grigio Compas, 12.5%, 750ml",34.49,RON,,0,catalogue,1
2026-08-11T09:36:51.875575+00:00,freshful,100175743,"Vin alb demisec Sauvignon Blanc, 12.5%, 750ml",29.49,RON,,0,catalogue,1
2026-08-11T09:36:51.875775+00:00,freshful,100175744,"Vin roșu sec Shiraz, 13.5%, 750ml",34.49,RON,,0,catalogue,1
2026-08-11T09:36:51.875978+00:00,freshful,100175750,"Vin alb sec Riesling Rhin și Sauvignon Blanc, 13%, 750ml",67.49,RON,,0,catalogue,1
2026-08-11T09:36:51.876199+00:00,freshful,100175752,"Vin rose sec Cabernet Sauvignon, Pinot Noir & Syrah, 12.5%, 750ml",49.49,RON,,0,catalogue,1
2026-08-11T09:36:51.876419+00:00,freshful,100175759,"Vin alb sec Ana Sauvignon Blanc, 13.5%, 750ml",66.99,RON,,0,catalogue,1
2026-08-11T09:36:51.876646+00:00,freshful,100175760,"Vin alb sec Maria Fetească Albă, 12.5%, 750ml",67.49,RON,,0,catalogue,1
2026-08-11T09:36:51.876906+00:00,freshful,100175761,"Vin alb sec Maria Pinot Gris, 13%, 750ml",80.49,RON,,0,catalogue,1
2026-08-11T09:36:51.877148+00:00,freshful,100175762,Vin alb sec Ana Chardonnay 750ml,80.99,RON,,0,catalogue,1
2026-08-11T09:36:51.877361+00:00,freshful,100176217,"Vin roșu sec Stone Wine Cadarca, 14%, 750ml",102.49,RON,,0,catalogue,1
2026-08-11T09:36:51.877614+00:00,freshful,100176240,"Vin spumant alb brut Clarus, 13%, 750ml",89.99,RON,,0,catalogue,1
2026-08-11T09:36:51.877817+00:00,freshful,100176257,"Vin alb sec Theresia Riesling Rihn, 11%, 750ml",43.49,RON,,0,catalogue,1
2026-08-11T09:36:51.878036+00:00,freshful,100176272,"Vin roșu sec El Goru, 14%, 750ml",49.49,RON,,0,catalogue,1
2026-08-11T09:36:51.878229+00:00,freshful,100176428,"Vin alb sec Chardonnay, 13.5%, 750ml",68.99,RON,,0,catalogue,1
2026-08-11T09:36:51.878424+00:00,freshful,100176429,"Vin roșu sec Cabernet Sauvignon & Merlot & Saperavi, 14.5%, 750ml",154.99,RON,,0,catalogue,1
2026-08-11T09:36:51.878694+00:00,freshful,100176450,"Vin roșu sec, 14.5%, 750ml",110.49,RON,,0,catalogue,1
2026-08-11T09:36:51.878885+00:00,freshful,100176453,"Vin roșu sec Cabernet Sauvignon, 14%, 750ml",53.99,RON,,0,catalogue,1
2026-08-11T09:36:51.879083+00:00,freshful,100176454,"Vin roșu sec Merlot Reserva, 14%, 750ml",47.49,RON,,0,catalogue,1
2026-08-11T09:36:51.879287+00:00,freshful,100176455,"Vin roșu sec Merlot & Cabernet Sauvignon Reserva, 14.5%, 750ml",53.99,RON,,0,catalogue,1
2026-08-11T09:36:51.879538+00:00,freshful,100176456,"Vin roșu sec Rară Neagră, 14%, 750ml",54.99,RON,,0,catalogue,1
2026-08-11T09:36:51.879746+00:00,freshful,100176457,"Vin alb sec Chardonnay Rezerva, 13.5%, 0.75l",44.49,RON,,0,catalogue,1
2026-08-11T09:36:51.879949+00:00,freshful,100176784,"Vin alb dulce Grasă de Cotnari, 12%, 750ml",27.39,RON,,0,catalogue,1
2026-08-11T09:36:51.880147+00:00,freshful,100176786,"Vin alb demisec Tămâioasă Românească, 13%, 750ml",25.49,RON,,0,catalogue,1
2026-08-11T09:36:51.880347+00:00,freshful,100176802,"Vin roșu sec Cabernet Sauvignon Red King, 14.7%, 750ml",124.49,RON,,0,catalogue,1
2026-08-11T09:36:51.880592+00:00,freshful,100176804,"Vin roșu sec Fetească Neagră Lady Black, 14.2%, 750ml",124.49,RON,,0,catalogue,1
2026-08-11T09:36:51.880814+00:00,freshful,100176929,"Vin alb sec Cuvee Antonia, 13%, 750ml",51.49,RON,,0,catalogue,1
2026-08-11T09:36:51.881282+00:00,freshful,100177098,"Vin alb sec Sauvignon Blanc, 12.7%, 750ml",49.99,RON,,0,catalogue,1
2026-08-11T09:36:51.881534+00:00,freshful,100177099,"Vin alb demidulce Plăvaie Orange, 12.5%, 750ml",49.99,RON,,0,catalogue,1
2026-08-11T09:36:51.881754+00:00,freshful,100177120,"Vin roșu demidulce eco Cabernet Sauvignon, Fetească Neagră & Merlot, 13.3%, 750ml",49.99,RON,,0,catalogue,1
2026-08-11T09:36:51.881988+00:00,freshful,100177121,"Vin rose demidulce Busuioacă de Bohotin, 14.6%, 750ml",49.99,RON,,0,catalogue,1
2026-08-11T09:36:51.882184+00:00,freshful,100177139,"Vin rose sec Vinho Verde, 9.5%, 750ml",41.49,RON,,0,catalogue,1
2026-08-11T09:36:51.882390+00:00,freshful,100177150,"Vin alb sec Soave Classico, 11.5%, 750ml",60.19,RON,,0,catalogue,1
2026-08-11T09:36:51.882623+00:00,freshful,100177343,"Vin alb sec 10 Vendemie Bianco Limited Edition, 13.5%, 750ml",116.49,RON,,0,catalogue,1
2026-08-11T09:36:51.882854+00:00,freshful,100177344,"Vin roșu sec Amaranta Montepulciano, 14%, 750ml",91.99,RON,,0,catalogue,1
2026-08-11T09:36:51.883062+00:00,freshful,100177345,"Vin alb sec Unico Bianco, 13%, 750ml",60.99,RON,,0,catalogue,1
2026-08-11T09:36:51.883251+00:00,freshful,100177348,"Vin rose sec Unico, 13%, 750ml",63.99,RON,,0,catalogue,1
2026-08-11T09:36:51.883431+00:00,freshful,100177349,"Vin alb sec Unico Trebbiano D'Abruzzo, 13%, 750ml",50.99,RON,,0,catalogue,1
2026-08-11T09:36:51.883686+00:00,freshful,100177351,"Vin roșu sec Primitivo di Manduria Linea Oro, 14.5%, 750ml",106.99,RON,,0,catalogue,1
2026-08-11T09:36:51.883915+00:00,freshful,100177384,"Vin spumant alb demisec Ice, 11%, 750ml",44.49,RON,,0,catalogue,1
2026-08-11T09:36:51.884092+00:00,freshful,100177816,Vin roșu sec Merlot 750ml,45.49,RON,,0,catalogue,1
2026-08-11T09:36:51.884359+00:00,freshful,100177817,"Vin roșu sec Fetească Neagră, Merlot și Cabernet Sauvignon, 14%, 750ml",46.49,RON,,0,catalogue,1
2026-08-11T09:36:51.884630+00:00,freshful,100177818,"Vin roșu sec Cabernet Sauvignon, 14.5%, 750ml",55.49,RON,,0,catalogue,1
2026-08-11T09:36:53.252074+00:00,freshful,100177843,"Vin alb sec Sauvignon Blanc, 13%, 750ml",54.99,RON,,0,catalogue,1
2026-08-11T09:36:53.252373+00:00,freshful,100177844,"Vin rose sec Merlot, Cabernet Sauvignon, Fetească Neagră, 13.5%, 750ml",30.49,RON,,0,catalogue,1
2026-08-11T09:36:53.252672+00:00,freshful,100177845,"Vin roșu sec Fetească Neagră, Cabernet Sauvignon, Merlot, 14.5%, 750ml",32.99,RON,,0,catalogue,1
2026-08-11T09:36:53.252912+00:00,freshful,100177847,"Vin alb sec varietal, 13.5%, 750ml",62.49,RON,,0,catalogue,1
2026-08-11T09:36:53.253171+00:00,freshful,100177848,"Vin rose sec Fetească Neagră și Cabernet Sauvignon, 13%, 750ml",49.49,RON,,0,catalogue,1
2026-08-11T09:36:53.253402+00:00,freshful,100177849,"Vin roșu sec Fetească Negră, Merlot și Cabernet Sauvignon, 14.5%, 750ml",38.99,RON,,0,catalogue,1
2026-08-11T09:36:53.253683+00:00,freshful,100177850,"Vin roșu sec Fetească Neagră, 14.5%, 750ml",42.49,RON,,0,catalogue,1
2026-08-11T09:36:53.253890+00:00,freshful,100177851,"Vin roșu sec Fetească Neagră și Cabernet Sauvignon, 14%, 750ml",56.49,RON,,0,catalogue,1
2026-08-11T09:36:53.254106+00:00,freshful,100177873,Vin spumant rose brut Pinot Noir 750ml,46.49,RON,,0,catalogue,1
2026-08-11T09:36:53.254292+00:00,freshful,100177875,"Vin spumant alb brut Pinot Noir & Chardonnay, 12%, 750ml",110.99,RON,,0,catalogue,1
2026-08-11T09:36:53.254529+00:00,freshful,100177878,"Vin rose sec ecologic Pinot Noir, 12.5%, 750ml",46.49,RON,,0,catalogue,1
2026-08-11T09:36:53.254741+00:00,freshful,100177879,"Vin roșu sec ecologic Cabernet Sauvignon, 14%, 750ml",46.49,RON,,0,catalogue,1
2026-08-11T09:36:53.254954+00:00,freshful,100178012,"Vin roșu sec Merlot & Cabernet Sauvignon eco, 14.5%, 750ml",102.49,RON,,0,catalogue,1
2026-08-11T09:36:53.255174+00:00,freshful,100176317,"Vin spumant alb extra sec Rustico Prosecco, 11%, 750ml",104.99,RON,,0,catalogue,1
2026-08-11T09:36:53.255382+00:00,freshful,100178273,"Vin roșu sec Cabernet Sauvignon, 14.5%, 750ml",124.99,RON,,0,catalogue,1
2026-08-11T09:36:53.255629+00:00,freshful,100178274,"Vin roșu sec Cupaj Fetească Neagră, Cabernet Sauvignon, Merlot & Shiraz, 14.5%, 750ml",71.49,RON,,0,catalogue,1
2026-08-11T09:36:53.255887+00:00,freshful,100178277,"Vin roșu sec Merlot, 14.5%, 750ml",41.49,RON,,0,catalogue,1
2026-08-11T09:36:53.256081+00:00,freshful,100178280,"Vin alb sec Sauvignon Blanc, 13.5%, 750ml",48.49,RON,,0,catalogue,1
2026-08-11T09:36:53.256275+00:00,freshful,100178283,"Vin alb sec Rusalcă Albă, 13%, 750ml",60.99,RON,,0,catalogue,1
2026-08-11T09:36:53.256531+00:00,freshful,100178269,"Vin alb sec Sauvignonasse, 13%, 750ml",80.49,RON,,0,catalogue,1
2026-08-11T09:36:53.256735+00:00,freshful,100178340,"Vin alb sec Crâmpoșie Selecționată, 12.5%, 750ml",96.99,RON,,0,catalogue,1
2026-08-11T09:36:53.256953+00:00,freshful,100178444,"Vin roșu sec Fetească Neagră Purpura Valahica, 13.7%, 750ml",169.99,RON,,0,catalogue,1
2026-08-11T09:36:53.257226+00:00,freshful,100178446,"Vin alb sec Sauvignon Blanc & Fetească Albă & Riesling Italian, 13.5%, 750ml",152.99,RON,,0,catalogue,1
2026-08-11T09:36:53.257496+00:00,freshful,100178449,"Vin alb sec Sauvignon Blanc & Fetească Albă & Riesling Italian, 13%, 750ml",40.49,RON,,0,catalogue,1
2026-08-11T09:36:53.257810+00:00,freshful,100178451,"Vin roșu sec Cabernet Sauvignon & Merlot & Fetească Neagră, 14.5%, 750ml",40.49,RON,,0,catalogue,1
2026-08-11T09:36:53.258143+00:00,freshful,100178452,"Vin roșu sec Cabernet Sauvignon & Merlot & Fetească Neagră, 14.5%, 750ml",240.49,RON,,0,catalogue,1
2026-08-11T09:36:53.258378+00:00,freshful,100178453,"Vin alb sec Sauvignon Blanc & Fetească Albă, 13.5%, 750ml",80.99,RON,,0,catalogue,1
2026-08-11T09:36:53.258664+00:00,freshful,100178455,"Vin roșu sec Cabernet Sauvignon & Fetească Neagră, 14%, 750ml",73.99,RON,,0,catalogue,1
2026-08-11T09:36:53.258888+00:00,freshful,100178456,"Vin alb sec Sauvignon Blanc & Fetească Albă, 13.5%, 750ml",176.49,RON,,0,catalogue,1
2026-08-11T09:36:53.259101+00:00,freshful,100178457,"Vin alb sec Amprenta Sauvignon Blanc, 12.8%, 750ml",50.49,RON,,0,catalogue,1
2026-08-11T09:36:53.259301+00:00,freshful,100178463,"Vin alb sec Chardonnay, 13.8%, 750ml",61.99,RON,,0,catalogue,1
2026-08-11T09:36:53.259520+00:00,freshful,100178467,"Vin roșu sec Fetească Neagră, 14%, 750ml",102.99,RON,,0,catalogue,1
2026-08-11T09:36:53.259737+00:00,freshful,100178469,"Vin alb sec Fetească Albă, Sauvignon Blanc, Chardonnay și Muscat Ottonel, Cameleon, 13.5%, 750ml",46.99,RON,,0,catalogue,1
2026-08-11T09:36:53.260010+00:00,freshful,100178470,"Vin roșu sec Cabernet Sauvignon, Pinot Noir, Fetească Neagră și Merlot, Cameleon, 13.5%, 750ml",47.49,RON,,0,catalogue,1
2026-08-11T09:36:53.260269+00:00,freshful,100178473,"Vin roșu sec Merlot, 14.1%, 750ml",93.99,RON,,0,catalogue,1
2026-08-11T09:36:53.260468+00:00,freshful,100178474,"Vin roșu sec Cabernet Sauvignon & Shiraz, 14.9%, 750ml",95.99,RON,,0,catalogue,1
2026-08-11T09:36:53.260718+00:00,freshful,100178625,"Vin alb sec Fetească Regală, 12%, 750ml",64.99,RON,,0,catalogue,1
2026-08-11T09:36:53.260915+00:00,freshful,100178626,"Vin alb sec Pinot Grigio, 12.5%, 750ml",58.99,RON,,0,catalogue,1
2026-08-11T09:36:53.261184+00:00,freshful,100178635,"Vin roșu sec Cuvée Barbaro, 14%, 750ml",109.49,RON,,0,catalogue,1
2026-08-11T09:36:53.261391+00:00,freshful,100178637,"Vin alb sec Traminer Riesling, 14%, 750ml",47.49,RON,,0,catalogue,1
2026-08-11T09:36:53.261631+00:00,freshful,100178638,"Vin alb sec Sauvignon Blanc & Aligote, 13.7%, 750ml",47.49,RON,,0,catalogue,1
2026-08-11T09:36:53.261844+00:00,freshful,100178639,"Vin rose sec Merlot & Fetească Neagră, 12.5%, 750ml",47.49,RON,,0,catalogue,1
2026-08-11T09:36:53.262056+00:00,freshful,100178640,"Vin roșu sec Merlot & Rară Neagră, 13.7%, 750ml",47.49,RON,,0,catalogue,1
2026-08-11T09:36:53.262272+00:00,freshful,100178641,"Vin roșu sec Cabernet Sauvignon & Merlot, 14%, 750ml",47.49,RON,,0,catalogue,1
2026-08-11T09:36:53.262542+00:00,freshful,100171707,"Vin rose demisec Merlot, 12.5%, 750ml",38.49,RON,,0,catalogue,1
2026-08-11T09:36:53.262739+00:00,freshful,100179058,"Vin alb demisec Ataman Fetească Regală, 12.5%, 750ml",48.49,RON,,0,catalogue,1
2026-08-11T09:36:53.262997+00:00,freshful,100179059,"Vin alb demisec Ataman Cuvee, 13%, 750ml",46.49,RON,,0,catalogue,1
2026-08-11T09:36:53.263195+00:00,freshful,100179061,"Vin rose demisec Ataman Cabernet Sauvignon, 13%, 750ml",48.49,RON,,0,catalogue,1
2026-08-11T09:36:53.263391+00:00,freshful,100179062,"Vin roșu sec Ataman Merlot, 14%, 750ml",46.49,RON,,0,catalogue,1
2026-08-11T09:36:53.263628+00:00,freshful,100180003,"Vin alb demisec Sauvignon Blanc, 12.5%, 750ml",40.99,RON,,0,catalogue,1
2026-08-11T09:36:53.263855+00:00,freshful,100180004,"Vin rose demisec, 12.5%, 750ml",32.49,RON,,0,catalogue,1
2026-08-11T09:36:53.264081+00:00,freshful,100180005,"Vin roșu demisec Fetească Neagră, 13%, 750ml",32.49,RON,,0,catalogue,1
2026-08-11T09:36:53.264357+00:00,freshful,100180058,"Vin roșu sec Fetească Neagră, Merlot & Syrah, Endorphine, 14.5%, 750ml",77.99,RON,,0,catalogue,1
2026-08-11T09:36:53.264852+00:00,freshful,100180059,"Vin alb sec Tămâioasă Românească, 13.5%, 750ml",66.99,RON,,0,catalogue,1
2026-08-11T09:36:53.265269+00:00,freshful,100180129,"Vin roșu sec Fetească Neagră Sabrize, 14%, 750ml",53.49,RON,,0,catalogue,1
2026-08-11T09:36:53.265519+00:00,freshful,100180320,"Vin alb sec Sabrize Fume Chardonnay, Sauvignon Blanc & Pinot Gris, 13.5%, 750ml",53.49,RON,,0,catalogue,1
2026-08-11T09:36:53.265781+00:00,freshful,100180321,"Vin rose sec Sabrize Cabernet Sauvignon & Merlot, 13.5%, 750ml",53.49,RON,,0,catalogue,1
2026-08-11T09:36:53.266017+00:00,freshful,100180944,"Vin roșu demisec Fetească Neagră, 14%, 750ml",29.99,RON,,0,catalogue,1
2026-08-11T09:36:53.266216+00:00,freshful,100180947,"Vin roșu sec Fetească Neagră, 14.12%, 750ml",384.99,RON,,0,catalogue,1
2026-08-11T09:36:53.266419+00:00,freshful,100180948,"Vin alb dulce Tămâioasă Românească, 9.8%, 750ml",186.99,RON,,0,catalogue,1
2026-08-11T09:36:54.771798+00:00,freshful,100180949,"Vin alb sec Fetească Albă, 11.7%, 750ml",39.49,RON,,0,catalogue,1
2026-08-11T09:36:54.772077+00:00,freshful,100180950,"Vin rose sec Fetească Neagră, 12%, 750ml",39.49,RON,,0,catalogue,1
2026-08-11T09:36:54.772297+00:00,freshful,100180951,"Vin roșu sec Fetească Neagră, 14.5%, 750ml",39.49,RON,,0,catalogue,1
2026-08-11T09:36:54.772550+00:00,freshful,100176320,"Șampanie brut Reserve, 12.5%, 750ml",344.49,RON,,0,catalogue,1
2026-08-11T09:36:54.772780+00:00,freshful,100181112,"Vin spumant Prosecco extradry, 11%, 750ml",43.49,RON,,0,catalogue,1
2026-08-11T09:36:54.773152+00:00,freshful,100181114,"Vin alb spumant demisec Prestige Bianco 11%, 750ml",32.99,RON,,0,catalogue,1
2026-08-11T09:36:54.773397+00:00,freshful,100181115,"Vin spumant Prestige Roze demisec, 11%, 750ml",32.99,RON,,0,catalogue,1
2026-08-11T09:36:54.773682+00:00,freshful,100181259,"Vin alb sec, 12.5%, 750ml",91.79,RON,,0,catalogue,1
2026-08-11T09:36:54.773892+00:00,freshful,100182079,"Vin alb sec Black Label Sauvignon Blanc, 13%, 750ml",128.49,RON,,0,catalogue,1
2026-08-11T09:36:54.774114+00:00,freshful,100182090,"Vin alb sec Marlborough Sauvignon Blanc, 13.5%, 750ml",131.99,RON,,0,catalogue,1
2026-08-11T09:36:54.774322+00:00,freshful,100182096,"Vin alb sec Paul Mas Tutti Frutti, 12.5%, 750ml",50.99,RON,,0,catalogue,1
2026-08-11T09:36:54.774589+00:00,freshful,100182098,"Vin roșu sec Paul Mas Tutti Frutti, 13.5%, 750ml",43.99,RON,,0,catalogue,1
2026-08-11T09:36:54.774826+00:00,freshful,100182099,"Vin alb sec La forge estate Chardonnay, 13.5%, 750ml",77.99,RON,,0,catalogue,1
2026-08-11T09:36:54.775039+00:00,freshful,100182103,"Vin alb sec, Vignobles Chardonnay, 13.5%, 750ml",48.99,RON,,0,catalogue,1
2026-08-11T09:36:54.775258+00:00,freshful,100182105,"Vin alb sec Vignobles Sauvignon Blanc, 12.5%, 750ml",48.49,RON,,0,catalogue,1
2026-08-11T09:36:54.775586+00:00,freshful,100182106,"Vin alb sec Vignobles Viognier, 13.5%, 750ml",48.99,RON,,0,catalogue,1
2026-08-11T09:36:54.775835+00:00,freshful,100182107,"Vin roșu dulce Fine Ruby Port, 20%, 750ml",79.99,RON,,0,catalogue,1
2026-08-11T09:36:54.776068+00:00,freshful,100182108,"Vin roșu dulce Fine Tawny Port, 20%, 750ml",79.99,RON,,0,catalogue,1
2026-08-11T09:36:54.776314+00:00,freshful,100182114,"Vin alb sec Callia Chardonnay & Torrontes, 13%, 750ml",59.99,RON,,0,catalogue,1
2026-08-11T09:36:54.776607+00:00,freshful,100182116,"Vin rose sec, Callia, Syrah, 12%, 750ml",59.99,RON,,0,catalogue,1
2026-08-11T09:36:54.776881+00:00,freshful,100182118,"Prosecco alb brut, Perlae Naonis, Glera, 11.5%, 750ml",81.99,RON,,0,catalogue,1
2026-08-11T09:36:54.777169+00:00,freshful,100182119,"Prosecco alb brut, Perlae Naonis Oro, Glera, 11.5%, 750ml",101.99,RON,,0,catalogue,1
2026-08-11T09:36:54.777409+00:00,freshful,100182120,"Vin alb sec, Lugana, Monosepaj Turbiana, 13%, 750ml",96.99,RON,,0,catalogue,1
2026-08-11T09:36:54.777684+00:00,freshful,100182121,"Vin rose sec, 12.5%, 750ml",96.99,RON,,0,catalogue,1
2026-08-11T09:36:54.777997+00:00,freshful,100182124,"Vin rose sec, Rondinella, 12.5%, 750ml",70.98,RON,,0,catalogue,1
2026-08-11T09:36:54.778218+00:00,freshful,100182131,"Vin alb sec White Blend, 13%, 750ml",32.99,RON,,0,catalogue,1
2026-08-11T09:36:54.778434+00:00,freshful,100182132,"Vin roșu sec Red Blend, 13.5%, 750ml",32.99,RON,,0,catalogue,1
2026-08-11T09:36:54.778693+00:00,freshful,100182224,"Vin alb sec Sauvignon Blanc, 13%, 750ml",84.99,RON,,0,catalogue,1
2026-08-11T09:36:54.778897+00:00,freshful,100182226,"Vin rose sec, 12.5%, 750ml",79.98,RON,,0,catalogue,1
2026-08-11T09:36:54.779080+00:00,freshful,100182228,"Vin alb sec Garganega, Terbbiano, Soave Classico, 12%, 750ml",78.99,RON,,0,catalogue,1
2026-08-11T09:36:54.779311+00:00,freshful,100171561,"Vin alb sec Sauvignon Blanc, 13%, 750ml",50.99,RON,,0,catalogue,1
2026-08-11T09:36:54.779545+00:00,freshful,100182623,"Vin alb sec Garganega Veneto, 12%, 750ml",60.99,RON,,0,catalogue,1
2026-08-11T09:36:54.779754+00:00,freshful,100182624,"Vin roșu demisec Si Mento, 13%, 750ml",49.49,RON,,0,catalogue,1
2026-08-11T09:36:54.779947+00:00,freshful,100182625,"Vin alb sec Pinot Grigio delle Venezie DOC, 12%, 750ml",60.99,RON,,0,catalogue,1
2026-08-11T09:36:54.780162+00:00,freshful,100182626,"Vin rose sec Chiaretto di Bardolino, 12%, 750ml",60.99,RON,,0,catalogue,1
2026-08-11T09:36:54.780364+00:00,freshful,100182627,"Vin alb sec Soave, 12%, 750ml",60.99,RON,,0,catalogue,1
2026-08-11T09:36:54.780600+00:00,freshful,100182640,"Vin roșu sec Amarone Della Valpolicella, 15.5%, 750ml",236.49,RON,,0,catalogue,1
2026-08-11T09:36:54.780831+00:00,freshful,100182986,"Vin spumant Prosecco alb Extra Dry Valdobbiadene, 11%, 750ml",50.49,RON,,0,catalogue,1
2026-08-11T09:36:54.781101+00:00,freshful,100182989,"Vin spumant Prosecco alb Extra Dry, 11%, 750ml",54.99,RON,,0,catalogue,1
2026-08-11T09:36:54.781312+00:00,freshful,100182990,"Vin spumant Prosecco rose brut, 11%, 750ml",46.49,RON,,0,catalogue,1
2026-08-11T09:36:54.781538+00:00,freshful,100183416,"Vin alb sec Private Bin Sauvignon Blanc, 12.5%, 750ml",91.49,RON,,0,catalogue,1
2026-08-11T09:36:54.781766+00:00,freshful,100183418,"Vin alb sec eco Earth Garden Sauvignon Blanc, 13%, 750ml",103.99,RON,,0,catalogue,1
2026-08-11T09:36:54.781991+00:00,freshful,100183431,"Vin roșu dulce Sherry Cream, 17%, 750ml",43.49,RON,,0,catalogue,1
2026-08-11T09:36:54.782202+00:00,freshful,100183446,"Vin alb sec Virtuoz Fetească Regală, 13.5%, 750ml",33.99,RON,,0,catalogue,1
2026-08-11T09:36:54.782414+00:00,freshful,100183448,"Vin alb sec Virtuoz Sauvignon Blanc, 12.1%, 750ml",33.99,RON,,0,catalogue,1
2026-08-11T09:36:54.782655+00:00,freshful,100183449,"Vin rose demisec Virtuoz Merlot, 14.7%, 750ml",27.99,RON,,0,catalogue,1
2026-08-11T09:36:54.782856+00:00,freshful,100171560,"Vin rose sec Fetească Neagră & Shiraz, 12.5%, 750ml",50.99,RON,,0,catalogue,1
2026-08-11T09:36:54.783069+00:00,freshful,100171565,"Vin spumant rose sec Shine, 12%, 750ml",51.99,RON,,0,catalogue,1
2026-08-11T09:36:54.783292+00:00,freshful,100176321,"Șampanie brut Reserve Magnum, 12.5%, 1.5l",685.99,RON,,0,catalogue,1
2026-08-11T09:36:54.783553+00:00,freshful,100176322,"Șampanie alb brut, 12%, 750ml",597.69,RON,,0,catalogue,1
2026-08-11T09:36:54.783772+00:00,freshful,100183977,"Vin roșu sec, Piaggia Pietranera Toscana 14.5%, 750ml",120.99,RON,,0,catalogue,1
2026-08-11T09:36:54.784024+00:00,freshful,100183979,"Vin roșu sec Classica Primitivo di Manduria, 14%, 750ml",69.99,RON,,0,catalogue,1
2026-08-11T09:36:54.784275+00:00,freshful,100184002,"Vin roșu sec Le Bouquet des Garrigues, 14%, 750ml",91.99,RON,,0,catalogue,1
2026-08-11T09:36:54.784565+00:00,freshful,100184067,"Șampanie Brut Imperial, 12.5%, 750ml",284.49,RON,,0,catalogue,1
2026-08-11T09:36:54.784790+00:00,freshful,100184068,"Șampanie Brut Imperial, 12.5%, 200ml",101.99,RON,,0,catalogue,1
2026-08-11T09:36:54.785054+00:00,freshful,100184069,"Șampanie Rose Imperial, 12%, 750ml",272.99,RON,,0,catalogue,1
2026-08-11T09:36:54.785276+00:00,freshful,100184070,"Șampanie Brut, 12.5%, 750ml",367.49,RON,,0,catalogue,1
2026-08-11T09:36:54.785515+00:00,freshful,100184073,"Vin alb sec Mustoasă de Măderat, 12.5%, 750ml",55.99,RON,,0,catalogue,1
2026-08-11T09:36:56.206269+00:00,freshful,100184084,"Vin roșu sec Amaranta Montepulciano D'Abruzzo, 14%, 1.5l",181.99,RON,,0,catalogue,1
2026-08-11T09:36:56.206617+00:00,freshful,100184085,"Vin roșu sec Primitivo XO, 14%, 750ml",56.99,RON,,0,catalogue,1
2026-08-11T09:36:56.206852+00:00,freshful,100184086,"Vin spumant alb, Pecorino Brut, 12%, 750ml",71.98,RON,,0,catalogue,1
2026-08-11T09:36:56.207056+00:00,freshful,100184226,"Vin spumat alb Sparkling Brut, 12%, 750ml",94.99,RON,,0,catalogue,1
2026-08-11T09:36:56.207249+00:00,freshful,100184491,"Vin roșu dulce Pastoral, 16%, 750ml",45.49,RON,,0,catalogue,1
2026-08-11T09:36:56.207473+00:00,freshful,100185304,"Vin alb sec eco Chardonnay Heritage, 12.9%, 750ml",44.99,RON,,0,catalogue,1
2026-08-11T09:36:56.207694+00:00,freshful,100185305,"Vin roșu sec eco Pinot Noir Heritage, 14.9%, 750ml",44.99,RON,,0,catalogue,1
2026-08-11T09:36:56.207907+00:00,freshful,100185306,"Vin alb sec eco Fetească Albă, 12.9%, 750ml",35.49,RON,,0,catalogue,1
2026-08-11T09:36:56.208111+00:00,freshful,100185311,"Vin rose demisec Merlot Rendez-Vous, 13.9%, 750ml",30.59,RON,,0,catalogue,1
2026-08-11T09:36:56.208311+00:00,freshful,100188002,"Prosecco alb brut Valdobbiadene Rive di Santo Stefano DOCG, 11%, 750ml",99.99,RON,,0,catalogue,1
2026-08-11T09:36:56.209452+00:00,freshful,100188219,"Vin rose sec Cabernet Sauvignon, 13.5%, 750ml",35.99,RON,,0,catalogue,1
2026-08-11T09:36:56.209666+00:00,freshful,100188233,"Vin spumant alb brut Glera, 12%, 750ml",34.49,RON,,0,catalogue,1
2026-08-11T09:36:56.209858+00:00,freshful,100188234,"Vin spumant rose dulce Muscat, 11.5%, 750ml",36.99,RON,,0,catalogue,1
2026-08-11T09:36:56.210046+00:00,freshful,100188235,"Vin alb sec Bianca, Pinot Grigio, 12.5%, 750ml",32.49,RON,,0,catalogue,1
2026-08-11T09:36:56.210247+00:00,freshful,100188236,"Vin rose sec Saperavi & Pinot Noir, 12.5%, 750ml",32.49,RON,,0,catalogue,1
2026-08-11T09:36:56.210483+00:00,freshful,100188237,"Vin roșu sec Rară Neagră & Malbec, 13.5%, 750ml",42.99,RON,,0,catalogue,1
2026-08-11T09:36:56.210710+00:00,freshful,100188243,"Vin roșu sec Saperavi, 15%, 750ml",111.99,RON,,0,catalogue,1
2026-08-11T09:36:56.210903+00:00,freshful,100203389,"Vin spumant alb brut, 11.5%, 750ml",58.99,RON,,0,catalogue,1
2026-08-11T09:36:56.211087+00:00,freshful,100203390,"Spumant rose demisec, 9.5%, 750ml",60.99,RON,,0,catalogue,1
2026-08-11T09:36:56.211290+00:00,freshful,100207121,"Vin alb sec Sauvignon Blanc, 13%, 750ml",60.49,RON,,0,catalogue,1
2026-08-11T09:36:56.211516+00:00,freshful,100207123,"Vin rose sec, 13.5%, 750ml",61.49,RON,,0,catalogue,1
2026-08-11T09:36:56.211705+00:00,freshful,100207136,"Vin alb demisec Sauvignon Blanc, 12.5%, 750ml",37.49,RON,,0,catalogue,1
2026-08-11T09:36:56.211928+00:00,freshful,100207137,"Vin rose demisec Merlot, 13%, 750ml",37.49,RON,,0,catalogue,1
2026-08-11T09:36:56.212160+00:00,freshful,100207139,Vin roșu licoros dulce 750ml,35.99,RON,,0,catalogue,1
2026-08-11T09:36:56.212364+00:00,freshful,100207830,"Vin alb sec Chardonnay, 13%, 750ml",49.49,RON,,0,catalogue,1
2026-08-11T09:36:56.212791+00:00,freshful,100208271,"Vin spumant brut Prosecco Millesimato, 12%, 750ml",81.75,RON,,0,catalogue,1
2026-08-11T09:36:56.213038+00:00,freshful,100208272,"Vin spumant rose brut, 12%, 750ml",93.99,RON,,0,catalogue,1
2026-08-11T09:36:56.213246+00:00,freshful,100209152,"Vin alb demisec eco Aligote, 14%, bag-in-box, 2l",49.99,RON,,0,catalogue,1
2026-08-11T09:36:56.213498+00:00,freshful,100209153,"Vin roșu eco Cotești D.O.C., Fetească Neagră, Cabernet Sauvignon și Merlot, 14%, bag-in-box, 2l",51.49,RON,,0,catalogue,1
2026-08-11T09:36:56.213821+00:00,freshful,100209154,"Vin rose dulce eco Busuioacă de Bohotin, 13.7%, bag-in-box, 2l",49.99,RON,,0,catalogue,1
2026-08-11T09:36:56.214043+00:00,freshful,100209155,"Vin alb eco Sauvignon Blanc, 13%, bag in box 2l",49.99,RON,,0,catalogue,1
2026-08-11T09:36:56.214254+00:00,freshful,100209235,"Vin spumant alb brut, Citron Magaratcha, 12%, 750ml",59.99,RON,,0,catalogue,1
2026-08-11T09:36:56.214490+00:00,freshful,100209236,"Vin spumant alb extrasec Viorica, 12%, 750ml",59.99,RON,,0,catalogue,1
2026-08-11T09:36:56.214696+00:00,freshful,100209237,"Vin spumant rose dulce Suave, 7%, 750ml",59.99,RON,,0,catalogue,1
2026-08-11T09:36:56.214890+00:00,freshful,100209238,"Vin rose demidulce, Reserva 750ml",44.49,RON,,0,catalogue,1
2026-08-11T09:36:56.215064+00:00,freshful,100209239,"Vin alb demisec, Reserva 750ml",44.49,RON,,0,catalogue,1
2026-08-11T09:36:56.215241+00:00,freshful,100209249,"Vin roșu sec Fetească Neagră, 14.5%, 750ml",243.99,RON,,0,catalogue,1
2026-08-11T09:36:56.215474+00:00,freshful,100209733,"Vin petiant eco alb sec, 10.5%, 750ml",64.98,RON,,0,catalogue,1
2026-08-11T09:36:56.215852+00:00,freshful,100209635,"Vin spumant rose sec Shine, 11%, 750ml",36.99,RON,,0,catalogue,1
2026-08-11T09:36:56.216033+00:00,freshful,100209636,"Vin spumant alb brut Shine, 11%, 750ml",36.99,RON,,0,catalogue,1
2026-08-11T09:36:56.216220+00:00,freshful,100209814,"Vin roșu sec Primitivo, 13%, 750ml",44.99,RON,,0,catalogue,1
2026-08-11T09:36:56.216416+00:00,freshful,100209815,"Șampanie Carte D'Or extra brut, 12%, 750ml",239.99,RON,,0,catalogue,1
2026-08-11T09:36:56.216650+00:00,freshful,100209816,"Șampanie Brut Nature, 12%, 750ml",269.99,RON,,0,catalogue,1
2026-08-11T09:36:56.216849+00:00,freshful,100209817,"Șampanie Brut NV, 12%, 750ml",279.99,RON,,0,catalogue,1
2026-08-11T09:36:56.217131+00:00,freshful,100210417,"Vin rose demidulce Pinot Noir, Fetească Neagră, Syrah, 12.5%, 750ml",53.49,RON,,0,catalogue,1
2026-08-11T09:36:56.217364+00:00,freshful,100210418,"Vin alb dulce Muscat Ottonel & Tămâioasă Românească, 12%, 500ml",59.49,RON,,0,catalogue,1
2026-08-11T09:36:56.217634+00:00,freshful,100210420,"Vin alb sec D'Amour, Sauvignon Blanc, Muscat Ottonel, Chardonnay, Pinot Gris, Tămâioasă Românească, 12.6%, 750ml",49.99,RON,,0,catalogue,1
2026-08-11T09:36:56.217921+00:00,freshful,100211602,"Vin roșu sec Sangiovese Chianti Classico, 13%, 750ml",116.49,RON,,0,catalogue,1
2026-08-11T09:36:56.218142+00:00,freshful,100211603,"Vin roșu sec Sangiovese Chianti Classico Riserva, 13.5%, 750ml",147.49,RON,,0,catalogue,1
2026-08-11T09:36:56.218388+00:00,freshful,100211605,"Vin spumant rose dulce Rossa Regale, 7%, 750ml",114.99,RON,,0,catalogue,1
2026-08-11T09:36:56.218621+00:00,freshful,100211608,"Vin spumant alb brut Cava Barcelona Reserva, eco, 11.5%, 750ml",70.99,RON,,0,catalogue,1
2026-08-11T09:36:56.218844+00:00,freshful,100211612,"Șampanie Brut Premier, 12%, 0.75l",319.79,RON,,0,catalogue,1
2026-08-11T09:36:56.219030+00:00,freshful,100211616,"Vin rose sec Clos Mireille, 14%, 750ml",176.99,RON,,0,catalogue,1
2026-08-11T09:36:56.219238+00:00,freshful,100211617,"Vin alb sec Sauvignon Blanc Pouilly Fumé, 13.5%, 750ml",150.49,RON,,0,catalogue,1
2026-08-11T09:36:57.442128+00:00,freshful,100211618,"Vin alb sec Sauvignon Blanc Sancerre Blanc, 13%, 750ml",163.49,RON,,0,catalogue,1
2026-08-11T09:36:57.442411+00:00,freshful,100211620,"Vin roșu sec Bordeaux Reserve de Monsieur Louis, 14%, 750ml",66.99,RON,,0,catalogue,1
2026-08-11T09:36:57.442723+00:00,freshful,100211624,"Vin roșu sec Chianti Riserva, 13%, 750ml",53.49,RON,,0,catalogue,1
2026-08-11T09:36:57.442939+00:00,freshful,100212150,Vin alb sec Rezerva Cuvee 0.75l,41.49,RON,,0,catalogue,1
2026-08-11T09:36:57.443128+00:00,freshful,100212151,Vin roșu sec Rezerva Cuvee 0.75l,41.49,RON,,0,catalogue,1
2026-08-11T09:36:57.443320+00:00,freshful,100212353,"Vin spumant brut Trento D.O.C., 12.5%, 750ml",174.49,RON,,0,catalogue,1
2026-08-11T09:36:57.443562+00:00,freshful,100212354,"Vin spumant rose brut Trento D.O.C., 12.5%, 750ml",189.49,RON,,0,catalogue,1
2026-08-11T09:36:57.443765+00:00,freshful,100212355,"Vin spumant brut Perle Trento D.O.C., 12.5%, 750ml",231.99,RON,,0,catalogue,1
2026-08-11T09:36:57.443997+00:00,freshful,100212516,"Vin spumant Brut Reserve, 12%, 750ml",382.99,RON,,0,catalogue,1
2026-08-11T09:36:57.444195+00:00,freshful,100212517,"Vin alb sec Chardonnay Viognier, 13.5%, 750ml",80.99,RON,,0,catalogue,1
2026-08-11T09:36:57.444439+00:00,freshful,100212521,"Vin ecologic rose sec Freeda, 12.5%, 750ml",62.99,RON,,0,catalogue,1
2026-08-11T09:36:57.444636+00:00,freshful,100212522,"Vin alb sec Lugana D.O.C., 12.5%, 750ml",84.99,RON,,0,catalogue,1
2026-08-11T09:36:57.444828+00:00,freshful,100212523,"Vin alb spumant extra dry Prosecco Treviso D.O.C., 11%, 750ml",55.99,RON,,0,catalogue,1
2026-08-11T09:36:57.445134+00:00,freshful,100212525,"Vin roșu sec Palombara Primitivo Di Manduria D.O.P., 15%, 750ml",120.99,RON,,0,catalogue,1
2026-08-11T09:36:57.445373+00:00,freshful,100212529,"Vin roșu sec Negroamaro Salento, 13%, 750ml",59.99,RON,,0,catalogue,1
2026-08-11T09:36:57.445600+00:00,freshful,100212530,"Vin roșu sec Nero Di Troia Puglia IGT, 12.5%, 750ml",59.99,RON,,0,catalogue,1
2026-08-11T09:36:57.446016+00:00,freshful,100212644,"Vin alb sec La Guardinese Falanghina IGP Benevento, 12.5%, 750ml",54.99,RON,,0,catalogue,1
2026-08-11T09:36:57.446245+00:00,freshful,100212645,"Vin roșu sec La Guardinese Aglianico IGP Benevento, 13%, 750ml",54.99,RON,,0,catalogue,1
2026-08-11T09:36:57.446504+00:00,freshful,100212646,"Vin roșu sec Langhe Nebbiolo, 14%, 750ml",136.49,RON,,0,catalogue,1
2026-08-11T09:36:57.446709+00:00,freshful,100212650,"Vin roșu sec DOC Classico, 12.5%, 750ml",81.49,RON,,0,catalogue,1
2026-08-11T09:36:57.446913+00:00,freshful,100212651,"Vin alb sec Lugana DOC, 13%, 750ml",106.49,RON,,0,catalogue,1
2026-08-11T09:36:57.447104+00:00,freshful,100212653,"Vin roșu sec Scansano Sangiovese IGT Toscana, 12.5%, 750ml",53.49,RON,,0,catalogue,1
2026-08-11T09:36:57.447324+00:00,freshful,100212655,"Vin alb sec Inzolia, 12.5%, 750ml",53.49,RON,,0,catalogue,1
2026-08-11T09:36:57.447540+00:00,freshful,100212656,"Vin rose sec Rosato, 12%, 750ml",53.49,RON,,0,catalogue,1
2026-08-11T09:36:57.447729+00:00,freshful,100212657,"Vin spumant demisec alb Lucepiana Prosecco DOC, 11%, 750ml",64.99,RON,,0,catalogue,1
2026-08-11T09:36:57.447937+00:00,freshful,100212660,"Vin roșu sec Merlot barrique D.O.C-C.M.D Nicorești, 14%, 750ml",45.49,RON,,0,catalogue,1
2026-08-11T09:36:57.448175+00:00,freshful,100212661,"Vin roșu sec Fetească Neagră D.O.C.-C.M.D. Nicorești, 14%, 750ml",45.49,RON,,0,catalogue,1
2026-08-11T09:36:57.448407+00:00,freshful,100212662,"Vin roșu sec Cabernet Sauvignon barrique D.O.C.-C.M.D. Nicorești, 14.5%, 750ml",45.49,RON,,0,catalogue,1
2026-08-11T09:36:57.448687+00:00,freshful,100212664,"Vin rose sec Fetească Neagră & Cabernet Sauvignon I.G. Dealurile Moldovei, 12.5%, 750ml",45.49,RON,,0,catalogue,1
2026-08-11T09:36:57.448943+00:00,freshful,100214317,"Vin roșu sec Premium Fetească Neagră, 750ml",86.99,RON,,0,catalogue,1
2026-08-11T09:36:57.449267+00:00,freshful,100214318,"Vin alb sec Premium Chardonnay, 750ml",86.99,RON,,0,catalogue,1
2026-08-11T09:36:57.449508+00:00,freshful,100214319,"Vin roșu demisec Busuioacă, 13%, 750ml",53.99,RON,,0,catalogue,1
2026-08-11T09:36:57.449707+00:00,freshful,100214321,"Vin rose demisec Special Reserve, 11.5%, 750ml",37.49,RON,,0,catalogue,1
2026-08-11T09:36:57.449912+00:00,freshful,100214762,"Vin roșu sec Rară Neagră Volumul I, 12.5%, 750ml",52.76,RON,,0,catalogue,1
2026-08-11T09:36:57.451737+00:00,freshful,100214941,"Vin roșu sec Estate Carmenere, 13.5%, 750ml",58.99,RON,,0,catalogue,1
2026-08-11T09:36:57.451950+00:00,freshful,100214942,"Vin alb sec Estate Sauvignon Blanc, 13%, 750ml",69.99,RON,,0,catalogue,1
2026-08-11T09:36:57.452150+00:00,freshful,100214944,"Vin roșu sec Galway Vintage Shiraz, 14.5%, 750ml",89.99,RON,,0,catalogue,1
2026-08-11T09:36:57.452366+00:00,freshful,100214955,"Șampanie brut Barons de Rothschild, 12%, 750ml",459.99,RON,,0,catalogue,1
2026-08-11T09:36:57.452605+00:00,freshful,100216737,"Vin roșu sec Primitivo di Manduria DOC, 15%, 750ml",72.59,RON,,0,catalogue,1
2026-08-11T09:36:57.452827+00:00,freshful,100216738,"Vin alb sec Pecorino Terre di Chieti IGT, 12%, 750ml",54.99,RON,,0,catalogue,1
2026-08-11T09:36:57.453308+00:00,freshful,100217080,"Vin alb sec Chardonnay Chablis, AOC, 12.5%, 750ml",138.84,RON,,0,catalogue,1
2026-08-11T09:36:57.453550+00:00,freshful,100217082,"Vin alb sec Vinho Verde, AOC, 11%, 750ml",48.99,RON,,0,catalogue,1
2026-08-11T09:36:57.453749+00:00,freshful,100217299,"Vin alb sec Pecorino Premium, 13%, 750ml",63.49,RON,,0,catalogue,1
2026-08-11T09:36:57.453953+00:00,freshful,100217414,"Vin spumant alb sec Mezzin, 11.5%, 750ml",38.99,RON,,0,catalogue,1
2026-08-11T09:36:57.454141+00:00,freshful,100217417,"Vin alb sec Urme Furmint, 13%, 750ml",85.99,RON,,0,catalogue,1
2026-08-11T09:36:57.454357+00:00,freshful,100217587,"Vin spumant Cava Reserva Brut Nature, 11.5%, 750ml",67.83,RON,,0,catalogue,1
2026-08-11T09:36:57.454596+00:00,freshful,100217588,"Vin spumant Cava Reserva Brut, 11.5%, 750ml",67.83,RON,,0,catalogue,1
2026-08-11T09:36:57.454793+00:00,freshful,100217708,"Pelin rose, 11.5%, 750ml",42.99,RON,,0,catalogue,1
2026-08-11T09:36:57.455278+00:00,freshful,100168253,"Vin alb sec Individo Fetească Regală & Riesling, 13.5%, 750ml",39.49,RON,,0,catalogue,1
2026-08-11T09:36:57.455542+00:00,freshful,100168257,"Vin roșu sec Individo Merlot & Cabernet Sauvignon, 14.5%, 750ml",39.99,RON,,0,catalogue,1
2026-08-11T09:36:58.819463+00:00,freshful,100168268,"Vin roșu sec Taraboste, 14.5%, 750ml",113.99,RON,,0,catalogue,1
2026-08-11T09:36:58.819736+00:00,freshful,100168269,"Vin roșu sec Taraboste Pinot Noir, 14%, 750ml",78.99,RON,,0,catalogue,1
2026-08-11T09:36:58.819961+00:00,freshful,100169989,"Vin alb sec Zghihară de Averești, D.O.C. Huși, 12%, 750ml",56.99,RON,,0,catalogue,1
2026-08-11T09:36:58.820194+00:00,freshful,100170200,"Vin roșu sec Novac, 13%, 750ml",28.49,RON,,0,catalogue,1
2026-08-11T09:36:58.820393+00:00,freshful,100170202,"Vin alb sec Cuvee, 12.5%, 750ml",46.49,RON,,0,catalogue,1
2026-08-11T09:36:58.820624+00:00,freshful,100170204,"Vin roșu sec Cabernet Sauvignon & Fetească Neagră, 13%, 750ml",40.49,RON,,0,catalogue,1
2026-08-11T09:36:58.820847+00:00,freshful,100170214,Vin roșu sec Cabernet Sauvignon 750ml,60.99,RON,,0,catalogue,1
2026-08-11T09:36:58.821092+00:00,freshful,100170217,"Vin alb sec Cuvée D' Excellence, 12.5%, 750ml",71.99,RON,,0,catalogue,1
2026-08-11T09:36:58.821311+00:00,freshful,100170218,"Vin rose sec Merlot&Cabernet Sauvignon, 12.5%, 750ml",64.99,RON,,0,catalogue,1
2026-08-11T09:36:58.821638+00:00,freshful,100170219,"Vin roșu sec Cabernet Sauvignon, 14%, 750ml",136.49,RON,,0,catalogue,1
2026-08-11T09:36:58.821848+00:00,freshful,100171072,"Vin roșu sec Cabernet Sauvignon, 14%, 750ml",36.99,RON,,0,catalogue,1
2026-08-11T09:36:58.822044+00:00,freshful,100171289,"Vin roșu sec Cabernet Sauvignon, 14%, 750ml",32.99,RON,,0,catalogue,1
2026-08-11T09:36:58.822239+00:00,freshful,100171319,"Vin roșu sec Fetească Neagră Vol I, 13.5%, 750ml",41.49,RON,,0,catalogue,1
2026-08-11T09:36:58.822495+00:00,freshful,100171438,"Vin alb sec Le Blanc, 13%, 750ml",66.79,RON,,0,catalogue,1
2026-08-11T09:36:58.822840+00:00,freshful,100171347,"Vin spumant rose extra sec Cuartz, 12%, 750ml",45.49,RON,,0,catalogue,1
2026-08-11T09:36:58.823039+00:00,freshful,100171349,"Vin alb sec Petite Helena, D.O.C., 13.5%, 750ml",141.49,RON,,0,catalogue,1
2026-08-11T09:36:58.823248+00:00,freshful,100171496,"Vin alb dulce Ambra Șarba, 13%, 375ml",134.99,RON,,0,catalogue,1
2026-08-11T09:36:58.823498+00:00,freshful,100171508,"Vin roșu sec Cabernet Sauvignon, 14%, 750ml",121.49,RON,,0,catalogue,1
2026-08-11T09:36:58.823732+00:00,freshful,100172778,"Vin alb sec Special Reserve Sauvignon Blanc, 12.5%, 750ml",40.99,RON,,0,catalogue,1
2026-08-11T09:36:58.823956+00:00,freshful,100172781,"Vin rose sec Fetească Neagră, Cabernet Sauvignon, Merlot, Shiraz, Pinot Noir & Busuioacă, 13.5%, 750ml",31.89,RON,,0,catalogue,1
2026-08-11T09:36:58.824233+00:00,freshful,100173441,"Vin rose sec Merlot, 12.5%, 750ml",37.99,RON,,0,catalogue,1
2026-08-11T09:36:58.824491+00:00,freshful,100173460,"Vin roșu sec Brunello di Montalcino, 14%, 750ml",224.49,RON,,0,catalogue,1
2026-08-11T09:36:58.824706+00:00,freshful,100173481,"Vin roșu sec Borgo Tesis Merlot, 12.5%, 750ml",72.99,RON,,0,catalogue,1
2026-08-11T09:36:58.824918+00:00,freshful,100173482,"Vin alb sec Borgo Tesis Pinot Grigio, 12.5%, 750ml",72.99,RON,,0,catalogue,1
2026-08-11T09:36:58.825197+00:00,freshful,100173483,"Vin spumant rose brut Prosecco, 12%, 750ml",83.99,RON,,0,catalogue,1
2026-08-11T09:36:58.825471+00:00,freshful,100173486,"Vin rose sec Sun Goddess Pinot Grigio, 13%, 750ml",91.49,RON,,0,catalogue,1
2026-08-11T09:36:58.825687+00:00,freshful,100173488,"Vin alb sec Sant Helena Sauvignon, 13%, 750ml",94.89,RON,,0,catalogue,1
2026-08-11T09:36:58.825905+00:00,freshful,100173489,"Vin roșu sec Poggio alle Mura Rosso di Montalcino, 15%, 750ml",369.99,RON,,0,catalogue,1
2026-08-11T09:36:58.826136+00:00,freshful,100173490,"Vin roșu sec Brunello di Montalcino D.O.C.G., 14.5%, 750ml",336.49,RON,,0,catalogue,1
2026-08-11T09:36:58.826366+00:00,freshful,100173495,"Vin roșu sec Primitivo Puglia, 14%, 750ml",84.99,RON,,0,catalogue,1
2026-08-11T09:36:58.826601+00:00,freshful,100174833,"Vin roșu sec Pinot Noir, 13.5%, 750ml",112.49,RON,,0,catalogue,1
2026-08-11T09:36:58.826803+00:00,freshful,100174836,"Vin roșu sec Cabernet Sauvignon, 14.5%, 750ml",64.49,RON,,0,catalogue,1
2026-08-11T09:36:58.827006+00:00,freshful,100174859,"Vin roșu sec Merlot, 14.5%, 750ml",112.49,RON,,0,catalogue,1
2026-08-11T09:36:58.827199+00:00,freshful,100174977,"Vin roșu sec Cuvee Rouge Royal, 13.4%, 750ml",78.99,RON,,0,catalogue,1
2026-08-11T09:36:58.827435+00:00,freshful,100174982,"Vin alb sec Cuvee Bravoure, 13.5%, 750l",41.49,RON,,0,catalogue,1
2026-08-11T09:36:58.827641+00:00,freshful,100175401,"Vin roșu sec Fetească Neagră & Syrah, 14.6%, 750ml",133.49,RON,,0,catalogue,1
2026-08-11T09:36:58.827858+00:00,freshful,100176787,"Vin rose demisec Busuioacă de Bohotin, 12.5%, 750ml",25.49,RON,,0,catalogue,1
2026-08-11T09:36:58.828058+00:00,freshful,100176803,"Vin roșu sec Merlot Mister M. Legend, 14.5%, 750ml",174.99,RON,,0,catalogue,1
2026-08-11T09:36:58.828275+00:00,freshful,100177846,"Vin roșu sec Cabernet Sauvignon și Merlot, 14%, 750ml",59.99,RON,,0,catalogue,1
2026-08-11T09:36:58.828539+00:00,freshful,100177876,"Vin spumant alb brut Millesime, 12%, 750ml",161.49,RON,,0,catalogue,1
2026-08-11T09:36:58.828740+00:00,freshful,100178013,"Vin roșu sec Fetească Neagră eco, 14.5%, 750ml",102.49,RON,,0,catalogue,1
2026-08-11T09:36:58.828949+00:00,freshful,100178448,"Vin roșu sec Cabernet Sauvignon & Merlot & Fetească Neagră, 14.5%, 750ml",141.99,RON,,0,catalogue,1
2026-08-11T09:36:58.829231+00:00,freshful,100178450,"Vin rose sec Cabernet Sauvignion & Merlot, 14%, 750ml",49.49,RON,,0,catalogue,1
2026-08-11T09:36:58.829483+00:00,freshful,100178458,"Vin alb sec Cuvee Amprenta, 12.5%, 750ml",50.49,RON,,0,catalogue,1
2026-08-11T09:36:58.829687+00:00,freshful,100178472,"Vin roșu sec Cabernet Sauvignon, 14.8%, 750ml",123.99,RON,,0,catalogue,1
2026-08-11T09:36:58.829891+00:00,freshful,100178554,"Șampanie rose brut Vieilles Vignes Premier Cru, 12%, 750ml",235.69,RON,,0,catalogue,1
2026-08-11T09:36:58.830109+00:00,freshful,100178631,"Vin roșu sec Syrah & Cabernet Sauvignon, 14%, 750ml",78.99,RON,,0,catalogue,1
2026-08-11T09:36:58.830385+00:00,freshful,100171708,"Vin roșu sec Cabernet Sauvignon & Fetească Neagră, 14.5%, 750ml",38.49,RON,,0,catalogue,1
2026-08-11T09:36:58.830636+00:00,freshful,100181320,"Vin rose sec, 13.5%, 750ml",76.48,RON,,0,catalogue,1
2026-08-11T09:36:58.830817+00:00,freshful,100182072,"Vin roșu sec Cuvee Pițigaia, 14%, 750ml",144.49,RON,,0,catalogue,1
2026-08-11T09:36:58.831023+00:00,freshful,100182073,"Vin roșu sec Cabernet Sauvignon King Legend, 14.9%, 750ml",174.99,RON,,0,catalogue,1
2026-08-11T09:36:58.831241+00:00,freshful,100182097,"Vin rose sec Paul Mas Tutti Frutti, 12.5%, 750ml",50.99,RON,,0,catalogue,1
2026-08-11T09:36:58.831518+00:00,freshful,100182102,"Vin roșu sec Vignobles Cabernet Sauvignon, 14%, 750ml",44.49,RON,,0,catalogue,1
2026-08-11T09:36:58.831738+00:00,freshful,100182104,"Vin rose sec Vignobles Syrah, 12.5%, 750ml",48.99,RON,,0,catalogue,1
2026-08-11T09:36:58.831941+00:00,freshful,100182127,"Vin rose sec, Caringole, Syrah, Grenache, 12.5%, 750ml",49.99,RON,,0,catalogue,1
2026-08-11T09:36:58.832158+00:00,freshful,100182229,"Șampanie Reserve Brut, 12.5%, 750ml",316.19,RON,,0,catalogue,1
2026-08-11T09:36:58.832434+00:00,freshful,100182580,"Șampanie Non Vintage Cuvée brut, 12%, 750ml",327.99,RON,,0,catalogue,1
2026-08-11T09:36:58.832648+00:00,freshful,100182581,"Șampanie Essentiel Blanc de Blancs extra brut, 12%, 750ml",426.49,RON,,0,catalogue,1
2026-08-11T09:36:58.832862+00:00,freshful,100182582,"Șampanie Rose Brut, 12%, 750ml",314.99,RON,,0,catalogue,1
2026-08-11T09:36:58.833089+00:00,freshful,100182621,"Vin roșu demisec Appassimento, 14%, 750ml",68.49,RON,,0,catalogue,1
2026-08-11T09:37:00.053211+00:00,freshful,100182622,"Vin roșu sec Corvina, 12.5%, 750ml",60.99,RON,,0,catalogue,1
2026-08-11T09:37:00.053519+00:00,freshful,100182628,"Vin alb sec Custoza, 12%, 750ml",60.99,RON,,0,catalogue,1
2026-08-11T09:37:00.053729+00:00,freshful,100182629,"Vin roșu sec Bardolino, 12%, 750ml",60.99,RON,,0,catalogue,1
2026-08-11T09:37:00.053933+00:00,freshful,100182641,"Vin roșu sec Valpolicella Ripasso, 13.5%, 750ml",121.49,RON,,0,catalogue,1
2026-08-11T09:37:00.054150+00:00,freshful,100182642,"Vin roșu sec Amarone Della Valpolicella, 15.5%, 750ml",218.49,RON,,0,catalogue,1
2026-08-11T09:37:00.054373+00:00,freshful,100182643,"Vin roșu sec Valpolicella Ripasso Premium Line, 14%, 750ml",126.99,RON,,0,catalogue,1
2026-08-11T09:37:00.054714+00:00,freshful,100182644,"Vin roșu sec Appassimento Passito Premium Line, 14%, 750ml",93.49,RON,,0,catalogue,1
2026-08-11T09:37:00.054940+00:00,freshful,100183417,"Vin roșu sec Private Bin Pinot Noir, 13%, 750ml",103.99,RON,,0,catalogue,1
2026-08-11T09:37:00.055184+00:00,freshful,100183432,"Vin alb Sherry Medium Golden, 15%, 750ml",68.99,RON,,0,catalogue,1
2026-08-11T09:37:00.055422+00:00,freshful,100183451,"Vin roșu sec Merlot, 14.8%, 750ml",66.29,RON,,0,catalogue,1
2026-08-11T09:37:00.055629+00:00,freshful,100184000,"Vin roșu sec Zifa Primitivo di Manduria, 14.5%, 750ml",90.99,RON,,0,catalogue,1
2026-08-11T09:37:00.055882+00:00,freshful,100184071,"Șampanie Rose, 12.5%, 750ml",431.99,RON,,0,catalogue,1
2026-08-11T09:37:00.056102+00:00,freshful,100184036,"Vin alb sec Chenin Blanc, 13%, 750ml",56.49,RON,,0,catalogue,1
2026-08-11T09:37:00.056444+00:00,freshful,100185302,"Vin rose sec eco Merlot Arrogance, 14%, 750ml",59.99,RON,,0,catalogue,1
2026-08-11T09:37:00.056673+00:00,freshful,100185309,"Vin roșu sec eco Merlot, 14.4%, 750ml",35.49,RON,,0,catalogue,1
2026-08-11T09:37:00.056878+00:00,freshful,100188147,"Vin alb AOC Bordeaux Sauvignon Blanc, 12%, 750ml",65.49,RON,,0,catalogue,1
2026-08-11T09:37:00.057152+00:00,freshful,100188148,"Vin roșu AOC Bordeaux Merlot & Cabernet Sauvignon, 13.5%, 750ml",65.49,RON,,0,catalogue,1
2026-08-11T09:37:00.057422+00:00,freshful,100188149,"Vin roșu AOC Bordeaux Merlot, 13%, 750ml",65.48,RON,,0,catalogue,1
2026-08-11T09:37:00.057642+00:00,freshful,100188240,"Vin alb sec Chardonnay Barrique, 12.5%, 750ml",61.99,RON,,0,catalogue,1
2026-08-11T09:37:00.057853+00:00,freshful,100188241,"Vin roșu demisec Secret Blend Reserve, 15%, 750ml",64.99,RON,,0,catalogue,1
2026-08-11T09:37:00.058058+00:00,freshful,100188242,"Vin roșu sec Fetească Neagră, 14.9%, 750ml",111.49,RON,,0,catalogue,1
2026-08-11T09:37:00.058262+00:00,freshful,100188244,"Vin roșu sec Rară Neagră, 15.5%, 750ml",111.49,RON,,0,catalogue,1
2026-08-11T09:37:00.058496+00:00,freshful,100188245,"Vin roșu sec Cabernet Sauvignon, 14.5%, 750ml",115.49,RON,,0,catalogue,1
2026-08-11T09:37:00.058738+00:00,freshful,100188246,"Vin roșu sec Merlot, 14.5%, 750ml",107.49,RON,,0,catalogue,1
2026-08-11T09:37:00.058937+00:00,freshful,100207145,"Vin alb sec Sauvignon Blanc 2021, 11.5%, 750ml",59.99,RON,,0,catalogue,1
2026-08-11T09:37:00.059150+00:00,freshful,100207146,"Vin roșu sec Cabernet Sauvignon, Merlot, Saperavi, 13.5%, 750ml",80.49,RON,,0,catalogue,1
2026-08-11T09:37:00.059401+00:00,freshful,100207147,"Vin spumant viu alb brut Fetească Regală, 12.7%, 750ml",112.49,RON,,0,catalogue,1
2026-08-11T09:37:00.059639+00:00,freshful,100207829,"Vin rose sec, 12.5%, 750ml",52.49,RON,,0,catalogue,1
2026-08-11T09:37:00.059832+00:00,freshful,100207831,"Vin alb sec Fetească Regală, 12.5%, 750ml",49.49,RON,,0,catalogue,1
2026-08-11T09:37:00.060035+00:00,freshful,100209813,"Vin alb sec Chardonnay Verdeca, 12.5%, 750ml",44.99,RON,,0,catalogue,1
2026-08-11T09:37:00.060239+00:00,freshful,100209818,"Șampanie Collection 246 Brut Nature, 12%, 750ml",344.99,RON,,0,catalogue,1
2026-08-11T09:37:00.060477+00:00,freshful,100210416,"Vin alb demisec Sauvignon Blanc, Muscat Ottonel, Chardonnay & Pinot Gris, 12.6%, 750ml",49.99,RON,,0,catalogue,1
2026-08-11T09:37:00.060725+00:00,freshful,100211601,"Vin roșu sec Amarone Della Valpolicella Classico, 15.5%, 700ml",250.99,RON,,0,catalogue,1
2026-08-11T09:37:00.060959+00:00,freshful,100211604,"Vin alb sec Cortese Principessa Gavi di Gavi, 12.5%, 750ml",89.99,RON,,0,catalogue,1
2026-08-11T09:37:00.061222+00:00,freshful,100211609,"Vin rose demisec Pinot Grigio, 12%, 750ml",58.99,RON,,0,catalogue,1
2026-08-11T09:37:00.061439+00:00,freshful,100211610,"Vin roșu sec Margaux, 13.5%, 750ml",187.99,RON,,0,catalogue,1
2026-08-11T09:37:00.061642+00:00,freshful,100211611,"Vin roșu sec Pomerol Reserve de Saint Jaques, 13%, 750ml",192.99,RON,,0,catalogue,1
2026-08-11T09:37:00.061872+00:00,freshful,100211613,"Șampanie Brut Rose Vintage, 12%, 750ml",469.49,RON,,0,catalogue,1
2026-08-11T09:37:00.062063+00:00,freshful,100211615,"Vin rose sec Perle, 13%, 1.5l",150.49,RON,,0,catalogue,1
2026-08-11T09:37:00.062251+00:00,freshful,100211619,"Vin roșu sec Bordeaux Merlot-Cabernet, 13.5%, 750ml",57.49,RON,,0,catalogue,1
2026-08-11T09:37:00.062502+00:00,freshful,100211621,"Vin spumant rose brut Sparkling, 11.5%, 750ml",65.48,RON,,0,catalogue,1
2026-08-11T09:37:00.062710+00:00,freshful,100212518,"Vin roșu sec Cabernet Sauvignon & Merlot, 14%, 750ml",80.99,RON,,0,catalogue,1
2026-08-11T09:37:00.062923+00:00,freshful,100212519,"Vin rose demidulce Cabernet D'Anjou, 11%, 750ml",49.99,RON,,0,catalogue,1
2026-08-11T09:37:00.063107+00:00,freshful,100212524,"Vin roșu sec Barsento Il Paturno, Primitivo & Negroamaro, 14%, 750ml",129.99,RON,,0,catalogue,1
2026-08-11T09:37:00.063324+00:00,freshful,100212526,"Vin alb sec Oasi San Giacomo, 13%, 750ml",94.99,RON,,0,catalogue,1
2026-08-11T09:37:00.063553+00:00,freshful,100212527,"Vin roșu sec Rosso Di Montalcino, 14.5%, 750ml",209.99,RON,,0,catalogue,1
2026-08-11T09:37:00.063762+00:00,freshful,100212528,"Vin roșu sec Rothschild Aguaribay Malbec, 14%, 750ml",102.99,RON,,0,catalogue,1
2026-08-11T09:37:00.063992+00:00,freshful,100212641,"Vin alb sec Vallevo Gabbiano Cococciola IGT Terre di Chieti, 12%, 750ml",68.99,RON,,0,catalogue,1
2026-08-11T09:37:00.064230+00:00,freshful,100212642,"Vin alb sec Vallevo Gabbiano Passerina IGT Terre di Chieti, 12%, 750ml",68.99,RON,,0,catalogue,1
2026-08-11T09:37:00.064495+00:00,freshful,100212649,"Vin roșu dulce Recioto a DOCG Classico, 13.5%, 500ml",147.99,RON,,0,catalogue,1
2026-08-11T09:37:00.064769+00:00,freshful,100212654,"Vin roșu sec Nero d’Avola, 13%, 750ml",43.99,RON,,0,catalogue,1
2026-08-11T09:37:00.065067+00:00,freshful,100212658,"Vin roșu sec Lucepiana Cabernet Franc Trevenezie, 12.5%, 750ml",63.49,RON,,0,catalogue,1
2026-08-11T09:37:00.065308+00:00,freshful,100212659,"Vin alb sec Chardonnay & Sauvignon Blanc D.O.C.-C.M.D. Cotești, 12.5%, 750ml",45.49,RON,,0,catalogue,1
2026-08-11T09:37:00.065593+00:00,freshful,100212663,"Vin roșu sec Băbească Neagră Ediție limitată D.O.C., 13.50%, 750ml",45.49,RON,,0,catalogue,1
2026-08-11T09:37:00.065894+00:00,freshful,100214320,"Vin alb Special Reserve Fetească Albă, 13%, 750ml",39.99,RON,,0,catalogue,1
2026-08-11T09:37:00.066181+00:00,freshful,100214943,"Vin roșu sec Estate Cabernet Sauvignon, 13.5%, 750ml",69.99,RON,,0,catalogue,1
2026-08-11T09:37:00.066812+00:00,freshful,100217081,"Vin alb spumant brut Corpinnat Reserva, eco, 11.5%, 750ml",91.47,RON,,0,catalogue,1
2026-08-11T09:37:00.067018+00:00,freshful,100217300,"Vin alb sec Turchino Pecorino, 9.5%, 750ml",76.49,RON,,0,catalogue,1
2026-08-11T09:37:00.067219+00:00,freshful,100217301,"Vin roze sec Cipria, 10%, 0.75l",76.49,RON,,0,catalogue,1
2026-08-11T09:37:01.094476+00:00,freshful,100217302,"Vin roșu sec 10 Vendemmie Rosso, 14.5%, 750ml",202.55,RON,,0,catalogue,1
2026-08-11T09:37:01.094760+00:00,freshful,100217303,"Vin alb sec El Cortez, 13%, 0.75l",53.49,RON,,0,catalogue,1
2026-08-11T09:37:01.094963+00:00,freshful,100217322,"Vin roșu sec 125 Primitivo Salento IGP, 12.5%, 750ml",57.17,RON,,0,catalogue,1
2026-08-11T09:37:01.095190+00:00,freshful,100217323,"Vin roze sec 125 Rosato Salento IGP, 12.5%, 750ml",58.99,RON,,0,catalogue,1
2026-08-11T09:37:01.095435+00:00,freshful,100217324,"Vin roșu sec 125 Negroamaro Salento IGP, 12.5%, 750ml",57.17,RON,,0,catalogue,1
2026-08-11T09:37:01.095668+00:00,freshful,100217325,"Vin alb sec 125 Pinot Grigio Puglia IGP, 12.5%, 750ml",60.49,RON,,0,catalogue,1
2026-08-11T09:37:01.095882+00:00,freshful,100217326,"Vin alb sec 125 Malvasia Bianca Salento, 12.5%, 750ml",60.49,RON,,0,catalogue,1
2026-08-11T09:37:01.096093+00:00,freshful,100217408,"Vin rose sec Fleurt, 13.5%, 750ml",81.99,RON,,0,catalogue,1
2026-08-11T09:37:01.096279+00:00,freshful,100217409,"Vin alb sec Origin Fetească Albă, 12%, 750ml",84.99,RON,,0,catalogue,1
2026-08-11T09:37:01.096519+00:00,freshful,100217410,"Vin roșu sec Origin Fetească Neagră, 13.5%, 750ml",84.99,RON,,0,catalogue,1
2026-08-11T09:37:01.096753+00:00,freshful,100217411,"Vin alb sec Projekt Chardonnay, 13%, 750ml",98.99,RON,,0,catalogue,1
2026-08-11T09:37:01.096951+00:00,freshful,100217412,"Vin alb sec Projekt Rhein Riesling, 12%, 750ml",85.99,RON,,0,catalogue,1
2026-08-11T09:37:01.097203+00:00,freshful,100217413,"Vin roșu sec Projekt Merlot, 13.5%, 750ml",103.99,RON,,0,catalogue,1
2026-08-11T09:37:01.097441+00:00,freshful,100217415,"Vin spumant alb brut Median, 12%, 750ml",75.99,RON,,0,catalogue,1
2026-08-11T09:37:01.097670+00:00,freshful,100217418,"Vin roșu sec Urme Pinot Noir, 12%, 750ml",76.99,RON,,0,catalogue,1
2026-08-11T09:37:01.097873+00:00,freshful,100217707,"Pelin alb, 11.5%, 750ml",42.99,RON,,0,catalogue,1
2026-08-11T09:37:01.098060+00:00,freshful,100217709,"Pelin roșu, 12%, 750ml",42.99,RON,,0,catalogue,1
2026-08-11T09:37:01.098245+00:00,freshful,100217710,"Vin rose dulce Desert, 10.5%, 500ml",74.99,RON,,0,catalogue,1
2026-08-11T09:37:01.098462+00:00,freshful,100169714,"Prosecco rose extra sec, 11%, 750ml",45.49,RON,,0,catalogue,0
2026-08-11T09:37:01.098646+00:00,freshful,100171190,"Vin spumant alb extra sec Prosecco Treviso, 11%, 750ml",42.49,RON,,0,catalogue,0
2026-08-11T09:37:01.098854+00:00,freshful,100171505,"Vin alb sec Chardonnay, 13.5%, 750ml",84.99,RON,,0,catalogue,0
2026-08-11T09:37:01.099042+00:00,freshful,100169940,"Vin spumant alb brut, 12%, 750ml",24.99,RON,,0,catalogue,0
2026-08-11T09:37:01.099515+00:00,freshful,100171084,"Vin alb demisec Sauvignon Blanc, 13%, 750ml",25.49,RON,,0,catalogue,0
2026-08-11T09:37:01.099714+00:00,freshful,100171127,"Vin roșu sec Rară Neagră & Saperavi, 13.5%, 750ml",42.49,RON,,0,catalogue,0
2026-08-11T09:37:01.099936+00:00,freshful,100173445,"Vin alb sec Chablis La Chanfleure, 13%, 750ml",171.99,RON,,0,catalogue,0
2026-08-11T09:37:03.455248+00:00,kaufland,20846655,"Caii de la Letea Vin rosé sec 0,75 l",29.99,RON,38.69,1,promo,
2026-08-11T09:37:03.455593+00:00,kaufland,20677753,Cinzano Vin,34.99,RON,38.99,1,promo,
2026-08-11T09:37:03.456101+00:00,kaufland,20677833,Jidvei Vin alb Sauvignon Blanc,18.99,RON,,1,promo,
2026-08-11T09:37:03.456719+00:00,kaufland,20678171,Busuioacă de Bohotin Vin roze,19.79,RON,27.99,1,promo,
2026-08-11T09:37:03.457361+00:00,kaufland,5942006103031,Mionetto Vin spumant sec Treviso Orange,31.99,RON,47.99,1,promo,
2026-08-11T09:37:06.112553+00:00,kaufland_bolt,20677327,PURCARI CHARDONNAY SEC 13.5% IG 0.75L,39.99,RON,,0,catalogue,1
2026-08-11T09:37:06.112813+00:00,kaufland_bolt,20677517,PRIVILEGIUM CHARDONNAY SEC 13% 0.75L,37.99,RON,,0,catalogue,1
2026-08-11T09:37:06.113051+00:00,kaufland_bolt,00114074,VARANCHA CHARDONNAY SEC 2L BIB,43.99,RON,,0,catalogue,1
2026-08-11T09:37:06.113254+00:00,kaufland_bolt,20677995,MYSTERIUM PN+CH+FA ALB DOC SEC13% 0.75LS,62.99,RON,,0,catalogue,1
2026-08-11T09:37:06.113506+00:00,kaufland_bolt,20677230,CASTEL MIMI CHARDONNAY SEC 12.5%0.75L,52.99,RON,,0,catalogue,1
2026-08-11T09:37:06.113703+00:00,kaufland_bolt,20677997,NAVIGO CHARD SEC DOC 13.5% 0.75L,30.99,RON,,0,catalogue,1
2026-08-11T09:37:06.113888+00:00,kaufland_bolt,20677262,ISSA CHARDONNAY SEC 12.8% 0.75L,45.99,RON,,0,catalogue,1
2026-08-11T09:37:06.114071+00:00,kaufland_bolt,20677318,MOTIV FET REG CHARD DMS 13.5% 0.75L,26.99,RON,,0,catalogue,1
2026-08-11T09:37:06.114267+00:00,kaufland_bolt,20677877,STRUNGA CHARDONNAY SEC IG 13% 0.75L,32.99,RON,,0,catalogue,1
2026-08-11T09:37:06.114487+00:00,kaufland_bolt,20678089,PRINCIAR EM CHARD SEC DOC 13% 0.75L,34.49,RON,,0,catalogue,1
2026-08-11T09:37:06.114674+00:00,kaufland_bolt,20677964,JIDVEI CHARDONNAY SEC 13.5% 0.75L,24.49,RON,,0,catalogue,1
2026-08-11T09:37:06.114854+00:00,kaufland_bolt,20677354,CRAMELE CRICOVA CHARD. DMS12% 0.75L,19.89,RON,,0,catalogue,1
2026-08-11T09:37:06.115043+00:00,kaufland_bolt,20677356,CRICOVA CHARDONNAY SEC 14% 0.75L,31.99,RON,,0,catalogue,1
2026-08-11T09:37:06.115218+00:00,kaufland_bolt,20678031,V CAVALERULUI CHARD.IG SEC 12.5%0.75L,28.49,RON,,0,catalogue,1
2026-08-11T09:37:06.115452+00:00,kaufland_bolt,20677988,"JIDVEI TRAD CHARD.DOC DMD12,5%0,75L",19.99,RON,,0,catalogue,1
2026-08-11T09:37:06.115652+00:00,kaufland_bolt,20678180,CORCOVA CHARDONNAY SEC 13.5% 0.75L,39.99,RON,,0,catalogue,1
2026-08-11T09:37:06.115862+00:00,kaufland_bolt,20677633,ANNO SAUV CHARD 4L DOC SEC 12.5% 0.75LSG,65.99,RON,,0,catalogue,1
2026-08-11T09:37:06.116058+00:00,kaufland_bolt,20678125,SAMBURESTI OT CHARD. SEC 13% 0.75 L,34.99,RON,,0,catalogue,1
2026-08-11T09:37:06.116242+00:00,kaufland_bolt,20717562,SILK & SPICE WHITE BLEND 12.5% 0.75L,49.99,RON,,0,catalogue,1
2026-08-11T09:37:06.116482+00:00,kaufland_bolt,20678114,ALAI CHARDONNAY DMS 12.5% 0.75L,24.99,RON,,0,catalogue,1
2026-08-11T09:37:06.116674+00:00,kaufland_bolt,20677097,BEC DOMNESC CHARD SEC 13% DOC 0.75L,23.15,RON,,0,catalogue,1
2026-08-11T09:37:06.116864+00:00,kaufland_bolt,20678094,PRINC RADU CHARDONNAY 12L SEC 13% 0.75LS,77.99,RON,,0,catalogue,1
2026-08-11T09:37:06.117124+00:00,kaufland_bolt,20677359,CRICOVA HR CHARDONNAY DMD 12% 0.75L,19.99,RON,,0,catalogue,1
2026-08-11T09:37:06.117343+00:00,kaufland_bolt,20677187,ZESTREA CHARDONNAY DMD 12.5% 0.75LSG,17.99,RON,,0,catalogue,1
2026-08-11T09:37:06.117534+00:00,kaufland_bolt,20790002,PURCARI SAPIENS CHARD SEC 12.5% 0.75L,67.99,RON,,0,catalogue,1
2026-08-11T09:37:06.117725+00:00,kaufland_bolt,20677974,JIDVEI NPU CHARD DMS 13% 0.75L,33.79,RON,,0,catalogue,1
2026-08-11T09:37:06.117927+00:00,kaufland_bolt,20677365,CRICOVA PRESTIGE CHARD. SEC14% 0.75L,38.69,RON,,0,catalogue,1
2026-08-11T09:37:06.118137+00:00,kaufland_bolt,20677451,TATA SI FIUL CHARD SAUV SEC 13.5% 0.75LS,42.99,RON,,0,catalogue,1
2026-08-11T09:37:06.118368+00:00,kaufland_bolt,20678164,V PRINCIPELUI TAM CHARD SEC 12.5%0.75LS,16.99,RON,,0,catalogue,1
2026-08-11T09:37:06.118561+00:00,kaufland_bolt,20677102,BEC DOMNESC GR CHARD SEC 13%DOC0.75LSG,34.89,RON,,0,catalogue,1
2026-08-11T09:37:06.118770+00:00,kaufland_bolt,20677142,SCEPTRUS CHARD&SAUV B FUME 13% 0.75L,37.99,RON,,0,catalogue,1
2026-08-11T09:37:06.120030+00:00,kaufland_bolt,20770236,PAUL MAS VIGNOBLES CHARD 13.5% SEC 0.75L,43.99,RON,,0,catalogue,1
2026-08-11T09:37:06.120330+00:00,kaufland_bolt,20677609,BACANTA CHARDONNAY SEC 13% 0.75L,77.99,RON,,0,catalogue,1
2026-08-11T09:37:06.120524+00:00,kaufland_bolt,20676947,FEDERALIST CHARDONNAY 8L 14.5% 0.75L,109.9,RON,,0,catalogue,1
2026-08-11T09:37:06.120719+00:00,kaufland_bolt,20677627,LATOUR GR ARDECHE CHARD 10L 0.75L,105.9,RON,,0,catalogue,1
2026-08-11T09:37:06.120908+00:00,kaufland_bolt,20678118,CHATEAU CHARD 6L SEC DOC 14% 0.75L,94.99,RON,,0,catalogue,1
2026-08-11T09:37:06.121174+00:00,kaufland_bolt,20678134,WINE DECO CHARDONNAY SEC 14.5% 0.75L,67.99,RON,,0,catalogue,1
2026-08-11T09:37:06.121405+00:00,kaufland_bolt,20696570,TAINE CHARDONNAY SEC 13.5% 0.75L,56.99,RON,,0,catalogue,1
2026-08-11T09:37:06.121589+00:00,kaufland_bolt,20741096,CANCELLO DELLA LUNA CHARDIGT12.5%0.75LSG,74.99,RON,,0,catalogue,1
2026-08-11T09:37:06.121787+00:00,kaufland_bolt,20770239,ARROGANT FROG CHARD&VG SEC 13.5% 0.75LS,59.99,RON,,0,catalogue,1
2026-08-11T09:37:06.121975+00:00,kaufland_bolt,20677334,PURCARI PINOT GRIGIO SEC 12.5%IG0.75L,39.99,RON,,0,catalogue,1
2026-08-11T09:37:06.122159+00:00,kaufland_bolt,20677471,NOMAD PINOT GRIGIO SEC 12% 0.75L,29.99,RON,,0,catalogue,1
2026-08-11T09:37:06.122387+00:00,kaufland_bolt,20677971,JIDVEI GRIG PINOT GRIG DMS 13% DOC0.75LS,25.99,RON,,0,catalogue,1
2026-08-11T09:37:06.122582+00:00,kaufland_bolt,20677999,NAVIGO PINOT GRIG ALB SEC DOC12%0.75LS,30.99,RON,,0,catalogue,1
2026-08-11T09:37:06.122768+00:00,kaufland_bolt,20677366,CRICOVA PRESTIGE PIN GRIG SEC14.5%0.75LS,38.69,RON,,0,catalogue,1
2026-08-11T09:37:06.122982+00:00,kaufland_bolt,20677122,MIRABILIS MACHINA PIN.NBL.N SEC12%0.75LS,69.99,RON,,0,catalogue,1
2026-08-11T09:37:06.123182+00:00,kaufland_bolt,20677440,CANTINA NEGRAR PIN GR DOC SEC 12% 0.75LS,49.99,RON,,0,catalogue,1
2026-08-11T09:37:06.123417+00:00,kaufland_bolt,20677994,MARIA PINOT GRIS DOC SEC 13.5%0.75L,76.99,RON,,0,catalogue,1
2026-08-11T09:37:06.123604+00:00,kaufland_bolt,20679217,ECLIPSE RIESLING IT. SEC 13.1% 0.75LSG,28.99,RON,,0,catalogue,1
2026-08-11T09:37:06.123791+00:00,kaufland_bolt,20677979,"JIDVEI RIESLING SEC 11,5% DOC 0,75L",19.99,RON,,0,catalogue,1
2026-08-11T09:37:06.123975+00:00,kaufland_bolt,20677108,BEC DOMNESC RIESL RH DMS 13.5% DOC0.75LS,23.15,RON,,0,catalogue,1
2026-08-11T09:37:06.124160+00:00,kaufland_bolt,20677411,CASTEL BOLOVANU RIESLING SEC12.5%0.75LS,23.99,RON,,0,catalogue,1
2026-08-11T09:37:06.124397+00:00,kaufland_bolt,20678035,V CAVALERULUI RIESLING DMS 12.5% 0.75LSG,28.49,RON,,0,catalogue,1
2026-08-11T09:37:06.124663+00:00,kaufland_bolt,20677473,NOMAD SAUVIGNON BLANC SEC 12.5% 0.75L SG,29.99,RON,,0,catalogue,1
2026-08-11T09:37:06.124869+00:00,kaufland_bolt,00025905,BUDUREASCA SAUVIG. BLANC DMS 12% 2LBIB,51.99,RON,,0,catalogue,1
2026-08-11T09:37:06.125112+00:00,kaufland_bolt,20677338,PURCARI SAUV BL SEC 12.5% IG 0.75L,39.99,RON,,0,catalogue,1
2026-08-11T09:37:06.125330+00:00,kaufland_bolt,20677302,CERVUS CEPTUR SAUV.BLANC DMS12.5%0.75LSG,15.19,RON,,0,catalogue,1
2026-08-11T09:37:06.125537+00:00,kaufland_bolt,00061252,VARANCHA SAUV BL SEC IG 12.5% 3L BIB,44.69,RON,,0,catalogue,1
2026-08-11T09:37:06.125772+00:00,kaufland_bolt,20677348,ISSA SAUVIGNON BLANC SEC 12.5% 0.75L,49.99,RON,,0,catalogue,1
2026-08-11T09:37:06.125984+00:00,kaufland_bolt,20677519,PRIVILEGIUM SAUVIGNON BL 12.7% 0.75L,37.99,RON,,0,catalogue,1
2026-08-11T09:37:06.126179+00:00,kaufland_bolt,20790008,PURCARI SAPIENS BL FUME SEC 12.5%0.75LSG,67.99,RON,,0,catalogue,1
2026-08-11T09:37:06.126407+00:00,kaufland_bolt,20678197,VIA COLT PIETREI SAUV BL SEC 13.5%0.75LS,45.49,RON,,0,catalogue,1
2026-08-11T09:37:06.126604+00:00,kaufland_bolt,20677243,CASTEL MIMI SAUV BL SEC 13%0.75LSG,35.99,RON,,0,catalogue,1
2026-08-11T09:37:06.126789+00:00,kaufland_bolt,20679090,CAII LETEA VOL I SAUV BL SEC 13.5%0.75LS,37.99,RON,,0,catalogue,1
2026-08-11T09:37:06.127000+00:00,kaufland_bolt,20678116,ALAI SAUVIGNON BLANC DMS 13% 0.75L,24.99,RON,,0,catalogue,1
2026-08-11T09:37:06.127179+00:00,kaufland_bolt,20677984,JIDVEI SAUV BLANC SEC 13.5% DOC 0.75L,24.49,RON,,0,catalogue,1
2026-08-11T09:37:06.127402+00:00,kaufland_bolt,20678093,PRINCIAR EM SAUV BL SEC 12% 0.75L,34.49,RON,,0,catalogue,1
2026-08-11T09:37:06.127588+00:00,kaufland_bolt,20677634,ANNO SAUV BLANC 4L SEC 12% 0.75L,65.99,RON,,0,catalogue,1
2026-08-11T09:37:06.127776+00:00,kaufland_bolt,20677181,BUDUREASCA PR FUME SEC 13% 0.187L,14.19,RON,,0,catalogue,1
2026-08-11T09:37:06.127981+00:00,kaufland_bolt,20696542,APUS DE SOARE SVG BL SEC 13.5% 0.75L,45.99,RON,,0,catalogue,1
2026-08-11T09:37:06.128167+00:00,kaufland_bolt,20677640,SERAFIM SAUV BL SEC 12% 0.75L,37.19,RON,,0,catalogue,1
2026-08-11T09:37:06.128397+00:00,kaufland_bolt,20677480,DOM VINARTE SAUV BL.FET SEC 12.5%0.75L S,28.49,RON,,0,catalogue,1
2026-08-11T09:37:06.128606+00:00,kaufland_bolt,20678078,DOM TOHANI SAUV BL DMS 11.5% 0.75L,18.89,RON,,0,catalogue,1
2026-08-11T09:37:06.128813+00:00,kaufland_bolt,20677511,DOM CIUMBRUD SAUVG BLANC DMS 12.5%0.75LS,29.79,RON,,0,catalogue,1
2026-08-11T09:37:06.129062+00:00,kaufland_bolt,20677448,LABIRINT SAUVIG. BLANC DMS 13.5%0.75L,31.99,RON,,0,catalogue,1
2026-08-11T09:37:06.129251+00:00,kaufland_bolt,20678002,TEZAUR JIDVEI SAUV&FET SEC 12% 0.75L,38.99,RON,,0,catalogue,1
2026-08-11T09:37:06.129474+00:00,kaufland_bolt,20677111,BEC DOMNESC SAUV BL DMS 14.5% DOC0.75LSG,23.15,RON,,0,catalogue,1
2026-08-11T09:37:06.129684+00:00,kaufland_bolt,20678194,V METAMORFOSIS FET SV BL SEC 13.5%0.75LS,26.79,RON,,0,catalogue,1
2026-08-11T09:37:06.129878+00:00,kaufland_bolt,20677726,NAIADA SAUV BLANC SEC DOC 12% 0.75L,17.99,RON,,0,catalogue,1
2026-08-11T09:37:06.130061+00:00,kaufland_bolt,20678190,CORCOVA SAUV BLANC SEC 13.7% 0.75L,39.99,RON,,0,catalogue,1
2026-08-11T09:37:06.130284+00:00,kaufland_bolt,20677700,TECTONIC SAUV BL CHARD SEC 13.5% 0.75LSG,37.99,RON,,0,catalogue,1
2026-08-11T09:37:06.130545+00:00,kaufland_bolt,20677180,BUDUREASCA SAUV BLANC DMS 13% 0.75L,32.99,RON,,0,catalogue,1
2026-08-11T09:37:06.130730+00:00,kaufland_bolt,20677202,BUDUREASCA FUME DMS 13% 0.75L,32.99,RON,,0,catalogue,1
2026-08-11T09:37:06.130908+00:00,kaufland_bolt,20677177,BUDUREASCA PR SAUV BL SEC 13% 0.75LSG,49.99,RON,,0,catalogue,1
2026-08-11T09:37:06.131096+00:00,kaufland_bolt,20677962,HORA SAUVIGNON BLANC DMS 12% 0.75L,14.99,RON,,0,catalogue,1
2026-08-11T09:37:06.131271+00:00,kaufland_bolt,20677312,CRONICA VINULUI SAUV BL ALB DMD 12% 1LSG,16.69,RON,,0,catalogue,1
2026-08-11T09:37:06.131508+00:00,kaufland_bolt,20677293,ASTRUM CERVI SAUV BL SEC 12.5%0.75L,21.29,RON,,0,catalogue,1
2026-08-11T09:37:06.131697+00:00,kaufland_bolt,20677184,SEC DE MURFATLAR SAUV BL SEC12.5%0.75LS,19.49,RON,,0,catalogue,1
2026-08-11T09:37:06.131885+00:00,kaufland_bolt,20678145,CAII LETEA VOL II SAUV BL FUME SEC0.75LS,59.99,RON,,0,catalogue,1
2026-08-11T09:37:06.132082+00:00,kaufland_bolt,20677148,SIGILLUM MOLD. FET&SVG HSU 12.5%0.75LSG,18.39,RON,,0,catalogue,1
2026-08-11T09:37:06.132280+00:00,kaufland_bolt,20677191,ZESTREA SAUVG BLANC DMS 12% 0.75L,17.99,RON,,0,catalogue,1
2026-08-11T09:37:06.132535+00:00,kaufland_bolt,20677193,BUDUREASCA PR FUME DOC SEC 13%0.75L,49.99,RON,,0,catalogue,1
2026-08-11T09:37:06.132723+00:00,kaufland_bolt,20677307,CERVUS MAGNUS SAUV BL SEC12.5% DOC0.75LS,31.99,RON,,0,catalogue,1
2026-08-11T09:37:06.132923+00:00,kaufland_bolt,20677361,CRICOVA HR SAUV BL DMD 12% 0.75L,19.99,RON,,0,catalogue,1
2026-08-11T09:37:06.133144+00:00,kaufland_bolt,20677412,CASTEL BOLOVANU SAUV BL SEC 12.5% 0.75LS,23.99,RON,,0,catalogue,1
2026-08-11T09:37:06.133374+00:00,kaufland_bolt,20677477,CASTEL STARMINA SAUV BL DMS12%0.75LS,20.89,RON,,0,catalogue,1
2026-08-11T09:37:06.133572+00:00,kaufland_bolt,20677636,BON VIVEUR SAUV CHARD 6L 13%SEC 0.75L,64.99,RON,,0,catalogue,1
2026-08-11T09:37:06.133767+00:00,kaufland_bolt,20677684,BACANTA SAUV BL FUME DOC SEC 13.7%0.75LS,92.99,RON,,0,catalogue,1
2026-08-11T09:37:06.133967+00:00,kaufland_bolt,20677955,ANA SAUV BLANC DOC SEC 12.5%0.75L,76.99,RON,,0,catalogue,1
2026-08-11T09:37:06.134148+00:00,kaufland_bolt,20677975,JIDVEI NPU SAUV BL DMS 13% 0.75L,33.79,RON,,0,catalogue,1
2026-08-11T09:37:06.134386+00:00,kaufland_bolt,20678005,WEINLAND SAUV BLANC DMS 12.5% 0.75L,19.49,RON,,0,catalogue,1
2026-08-11T09:37:06.134573+00:00,kaufland_bolt,20678126,SAMBURESTI SAUV BL SEC 12.5% 0.75L,34.99,RON,,0,catalogue,1
2026-08-11T09:37:06.134753+00:00,kaufland_bolt,20678203,PANDORA BUCURIE SAUVG BL SEC 12.5%0.75LS,34.49,RON,,0,catalogue,1
2026-08-11T09:37:06.134943+00:00,kaufland_bolt,20678205,PANDORA SECRETS SAUV BL SEC 12.5% 0.75LS,41.99,RON,,0,catalogue,1
2026-08-11T09:37:06.135129+00:00,kaufland_bolt,20678255,ALIRA FLAMMA SAUV BL SEC 12.5% 0.75L,30.99,RON,,0,catalogue,1
2026-08-11T09:37:06.135349+00:00,kaufland_bolt,20677106,BEC DOMNESC MUSC OTT DMD 12% DOC0.75L,23.15,RON,,0,catalogue,1
2026-08-11T09:37:06.135535+00:00,kaufland_bolt,20677124,PR PONTICA MUSCAT OTT DMD11.5% IG1.5L,23.49,RON,,0,catalogue,1
2026-08-11T09:37:06.135730+00:00,kaufland_bolt,20677190,ZESTREA MUSCAT OTTONEL DMD 12%0.75L,17.99,RON,,0,catalogue,1
2026-08-11T09:37:06.135905+00:00,kaufland_bolt,20677299,CERVUS CEPTUR MUSC OT DMD DOC12.5%0.75LS,15.19,RON,,0,catalogue,1
2026-08-11T09:37:06.136089+00:00,kaufland_bolt,20677344,ISSA MUSCAT OTTONEL DMD 12.6% 0.75L,45.99,RON,,0,catalogue,1
2026-08-11T09:37:06.136261+00:00,kaufland_bolt,20677960,HORA MUSCAT OTTONEL DMD DOC11.5% 0.75LS,14.99,RON,,0,catalogue,1
2026-08-11T09:37:06.136473+00:00,kaufland_bolt,20677968,JIDVEI GRIG DRY MUSCAT DMS 12%0.75L,25.99,RON,,0,catalogue,1
2026-08-11T09:37:06.136676+00:00,kaufland_bolt,20677989,"JIDVEI TRAD MUSC OTT DOC DMD12%%0,75LSG",19.99,RON,,0,catalogue,1
2026-08-11T09:37:06.136913+00:00,kaufland_bolt,20677879,STRUNGA MUSCAT OTTONEL SEC IG 12% 0.75LS,32.99,RON,,0,catalogue,1
2026-08-11T09:37:06.137200+00:00,kaufland_bolt,20677280,EUFORIA TAM ROM DMS 12% 0.75L,45.99,RON,,0,catalogue,1
2026-08-11T09:37:06.137465+00:00,kaufland_bolt,20678001,TEZAUR JIDVEI MUSCAT&FET SEC12.5% 0.75LS,38.99,RON,,0,catalogue,1
2026-08-11T09:37:06.137679+00:00,kaufland_bolt,20677510,DOM CIUMBRUD MUSCAT DRY SEC 12%0.75L,29.79,RON,,0,catalogue,1
2026-08-11T09:37:06.137871+00:00,kaufland_bolt,20677151,SIGILLUM MUSCAT OTT DMS 12% DOC 0.75L,18.39,RON,,0,catalogue,1
2026-08-11T09:37:06.138079+00:00,kaufland_bolt,20677514,MUHLBACH MUSCAT DRY SEC 12.3% 0.75L,40.75,RON,,0,catalogue,1
2026-08-11T09:37:06.138279+00:00,kaufland_bolt,20678173,HERB MUSC OTT&SAUV BL DOCSEC12%0.75LSG,28.55,RON,,0,catalogue,1
2026-08-11T09:37:06.138591+00:00,kaufland_bolt,20677625,JP CHENET COLOMBARD SAUV 11% SEC 0.75LSG,24.89,RON,,0,catalogue,1
2026-08-11T09:37:06.138834+00:00,kaufland_bolt,20770238,PAUL MAS CHARD&VIOG SEC 13.5% 0.75L,69.99,RON,,0,catalogue,1
2026-08-11T09:37:06.139046+00:00,kaufland_bolt,20678096,SIEL CUPAJ ALB SEC 12% DOC 0.75L,35.99,RON,,0,catalogue,1
2026-08-11T09:37:06.139258+00:00,kaufland_bolt,00159330,CERVUS CEPTURUM FET. ALBA DMS 13% 3LBIB,40.99,RON,,0,catalogue,1
2026-08-11T09:37:06.139490+00:00,kaufland_bolt,20677274,COTNARI TAM. ROM DMS DOC 14% 0.75L,17.29,RON,,0,catalogue,1
2026-08-11T09:37:06.139677+00:00,kaufland_bolt,20677324,PURCARI VIORICA MUSC OTT SEC13%0.75L S,39.99,RON,,0,catalogue,1
2026-08-11T09:37:06.139874+00:00,kaufland_bolt,20677273,COTNARI TAM.ROM DLC 14% DOC0.75L,17.29,RON,,0,catalogue,1
2026-08-11T09:37:06.140083+00:00,kaufland_bolt,20677281,GRASA DE COTNARI DMD 12.4% DOC 0.75L,17.29,RON,,0,catalogue,1
2026-08-11T09:37:06.140457+00:00,kaufland_bolt,20678098,SIEL DE VARA SEC DOC 12% 0.75L,35.99,RON,,0,catalogue,1
2026-08-11T09:37:06.140787+00:00,kaufland_bolt,20677282,GRASA DE COTNARI DOC DMS 13% 0.75L,17.29,RON,,0,catalogue,1
2026-08-11T09:37:06.140969+00:00,kaufland_bolt,20677264,COTNARI ETIC GALBENA IGDMD11% 1.5L,21.99,RON,,0,catalogue,1
2026-08-11T09:37:06.141251+00:00,kaufland_bolt,20677267,COTNARI FETEASCA ALBA DMS 12%DOC0.75L,17.29,RON,,0,catalogue,1
2026-08-11T09:37:06.141511+00:00,kaufland_bolt,20678285,PELIN ALB DE URLATI DMS 11% 1.5L,28.55,RON,,0,catalogue,1
2026-08-11T09:37:06.141778+00:00,kaufland_bolt,00062048,COTNARI ETIC GALBENA DOC DMS12.5%3L BIB,41.99,RON,,0,catalogue,1
2026-08-11T09:37:06.142013+00:00,kaufland_bolt,20677266,COTNARI FET ALBA DMD 12% DOC 0.75L,17.29,RON,,0,catalogue,1
2026-08-11T09:37:06.142208+00:00,kaufland_bolt,00062049,COTNARI ETIC GALBENA DOC DMD 11%3L BIB,41.99,RON,,0,catalogue,1
2026-08-11T09:37:06.142453+00:00,kaufland_bolt,20677969,JIDVEI GRIG FETEASCA REGALA 12% 0.75L,25.99,RON,,0,catalogue,1
2026-08-11T09:37:06.142670+00:00,kaufland_bolt,20677201,BUDUREASCA FETEASCA REGAL DMS13% 0.75LSG,32.99,RON,,0,catalogue,1
2026-08-11T09:37:06.142875+00:00,kaufland_bolt,20677443,GRAMMA EPIC CUPAJ SEC DOC 13.8% 0.75L,34.59,RON,,0,catalogue,1
2026-08-11T09:37:06.143076+00:00,kaufland_bolt,20677967,"JIDVEI FET. ALBA SEC 12,5% DOC 0,75L",19.99,RON,,0,catalogue,1
2026-08-11T09:37:06.143261+00:00,kaufland_bolt,20676873,BYZANTIUM BLANC SEC 13.5% DOC 0.75L,37.99,RON,,0,catalogue,1
2026-08-11T09:37:06.143481+00:00,kaufland_bolt,20696574,INCEPUTURI FET REG SEC 12.5% 0.75L,42.99,RON,,0,catalogue,1
2026-08-11T09:37:06.143666+00:00,kaufland_bolt,20677147,SIGILLUM MOLDAVIAE FET A DMS 13% 0.75LSG,18.39,RON,,0,catalogue,1
2026-08-11T09:37:06.143861+00:00,kaufland_bolt,20677100,BEC DOMNESC FET REG DMS 12.5%DOC0.75L,23.15,RON,,0,catalogue,1
2026-08-11T09:37:06.144045+00:00,kaufland_bolt,20678286,PELIN ALB DE URLATI 11% 0.75LSG,16.85,RON,,0,catalogue,1
2026-08-11T09:37:06.144229+00:00,kaufland_bolt,20835158,NORI DE VARA TAM ROM DMD 0.75L,64.99,RON,,0,catalogue,1
2026-08-11T09:37:06.144434+00:00,kaufland_bolt,00032575,CRAMA STARMINA RIES&F.REG DMS.12.5%3LBIB,42.29,RON,,0,catalogue,1
2026-08-11T09:37:06.144628+00:00,kaufland_bolt,20677442,GRAMMA DRAMATIC ALIG SEC DOC 13% 0.75LS,34.59,RON,,0,catalogue,1
2026-08-11T09:37:06.144822+00:00,kaufland_bolt,20677286,SELECTIE TAM & FRANC DMS13%DOC 0.75LS,31.49,RON,,0,catalogue,1
2026-08-11T09:37:06.145091+00:00,kaufland_bolt,20677052,AVINCIS DOMNUL DE ROUA SEC 13% 0.75LSG,33.99,RON,,0,catalogue,1
2026-08-11T09:37:06.145282+00:00,kaufland_bolt,20677441,GRAMMA CUVEE VISAN SEC 12% 0.75L,38.99,RON,,0,catalogue,1
2026-08-11T09:37:06.145497+00:00,kaufland_bolt,20677301,CERVUS CEPTUR FET REG DMS DOC13% 0.75LSG,15.19,RON,,0,catalogue,1
2026-08-11T09:37:06.145684+00:00,kaufland_bolt,20677965,"JIDVEI FET REGALA DMS 12% 0,75L",19.99,RON,,0,catalogue,1
2026-08-11T09:37:06.145931+00:00,kaufland_bolt,20677701,TECTONIC TAMAIOASA ROM DMS 13% 0.75L,37.99,RON,,0,catalogue,1
2026-08-11T09:37:06.146166+00:00,kaufland_bolt,20678138,CAII LETEA VOL I ALIGO DOC S.12.5%0.75LS,37.99,RON,,0,catalogue,1
2026-08-11T09:37:06.146405+00:00,kaufland_bolt,20676919,CREPUSCUL GREEN SEC 12.5% 0.75L,34.99,RON,,0,catalogue,1
2026-08-11T09:37:06.146589+00:00,kaufland_bolt,20677878,STRUNGA FET. ALBA SEC IG 11.5% 0.75L,32.99,RON,,0,catalogue,1
2026-08-11T09:37:06.146774+00:00,kaufland_bolt,20701850,SIGILLUM MOLDAVIAE FET A DMS IG13%3L BIB,50.49,RON,,0,catalogue,1
2026-08-11T09:37:06.146998+00:00,kaufland_bolt,20677291,ASTRUM CERVI FET REG ALB DMS 13% 0.75LSG,21.29,RON,,0,catalogue,1
2026-08-11T09:37:06.147193+00:00,kaufland_bolt,20677705,CASA PANCIU FET REG MUSC DMS 13% 0.75LS,19.99,RON,,0,catalogue,1
2026-08-11T09:37:06.147414+00:00,kaufland_bolt,20677512,DOM CIUMBRUD TRAMINER DMS 13.3% 0.75L,29.79,RON,,0,catalogue,1
2026-08-11T09:37:06.147603+00:00,kaufland_bolt,20677104,BEC DOMNESC GR TAM ROM DLC11.5%DOC0.75LS,34.89,RON,,0,catalogue,1
2026-08-11T09:37:06.147803+00:00,kaufland_bolt,20677152,SIGILLUM TAM ROM DULCE 11.5% DOC 0.75LSG,18.39,RON,,0,catalogue,1
2026-08-11T09:37:06.148009+00:00,kaufland_bolt,20677970,JIDVEI GRIG GEWURZTRAM DMS 13% DOC0.75LS,25.99,RON,,0,catalogue,1
2026-08-11T09:37:06.148236+00:00,kaufland_bolt,20678154,VINJU MARE TAM DOC DMD 12% 0.75L,17.99,RON,,0,catalogue,1
2026-08-11T09:37:06.148487+00:00,kaufland_bolt,20677270,COTNARI SELECTIONAT DMD 11.5% DOC 1L,19.99,RON,,0,catalogue,1
2026-08-11T09:37:06.148675+00:00,kaufland_bolt,20677833,JIDVEI GRIG SAUV BL DMS 13.5%DOC0.75L,25.99,RON,,0,catalogue,1
2026-08-11T09:37:06.148861+00:00,kaufland_bolt,20677244,CASTEL MIMI VIORICA BULBOACA12.5%0.75LSG,52.99,RON,,0,catalogue,1
2026-08-11T09:37:06.149123+00:00,kaufland_bolt,20678025,SERVE BLANC IG SEC 12.5% 0.75L,43.99,RON,,0,catalogue,1
2026-08-11T09:37:06.149420+00:00,kaufland_bolt,20678142,CAII LETEA VOL II ALIGOTE SEC 13% 0.75LS,59.99,RON,,0,catalogue,1
2026-08-11T09:37:06.149619+00:00,kaufland_bolt,00081518,BUDUREASCA FUME DMS 13.5% 2L BIB,51.99,RON,,0,catalogue,1
2026-08-11T09:37:06.149803+00:00,kaufland_bolt,20678003,WEINLAND FETEASCA REG. DMS 12.5% 0.75LSG,19.49,RON,,0,catalogue,1
2026-08-11T09:37:06.149989+00:00,kaufland_bolt,20678147,ROSTURI ALB SEC 13% 0.75L,35.99,RON,,0,catalogue,1
2026-08-11T09:37:06.150159+00:00,kaufland_bolt,20677265,COTNARI ETIC GALBENA IGDMS 12.5%1.5L,21.99,RON,,0,catalogue,1
2026-08-11T09:37:06.150581+00:00,kaufland_bolt,20677713,DOM PANCIU RIS SARBA DMS 12.5% 0.75L,28.99,RON,,0,catalogue,1
2026-08-11T09:37:06.150764+00:00,kaufland_bolt,20677125,PR PONTICA TAM ROM DMD11.5% IG 1.5L,23.49,RON,,0,catalogue,1
2026-08-11T09:37:06.150961+00:00,kaufland_bolt,20677308,CRAMA CEPTURA PELIN ALB 12.5% 0.75L,14.29,RON,,0,catalogue,1
2026-08-11T09:37:06.151148+00:00,kaufland_bolt,20677957,CRAITA TRANSILVANIEI DMS 12.5% 0.75L,14.99,RON,,0,catalogue,1
2026-08-11T09:37:06.151361+00:00,kaufland_bolt,20677223,VILA BECIU FET REGALA ALB DMD 11% 1.5LSG,18.79,RON,,0,catalogue,1
2026-08-11T09:37:06.151557+00:00,kaufland_bolt,00078255,CR.BASILESCU CUPAJ ALB DMS 12.2% 2L BIB,39.49,RON,,0,catalogue,1
2026-08-11T09:37:06.151746+00:00,kaufland_bolt,20728013,FETEASCA DE TOHANI ALB SEC 11.7%0.75L,37.99,RON,,0,catalogue,1
2026-08-11T09:37:06.151953+00:00,kaufland_bolt,20677478,CASTEL STARMINA TAM ROM DMD 12% 0.75LSG,20.89,RON,,0,catalogue,1
2026-08-11T09:37:06.152195+00:00,kaufland_bolt,20677269,COTNARI FRANCUSA SEC 12.5% DOC 0.75L,17.29,RON,,0,catalogue,1
2026-08-11T09:37:06.152424+00:00,kaufland_bolt,20677966,JIDVEI FET REGALA SEC 12% DOC 0.75L,24.49,RON,,0,catalogue,1
2026-08-11T09:37:06.152638+00:00,kaufland_bolt,20677112,BEC DOMNESC TAM ROM DMD 11.5% 0.75L,23.15,RON,,0,catalogue,1
2026-08-11T09:37:06.152818+00:00,kaufland_bolt,20677113,COM PIVNITEI TAM ROM 12L 12% DOC0.75LS,79.49,RON,,0,catalogue,1
2026-08-11T09:37:06.153061+00:00,kaufland_bolt,20677116,GALBENA ODOBESTI ALB DMS 11.5% IG 0.75LS,14.49,RON,,0,catalogue,1
2026-08-11T09:37:06.153251+00:00,kaufland_bolt,20677117,GALBENA ODOBESTI ALB DMS 11.5% IG 1.5LSG,21.29,RON,,0,catalogue,1
2026-08-11T09:37:06.153474+00:00,kaufland_bolt,20677205,BUDUREASCA ORANGE WINE SEC 13.5% 0.75LSG,73.99,RON,,0,catalogue,1
2026-08-11T09:37:06.153667+00:00,kaufland_bolt,20677213,COTNARI CASA PIATRA DMS 12.5% DOC0.75LSG,17.29,RON,,0,catalogue,1
2026-08-11T09:37:06.153859+00:00,kaufland_bolt,20677214,ORIGINI OROMANISA DOC ALB SEC 0.75L,89.99,RON,,0,catalogue,1
2026-08-11T09:37:06.154042+00:00,kaufland_bolt,20677225,VILA BECIU FET.REGALA ALB DMS12%0.75L,19.89,RON,,0,catalogue,1
2026-08-11T09:37:06.154237+00:00,kaufland_bolt,20677276,DOMENII TAM ROM DMS DOC 12% 0.75L,32.99,RON,,0,catalogue,1
2026-08-11T09:37:06.154468+00:00,kaufland_bolt,20677285,SELECTIE FRANCUSA DOC SEC 13% 0.75L,31.49,RON,,0,catalogue,1
2026-08-11T09:37:06.154676+00:00,kaufland_bolt,20677454,TATA SI FIUL TAM ROM DLC 10.7% 0.5L,66.99,RON,,0,catalogue,1
2026-08-11T09:37:06.154870+00:00,kaufland_bolt,20677495,DOM BLAGA PELIN ALB SEC 12.8% 0.75L,28.99,RON,,0,catalogue,1
2026-08-11T09:37:06.155070+00:00,kaufland_bolt,20677499,DOM.BLAGA FET REGALA DOC DMS 12.6%0.75LS,24.99,RON,,0,catalogue,1
2026-08-11T09:37:06.155257+00:00,kaufland_bolt,20677500,DOM.BLAGA FET REGALA SEC 13.1%0.75L,29.99,RON,,0,catalogue,1
2026-08-11T09:37:06.155479+00:00,kaufland_bolt,20677693,LIVIA SARBA DOC SEC 12% 0.75L,26.49,RON,,0,catalogue,1
2026-08-11T09:37:06.155657+00:00,kaufland_bolt,20677703,VARANCHA FET REGALA DMS 12.5% 0.75L,21.39,RON,,0,catalogue,1
2026-08-11T09:37:06.155838+00:00,kaufland_bolt,20677706,CASA PANCIU FET ALBA DMS 12.5% 0.75L,19.99,RON,,0,catalogue,1
2026-08-11T09:37:06.156023+00:00,kaufland_bolt,20677708,CASA PANCIU FET REGALA DMS 12.2% 0.75LS,19.99,RON,,0,catalogue,1
2026-08-11T09:37:06.156206+00:00,kaufland_bolt,20677871,VINOTECA TAMAIOASA ROMANEASCA9.8% 0.75LS,179.9,RON,,0,catalogue,1
2026-08-11T09:37:06.156435+00:00,kaufland_bolt,20677963,JIDVEI 8 MANDRUTE CUPAJ DMS 12.5% IG 1LS,21.99,RON,,0,catalogue,1
2026-08-11T09:37:06.156641+00:00,kaufland_bolt,20677977,JIDVEI PERLA ALB DMS 10.5% 1.5L,21.49,RON,,0,catalogue,1
2026-08-11T09:37:06.156821+00:00,kaufland_bolt,20678088,MOSIA TOHANI TAMAIOASA ROM 11% 0.75L,28.55,RON,,0,catalogue,1
2026-08-11T09:37:06.157058+00:00,kaufland_bolt,20678136,CAII LETEA STEJAR ALB SEC12.5% 0.375L,19.99,RON,,0,catalogue,1
2026-08-11T09:37:06.157257+00:00,kaufland_bolt,20678177,NATIVUS CUVEE ALB DMS 12% 0.75L,47.99,RON,,0,catalogue,1
2026-08-11T09:37:06.157467+00:00,kaufland_bolt,20678178,ZGHIHARA HUSI ALB DOC SEC 12.5% 0.75L,20.69,RON,,0,catalogue,1
2026-08-11T09:37:06.157657+00:00,kaufland_bolt,20678246,W.P.MUSTOASA MADERAT DOC SEC12.5%0.75LS,44.99,RON,,0,catalogue,1
2026-08-11T09:37:06.157860+00:00,kaufland_bolt,20679139,CAII LETEA INIMA STEJAR ALB SEC13%0.75LS,38.99,RON,,0,catalogue,1
2026-08-11T09:37:06.158064+00:00,kaufland_bolt,20679764,ECLIPSE CUPAJ ALB DMS 13.2% 0.75L,28.99,RON,,0,catalogue,1
2026-08-11T09:37:06.158333+00:00,kaufland_bolt,20696543,INCEPUTURI ALB PANCIU DMS 13% 0.75L,42.99,RON,,0,catalogue,1
2026-08-11T09:37:06.158549+00:00,kaufland_bolt,20790001,PURCARI SAPIENS CAB SAUV SEC 14% 0.75LSG,67.99,RON,,0,catalogue,1
2026-08-11T09:37:06.158741+00:00,kaufland_bolt,20790007,PURCARI SAPIENS RARA N SEC 13.5% 0.75LSG,67.99,RON,,0,catalogue,1
2026-08-11T09:37:06.159147+00:00,kaufland_bolt,20679361,VINO AMIGO VIN ALB 10.5% DMD 2L PET,10.99,RON,,0,catalogue,1
2026-08-11T09:37:06.159366+00:00,kaufland_bolt,20696541,APUS DE SOARE ALB CUPAJ SEC 13%0.75L,45.99,RON,,0,catalogue,1
2026-08-11T09:37:06.159756+00:00,kaufland_bolt,00168989,CAPE BUFFALO CHENIN BLANC SEC 12.5% 3L,34.99,RON,,0,catalogue,1
2026-08-11T09:37:06.159946+00:00,kaufland_bolt,20679443,HH TOKAJI FURMINT DMD 11.5% 0.75L,14.99,RON,,0,catalogue,1
2026-08-11T09:37:06.160142+00:00,kaufland_bolt,20677323,PURCARI 1827 TRAMINER SEC12.5% 0.75L,55.89,RON,,0,catalogue,1
2026-08-11T09:37:06.160499+00:00,kaufland_bolt,20677319,PELIN DE CEPTURA VIN ALB 12.5% 1.5L,30.99,RON,,0,catalogue,1
2026-08-11T09:37:06.160718+00:00,kaufland_bolt,20729682,ISSA NEUBURGER SEC 12% 0.75L,49.99,RON,,0,catalogue,1
2026-08-11T09:37:06.160898+00:00,kaufland_bolt,20678176,NATIVA TRAMINER AVERESTI DMD 13%0.75LS,45.99,RON,,0,catalogue,1
2026-08-11T09:37:06.161133+00:00,kaufland_bolt,20722652,TOKAJI SZAMORODNI DLC 10% 0.5L,23.99,RON,,0,catalogue,1
2026-08-11T09:37:06.161364+00:00,kaufland_bolt,20677444,GRAMMA SPLASH ALB DMS 12.5%0.75L,38.99,RON,,0,catalogue,1
2026-08-11T09:37:06.161556+00:00,kaufland_bolt,20679394,HH TOKAJI HARSLEVELU DMD 11.5% 0.75L,14.99,RON,,0,catalogue,1
2026-08-11T09:37:06.161735+00:00,kaufland_bolt,20676891,ETICHETA NEAGRA ALB DEMISEC 12% 0.75L,12.49,RON,,0,catalogue,1
2026-08-11T09:37:06.161915+00:00,kaufland_bolt,20677608,AMBRA SARBA 14L DLC 13.5% 0.375L,139.9,RON,,0,catalogue,1
2026-08-11T09:37:06.162108+00:00,kaufland_bolt,20677695,PETITE HELENA PREMIUM 10L SEC13.5%0.75LS,145.9,RON,,0,catalogue,1
2026-08-11T09:37:06.162337+00:00,kaufland_bolt,20678193,V METAMORFOSIS FET REGALA 13.5%0.75LS,42.99,RON,,0,catalogue,1
2026-08-11T09:37:06.162535+00:00,kaufland_bolt,20679542,EL CARISMA ALB DMD 10% 1L,12.89,RON,,0,catalogue,1
2026-08-11T09:37:06.162731+00:00,kaufland_bolt,20696569,TAINE TRAMINER SEC 13% 0.75L,56.99,RON,,0,catalogue,1
2026-08-11T09:37:06.162910+00:00,kaufland_bolt,20770234,PAUL MAS VIGNOBLES VIOG SEC 13% 0.75LS,43.99,RON,,0,catalogue,1
2026-08-11T09:37:06.163096+00:00,kaufland_bolt,20770263,ROYAL TOKAJI ASZU 5PUTTONY DLC 11%0.5LS,114.9,RON,,0,catalogue,1
2026-08-11T09:37:06.163347+00:00,kaufland_bolt,20848959,"2Xl Vin Alb Dmd 11,5% 1,5L St",22.99,RON,,0,catalogue,1
2026-08-11T09:37:06.163527+00:00,kaufland_bolt,20908753,"Jidvei Spirit Chardonnay Sec 13% 0,75L S",50.99,RON,,0,catalogue,1
2026-08-11T09:37:06.163717+00:00,kaufland_bolt,20908874,"Jidvei Spirit Fet Regala Sec12,5%0,75Ls",50.99,RON,,0,catalogue,1
2026-08-11T09:37:06.163935+00:00,kaufland_bolt,20719156,BEC DOMNESC GR CAB S ROSE SEC 13%0.75LSG,34.89,RON,,0,catalogue,1
2026-08-11T09:37:06.164134+00:00,kaufland_bolt,20677345,ISSA PINOT NOIR ROSE SEC 12% 0.75L,45.99,RON,,0,catalogue,1
2026-08-11T09:37:06.164351+00:00,kaufland_bolt,20677624,JP CHENET CINSAULT ROSE 12% DMS 0.75L,24.89,RON,,0,catalogue,1
2026-08-11T09:37:06.164547+00:00,kaufland_bolt,20677810,BILLETTE BOUQUET DE PROV ROSE12.5%0.75LS,59.99,RON,,0,catalogue,1
2026-08-11T09:37:06.164754+00:00,kaufland_bolt,20677091,WHISPERING ANGEL ROSE SEC 13% 0.75L,129.9,RON,,0,catalogue,1
2026-08-11T09:37:06.164938+00:00,kaufland_bolt,20677809,BERNE COTES DE PROV ROSE SEC12.5% 0.75LS,99.99,RON,,0,catalogue,1
2026-08-11T09:37:06.165183+00:00,kaufland_bolt,20677628,MATEUS ROSE PORTUGAL 11% 0.75L,25.99,RON,,0,catalogue,1
2026-08-11T09:37:06.165408+00:00,kaufland_bolt,20679646,EL CARISMA ROSE DMD 10.5% 1L,12.89,RON,,0,catalogue,1
2026-08-11T09:37:06.165584+00:00,kaufland_bolt,00172161,EL CARISMA ROSU SEC 11% TPK 1L,8.99,RON,,0,catalogue,1
2026-08-11T09:37:06.165762+00:00,kaufland_bolt,20677212,COTNARI BUS BOHOTIN DMS 12.5% DOC0.75LSG,17.29,RON,,0,catalogue,1
2026-08-11T09:37:06.165951+00:00,kaufland_bolt,20677303,CERVUS CEPTURA DOC ROSE DMS13% 0.75LSG,15.19,RON,,0,catalogue,1
2026-08-11T09:37:06.166144+00:00,kaufland_bolt,20678097,SIEL CUVE FUME DMS 12% 0.75L,35.99,RON,,0,catalogue,1
2026-08-11T09:37:06.166371+00:00,kaufland_bolt,20677337,PURCARI ROSE SEC 13% IG 0.75L,39.99,RON,,0,catalogue,1
2026-08-11T09:37:06.166562+00:00,kaufland_bolt,00054561,CRAMA STARMINA ROZE DMS 12.5% 3L BIB,42.29,RON,,0,catalogue,1
2026-08-11T09:37:06.166748+00:00,kaufland_bolt,20677260,COTNARI BUS BOHOTIN DMD DOC12.5% 0.75LSG,17.29,RON,,0,catalogue,1
2026-08-11T09:37:06.166934+00:00,kaufland_bolt,00166310,ROZE AROMAT DE HUSI DMS 3L 12.5% BIB,59.99,RON,,0,catalogue,1
2026-08-11T09:37:06.167116+00:00,kaufland_bolt,20677146,SIGILLUM BUS BOH DMD 11.5% DOC 0.75L,18.39,RON,,0,catalogue,1
2026-08-11T09:37:06.167360+00:00,kaufland_bolt,20678099,SIEL ROSE SEC CUPAJ 12% DOC 0.75L,35.99,RON,,0,catalogue,1
2026-08-11T09:37:06.167561+00:00,kaufland_bolt,20678171,AVERESTI BUS BOH ROZE DOC DMD12.5%0.75LS,26.79,RON,,0,catalogue,1
2026-08-11T09:37:06.167770+00:00,kaufland_bolt,20658571,CRAMA STARMINA ROSE DMD 12.5% 3L BIB,42.29,RON,,0,catalogue,1
2026-08-11T09:37:06.167957+00:00,kaufland_bolt,20677991,"JIDVEI TRADITIONAL ROZE DMD 12%0,75L",19.99,RON,,0,catalogue,1
2026-08-11T09:37:06.168140+00:00,kaufland_bolt,20678079,FLORI DE GHEATA BUS DLC 11.5% 0.375L,49.99,RON,,0,catalogue,1
2026-08-11T09:37:06.168390+00:00,kaufland_bolt,20678290,PELIN ROZE DE URLATI 11% 0.75L,16.85,RON,,0,catalogue,1
2026-08-11T09:37:06.168730+00:00,kaufland_bolt,20678115,ALAI ROSE DMS 13.5% 0.75L,24.99,RON,,0,catalogue,1
2026-08-11T09:37:06.168923+00:00,kaufland_bolt,20678174,HUSI BUS BOH ROSÉ DOC DMD 12% 0.75L,13.29,RON,,0,catalogue,1
2026-08-11T09:37:06.169179+00:00,kaufland_bolt,20677054,AVINCIS MER&CAB SAUV ROSE SEC 12.5%0.75S,39.99,RON,,0,catalogue,1
2026-08-11T09:37:06.169463+00:00,kaufland_bolt,20677638,SERAFIM CAB SAUV ROSE SEC 13.5% 0.75L,37.19,RON,,0,catalogue,1
2026-08-11T09:37:06.169669+00:00,kaufland_bolt,20696565,APUS DE SOARE ROSE SEC 12.5% 0.75L,45.99,RON,,0,catalogue,1
2026-08-11T09:37:06.169861+00:00,kaufland_bolt,20677139,ROSÉ VERITÉ PERLANT SEC 10.5% 0.25L,13.99,RON,,0,catalogue,1
2026-08-11T09:37:06.170049+00:00,kaufland_bolt,20677138,ROSÉ VERITÉ PERLANT DULCE 7% 0.25L,13.99,RON,,0,catalogue,1
2026-08-11T09:37:06.170243+00:00,kaufland_bolt,20677136,ROSE VERITE CAB SAUV DMS 13% DOC0.75LS,34.89,RON,,0,catalogue,1
2026-08-11T09:37:06.170468+00:00,kaufland_bolt,00114075,VARANCHA ROSE SEC 2L BIB,43.99,RON,,0,catalogue,1
2026-08-11T09:37:06.170654+00:00,kaufland_bolt,20677976,JIDVEI NPU ROSE DMS 12.5% 0.75L,33.79,RON,,0,catalogue,1
2026-08-11T09:37:06.170833+00:00,kaufland_bolt,20677367,CRICOVA PRESTIGE ROZE SEC 12.5% 0.75L,38.69,RON,,0,catalogue,1
2026-08-11T09:37:06.171030+00:00,kaufland_bolt,20677987,JIDVEI TEZAUR ROSE SEC 12.5% 0.75L,38.99,RON,,0,catalogue,1
2026-08-11T09:37:06.171220+00:00,kaufland_bolt,20678297,SANGE DE TAUR ROSE DLC 10.5% 1.5L,27.99,RON,,0,catalogue,1
2026-08-11T09:37:06.171447+00:00,kaufland_bolt,20678141,CAII LETEA VOL I ROSE SEC 13.5%. 0.75LSG,37.99,RON,,0,catalogue,1
2026-08-11T09:37:06.171642+00:00,kaufland_bolt,20677277,EUFORIA BUS BOH DMD 11.5% 0.75L,45.99,RON,,0,catalogue,1
2026-08-11T09:37:06.171817+00:00,kaufland_bolt,20678296,SANGE DE TAUR ROSE DLC 10.5% 0.75L,15.19,RON,,0,catalogue,1
2026-08-11T09:37:06.172007+00:00,kaufland_bolt,20728012,FETEASCA DE TOHANI ROSE SEC 12%0.75L,37.99,RON,,0,catalogue,1
2026-08-11T09:37:06.172191+00:00,kaufland_bolt,20715760,LIVIA ROSE SEC 12% 0.75L,26.49,RON,,0,catalogue,1
2026-08-11T09:37:06.172394+00:00,kaufland_bolt,20678156,DOMENIILE VINJU MARE DMS 12% DOC 0.75LS,17.99,RON,,0,catalogue,1
2026-08-11T09:37:06.172583+00:00,kaufland_bolt,20715787,LIVIA PLAVAIE SEC 12.5% 0.75L,26.49,RON,,0,catalogue,1
2026-08-11T09:37:06.172782+00:00,kaufland_bolt,20677973,JIDVEI GRIGOR ROSE DMS 12.5% DOC 0.75LSG,25.99,RON,,0,catalogue,1
2026-08-11T09:37:06.172971+00:00,kaufland_bolt,20677710,CASA PANCIU ROSE DMS 12% 0.75L,19.99,RON,,0,catalogue,1
2026-08-11T09:37:06.173194+00:00,kaufland_bolt,20677376,CRICOVA VINTAGE ROSE SEC 12.5% 0.75L,31.99,RON,,0,catalogue,1
2026-08-11T09:37:06.173416+00:00,kaufland_bolt,20677109,BEC DOMNESC ROSE DMS DOC 12% 0.187L,10.29,RON,,0,catalogue,1
2026-08-11T09:37:06.173612+00:00,kaufland_bolt,20678121,DOM SAMBURESTI ROSE DOC SEC 13.5% 0.75LS,34.99,RON,,0,catalogue,1
2026-08-11T09:37:06.173820+00:00,kaufland_bolt,20677696,TECTONIC ROSE SEC 12% 0.75L,37.99,RON,,0,catalogue,1
2026-08-11T09:37:06.173996+00:00,kaufland_bolt,20678155,DOMENIILE VINJU MARE DMD 12%DOC 0.75LS,17.99,RON,,0,catalogue,1
2026-08-11T09:37:06.174178+00:00,kaufland_bolt,20701852,SIGILLUM MOLDAVIAE ROSE DMS IG 12%3L BIB,50.49,RON,,0,catalogue,1
2026-08-11T09:37:06.174405+00:00,kaufland_bolt,20677189,ZESTREA MERLOT CAB DMD 13% 0.75LS,17.99,RON,,0,catalogue,1
2026-08-11T09:37:06.174589+00:00,kaufland_bolt,20677179,BUDUREASCA ROSE.DMS 13.5% 0.75L,32.99,RON,,0,catalogue,1
2026-08-11T09:37:06.174765+00:00,kaufland_bolt,20677990,"JIDVEI TRAD ROSE DMS 12% 0,75L",19.99,RON,,0,catalogue,1
2026-08-11T09:37:06.174939+00:00,kaufland_bolt,20677150,SIGILLUM MOLDAVIAE ROSE 12% DMS 0.75LSG,18.39,RON,,0,catalogue,1
2026-08-11T09:37:06.175124+00:00,kaufland_bolt,20678036,V CAVALERULUI ROSE DMS12.5% 0.75L,28.49,RON,,0,catalogue,1
2026-08-11T09:37:06.175348+00:00,kaufland_bolt,20677310,CRONICA VINULUI MERL ROSE DMD12.5% 1LSG,16.69,RON,,0,catalogue,1
2026-08-11T09:37:06.175551+00:00,kaufland_bolt,20678287,PELIN DE URLATI ROSÉ 11% 1.5 L,28.55,RON,,0,catalogue,1
2026-08-11T09:37:06.175741+00:00,kaufland_bolt,20677278,EUFORIA BUS BOH DMS 11.5% 0.75L,45.99,RON,,0,catalogue,1
2026-08-11T09:37:06.175917+00:00,kaufland_bolt,20678165,V PRINCIPELUI ROSE 12.5% SEC 0.75L,16.99,RON,,0,catalogue,1
2026-08-11T09:37:06.176104+00:00,kaufland_bolt,20679121,CAII LETEA INIMA STEJ. ROSE SEC13%0.75LS,38.99,RON,,0,catalogue,1
2026-08-11T09:37:06.176351+00:00,kaufland_bolt,20677996,MYSTERIUM ROZE SEC DOC 12.5% 0.75L,62.99,RON,,0,catalogue,1
2026-08-11T09:37:06.176541+00:00,kaufland_bolt,20679430,AUTENTIQUE PINOT NOIR ROSE 13.9% 0.75LSG,53.99,RON,,0,catalogue,1
2026-08-11T09:37:06.176751+00:00,kaufland_bolt,20678092,PRINCIAR EM ROSE DMS DOC 12% 0.75L,34.49,RON,,0,catalogue,1
2026-08-11T09:37:06.176932+00:00,kaufland_bolt,20677309,CRAMA CEPTURA PELIN ROSE 12.5% 0.75L,14.29,RON,,0,catalogue,1
2026-08-11T09:37:06.177168+00:00,kaufland_bolt,20677228,VILA BECIU ROSE DEMISEC 12% 0.75L,19.89,RON,,0,catalogue,1
2026-08-11T09:37:06.177380+00:00,kaufland_bolt,20677292,ASTRUM CERVI ROSE CEPTURA DMS13.5%0.75LS,21.29,RON,,0,catalogue,1
2026-08-11T09:37:06.177589+00:00,kaufland_bolt,20677961,HORA ROSE DMD DOC 12% 0.75L,14.99,RON,,0,catalogue,1
2026-08-11T09:37:06.177771+00:00,kaufland_bolt,20678175,NATIVA BUSUIOACA AVERESTI DMD 12%0.75LS,46.99,RON,,0,catalogue,1
2026-08-11T09:37:06.177975+00:00,kaufland_bolt,20678073,DOM TOHANI B.DE BOHOTIN DMS11.5%0.75L,18.89,RON,,0,catalogue,1
2026-08-11T09:37:06.178179+00:00,kaufland_bolt,20678189,CORCOVA ROSE SEC 14% 0.75L,39.99,RON,,0,catalogue,1
2026-08-11T09:37:06.178407+00:00,kaufland_bolt,20678199,VIA COLTUL PIETREI ROSE SEC 13.5% 0.75LS,66.99,RON,,0,catalogue,1
2026-08-11T09:37:06.178624+00:00,kaufland_bolt,20677489,ROZALIA SAMBURESTI CAB SV DMD12.5%0.75LS,48.79,RON,,0,catalogue,1
2026-08-11T09:37:06.178845+00:00,kaufland_bolt,20677143,SCEPTRUS ROSE SEC 13% 0.75L,37.99,RON,,0,catalogue,1
2026-08-11T09:37:06.179026+00:00,kaufland_bolt,20790000,PURCARI SAPIENS ROSE SEC 12.5% 0.75L,67.99,RON,,0,catalogue,1
2026-08-11T09:37:06.179229+00:00,kaufland_bolt,20696555,TAINE ROSE CAB&FET N SEC 12.5% 0.75L,56.99,RON,,0,catalogue,1
2026-08-11T09:37:06.179459+00:00,kaufland_bolt,20679809,BUSUIOACA DE BOH ROZE DMD 12.2% 0.75L,31.59,RON,,0,catalogue,1
2026-08-11T09:37:06.179645+00:00,kaufland_bolt,20676896,BYZANTIUM ROSE SEC DOC 13.5% 0.75L,37.99,RON,,0,catalogue,1
2026-08-11T09:37:06.179831+00:00,kaufland_bolt,20678085,MOSIA TOHANI ROSE DOC DMS 12% DOC 0.75LS,28.55,RON,,0,catalogue,1
2026-08-11T09:37:06.180017+00:00,kaufland_bolt,00125827,CR.BASILESCU ROSE DMS 13.3% 2L BIB,39.49,RON,,0,catalogue,1
2026-08-11T09:37:06.180208+00:00,kaufland_bolt,20676921,CREPUSCUL ROSE SEC 12.5% 0.75L,34.99,RON,,0,catalogue,1
2026-08-11T09:37:06.180475+00:00,kaufland_bolt,20677110,BEC DOMNESC ROSE DMS DOC 12% 0.75L,23.15,RON,,0,catalogue,1
2026-08-11T09:37:06.180672+00:00,kaufland_bolt,20677135,PROLES PONTICA ROSE DULCE 11.5% IG1.5LSG,23.49,RON,,0,catalogue,1
2026-08-11T09:37:06.180865+00:00,kaufland_bolt,20677140,ROSE VERITE SEC CAB SAUVG 13% 0.75L,34.89,RON,,0,catalogue,1
2026-08-11T09:37:06.181117+00:00,kaufland_bolt,20677176,BUDUREASCA PR ROSE SEC 13.5% 0.75L,49.99,RON,,0,catalogue,1
2026-08-11T09:37:06.181335+00:00,kaufland_bolt,20677208,BUDUREASCA PR ROSE SEC 13.5% 0.187L,14.19,RON,,0,catalogue,1
2026-08-11T09:37:06.181525+00:00,kaufland_bolt,20677239,CASTEL MIMI RARA NEAGR ROSE 12.5%0.75LSG,41.99,RON,,0,catalogue,1
2026-08-11T09:37:06.181725+00:00,kaufland_bolt,20677240,CASTEL MIMI ROSE BULBOACA 13%0.75L,52.99,RON,,0,catalogue,1
2026-08-11T09:37:06.181913+00:00,kaufland_bolt,20677283,SELECTIE BUS BOH ROSE DMS 13% DOC0.75LS,31.49,RON,,0,catalogue,1
2026-08-11T09:37:06.182097+00:00,kaufland_bolt,20677298,CEPTURA/S.M.M.ROSE SEC DOC 13%0.75L,31.99,RON,,0,catalogue,1
2026-08-11T09:37:06.182279+00:00,kaufland_bolt,20677317,MOTIV CAB MERLOT ROSE DMS 12.5% 0.75L S,26.99,RON,,0,catalogue,1
2026-08-11T09:37:06.182505+00:00,kaufland_bolt,20677445,GRAMMA SPLASH ROSE DMS 12.9%0.75L,38.99,RON,,0,catalogue,1
2026-08-11T09:37:06.182686+00:00,kaufland_bolt,20677472,NOMAD ROSE SEC ECO 13% 0.75L,29.99,RON,,0,catalogue,1
2026-08-11T09:37:06.182898+00:00,kaufland_bolt,20677476,CASTEL STARMINA ROSE DMS 12% 0.75LSG,20.89,RON,,0,catalogue,1
2026-08-11T09:37:06.183093+00:00,kaufland_bolt,20677488,ROZA DE SAMBURESTI DOC SEC 12.5% 0.75LSG,46.29,RON,,0,catalogue,1
2026-08-11T09:37:06.183282+00:00,kaufland_bolt,20677518,PRIVILEGIUM ROSE SEC 13% 0.75L,37.99,RON,,0,catalogue,1
2026-08-11T09:37:06.183505+00:00,kaufland_bolt,20677520,ROZA DE CIUMBRUD ROSE DMD 12.5% 0.75L,29.79,RON,,0,catalogue,1
2026-08-11T09:37:06.183686+00:00,kaufland_bolt,20677546,PROMESSA ROSE SEC 13% 0.75L,34.49,RON,,0,catalogue,1
2026-08-11T09:37:06.183879+00:00,kaufland_bolt,20677699,TECTONIC ROSE TRAMINER DMS 12% 0.75LSG,37.99,RON,,0,catalogue,1
2026-08-11T09:37:06.184077+00:00,kaufland_bolt,20677722,DOM.OST ROSE DE OSTROV DMS12.5% 0.75LS,17.99,RON,,0,catalogue,1
2026-08-11T09:37:06.184272+00:00,kaufland_bolt,20677724,NAIADA CUVEE ROSE SEC IG 12% 0.75L,17.99,RON,,0,catalogue,1
2026-08-11T09:37:06.184503+00:00,kaufland_bolt,20677998,NAVIGO ROSE SEC DOC 12% 0.75L,30.99,RON,,0,catalogue,1
2026-08-11T09:37:06.184693+00:00,kaufland_bolt,20678004,WEINLAND ROSE DMS 12.5% 0.75L,19.49,RON,,0,catalogue,1
2026-08-11T09:37:06.184865+00:00,kaufland_bolt,20678026,SERVE ROSE IG SEC 12.5% 0.75L,43.99,RON,,0,catalogue,1
2026-08-11T09:37:06.185088+00:00,kaufland_bolt,20678122,SAMBUREL DE OLT ROSE DMS 13.5% 0.75L,22.89,RON,,0,catalogue,1
2026-08-11T09:37:06.185276+00:00,kaufland_bolt,20678202,V METAMORFOSIS ROSE SEC 13% 0.75L,26.79,RON,,0,catalogue,1
2026-08-11T09:37:06.185492+00:00,kaufland_bolt,20678245,W.P. ROSE SEC DOC 12.5% 0.75L,48.99,RON,,0,catalogue,1
2026-08-11T09:37:06.185689+00:00,kaufland_bolt,20679365,SAN VALLEY ZINFANDEL ROSE DMD10.5%0.75LS,16.25,RON,,0,catalogue,1
2026-08-11T09:37:06.185897+00:00,kaufland_bolt,20679748,ECLIPSE CUPAJ ROZE SEC 13.3% 0.75L,28.99,RON,,0,catalogue,1
2026-08-11T09:37:06.186079+00:00,kaufland_bolt,20715761,VARANCHA ROSE DMS 12% 0.75L,21.39,RON,,0,catalogue,1
2026-08-11T09:37:06.186250+00:00,kaufland_bolt,20722680,PH VALLEY FET N ROSE 13.5% 0.75L DOC,26.99,RON,,0,catalogue,1
2026-08-11T09:37:06.186480+00:00,kaufland_bolt,20676942,RHEIN EXTRA SPUMANT ROSE 12.5% 0.75L,61.89,RON,,0,catalogue,1
2026-08-11T09:37:06.186676+00:00,kaufland_bolt,20679615,REBENBLICK DORNFELDER ROSEDMS11.5%0.75LS,16.99,RON,,0,catalogue,1
2026-08-11T09:37:06.187073+00:00,kaufland_bolt,20677137,ROSE VERITE DMD BUS DE BOH.12.5%0.75L,34.89,RON,,0,catalogue,1
2026-08-11T09:37:06.187256+00:00,kaufland_bolt,20908875,"Jidvei Spirit Rose Sec 12,5% 0,75L",50.99,RON,,0,catalogue,1
2026-08-11T09:37:06.187476+00:00,kaufland_bolt,20677486,PRINCE MIRCEA MERL 12L DOC SEC 14%0.75LS,58.89,RON,,0,catalogue,1
2026-08-11T09:37:06.187676+00:00,kaufland_bolt,20677702,VARANCHA CAB MERLOT DMD 14.5% 0.75LS,21.39,RON,,0,catalogue,1
2026-08-11T09:37:06.187861+00:00,kaufland_bolt,20677203,BUDUREASCA MERLOT SEC 13.5% 0.75L,32.99,RON,,0,catalogue,1
2026-08-11T09:37:06.188047+00:00,kaufland_bolt,20677105,BEC DOMNESC MERLOT DMS 13.5% DOC 0.75LSG,23.15,RON,,0,catalogue,1
2026-08-11T09:37:06.188235+00:00,kaufland_bolt,20677360,CRICOVA HR MERLOT DMD 13% 0.75L,19.99,RON,,0,catalogue,1
2026-08-11T09:37:06.188462+00:00,kaufland_bolt,20677305,CERVUS CEPT. MERL&PN DMD13%DOC 0.75LS,15.19,RON,,0,catalogue,1
2026-08-11T09:37:06.188699+00:00,kaufland_bolt,20677332,PURCARI MERLOT SEC 13.5% IG 0.75L,39.99,RON,,0,catalogue,1
2026-08-11T09:37:06.188895+00:00,kaufland_bolt,20677639,SERAFIM MERLOT 12L SEC 13.5% 0.75L,37.99,RON,,0,catalogue,1
2026-08-11T09:37:06.189182+00:00,kaufland_bolt,20679243,ECLIPSE MERLOT 19L SEC 14.5% 0.75L,27.99,RON,,0,catalogue,1
2026-08-11T09:37:06.189430+00:00,kaufland_bolt,20678095,PRINC RADU MERLOT 12L SEC 14.8% 0.75L,77.99,RON,,0,catalogue,1
2026-08-11T09:37:06.189658+00:00,kaufland_bolt,20677207,BUDUREASCA PR MERLOT SEC DOC14.5%0.75LS,49.99,RON,,0,catalogue,1
2026-08-11T09:37:06.189855+00:00,kaufland_bolt,20677227,VILA BECIU MERLOT DMS ROSU 13.8%1.5LSG,18.79,RON,,0,catalogue,1
2026-08-11T09:37:06.190043+00:00,kaufland_bolt,20677226,VILA BECIU MERLOT DEMISEC 13.8%0.75L,19.89,RON,,0,catalogue,1
2026-08-11T09:37:06.190224+00:00,kaufland_bolt,00033010,CRAMA STARMINA MERLOT SEC12.5%3L BIB,42.29,RON,,0,catalogue,1
2026-08-11T09:37:06.190469+00:00,kaufland_bolt,00061254,VARANCHA MERLOT SEC IG 14.5% 3L BIB,44.69,RON,,0,catalogue,1
2026-08-11T09:37:06.190662+00:00,kaufland_bolt,20678077,DOM TOHANI MERLOT SEC 13.5%0.75L,18.89,RON,,0,catalogue,1
2026-08-11T09:37:06.190849+00:00,kaufland_bolt,20678124,SAMBURESTI MERLOT SEC 14% 0.75L,34.99,RON,,0,catalogue,1
2026-08-11T09:37:06.191032+00:00,kaufland_bolt,20678161,PRINCE VLAD MERLOT SEC 13.5% 0.75L,37.49,RON,,0,catalogue,1
2026-08-11T09:37:06.191218+00:00,kaufland_bolt,20677626,JP CHENET MERLOT SEC 13% 0.75L,24.89,RON,,0,catalogue,1
2026-08-11T09:37:06.191435+00:00,kaufland_bolt,20677115,COM PIVNITEI MERLOT 24L DMS 13.5% 0.75LS,79.49,RON,,0,catalogue,1
2026-08-11T09:37:06.191686+00:00,kaufland_bolt,20677215,VINE IN FLAMES MERLOT 6L SEC 14.5%0.75LS,54.99,RON,,0,catalogue,1
2026-08-11T09:37:06.191894+00:00,kaufland_bolt,20677453,TATA SI FIUL MERLOT 8L 13.9% 0.75L,42.99,RON,,0,catalogue,1
2026-08-11T09:37:06.192098+00:00,kaufland_bolt,20677475,CASTEL STARMINA MERL DOC DMS 12.5%0.75LS,20.89,RON,,0,catalogue,1
2026-08-11T09:37:06.192446+00:00,kaufland_bolt,20677479,DOM VINARTE MERLOT. CAB SEC 13% 0.75LS,28.49,RON,,0,catalogue,1
2026-08-11T09:37:06.192820+00:00,kaufland_bolt,20677501,DOM BLAGA MERLOT 8L SEC 14.2% DOC 0.75LS,24.99,RON,,0,catalogue,1
2026-08-11T09:37:06.193221+00:00,kaufland_bolt,20677573,LACERTA MERLOT 12L SEC 14.1% 0.75L,78.99,RON,,0,catalogue,1
2026-08-11T09:37:06.193514+00:00,kaufland_bolt,20677611,BACANTA MERLOT DOC 12L SEC 14.8% 0.75LSG,83.99,RON,,0,catalogue,1
2026-08-11T09:37:06.193714+00:00,kaufland_bolt,20677704,VARANCHA MERLOT DMS 14.5% 0.75L,21.39,RON,,0,catalogue,1
2026-08-11T09:37:06.193898+00:00,kaufland_bolt,20678034,V CAVALERULUI MERLOT 8L SEC 14% 0.75LS,28.49,RON,,0,catalogue,1
2026-08-11T09:37:06.194091+00:00,kaufland_bolt,20679747,PETIT MATEI MERLOT 9L SEC 14% 0.75L,65.99,RON,,0,catalogue,1
2026-08-11T09:37:06.194321+00:00,kaufland_bolt,20678074,DOM TOHANI CAB SAUV SEC 13.5%0.75L,18.89,RON,,0,catalogue,1
2026-08-11T09:37:06.194522+00:00,kaufland_bolt,20677364,CRICOVA PRESTIGE CAB12L SEC13% 0.75L,38.69,RON,,0,catalogue,1
2026-08-11T09:37:06.194720+00:00,kaufland_bolt,20677211,BUDUREASCA PR CAB 12L SEC 14.5% 0.187L,14.19,RON,,0,catalogue,1
2026-08-11T09:37:06.194916+00:00,kaufland_bolt,20677326,PURCARI CAB SAUV SEC 14% IG 0.75L,39.99,RON,,0,catalogue,1
2026-08-11T09:37:06.195100+00:00,kaufland_bolt,20678123,SAMBURESTI CAB SAUV SEC 14% 0.75L,34.99,RON,,0,catalogue,1
2026-08-11T09:37:06.195284+00:00,kaufland_bolt,20677306,CERVUS MAGNUS CAB SAUV SEC14% DOC 0.75LS,31.99,RON,,0,catalogue,1
2026-08-11T09:37:06.195522+00:00,kaufland_bolt,20677304,CERVUS CEPTURUM CAB SAUV DMS14% 0.75LS,15.19,RON,,0,catalogue,1
2026-08-11T09:37:06.195720+00:00,kaufland_bolt,20677637,SERAFIM CAB SAUV 12L SEC 14.5% 0.75L,37.99,RON,,0,catalogue,1
2026-08-11T09:37:06.195932+00:00,kaufland_bolt,20677358,CRICOVA HR CAB SAUV ROSU DMD13%0.75L,19.99,RON,,0,catalogue,1
2026-08-11T09:37:06.196134+00:00,kaufland_bolt,20677697,TECTONIC CAB SYRAH 12L SEC 14.5% 0.75LSG,37.99,RON,,0,catalogue,1
2026-08-11T09:37:06.196370+00:00,kaufland_bolt,20679736,BONITO VINEDO CAB SAUV SEC12.5% 0.75L,14.99,RON,,0,catalogue,1
2026-08-11T09:37:06.196599+00:00,kaufland_bolt,20677691,LIVIA CAB SAUV IG DMS 14.5% 0.75L,26.49,RON,,0,catalogue,1
2026-08-11T09:37:06.196794+00:00,kaufland_bolt,20678238,W.P. CAB SAUV 12L SEC 13.5% 0.75L,60.99,RON,,0,catalogue,1
2026-08-11T09:37:06.197017+00:00,kaufland_bolt,20678191,CANTUS PRIMUS CAB 24L SEC 14.5% 0.75L,95.99,RON,,0,catalogue,1
2026-08-11T09:37:06.197219+00:00,kaufland_bolt,20677363,CRICOVA PASTORAL CAB SAUV DULC16% 0.75LS,43.99,RON,,0,catalogue,1
2026-08-11T09:37:06.197495+00:00,kaufland_bolt,20678113,ALAI CABERNET SAUVIGNON DMS 14% 0.75L,24.99,RON,,0,catalogue,1
2026-08-11T09:37:06.197697+00:00,kaufland_bolt,00159331,CERVUS CEPTURUM CAB SAUV DMS14% 3L BIB,40.99,RON,,0,catalogue,1
2026-08-11T09:37:06.197896+00:00,kaufland_bolt,20676946,FEDERALIST BOURB CAB 12L 13.8% 0.75L,119.9,RON,,0,catalogue,1
2026-08-11T09:37:06.198092+00:00,kaufland_bolt,20676949,FEDERALIST LODI CAB SAUV 15L 13.9%0.75LS,109.9,RON,,0,catalogue,1
2026-08-11T09:37:06.198320+00:00,kaufland_bolt,20677194,BUDUREASCA PR CAB 12L DOC SEC14.5%0.75LS,49.99,RON,,0,catalogue,1
2026-08-11T09:37:06.198566+00:00,kaufland_bolt,20677195,BUDUREASCA CAB SAUV IG SEC14% 0.75L,32.99,RON,,0,catalogue,1
2026-08-11T09:37:06.198798+00:00,kaufland_bolt,20677229,CASTEL MIMI CAB SAUV 6L SEC 15%0.75L,52.99,RON,,0,catalogue,1
2026-08-11T09:37:06.198988+00:00,kaufland_bolt,20677289,ASTRUM CERVI CAB SVG ROSU DMS13.5%0.75LS,21.29,RON,,0,catalogue,1
2026-08-11T09:37:06.199186+00:00,kaufland_bolt,20677316,MOTIV FET CAB SAUV DMS 14% 0.75L,26.99,RON,,0,catalogue,1
2026-08-11T09:37:06.199431+00:00,kaufland_bolt,20677353,CRAMELE CRICOVA CAB DMS 13.5%0.75L,19.89,RON,,0,catalogue,1
2026-08-11T09:37:06.199619+00:00,kaufland_bolt,20677355,CRICOVA CAB SAUV 6L SEC 14% 0.75L,31.99,RON,,0,catalogue,1
2026-08-11T09:37:06.199804+00:00,kaufland_bolt,20677409,CAS BOLOVANU CAB MERLOT 13%SEC 0.75L,23.99,RON,,0,catalogue,1
2026-08-11T09:37:06.199993+00:00,kaufland_bolt,20677468,CAS BOLOVANU CAB SAUV DOC SEC13%0.75LS,23.99,RON,,0,catalogue,1
2026-08-11T09:37:06.200190+00:00,kaufland_bolt,20677484,PRINCE MIRCEA CAB SEC 12L DOC 13%0.75LS,58.89,RON,,0,catalogue,1
2026-08-11T09:37:06.200416+00:00,kaufland_bolt,20677490,SOARE CAB SAUV 18L SEC 14% 0.75L,129.9,RON,,0,catalogue,1
2026-08-11T09:37:06.200604+00:00,kaufland_bolt,20677493,DOM BLAGA CAB SAUV DOC SEC 13.5% 0.75LSG,35.99,RON,,0,catalogue,1
2026-08-11T09:37:06.200801+00:00,kaufland_bolt,20677569,LACERTA CAB S RES 12L SEC 14.8% 0.75L,99.99,RON,,0,catalogue,1
2026-08-11T09:37:06.201042+00:00,kaufland_bolt,20677635,BON VIVEUR CAB MERLOT 12L 13.5%SEC0.75LS,96.99,RON,,0,catalogue,1
2026-08-11T09:37:06.201257+00:00,kaufland_bolt,20677723,NAIADA CAB SAUV SEC DOC 13.5% 0.75L,17.99,RON,,0,catalogue,1
2026-08-11T09:37:06.201479+00:00,kaufland_bolt,20678028,TERRA ROMANA CAB SAUV 12L SEC13.5%0.75LS,49.99,RON,,0,catalogue,1
2026-08-11T09:37:06.201686+00:00,kaufland_bolt,20678030,V CAVALERULUI CAB SAUV 8L SEC13.5%0.75LS,28.49,RON,,0,catalogue,1
2026-08-11T09:37:06.201886+00:00,kaufland_bolt,20678117,CHATEAU CAB 12L SEC DOC 14.5% 0.75L,94.99,RON,,0,catalogue,1
2026-08-11T09:37:06.202075+00:00,kaufland_bolt,20678139,CAII LETEA VOL I CAB 9L SEC 13%. 0.75L S,37.99,RON,,0,catalogue,1
2026-08-11T09:37:06.202283+00:00,kaufland_bolt,20678143,CAII LETEA VOL II CAB 9L SEC 13%0.75LS,59.99,RON,,0,catalogue,1
2026-08-11T09:37:06.202514+00:00,kaufland_bolt,20678159,PRINCE VLAD CAB DOC SEC 13.5% 0.75L,37.49,RON,,0,catalogue,1
2026-08-11T09:37:06.202708+00:00,kaufland_bolt,20678172,DOM AVERESTI CAB SAUVG SEC 13.5% 0.75LSG,19.99,RON,,0,catalogue,1
2026-08-11T09:37:06.202929+00:00,kaufland_bolt,20678204,PANDORA SECRETS CAB&SAUVG SEC14.5%0.75LS,49.99,RON,,0,catalogue,1
2026-08-11T09:37:06.203130+00:00,kaufland_bolt,20679765,ECLIPSE CAB SAUV 18L SEC 14% 0.75L,27.99,RON,,0,catalogue,1
2026-08-11T09:37:06.203350+00:00,kaufland_bolt,20739206,BUDUREASCA CAB SAUV BIO SEC 14.5% 0.75LS,67.99,RON,,0,catalogue,1
2026-08-11T09:37:06.203547+00:00,kaufland_bolt,20770237,PAUL MAS CAB SAUVIGNON SEC 14% 0.75L,43.99,RON,,0,catalogue,1
2026-08-11T09:37:06.203736+00:00,kaufland_bolt,20770529,ERRAZURIZ CAB SAUV MAX12LSEC13.5%0.75LSG,88.99,RON,,0,catalogue,1
2026-08-11T09:37:06.203936+00:00,kaufland_bolt,20677335,PURCARI PINOT NOIR SEC 13.5% IG0.75L,39.99,RON,,0,catalogue,1
2026-08-11T09:37:06.204129+00:00,kaufland_bolt,20677107,BEC DOMNESC PINOT N DMS 13% DOC0.75LSG,23.15,RON,,0,catalogue,1
2026-08-11T09:37:06.204355+00:00,kaufland_bolt,20678084,MOSIA TOHANI PIN NOIR DMS13.8% DOC0.75LS,28.55,RON,,0,catalogue,1
2026-08-11T09:37:06.204559+00:00,kaufland_bolt,20678091,PRINCIAR EM PIN NOIR SEC13.5% DOC 0.75LS,34.49,RON,,0,catalogue,1
2026-08-11T09:37:06.204761+00:00,kaufland_bolt,20677311,CRONICA VINULUI PIN NOIR DMD 12.5% 1L,16.69,RON,,0,catalogue,1
2026-08-11T09:37:06.204945+00:00,kaufland_bolt,20677123,PONTICA P NOIR. MERLOT DMD 12% IG 1.5LSG,23.49,RON,,0,catalogue,1
2026-08-11T09:37:06.205181+00:00,kaufland_bolt,20677216,VINE IN FLAMES PIN NOIR SEC 14% 0.75LS,54.99,RON,,0,catalogue,1
2026-08-11T09:37:06.205410+00:00,kaufland_bolt,20677346,ISSA PINOT NOIR SEC 13.5% 0.75L,64.99,RON,,0,catalogue,1
2026-08-11T09:37:06.205595+00:00,kaufland_bolt,20677959,HORA PINOT NOIR DMD DOC 13% 0.75L,14.99,RON,,0,catalogue,1
2026-08-11T09:37:06.205773+00:00,kaufland_bolt,20678201,VIA MARCHIZULUI PIN 18L SEC14.5% 0.75L S,80.99,RON,,0,catalogue,1
2026-08-11T09:37:06.205975+00:00,kaufland_bolt,20679227,ECLIPSE PIN NOIR 18L SEC 13.3% 0.75L,27.99,RON,,0,catalogue,1
2026-08-11T09:37:06.206161+00:00,kaufland_bolt,20677322,PURCARI SHIRAZ 12L SEC 13.5% 0.75L,55.89,RON,,0,catalogue,1
2026-08-11T09:37:06.206383+00:00,kaufland_bolt,20678198,VIA COLT PIETREI SYRAH 12LSEC 15%0.75LS,58.99,RON,,0,catalogue,1
2026-08-11T09:37:06.206591+00:00,kaufland_bolt,20677570,LACERTA CAB SHIRAZ 12L SEC 15% 0.75L,99.99,RON,,0,catalogue,1
2026-08-11T09:37:06.206781+00:00,kaufland_bolt,20677575,LACERTA SHIRAZ 12L SEC 14.8% 0.75L,78.99,RON,,0,catalogue,1
2026-08-11T09:37:06.206968+00:00,kaufland_bolt,20678087,MOSIA TOHANI SHI ROT DMS DOC14% 0.75LSG,28.55,RON,,0,catalogue,1
2026-08-11T09:37:06.207160+00:00,kaufland_bolt,20676950,FEDERALIST LODI ZINFAND 12L 15.3% 0.75LS,109.9,RON,,0,catalogue,1
2026-08-11T09:37:06.207399+00:00,kaufland_bolt,20676951,FEDERALIST ZINFAND BOURB 12L 13.9%0.75LS,119.9,RON,,0,catalogue,1
2026-08-11T09:37:06.207605+00:00,kaufland_bolt,20678040,FAUSTINO RIVER ULECIA DMS 13.5% 0.75L S,39.99,RON,,0,catalogue,1
2026-08-11T09:37:06.207790+00:00,kaufland_bolt,20679795,TRAPICHE BROQ MALBEC 15L 14% 0.75L,89.99,RON,,0,catalogue,1
2026-08-11T09:37:06.207984+00:00,kaufland_bolt,20677321,PURCARI 1827 MALBEC SEC 13.5% 0.75L,55.89,RON,,0,catalogue,1
2026-08-11T09:37:06.208173+00:00,kaufland_bolt,20679784,TRAPICHE OAK MALBEC 9L 13.5% 0.75L,69.99,RON,,0,catalogue,1
2026-08-11T09:37:06.208401+00:00,kaufland_bolt,20770260,SALENTEIN PORTILLO MALB9LSEC13.5%0.75LSG,64.99,RON,,0,catalogue,1
2026-08-11T09:37:06.208607+00:00,kaufland_bolt,20770262,SALENTEIN BARREL MALBEC 9L SEC14%0.75LSG,99.99,RON,,0,catalogue,1
2026-08-11T09:37:06.208851+00:00,kaufland_bolt,20770264,ROTHSCHILD AGUARIBAY MALB12LSEC14%0.75LS,88.99,RON,,0,catalogue,1
2026-08-11T09:37:06.209096+00:00,kaufland_bolt,20677623,JP CHENET CABERNET SYRAH 13% SEC0.75LS,24.89,RON,,0,catalogue,1
2026-08-11T09:37:06.209331+00:00,kaufland_bolt,20770240,FRANC 6 VIN DE FRANCE 6L 14% SEC0.75L,77.99,RON,,0,catalogue,1
2026-08-11T09:37:06.209561+00:00,kaufland_bolt,20717661,SILK & SPICE RED BLEND 13.5% 0.75L,49.99,RON,,0,catalogue,1
2026-08-11T09:37:06.209757+00:00,kaufland_bolt,20282564,EL CARISMA TEMPRANILLO ROSU 12% 3L BIB,26.99,RON,,0,catalogue,1
2026-08-11T09:37:06.209951+00:00,kaufland_bolt,20679533,EL CARISMA ROSU DMD 11.5% 1L,12.89,RON,,0,catalogue,1
2026-08-11T09:37:06.210124+00:00,kaufland_bolt,20678043,VAL CONDE RESERVA 6L DMS 13%0.75L,37.99,RON,,0,catalogue,1
2026-08-11T09:37:06.210339+00:00,kaufland_bolt,20677620,GONZALEZ BYASS SOLERA JEREZ 18% 0.75LSG,112.9,RON,,0,catalogue,1
2026-08-11T09:37:06.210553+00:00,kaufland_bolt,20679566,ELCARISMA RES CARIN 12L SEC13%0.75L,18.99,RON,,0,catalogue,1
2026-08-11T09:37:06.210748+00:00,kaufland_bolt,20770241,GORU EGO MNASTRELL&SYR&P VERDOT14%0.75LS,45.99,RON,,0,catalogue,1
2026-08-11T09:37:06.210950+00:00,kaufland_bolt,20792673,GRAN CASTILLO TEMPRANILLO DMD 12% 0.75LS,29.99,RON,,0,catalogue,1
2026-08-11T09:37:06.211134+00:00,kaufland_bolt,20677094,BEC DOMNESC CAB SAUV DLC 12% IG0.75LSG,23.15,RON,,0,catalogue,1
2026-08-11T09:37:06.211365+00:00,kaufland_bolt,20677096,BEC DOMNESC CAB SAUV SEC 13%DOC0.75LSG,23.15,RON,,0,catalogue,1
2026-08-11T09:37:06.211559+00:00,kaufland_bolt,20678100,SIEL ROSU SEC CUPAJ 14% DOC 0.75L,35.99,RON,,0,catalogue,1
2026-08-11T09:37:06.211741+00:00,kaufland_bolt,20677300,CERVUS CEPTUR FET N DMS13.5%0.75L,15.19,RON,,0,catalogue,1
2026-08-11T09:37:06.211932+00:00,kaufland_bolt,20677099,BEC DOMNESC FET NEAG DMD 13.5%DOC0.75LSG,23.15,RON,,0,catalogue,1
2026-08-11T09:37:06.212117+00:00,kaufland_bolt,20677263,ISSA FETEASCA NEAGRA SEC 12.5% 0.75L,45.99,RON,,0,catalogue,1
2026-08-11T09:37:06.212326+00:00,kaufland_bolt,20677210,BUDUREASCA PR FET N 12L SEC 14% 0.75LS,49.99,RON,,0,catalogue,1
2026-08-11T09:37:06.212525+00:00,kaufland_bolt,20677336,PURCARI RARA NEG&SAPERA SEC 13%0.75L,39.99,RON,,0,catalogue,1
2026-08-11T09:37:06.212712+00:00,kaufland_bolt,20677297,CEPTURA/S.M.M. FET. N. SEC 14%0.75L,31.99,RON,,0,catalogue,1
2026-08-11T09:37:06.212897+00:00,kaufland_bolt,20678195,METAMORFOSIS FET N 12L SEC 16%0.75LS,41.99,RON,,0,catalogue,1
2026-08-11T09:37:06.213123+00:00,kaufland_bolt,20677241,CASTEL MIMI BULBOACA 12L SEC14.5% 0.75LS,67.99,RON,,0,catalogue,1
2026-08-11T09:37:06.213368+00:00,kaufland_bolt,20679307,ROSTURI ROSU 9L SEC 15% 0.75L,35.99,RON,,0,catalogue,1
2026-08-11T09:37:06.213552+00:00,kaufland_bolt,20676897,BYZANTIUM ROSSO 9L SEC 13.5% 0.75L,37.99,RON,,0,catalogue,1
2026-08-11T09:37:06.213742+00:00,kaufland_bolt,20678075,DOM TOHANI FET N DMS 13.5% 0.75L,18.89,RON,,0,catalogue,1
2026-08-11T09:37:06.213970+00:00,kaufland_bolt,20677707,CASA PANCIU FET N 6L DMS 14% 0.75L,19.99,RON,,0,catalogue,1
2026-08-11T09:37:06.214158+00:00,kaufland_bolt,20678163,V PRINCIPELUI FET NEAGRA SEC 13% 0.75LSG,16.99,RON,,0,catalogue,1
2026-08-11T09:37:06.214388+00:00,kaufland_bolt,20677095,BEC DOMNESC CAB SAU ROSU SEC13%0.187LS,10.29,RON,,0,catalogue,1
2026-08-11T09:37:06.214592+00:00,kaufland_bolt,20677053,AVINCIS DOMNUL DE ROUA SEC 14% 0.75L,33.99,RON,,0,catalogue,1
2026-08-11T09:37:06.214779+00:00,kaufland_bolt,20677047,AVINCIS CUVEE GRANDIFL 14L SEC 15%0.75LS,152.9,RON,,0,catalogue,1
2026-08-11T09:37:06.214972+00:00,kaufland_bolt,20679068,CAII LETEA VOL II FET N 9L 14%SEC0.75LSG,59.99,RON,,0,catalogue,1
2026-08-11T09:37:06.215172+00:00,kaufland_bolt,20678083,MOSIA TOHANI FET NEA DMS14% DOC 0.75LS,28.55,RON,,0,catalogue,1
2026-08-11T09:37:06.215404+00:00,kaufland_bolt,20677288,NEGRU PURCARI 18L SEC 14% 0.75L CUT,155.9,RON,,0,catalogue,1
2026-08-11T09:37:06.215595+00:00,kaufland_bolt,20677103,BEC DOMNESC GR FET N SEC 14% DOC 0.75LSG,34.89,RON,,0,catalogue,1
2026-08-11T09:37:06.215787+00:00,kaufland_bolt,20678119,DOM SAMBURESTI FET N DOC SEC 14%0.75LS,34.99,RON,,0,catalogue,1
2026-08-11T09:37:06.215975+00:00,kaufland_bolt,20677242,CASTEL MIMI SAPERAVI SEC 14% 0.75L,36.99,RON,,0,catalogue,1
2026-08-11T09:37:06.216160+00:00,kaufland_bolt,20678288,PELIN ROSU DE URLATI 11% 1.5L,28.55,RON,,0,catalogue,1
2026-08-11T09:37:06.216380+00:00,kaufland_bolt,00114080,VARANCHA FETEASCA NEAGRA 14.5%SEC 2L BIB,43.99,RON,,0,catalogue,1
2026-08-11T09:37:06.216585+00:00,kaufland_bolt,20677692,LIVIA FETEASCA NEAGRA SEC 14.5% 0.75L,26.49,RON,,0,catalogue,1
2026-08-11T09:37:06.216880+00:00,kaufland_bolt,20677698,TECTONIC FET N 12L SEC 14.5% 0.75L,37.99,RON,,0,catalogue,1
2026-08-11T09:37:06.217137+00:00,kaufland_bolt,20678090,PRINCIAR EM FET NEAGRA SEC14%DOC0.75LS,34.49,RON,,0,catalogue,1
2026-08-11T09:37:06.217382+00:00,kaufland_bolt,20676933,PH VALLEY FET NEAGRA DMS 13.5% 0.75L,26.99,RON,,0,catalogue,1
2026-08-11T09:37:06.217573+00:00,kaufland_bolt,20677330,PURCARI FREEDOM BLEND SEC IG 14%0.75L,47.79,RON,,0,catalogue,1
2026-08-11T09:37:06.217767+00:00,kaufland_bolt,20677199,BUDUREASCA FET NEAGRA DMS 14% 0.187LSG,13.39,RON,,0,catalogue,1
2026-08-11T09:37:06.217954+00:00,kaufland_bolt,20678298,SANGE DE TAUR ROSU DMD 0.75L,15.19,RON,,0,catalogue,1
2026-08-11T09:37:06.218159+00:00,kaufland_bolt,20677333,NEGRU DE PURCARI 18L SEC14% IG 0.75L,111.9,RON,,0,catalogue,1
2026-08-11T09:37:06.218396+00:00,kaufland_bolt,20677098,BEC DOMNESC FET N DMD 13% 0.187L,10.29,RON,,0,catalogue,1
2026-08-11T09:37:06.218577+00:00,kaufland_bolt,20677279,EUFORIA FETEASCA NEAGRA DMS13.5% 0.75LSG,45.99,RON,,0,catalogue,1
2026-08-11T09:37:06.218798+00:00,kaufland_bolt,20679260,ECLIPSE CUPAJ 18L DMS 14.1% 0.75L,27.99,RON,,0,catalogue,1
2026-08-11T09:37:06.219028+00:00,kaufland_bolt,20677972,JIDVEI GRIG PINOT CAB SAUV 13% 0.75L,27.99,RON,,0,catalogue,1
2026-08-11T09:37:06.219228+00:00,kaufland_bolt,20676893,SEC DE MURFATLAR CAB SAUV SEC13%0.75LS,19.49,RON,,0,catalogue,1
2026-08-11T09:37:06.219458+00:00,kaufland_bolt,00073232,BUDUREASCA RED CUVEE DMS 14% 2L BIB,51.99,RON,,0,catalogue,1
2026-08-11T09:37:06.219667+00:00,kaufland_bolt,00122167,CR.BASILESCU CUPAJ ROSU SEC 14% 2L BIB,39.49,RON,,0,catalogue,1
2026-08-11T09:37:06.220067+00:00,kaufland_bolt,20676920,CREPUSCUL RED SEC 14% 0.75L,34.99,RON,,0,catalogue,1
2026-08-11T09:37:06.220245+00:00,kaufland_bolt,20676925,HYPERION FET N 16L SEC 14% 0.75L,127.9,RON,,0,catalogue,1
2026-08-11T09:37:06.220467+00:00,kaufland_bolt,20677044,AVINCIS CAB SAUV SEC 14.5% 0.75L,39.99,RON,,0,catalogue,1
2026-08-11T09:37:06.220653+00:00,kaufland_bolt,20677046,AVINCIS CUVEE ANDREI 14LSEC 14.5% 0.75LS,79.99,RON,,0,catalogue,1
2026-08-11T09:37:06.220855+00:00,kaufland_bolt,20677101,BEC DOMNESC GR CAB SAUV SEC 13%DOC0.75LS,34.89,RON,,0,catalogue,1
2026-08-11T09:37:06.221094+00:00,kaufland_bolt,20677114,COM PIVNITEI FET N 24L SEC 14.5%0.75L,79.49,RON,,0,catalogue,1
2026-08-11T09:37:06.221319+00:00,kaufland_bolt,20677121,MIRABILIS MACH CAB&FET 24L SEC 14%0.75LS,69.99,RON,,0,catalogue,1
2026-08-11T09:37:06.221525+00:00,kaufland_bolt,20677144,SCEPTRUS ROSU SEC 14.5% 0.75L,37.99,RON,,0,catalogue,1
2026-08-11T09:37:06.221706+00:00,kaufland_bolt,20677183,ORIGINI FET NEAGRA 12L SEC 14.50% 0.75LS,89.99,RON,,0,catalogue,1
2026-08-11T09:37:06.221898+00:00,kaufland_bolt,20677188,ZESTREA FET NEAGRA DMD 13% 0.75L,17.99,RON,,0,catalogue,1
2026-08-11T09:37:06.222075+00:00,kaufland_bolt,20677192,8 BARRELS ROSU 12L SEC 14.5% 0.75L,123.9,RON,,0,catalogue,1
2026-08-11T09:37:06.222260+00:00,kaufland_bolt,20677209,BUDUREASCA PR ZENOV 12LSEC DOC 14%0.75LS,49.99,RON,,0,catalogue,1
2026-08-11T09:37:06.222497+00:00,kaufland_bolt,20677224,VILA BECIU FET.N.ROSU DMS IGP13.5% 1.5LS,18.79,RON,,0,catalogue,1
2026-08-11T09:37:06.222724+00:00,kaufland_bolt,20677232,CASTEL MIMI CUPAJ ROSU SEC 14.5%0.75L,36.99,RON,,0,catalogue,1
2026-08-11T09:37:06.222992+00:00,kaufland_bolt,20677233,CASTEL MIMI FET N 6L SEC 14% 0.75L,35.99,RON,,0,catalogue,1
2026-08-11T09:37:06.223182+00:00,kaufland_bolt,20677237,CASTEL MIMI RARA N 6L SEC 14.5%0.75L,35.99,RON,,0,catalogue,1
2026-08-11T09:37:06.223413+00:00,kaufland_bolt,20677275,DOMENII FET N 12L SEC 14% DOC 0.75L,44.69,RON,,0,catalogue,1
2026-08-11T09:37:06.223608+00:00,kaufland_bolt,20677284,SELECTIE FET NEAGRA SEC 14% DOC 0.75L,31.49,RON,,0,catalogue,1
2026-08-11T09:37:06.223797+00:00,kaufland_bolt,20677290,ASTRUM CERVI FET N CEPTURA SEC14% 0.75LS,21.29,RON,,0,catalogue,1
2026-08-11T09:37:06.223998+00:00,kaufland_bolt,20677341,CORCOVA CUVEE BOHEME 12L SEC 15% 0.75LSG,81.99,RON,,0,catalogue,1
2026-08-11T09:37:06.224190+00:00,kaufland_bolt,20677343,CORCOVA FET N 8L SEC 14.5% 0.75L,39.99,RON,,0,catalogue,1
2026-08-11T09:37:06.224421+00:00,kaufland_bolt,20677410,CASTEL BOLOVANU NOVAC SEC 13% 0.75L,23.99,RON,,0,catalogue,1
2026-08-11T09:37:06.224613+00:00,kaufland_bolt,20677413,CASTEL BOLOVANU TAM ROM DMS 12.5% 0.75LS,23.99,RON,,0,catalogue,1
2026-08-11T09:37:06.224805+00:00,kaufland_bolt,20677469,CAS BOLOVANU CAB CAB FR 13% SEC 0.75LS,23.99,RON,,0,catalogue,1
2026-08-11T09:37:06.225063+00:00,kaufland_bolt,20677474,CASTEL STARMINA FET N DMS 12.5% 0.75L,20.89,RON,,0,catalogue,1
2026-08-11T09:37:06.225262+00:00,kaufland_bolt,20677485,PRINCE MIRCEA FET 12L SEC DOC13.5%0.75LS,58.89,RON,,0,catalogue,1
2026-08-11T09:37:06.225566+00:00,kaufland_bolt,20677487,PRINCE MIRCEA NEGRU DRG 12L SEC14%0.75LS,58.89,RON,,0,catalogue,1
2026-08-11T09:37:06.225774+00:00,kaufland_bolt,20677497,DOM BLAGA PELIN ROSU SEC 13.7% 0.75L,28.99,RON,,0,catalogue,1
2026-08-11T09:37:06.225966+00:00,kaufland_bolt,20677571,LACERTA CUVEE IX 12L SEC 15% 0.75L,121.9,RON,,0,catalogue,1
2026-08-11T09:37:06.226152+00:00,kaufland_bolt,20677610,BACANTA FET N 18L SEC 15.5% 0.75L,83.99,RON,,0,catalogue,1
2026-08-11T09:37:06.226382+00:00,kaufland_bolt,20677686,CONSTANTIN CUPAJ 24L SEC 14.5% 0.75L,259.0,RON,,0,catalogue,1
2026-08-11T09:37:06.226577+00:00,kaufland_bolt,20677725,NAIADA FET NEAGRA DOC SEC 13% 0.75L,17.99,RON,,0,catalogue,1
2026-08-11T09:37:06.226762+00:00,kaufland_bolt,20677870,VINOTECA FETEASCA NEAGRA 14.12% 0.75L,375.0,RON,,0,catalogue,1
2026-08-11T09:37:06.226958+00:00,kaufland_bolt,20677958,CRAITA TRANSILVANIEI DMS IG 12.5% 0.75LS,14.99,RON,,0,catalogue,1
2026-08-11T09:37:06.227147+00:00,kaufland_bolt,20677978,JIDVEI PERLA ROSU DMS 12% 1.5L,21.49,RON,,0,catalogue,1
2026-08-11T09:37:06.227364+00:00,kaufland_bolt,20678027,SERVE ROUGE 12L IG SEC 14.5% 0.75L,50.29,RON,,0,catalogue,1
2026-08-11T09:37:06.227558+00:00,kaufland_bolt,20678029,TERRA ROMANA MIL 12L IG SEC14.5% 0.75LSG,50.99,RON,,0,catalogue,1
2026-08-11T09:37:06.227761+00:00,kaufland_bolt,20678033,V CAVALERULUI FET N 8L SEC 14.5% 0.75LSG,28.49,RON,,0,catalogue,1
2026-08-11T09:37:06.227959+00:00,kaufland_bolt,20678132,LA TIGANCI FET NEAGRA SEC 14.9% 0.75L,42.99,RON,,0,catalogue,1
2026-08-11T09:37:06.228150+00:00,kaufland_bolt,20678135,CAII LETEA INIMA STEJAR 9L SEC 14%0.75LS,38.99,RON,,0,catalogue,1
2026-08-11T09:37:06.228385+00:00,kaufland_bolt,20678140,CAII LETEA VOL I FN 9L SEC 13% 0.75LSG,37.99,RON,,0,catalogue,1
2026-08-11T09:37:06.228582+00:00,kaufland_bolt,20678144,CAII LETEA VOL II F CAB 9LSEC13.5%0.75LS,59.99,RON,,0,catalogue,1
2026-08-11T09:37:06.228787+00:00,kaufland_bolt,20678160,PRINCE VLAD FET NEAGRA SEC13.5% 0.75L,37.49,RON,,0,catalogue,1
2026-08-11T09:37:06.229075+00:00,kaufland_bolt,20678162,V PRINCIPELUI CAB SYRAH SEC 13%0.75LS,16.99,RON,,0,catalogue,1
2026-08-11T09:37:06.229273+00:00,kaufland_bolt,20678179,CORCOVA CAB MER SYRAH 12L SEC14%0.75L,39.99,RON,,0,catalogue,1
2026-08-11T09:37:06.229520+00:00,kaufland_bolt,20678186,CORCOVA RES CUV RACOV 12L SEC14.5%0.75LS,81.99,RON,,0,catalogue,1
2026-08-11T09:37:06.229762+00:00,kaufland_bolt,20678192,CANTUS PRIMUS FET N 18L 16% SEC 0.75L,89.99,RON,,0,catalogue,1
2026-08-11T09:37:06.229961+00:00,kaufland_bolt,20678200,VIA MARCHIZULUI NEGRU DR 18L 16%0.75L,61.19,RON,,0,catalogue,1
2026-08-11T09:37:06.230159+00:00,kaufland_bolt,20678206,PANDORA VIBRATIE FET NEAGRA SEC14%0.75LS,34.49,RON,,0,catalogue,1
2026-08-11T09:37:06.230421+00:00,kaufland_bolt,20678239,W.P. CADARCA DOC SEC 13% 0.75L,52.99,RON,,0,catalogue,1
2026-08-11T09:37:06.230614+00:00,kaufland_bolt,20678248,ALIRA CONCORDIA 12L SEC 14.5% 0.75L,52.99,RON,,0,catalogue,1
2026-08-11T09:37:06.230818+00:00,kaufland_bolt,20678289,PELIN ROSU DE URLATI DMS 11% 0.75L,16.85,RON,,0,catalogue,1
2026-08-11T09:37:06.231001+00:00,kaufland_bolt,20679246,ECLIPSE FET NEAGRA 18L DMS 14.3%0.75L,27.99,RON,,0,catalogue,1
2026-08-11T09:37:06.231189+00:00,kaufland_bolt,20679731,EPIPHANIE FET NEAGRA 9L SEC 14.5% 0.75LS,134.9,RON,,0,catalogue,1
2026-08-11T09:37:06.231422+00:00,kaufland_bolt,20679754,AUTENTIQUE FET N 24L DMS 14.8% 0.75L,69.99,RON,,0,catalogue,1
2026-08-11T09:37:06.231612+00:00,kaufland_bolt,20696567,TAINE CAB FET N 8L SEC 14% 0.75L,66.99,RON,,0,catalogue,1
2026-08-11T09:37:06.231798+00:00,kaufland_bolt,20701851,SIGILLUM MOLDAVIAE FET N DMS IG13%3L BIB,50.49,RON,,0,catalogue,1
2026-08-11T09:37:06.231986+00:00,kaufland_bolt,20728011,FETEASCA DE TOHANI ROSU SEC14.5%0.75L,37.99,RON,,0,catalogue,1
2026-08-11T09:37:06.232181+00:00,kaufland_bolt,20835157,DESTIN FET NEAGRA DMD 14.8% 0.75L,89.99,RON,,0,catalogue,1
2026-08-11T09:37:06.232400+00:00,kaufland_bolt,20677629,PICCINI BRUNELLO CORTILE 24L 14%0.75L,259.0,RON,,0,catalogue,1
2026-08-11T09:37:06.232602+00:00,kaufland_bolt,20677439,CANTINA NEGRAR APPASSIMENTO 14% 0.75L,65.99,RON,,0,catalogue,1
2026-08-11T09:37:06.232797+00:00,kaufland_bolt,20677455,VIVALDI AMARONE DOC 15.5%0.75L,199.9,RON,,0,catalogue,1
2026-08-11T09:37:06.233021+00:00,kaufland_bolt,20677456,VIVALDI APPASSIMENTO SEC IG14%0.75L,89.99,RON,,0,catalogue,1
2026-08-11T09:37:06.233217+00:00,kaufland_bolt,20677616,BANFI BRUNELLO MONT 24L SEC 14% 0.75L,329.0,RON,,0,catalogue,1
2026-08-11T09:37:06.233448+00:00,kaufland_bolt,20677617,BANFI CHIANTI CLAS 12L DOCG SEC14%0.75LS,136.9,RON,,0,catalogue,1
2026-08-11T09:37:06.233658+00:00,kaufland_bolt,20677618,BANFI ROSSO MONTALC 12L SEC 14.5% 0.75LS,132.9,RON,,0,catalogue,1
2026-08-11T09:37:06.233854+00:00,kaufland_bolt,20677630,PICCINI SASSO AL POGGIO 12L SEC14%0.75LS,99.99,RON,,0,catalogue,1
2026-08-11T09:37:06.234055+00:00,kaufland_bolt,20677812,BULGARINI ROSSO BRUNO 12L SEC 14% 0.75LS,79.99,RON,,0,catalogue,1
2026-08-11T09:37:06.234247+00:00,kaufland_bolt,20679559,VOSCARINI NERO DAVOLA DOC SEC13% 0.75LSG,14.99,RON,,0,catalogue,1
2026-08-11T09:37:06.234490+00:00,kaufland_bolt,20679632,VOSCARINI MONTEP ABRUZ SEC 13% 0.75LSG,15.99,RON,,0,catalogue,1
2026-08-11T09:37:06.234683+00:00,kaufland_bolt,20679664,VOSCARINI CHIANTI SEC 12% 0.75L,19.99,RON,,0,catalogue,1
2026-08-11T09:37:06.234864+00:00,kaufland_bolt,20741095,CANCELLO DEL SOLE C.SVG IGT 12.5%0.75LSG,74.99,RON,,0,catalogue,1
2026-08-11T09:37:06.235069+00:00,kaufland_bolt,20741102,CIPRIANI VESCOVELLO 14.5% 0.75L,112.9,RON,,0,catalogue,1
2026-08-11T09:37:06.235328+00:00,kaufland_bolt,20770528,ERRAZURIZ CARMENERE MAXSEC12L13.5%0.75LS,83.99,RON,,0,catalogue,1
2026-08-11T09:37:06.235732+00:00,kaufland_bolt,20679356,VINO AMIGO VIN ROSU 10.5% DMD 2L PET,10.99,RON,,0,catalogue,1
2026-08-11T09:37:06.235917+00:00,kaufland_bolt,20696564,INCEPUTURI ROSU DMS 13.5% 0.75L,42.99,RON,,0,catalogue,1
2026-08-11T09:37:06.236093+00:00,kaufland_bolt,20678300,SANGE DE TAUR ROSU DULCE 10% 1.5L,27.99,RON,,0,catalogue,1
2026-08-11T09:37:06.236542+00:00,kaufland_bolt,20678299,SANGE DE TAUR ROSU DULCE 10%0.75L,15.19,RON,,0,catalogue,1
2026-08-11T09:37:06.236926+00:00,kaufland_bolt,20677149,SIGILLUM MOLDAVIAE FET.NEG13% DMS 0.75LS,18.39,RON,,0,catalogue,1
2026-08-11T09:37:06.237161+00:00,kaufland_bolt,20679635,REBENBLICK DORNFELDER DMS 12% 0.75L,16.99,RON,,0,catalogue,1
2026-08-11T09:37:06.237388+00:00,kaufland_bolt,20677017,MIONETTO PROSEC SP ORANGE SEC11%0.75L,47.99,RON,,0,catalogue,1
2026-08-11T09:37:06.237574+00:00,kaufland_bolt,20678060,MASCHIO PROSECCO TREVISO EXTRA DRY0.75LS,40.99,RON,,0,catalogue,1
2026-08-11T09:37:06.237759+00:00,kaufland_bolt,20677016,MIONETTO PROSECCO SP ORANGE SEC11%0.2LSG,17.99,RON,,0,catalogue,1
2026-08-11T09:37:06.237945+00:00,kaufland_bolt,20783224,MIONETTO ROSÉ PROSECCO DOC 11% 0.2LSG,17.99,RON,,0,catalogue,1
2026-08-11T09:37:06.238128+00:00,kaufland_bolt,20677394,LA GIOIOSA PROSECCO SPUM DOC 10.5%0.75LS,64.99,RON,,0,catalogue,1
2026-08-11T09:37:06.238351+00:00,kaufland_bolt,20677083,MARTINI PROSECCO 11.5% SEC 0.75L,44.99,RON,,0,catalogue,1
2026-08-11T09:37:06.238523+00:00,kaufland_bolt,20678057,MASCHIO PROSECCO ROSE SEC 11% 0.75L,40.99,RON,,0,catalogue,1
2026-08-11T09:37:06.238689+00:00,kaufland_bolt,20678327,ZAREA PROSECCO DMS 11% 0.75L,49.99,RON,,0,catalogue,1
2026-08-11T09:37:06.238849+00:00,kaufland_bolt,20677018,MIONETTO VALDOBBIADENE DOCG SEC11%0.75LS,71.99,RON,,0,catalogue,1
2026-08-11T09:37:06.239065+00:00,kaufland_bolt,20677015,MIONETTO PROSEC ROSE SEC DOC 11% 0.75LSG,49.99,RON,,0,catalogue,1
2026-08-11T09:37:06.239238+00:00,kaufland_bolt,20729406,RIUNITE PROSECCO DOC TREV. SEC 11%0.75LS,40.59,RON,,0,catalogue,1
2026-08-11T09:37:06.239481+00:00,kaufland_bolt,20678329,ZAREA PROSECCO EXTRA SEC 11% DOC 0.75LSG,49.99,RON,,0,catalogue,1
2026-08-11T09:37:06.239662+00:00,kaufland_bolt,20678330,ZAREA PROSECCO ROSE 11% 0.2 L,18.89,RON,,0,catalogue,1
2026-08-11T09:37:06.239850+00:00,kaufland_bolt,20678059,MASCHIO PROSECCO TREVISO EXTRA DRY 0.2LS,15.99,RON,,0,catalogue,1
2026-08-11T09:37:06.240031+00:00,kaufland_bolt,20678328,ZAREA PROSECCO EXTRA SEC 11% DOC 0.2L,18.89,RON,,0,catalogue,1
2026-08-11T09:37:06.240361+00:00,kaufland_bolt,20679602,VOSCARINI PROSECCO FRIZZANTE10.5%0.75LSG,25.99,RON,,0,catalogue,1
2026-08-11T09:37:06.240711+00:00,kaufland_bolt,20677899,ROSE MARY PROSECCO BRUT 11% 0.75L,36.99,RON,,0,catalogue,1
2026-08-11T09:37:06.241077+00:00,kaufland_bolt,20677769,GRANDE VENTO PROSECCO EXTRA SEC11%0.75LS,42.99,RON,,0,catalogue,1
2026-08-11T09:37:06.241369+00:00,kaufland_bolt,20678056,MASCHIO PROSECCO MILLES XTRA DR11%0.75LS,64.99,RON,,0,catalogue,1
2026-08-11T09:37:06.241556+00:00,kaufland_bolt,20678331,ZAREA PROSECCO ROSE 11% 0.75L,49.99,RON,,0,catalogue,1
2026-08-11T09:37:06.241724+00:00,kaufland_bolt,20677013,MIONETTO PROSECCO EXTRA SEC 11% 0.75L,60.99,RON,,0,catalogue,1
2026-08-11T09:37:06.241899+00:00,kaufland_bolt,20678058,MASCHIO PROSECCO SEC 11% 0.75L,58.99,RON,,0,catalogue,1
2026-08-11T09:37:06.242062+00:00,kaufland_bolt,20677770,GRANDE VENTO PROSECCO ROSE 11% 0.75L,47.99,RON,,0,catalogue,1
2026-08-11T09:37:06.242236+00:00,kaufland_bolt,20729405,RIUNITE PROSECCO ROSE DOC SEC 11%0.75LSG,40.59,RON,,0,catalogue,1
2026-08-11T09:37:06.242441+00:00,kaufland_bolt,20729412,CAVICCHIOLI PROSECCO DOC DRY11%0.75L,51.99,RON,,0,catalogue,1
2026-08-11T09:37:06.242624+00:00,kaufland_bolt,20741099,CIPRIANI PROSECCO SPUM BRUT 12% 0.75L,89.99,RON,,0,catalogue,1
2026-08-11T09:37:06.242801+00:00,kaufland_bolt,20678042,PATA NEGRA CAVA BRUT SEC 0.75L,42.99,RON,,0,catalogue,1
2026-08-11T09:37:06.242963+00:00,kaufland_bolt,20677008,FREIXENET CARTA NEV SP SEC 11.5% 0.75LS,45.79,RON,,0,catalogue,1
2026-08-11T09:37:06.243136+00:00,kaufland_bolt,20677009,FREIXENET CORDON NEGRO SPM 11.5% 0.75LSG,53.99,RON,,0,catalogue,1
2026-08-11T09:37:06.243348+00:00,kaufland_bolt,20676941,RHEIN EXTRA BR IMPERIAL SPUM12.5%.0.75LS,61.89,RON,,0,catalogue,1
2026-08-11T09:37:06.243534+00:00,kaufland_bolt,20678314,ZAREA CRYSTAL SPUMANT SEC 11% 0.75L,23.99,RON,,0,catalogue,1
2026-08-11T09:37:06.243704+00:00,kaufland_bolt,20677328,PURCARI CUVEE SPUM BRUT ALB12.5% 0.75LSG,112.9,RON,,0,catalogue,1
2026-08-11T09:37:06.243908+00:00,kaufland_bolt,20677387,BLUE NUN VIN SPUMANT 24K GOLD11%0.75L,59.99,RON,,0,catalogue,1
2026-08-11T09:37:06.244088+00:00,kaufland_bolt,20677753,CINZANO GRAN DOLCE SP DULCE 9.5% 0.75LS,43.79,RON,,0,catalogue,1
2026-08-11T09:37:06.244260+00:00,kaufland_bolt,20677885,SILVANIA VIN SPUMANT PREMIUM DMS 0.75LSG,38.99,RON,,0,catalogue,1
2026-08-11T09:37:06.244466+00:00,kaufland_bolt,20722650,SECCO BIANCO PERLANT 10% 0.2L,4.99,RON,,0,catalogue,1
2026-08-11T09:37:06.244641+00:00,kaufland_bolt,20678311,ZAREA CRYSTAL SPUMANT DMS 11% 0.75L,23.99,RON,,0,catalogue,1
2026-08-11T09:37:06.244807+00:00,kaufland_bolt,20678312,ZAREA CRYSTAL SPUMANT DULCE11%0.75L,23.99,RON,,0,catalogue,1
2026-08-11T09:37:06.245017+00:00,kaufland_bolt,20678309,ZAREA CRYSTAL SP MUSCAT DULCE11.5%0.75LS,23.99,RON,,0,catalogue,1
2026-08-11T09:37:06.245210+00:00,kaufland_bolt,20677370,CRICOVA SP TRAMINER ALB DMS.12.5%0.75LSG,34.99,RON,,0,catalogue,1
2026-08-11T09:37:06.245420+00:00,kaufland_bolt,20677369,CRICOVA SP ORIGINAL ALB DMS12% 0.75LSG,28.99,RON,,0,catalogue,1
2026-08-11T09:37:06.245606+00:00,kaufland_bolt,20677368,CRICOVA SP CRISECCO ALB SEC12.5% 0.75LSG,34.99,RON,,0,catalogue,1
2026-08-11T09:37:06.245788+00:00,kaufland_bolt,20678316,ZAREA DIAMOND BRUT SPUMANT 11.5% 0.75LSG,52.99,RON,,0,catalogue,1
2026-08-11T09:37:06.245967+00:00,kaufland_bolt,20677371,CRICOVA SP.LACRIMA DULCE 9.5% DMD0.75LSG,34.99,RON,,0,catalogue,1
2026-08-11T09:37:06.246138+00:00,kaufland_bolt,20678277,DORATO SPUM DMS GAZEIFICAT 11% 0.75L,19.99,RON,,0,catalogue,1
2026-08-11T09:37:06.246364+00:00,kaufland_bolt,20677042,BACIO BOLLE WHITE MOSC.SPUM 7% 0.75L,31.99,RON,,0,catalogue,1
2026-08-11T09:37:06.246553+00:00,kaufland_bolt,20677901,ROSE MARY SPUMANT DMS 10.5% 0.75L,26.49,RON,,0,catalogue,1
2026-08-11T09:37:06.246713+00:00,kaufland_bolt,20738167,JIDVEI SCINTTI BRUT 11% 0.75L,30.19,RON,,0,catalogue,1
2026-08-11T09:37:06.246877+00:00,kaufland_bolt,20677287,ZAZ VIN SPUM. ALB BRUT 12.5% 0.75 L,37.99,RON,,0,catalogue,1
2026-08-11T09:37:06.247049+00:00,kaufland_bolt,20676980,ANGELLI ELEGANCE MUSCAT DOUX 11%. 0.75LS,34.99,RON,,0,catalogue,1
2026-08-11T09:37:06.247231+00:00,kaufland_bolt,20738168,JIDVEI SCINTTI EXTRA DRY 11%0.75L,30.19,RON,,0,catalogue,1
2026-08-11T09:37:06.247436+00:00,kaufland_bolt,20677010,HENKELL TROCKEN SPUM SEC 11.5%0.75L,34.65,RON,,0,catalogue,1
2026-08-11T09:37:06.247610+00:00,kaufland_bolt,20676971,ANGELLI BLAN DE BLANCS DMS 12.5% 0.75LSG,26.69,RON,,0,catalogue,1
2026-08-11T09:37:06.247782+00:00,kaufland_bolt,20677952,GARRONE PRESTIGE SPUMANT 11% 0.75L,24.99,RON,,0,catalogue,1
2026-08-11T09:37:06.247955+00:00,kaufland_bolt,20677040,BACIO BOLLE GR.CUVEE BRUT SPUM12% 0.75LS,28.99,RON,,0,catalogue,1
2026-08-11T09:37:06.248132+00:00,kaufland_bolt,20678324,ZAREA LAMBRUSCO ALB 9% 0.75L,29.99,RON,,0,catalogue,1
2026-08-11T09:37:06.248323+00:00,kaufland_bolt,20744899,ZZPELIN FRIZZANTE ALB 11.5% 0.75L,37.49,RON,,0,catalogue,1
2026-08-11T09:37:06.248505+00:00,kaufland_bolt,20678336,ZAREA ROYAL GOLD 23K SPUM.11% 0.75L,49.99,RON,,0,catalogue,1
2026-08-11T09:37:06.248682+00:00,kaufland_bolt,20677751,"CINZANO ASTI SPUMANT DLC 7% 0,75L",75.99,RON,,0,catalogue,1
2026-08-11T09:37:06.248857+00:00,kaufland_bolt,20676978,ANGELLI CUVEE IMP SECCO 11.5%0.75L,26.69,RON,,0,catalogue,1
2026-08-11T09:37:06.249120+00:00,kaufland_bolt,20678317,ZAREA DIAMOND SPUMANT DMS 11.5% 0.75L,52.99,RON,,0,catalogue,1
2026-08-11T09:37:06.249319+00:00,kaufland_bolt,20676969,ADOR FRIZZANTE DMD 10.5% 0.75L,17.99,RON,,0,catalogue,1
2026-08-11T09:37:06.249488+00:00,kaufland_bolt,20676977,ANGELLI CUVEE IMP MIGNON DMS11%0.2LSG,11.99,RON,,0,catalogue,1
2026-08-11T09:37:06.249667+00:00,kaufland_bolt,20676979,ANGELLI CUVEE IMPERIAL SP DMS11%0.75L SG,26.69,RON,,0,catalogue,1
2026-08-11T09:37:06.249872+00:00,kaufland_bolt,20676981,ANGELLI GRAN MOSCATO SP DLC 10.5% 0.75LS,26.69,RON,,0,catalogue,1
2026-08-11T09:37:06.250057+00:00,kaufland_bolt,20677037,AURELIUS GLERA 12% 0.75L,64.99,RON,,0,catalogue,1
2026-08-11T09:37:06.250221+00:00,kaufland_bolt,20677129,SCHLUMBERGER SPUM CUVEE KLIMT 12% 0.75LS,91.99,RON,,0,catalogue,1
2026-08-11T09:37:06.250446+00:00,kaufland_bolt,20677268,COTNARI FRANCUSA EXTRA SEC11%DOC0.75L,30.49,RON,,0,catalogue,1
2026-08-11T09:37:06.250725+00:00,kaufland_bolt,20677272,COTNARI TAM. ROM DLC11% DOC0.75L,30.49,RON,,0,catalogue,1
2026-08-11T09:37:06.251046+00:00,kaufland_bolt,20677331,PURCARI GRANDE CUVEE EX BRUT12.5% 0.75LS,219.0,RON,,0,catalogue,1
2026-08-11T09:37:06.251423+00:00,kaufland_bolt,20677715,DOM PANCIU RIS SPUMANT 12.5% 0.75L,32.99,RON,,0,catalogue,1
2026-08-11T09:37:06.251695+00:00,kaufland_bolt,20677985,JIDVEI SPUM EXTRA BRUT 12% DOC 0.75L,64.99,RON,,0,catalogue,1
2026-08-11T09:37:06.251942+00:00,kaufland_bolt,20678069,RIUNITE LAMBRUSCO ROSE EMILIA 8% 0.75LSG,23.59,RON,,0,catalogue,1
2026-08-11T09:37:06.252150+00:00,kaufland_bolt,20678326,ZAREA LAMBRUSCO ROSE VIN PETIANT 0.75LSG,29.99,RON,,0,catalogue,1
2026-08-11T09:37:06.252386+00:00,kaufland_bolt,20678313,ZAREA CRYSTAL SPUM ROSE DMS.11%0.75L,23.99,RON,,0,catalogue,1
2026-08-11T09:37:06.252589+00:00,kaufland_bolt,20677329,PURCARI CUVEE SPUM ROSE BRUT12.5% 0.75LS,112.9,RON,,0,catalogue,1
2026-08-11T09:37:06.252915+00:00,kaufland_bolt,20677709,CASA PANCIU FRIZZANTE ROSE DMS 0.75L,22.49,RON,,0,catalogue,1
2026-08-11T09:37:06.253697+00:00,kaufland_bolt,20677900,ROSE MARY PROSECCO ROSE 11% 0.75L,36.99,RON,,0,catalogue,1
2026-08-11T09:37:06.254053+00:00,kaufland_bolt,20678068,RIUNITE LAMBRUSCO ROSE EMILIA 8% 0.187LS,10.89,RON,,0,catalogue,1
2026-08-11T09:37:06.254447+00:00,kaufland_bolt,20722651,SECCO ROSATO PERLANT 10% 0.2L,4.99,RON,,0,catalogue,1
2026-08-11T09:37:06.254788+00:00,kaufland_bolt,20677716,DOM PANCIU RIS SPUMANT ROSE DMS 0.75LS,32.99,RON,,0,catalogue,1
2026-08-11T09:37:06.255118+00:00,kaufland_bolt,20677375,CRICOVA VIN SPUMANT ROZ DMS 12% 0.75L,28.99,RON,,0,catalogue,1
2026-08-11T09:37:06.255490+00:00,kaufland_bolt,20694216,ZAREA ROYAL GOLD 23K ROSE 0.75L,49.99,RON,,0,catalogue,1
2026-08-11T09:37:06.255827+00:00,kaufland_bolt,20677041,BACIO BOLLE PINK MOSC.SPUM DULCE7%0.75LS,31.99,RON,,0,catalogue,1
2026-08-11T09:37:06.256189+00:00,kaufland_bolt,20677755,CINZANO ROZE SPUMANT 9.5% 0.75L,45.99,RON,,0,catalogue,1
2026-08-11T09:37:06.256523+00:00,kaufland_bolt,20738166,JIDVEI SCINTTI BRUT ROSE 11% 0.75L,30.19,RON,,0,catalogue,1
2026-08-11T09:37:06.256806+00:00,kaufland_bolt,20744900,ZZPELIN FRIZZANTE ROSE 11.5% 0.75L,37.49,RON,,0,catalogue,1
2026-08-11T09:37:06.257034+00:00,kaufland_bolt,20763921,ZAREA SPUM ICE ROSE DMS 10.5% 0.75L,34.99,RON,,0,catalogue,1
2026-08-11T09:37:06.257210+00:00,kaufland_bolt,20677357,CRICOVA CRISECCO SP. ROSE SEC12.5%0.75LS,34.99,RON,,0,catalogue,1
2026-08-11T09:37:06.257426+00:00,kaufland_bolt,20677362,CRICOVA LACRIMA D SPUM ROSE DMS10%0.75LS,34.99,RON,,0,catalogue,1
2026-08-11T09:37:06.257611+00:00,kaufland_bolt,20676989,ANGELLI ROSE NOIRES SP DMS 11.5% 0.75LSG,26.69,RON,,0,catalogue,1
2026-08-11T09:37:06.257822+00:00,kaufland_bolt,20677039,AURELIUS ROSE BRUT 12% 0.75L,64.99,RON,,0,catalogue,1
2026-08-11T09:37:06.257989+00:00,kaufland_bolt,20677388,BLUE NUN VIN SPUMANT ROSE 24K 11%0.75LSG,59.99,RON,,0,catalogue,1
2026-08-11T09:37:06.258168+00:00,kaufland_bolt,20677395,LA GIOIOSA ROSEA SPUM ROSE BRUT11%0.75LS,67.99,RON,,0,catalogue,1
2026-08-11T09:37:06.258385+00:00,kaufland_bolt,20677712,DOM PANCIU RIS ROSE DMS 12% DOC 0.75L,29.99,RON,,0,catalogue,1
2026-08-11T09:37:06.258555+00:00,kaufland_bolt,20677882,SILVANIA SPUM LUX ROSE BRUT 12% 0.75L,54.99,RON,,0,catalogue,1
2026-08-11T09:37:06.258728+00:00,kaufland_bolt,20677986,JIDVEI SPUMANT ROSE BRUT 12% DOC 0.75LSG,64.99,RON,,0,catalogue,1
2026-08-11T09:37:06.258932+00:00,kaufland_bolt,20741101,CIPRIANI SPUMANT ROSE BRUT 12% 0.75L,85.99,RON,,0,catalogue,1
2026-08-11T09:37:06.259193+00:00,kaufland_bolt,20677421,TAITTINGER CHAMPAGNE BRUT 12.5% 0.75L,309.0,RON,,0,catalogue,1
2026-08-11T09:37:06.259449+00:00,kaufland_bolt,20677427,MOET ROSE IMPER SAMP 12% AOC 0.75L CUTSG,335.0,RON,,0,catalogue,1
2026-08-11T09:37:06.259634+00:00,kaufland_bolt,20677080,LAURENT PERRIER CUVEE SAMPANIE AOC0.75LS,369.0,RON,,0,catalogue,1
2026-08-11T09:37:06.259820+00:00,kaufland_bolt,20677426,MOET BRUT IMPER SAMP 12% AOC 0.75L CUTSG,285.0,RON,,0,catalogue,1
2026-08-11T09:37:06.260040+00:00,kaufland_bolt,20677819,PIPER HEIDSIECK SAMPANIE BRUT 12% 0.75LS,259.0,RON,,0,catalogue,1
2026-08-11T09:37:06.260394+00:00,kaufland_bolt,20679804,MOET CHANDON NECTAR IMP 12% 0.75L CUT,305.0,RON,,0,catalogue,1
2026-08-11T09:37:06.263689+00:00,kaufland_bolt,20677591,OSBORNE VIN PORTO RUBY 19% 0.75L,84.99,RON,,0,catalogue,1
2026-08-11T09:37:06.269746+00:00,kaufland_bolt,20677665,SCAVI&RAY AL CIOCCOLATA VIN 10% 0.75L,43.99,RON,,0,catalogue,1
2026-08-11T09:37:06.270054+00:00,kaufland_bolt,20677588,OSBORNE CREAM SHERRY 17% 0.75L,69.99,RON,,0,catalogue,1
2026-08-11T09:37:06.270246+00:00,kaufland_bolt,20677589,OSBORNE GOLDEN SHERRY 15% 0.75L,69.99,RON,,0,catalogue,1
2026-08-11T09:37:06.270880+00:00,kaufland_bolt,20677932,SENATOR FLORIO 18% 0.5L,22.99,RON,,0,catalogue,1
2026-08-11T09:37:06.271064+00:00,kaufland_bolt,20677012,MIONETTO PROSECCO DOC BIO 11% 0.75L,61.79,RON,,0,catalogue,1
2026-08-11T09:37:06.271251+00:00,kaufland_bolt,20677014,MIONETTO PROSEC ORANGE VEGAN NA 0.75L,49.99,RON,,0,catalogue,1
2026-08-11T09:37:06.271482+00:00,kaufland_bolt,20677204,BUDUREASCA MERLOT SEC BIO 13% 0.75L,66.99,RON,,0,catalogue,1
2026-08-11T09:37:06.271673+00:00,kaufland_bolt,20677178,BUDUREASCA ROSE SEC BIO 0.75L,66.99,RON,,0,catalogue,1
2026-08-11T09:37:06.271846+00:00,kaufland_bolt,20677196,BUDUREASCA CHARDONNAY SEC BIO 0.75L,66.99,RON,,0,catalogue,1
2026-08-11T09:37:18.782538+00:00,mega_image,42886,Vin rosu demisec Feteasca Neagra & Merlot 750ml,15.49,RON,,0,catalogue,1
2026-08-11T09:37:18.783066+00:00,mega_image,41845,Vin rose demisec 750ml,15.39,RON,,0,catalogue,1
2026-08-11T09:37:18.783283+00:00,mega_image,41833,Vin rose demisec 0.75L,27.49,RON,,0,catalogue,1
2026-08-11T09:37:18.783482+00:00,mega_image,42379,Vin rosu sec Rara Neagra 0.75L,57.29,RON,,0,catalogue,1
2026-08-11T09:37:18.783690+00:00,mega_image,41919,Vin alb demisec Dry Muscat 0.75L,26.89,RON,,0,catalogue,1
2026-08-11T09:37:18.783876+00:00,mega_image,41956,Vin alb demidulce Grasa de Cotnari 0.75L,20.29,RON,,0,catalogue,1
2026-08-11T09:37:18.784061+00:00,mega_image,42009,Vin alb sec Riesling 0.75L,20.19,RON,,0,catalogue,1
2026-08-11T09:37:18.784415+00:00,mega_image,43206,Vin Busuioaca de Bohotin 0.75L,14.49,RON,,0,catalogue,1
2026-08-11T09:37:18.784640+00:00,mega_image,42602,Pelin alb de Urlati 0.75L,18.99,RON,,0,catalogue,1
2026-08-11T09:37:18.784818+00:00,mega_image,60109,Prosecco 0.75L,25.99,RON,,0,catalogue,1
2026-08-11T09:37:18.785116+00:00,mega_image,42319,Prosecco 0.75L,50.59,RON,,0,catalogue,1
2026-08-11T09:37:18.785402+00:00,mega_image,42808,Vin alb sec 0.75L,37.29,RON,,0,catalogue,1
2026-08-11T09:37:18.785569+00:00,mega_image,42353,Vin rosu Rara Neagra Saperavi 0.75L,41.29,RON,,0,catalogue,1
2026-08-11T09:37:18.785770+00:00,mega_image,41813,Vin alb sec Chardonnay de Purcari 0.75L,40.09,RON,,0,catalogue,1
2026-08-11T09:37:18.785984+00:00,mega_image,42868,Vin rose sec Rara Neagra 0.75L,41.29,RON,,0,catalogue,1
2026-08-11T09:37:18.786194+00:00,mega_image,43525,Vin alb sec Chardonnay & Feteasca Regala 0.75L,34.99,RON,,0,catalogue,1
2026-08-11T09:37:18.786402+00:00,mega_image,41830,Prosecco DOC Treviso Orange 0.75L,48.49,RON,,0,catalogue,1
2026-08-11T09:37:18.786788+00:00,mega_image,42826,Vin roze sec 0.75L,37.79,RON,,0,catalogue,1
2026-08-11T09:37:18.786956+00:00,mega_image,43226,Vin alb sec Chardonnay 0.75L,33.89,RON,,0,catalogue,1
2026-08-11T09:37:18.787164+00:00,mega_image,52449,Vin alb demisec 0.75L,28.99,RON,,0,catalogue,1
2026-08-11T09:37:18.787325+00:00,mega_image,41823,Vin roze sec 0.75L,39.59,RON,,0,catalogue,1
2026-08-11T09:37:18.787485+00:00,mega_image,41958,Prosecco Extra Dry 0.75L,36.99,RON,,0,catalogue,1
2026-08-11T09:37:18.787650+00:00,mega_image,43492,Vin alb sec Viorica Pinot Grigio 0.75L,42.79,RON,,0,catalogue,1
2026-08-11T09:37:18.787842+00:00,mega_image,43781,Prosecco roze 0.75L,64.09,RON,,0,catalogue,1
2026-08-11T09:37:18.788015+00:00,mega_image,42723,Vin alb sec Sauvignon Blanc 0.75L,40.09,RON,,0,catalogue,1
2026-08-11T09:37:18.788311+00:00,mega_image,42813,Vin alb sec Pinot Grigio de Purcari 0.75L,40.09,RON,,0,catalogue,1
2026-08-11T09:37:18.788520+00:00,mega_image,42707,Vin rosu Feteasca Neagra Malbec 0.75L,42.39,RON,,0,catalogue,1
2026-08-11T09:37:18.788707+00:00,mega_image,42724,Vin roze demisec 0.75L,24.09,RON,,0,catalogue,1
2026-08-11T09:37:18.788865+00:00,mega_image,41848,Vin rosu sec Rara Neagra-Saperavi 0.75L,40.19,RON,,0,catalogue,1
2026-08-11T09:37:18.789140+00:00,mega_image,42467,Vin rose sec 0.75L,34.29,RON,,0,catalogue,1
2026-08-11T09:37:18.789336+00:00,mega_image,42635,Vin rosu demidulce Feteasca Neagra 0.75L,23.99,RON,,0,catalogue,1
2026-08-11T09:37:18.789597+00:00,mega_image,42514,Vin rosu demidulce Cabernet Sauvignon & Pinot Noir 0.75L,20.39,RON,,0,catalogue,1
2026-08-11T09:37:18.789785+00:00,mega_image,59983,Vin alb sec Chardonnay 0.75L,34.43,RON,,0,catalogue,1
2026-08-11T09:37:18.789958+00:00,mega_image,42850,Pelin rose de Urlati 0.75L,18.99,RON,,0,catalogue,1
2026-08-11T09:37:18.790159+00:00,mega_image,42002,Vin alb demisec Gewurztraminer 0.75L,25.49,RON,,0,catalogue,1
2026-08-11T09:37:18.790335+00:00,mega_image,66169,Vin roze sec 0.75L,27.49,RON,,0,catalogue,1
2026-08-11T09:37:18.790500+00:00,mega_image,56979,Vin rose demidulce Busuioaca de Bohotin 0.75L,37.09,RON,,0,catalogue,1
2026-08-11T09:37:18.790671+00:00,mega_image,42537,Vin petiant rose 750ml,24.89,RON,,0,catalogue,1
2026-08-11T09:37:18.790873+00:00,mega_image,41827,Vin roze demisec 0.75L,26.39,RON,,0,catalogue,1
2026-08-11T09:37:18.791036+00:00,mega_image,69088,Vin alb sec 0.75L,39.99,RON,,0,catalogue,1
2026-08-11T09:37:18.791295+00:00,mega_image,43613,Vin rosu sec Merlot & Rara Neagra 0.75L,34.99,RON,,0,catalogue,1
2026-08-11T09:37:18.791507+00:00,mega_image,41917,Vin alb demisec Feteasca Regala 0.75L,21.89,RON,,0,catalogue,1
2026-08-11T09:37:18.791685+00:00,mega_image,69087,Vin rosu demisec Red Blend 0.75L,39.99,RON,,0,catalogue,1
2026-08-11T09:37:18.791875+00:00,mega_image,66063,Vin alb sec Albarino & Sauvignon Blanc 0.75L,59.99,RON,,0,catalogue,1
2026-08-11T09:37:18.792074+00:00,mega_image,43011,Vin roze demisec Cabernet Sauvignon 0.75L,37.09,RON,,0,catalogue,1
2026-08-11T09:37:18.792302+00:00,mega_image,71602,Vin roze sec 0.75L,43.49,RON,,0,catalogue,1
2026-08-11T09:37:18.792495+00:00,mega_image,42360,Vin Rose Lambrusco 0.75L,31.99,RON,,0,catalogue,1
2026-08-11T09:37:18.792688+00:00,mega_image,59230,Vin spumant 0.75L,31.99,RON,,0,catalogue,1
2026-08-11T09:37:18.792842+00:00,mega_image,42668,Vin alb dulce Tamaioasa Romaneasca 0.75L,18.29,RON,,0,catalogue,1
2026-08-11T09:37:19.580614+00:00,mega_image,56776,Vin alb demisec Feteasca Regala 0.75L,24.89,RON,,0,catalogue,1
2026-08-11T09:37:19.580866+00:00,mega_image,42652,Lambrusco rose 0.75L,28.69,RON,,0,catalogue,1
2026-08-11T09:37:19.581151+00:00,mega_image,42822,Vin alb sec Viorica 0.75L,41.09,RON,,0,catalogue,1
2026-08-11T09:37:19.581352+00:00,mega_image,65884,Vin rose 0.75L,17.49,RON,,0,catalogue,1
2026-08-11T09:37:19.581663+00:00,mega_image,41799,Vin roze demidulce 0.75L,19.89,RON,,0,catalogue,1
2026-08-11T09:37:19.581919+00:00,mega_image,43795,Vin roze sec Cabernet Sauvignon 0.75L,34.89,RON,,0,catalogue,1
2026-08-11T09:37:19.582139+00:00,mega_image,42759,Vin rosu sec Cabernet Sauvignon 0.75L,34.39,RON,,0,catalogue,1
2026-08-11T09:37:19.582338+00:00,mega_image,43768,Prosecco Extra Dry 750ml,30.49,RON,,0,catalogue,1
2026-08-11T09:37:19.582570+00:00,mega_image,42520,Vin roze demisec 0.75L,34.79,RON,,0,catalogue,1
2026-08-11T09:37:19.582754+00:00,mega_image,43419,Vin rosu sec Cabernet Sauvignon & Rara Neagra 0.75L,34.99,RON,,0,catalogue,1
2026-08-11T09:37:19.583008+00:00,mega_image,42659,Vin alb sec Aligote 0.75L,40.49,RON,,0,catalogue,1
2026-08-11T09:37:19.583237+00:00,mega_image,60041,Vin rosu Feteasca Neagra 0.75L,34.59,RON,,0,catalogue,1
2026-08-11T09:37:19.583423+00:00,mega_image,42518,Vin rosu dulce 0.75L,17.49,RON,,0,catalogue,1
2026-08-11T09:37:19.583600+00:00,mega_image,45198,Vin alb demidulce Muscat Ottonel 0.75L,24.79,RON,,0,catalogue,1
2026-08-11T09:37:19.583790+00:00,mega_image,43861,Vin alb demidulce 1.5L,23.89,RON,,0,catalogue,1
2026-08-11T09:37:19.583958+00:00,mega_image,43223,Vin alb demisec Sauvignon Blanc 750ml,15.79,RON,,0,catalogue,1
2026-08-11T09:37:19.584174+00:00,mega_image,41838,Vin alb demisec Feteasca Regala 0.75L,25.89,RON,,0,catalogue,1
2026-08-11T09:37:19.584371+00:00,mega_image,58449,Spumant roze brut Rara Neagra 0.75L,41.19,RON,,0,catalogue,1
2026-08-11T09:37:19.584551+00:00,mega_image,43294,Vin rosu sec 0.75L,37.69,RON,,0,catalogue,1
2026-08-11T09:37:19.584899+00:00,mega_image,42382,Vin rosu demisec Feteasca Neagra 0.75L,18.99,RON,,0,catalogue,1
2026-08-11T09:37:19.585190+00:00,mega_image,43326,Vin rose demidulce Busuioaca & Merlot 0.75L,30.39,RON,,0,catalogue,1
2026-08-11T09:37:19.585397+00:00,mega_image,42669,Vin rosu demisec Feteasca Neagra 0.75L,34.69,RON,,0,catalogue,1
2026-08-11T09:37:19.585582+00:00,mega_image,42628,Vin rose demisec 0.75L,24.39,RON,,0,catalogue,1
2026-08-11T09:37:19.585823+00:00,mega_image,43351,Vin rose demisec Sorginte 0.75L,43.69,RON,,0,catalogue,1
2026-08-11T09:37:19.586083+00:00,mega_image,43399,Pelin rosu de Urlati 0.75L,18.99,RON,,0,catalogue,1
2026-08-11T09:37:19.586320+00:00,mega_image,43786,Vin roze demisec Muse Night 0.75L,80.09,RON,,0,catalogue,1
2026-08-11T09:37:19.586518+00:00,mega_image,43727,Vin alb demisec Sauvignon Blanc 0.75L,34.79,RON,,0,catalogue,1
2026-08-11T09:37:19.586703+00:00,mega_image,65071,Vin alb sec Zgihara de Husi 0.75L,17.69,RON,,0,catalogue,1
2026-08-11T09:37:19.586930+00:00,mega_image,53119,Vin roze Grenache Cinsault 0.75L,26.09,RON,,0,catalogue,1
2026-08-11T09:37:19.587316+00:00,mega_image,42970,Vin rosu dulce Cabernet Sauvignon 0.75L,24.39,RON,,0,catalogue,1
2026-08-11T09:37:19.587640+00:00,mega_image,43235,Vin roze demidulce Traditional 0.75L,19.29,RON,,0,catalogue,1
2026-08-11T09:37:19.587829+00:00,mega_image,68896,Vin spumant roze demisec Ice Edition 1.5L,67.09,RON,,0,catalogue,1
2026-08-11T09:37:19.588006+00:00,mega_image,68893,Vin spumant alb demisec Ice Edition 1.5L,67.09,RON,,0,catalogue,1
2026-08-11T09:37:19.588231+00:00,mega_image,65386,Vin alb licoros dulce 0.75L,41.79,RON,,0,catalogue,1
2026-08-11T09:37:19.588422+00:00,mega_image,43789,Vin alb Pinot Grigio 0.75L,34.59,RON,,0,catalogue,1
2026-08-11T09:37:19.588613+00:00,mega_image,42394,Vin roze demisec 0.75L,18.99,RON,,0,catalogue,1
2026-08-11T09:37:19.588794+00:00,mega_image,41930,Vin alb demisec Feteasca Regala 0.75L,19.89,RON,,0,catalogue,1
2026-08-11T09:37:19.589014+00:00,mega_image,66186,Vin alb 0.75L,32.29,RON,,0,catalogue,1
2026-08-11T09:37:19.589308+00:00,mega_image,43307,Vin roze demisec 0.75L,30.69,RON,,0,catalogue,1
2026-08-11T09:37:19.589552+00:00,mega_image,43352,Vin alb sec Riesling de Rhin 0.75L,27.99,RON,,0,catalogue,1
2026-08-11T09:37:19.589762+00:00,mega_image,42954,Vin rosu Bordeaux 0.75L,37.69,RON,,0,catalogue,1
2026-08-11T09:37:19.589938+00:00,mega_image,65869,Vin alb sec Colombard Sauvignon 0.75L,26.09,RON,,0,catalogue,1
2026-08-11T09:37:19.590173+00:00,mega_image,66060,Vin rosu sec Feteasca Neagra & Tempranillo 0.75L,70.19,RON,,0,catalogue,1
2026-08-11T09:37:19.590384+00:00,mega_image,60049,Vin alb demisec Muse Alb 0.75L,71.89,RON,,0,catalogue,1
2026-08-11T09:37:19.590566+00:00,mega_image,42355,Prosecco 0.75L,50.39,RON,,0,catalogue,1
2026-08-11T09:37:19.590734+00:00,mega_image,43043,Vin rose demisec 0.75L,22.39,RON,,0,catalogue,1
2026-08-11T09:37:19.590903+00:00,mega_image,43054,Vin alb sec Chardonnay 0.75L,24.89,RON,,0,catalogue,1
2026-08-11T09:37:19.591095+00:00,mega_image,42887,Vin rosu demisec 0.75L,15.19,RON,,0,catalogue,1
2026-08-11T09:37:19.591297+00:00,mega_image,42812,Vin alb demisec Sauvignon Blanc 0.75L,18.99,RON,,0,catalogue,1
2026-08-11T09:37:20.196184+00:00,mega_image,65545,Vin alb Feteasca Alba 0.75L,30.39,RON,,0,catalogue,1
2026-08-11T09:37:20.196436+00:00,mega_image,42661,Vin spumant dulce 0.75L,48.29,RON,,0,catalogue,1
2026-08-11T09:37:20.196619+00:00,mega_image,43717,Lambrusco Bianco dell' Emilia 0.75L,31.99,RON,,0,catalogue,1
2026-08-11T09:37:20.196861+00:00,mega_image,42818,Vin rosu sec Merlot de Purcari 0.75L,41.79,RON,,0,catalogue,1
2026-08-11T09:37:20.197205+00:00,mega_image,59773,Vin alb Cramposie Selectionata 0.75L,47.77,RON,,0,catalogue,1
2026-08-11T09:37:20.197419+00:00,mega_image,59782,Vin rosu sec Negru de Dragasani 0.75L,41.19,RON,,0,catalogue,1
2026-08-11T09:37:20.197601+00:00,mega_image,43114,Vin roze sec Merlot & Syrah & Pinot Noir 0.75L,37.89,RON,,0,catalogue,1
2026-08-11T09:37:20.197815+00:00,mega_image,43123,Vin alb demisec 0.75L,16.59,RON,,0,catalogue,1
2026-08-11T09:37:20.197980+00:00,mega_image,64196,Vin rosu Primitivo di Manduria 0.75L,74.89,RON,,0,catalogue,1
2026-08-11T09:37:20.198217+00:00,mega_image,44874,Vin rosu sec Primitivo Puglia 0.75L,56.79,RON,,0,catalogue,1
2026-08-11T09:37:20.198399+00:00,mega_image,42944,Vin alb demidulce 750ml,20.39,RON,,0,catalogue,1
2026-08-11T09:37:20.198556+00:00,mega_image,42937,Vin alb sec Feteasca alba 0.75L,20.19,RON,,0,catalogue,1
2026-08-11T09:37:20.198737+00:00,mega_image,42840,Vin alb 0.75L,44.29,RON,,0,catalogue,1
2026-08-11T09:37:20.198911+00:00,mega_image,42539,Vin spumant alb demisec 0.75L,52.99,RON,,0,catalogue,1
2026-08-11T09:37:20.199080+00:00,mega_image,42717,Vin roze demisec 0.75L,15.19,RON,,0,catalogue,1
2026-08-11T09:37:20.199284+00:00,mega_image,67234,Vin rosu sec Merlot & Rara Neagra 0.75L,43.79,RON,,0,catalogue,1
2026-08-11T09:37:20.199547+00:00,mega_image,43084,Vin rosu sec Cabernet Sauvignon 0.75L,24.39,RON,,0,catalogue,1
2026-08-11T09:37:20.199729+00:00,mega_image,42573,Vin roze demisec Merlot 0.75L,39.39,RON,,0,catalogue,1
2026-08-11T09:37:20.200379+00:00,mega_image,57366,Vin lab sec Sauvignon Blanc 0.75L,40.89,RON,,0,catalogue,1
2026-08-11T09:37:20.200568+00:00,mega_image,42733,Vin rosu demisec Pinot Noir 0.75L,24.39,RON,,0,catalogue,1
2026-08-11T09:37:20.200750+00:00,mega_image,71595,"Vin alb demisec Feteasca Regala, Chardonnay 0.75L",28.69,RON,,0,catalogue,1
2026-08-11T09:37:20.200943+00:00,mega_image,57117,Vin rosu sec 0.75L,40.79,RON,,0,catalogue,1
2026-08-11T09:37:20.201184+00:00,mega_image,58394,Vin alb sec Sauvignon Blanc 0.75L,31.59,RON,,0,catalogue,1
2026-08-11T09:37:20.201374+00:00,mega_image,42815,Vin alb demisec Pinot Gris 0.75L,26.29,RON,,0,catalogue,1
2026-08-11T09:37:20.201560+00:00,mega_image,2976,Vin spumant alb demisec 0.75L,28.49,RON,,0,catalogue,1
2026-08-11T09:37:20.201728+00:00,mega_image,905,Vin rosu 0.75L,121.99,RON,,0,catalogue,1
2026-08-11T09:37:20.201927+00:00,mega_image,3185,Vin alb sec Sauvignon Blanc 0.75L,34.79,RON,,0,catalogue,1
2026-08-11T09:37:20.202172+00:00,mega_image,44826,Vin alb sec Aligote 0.75L,63.79,RON,,0,catalogue,1
2026-08-11T09:37:20.202372+00:00,mega_image,43103,"Vin rosu sec Cabernet Sauvignon, Merlot, Syrah 0.75L",43.49,RON,,0,catalogue,1
2026-08-11T09:37:20.202579+00:00,mega_image,42734,Vin rosu Feteasca Neagra 0.75L,33.09,RON,,0,catalogue,1
2026-08-11T09:37:20.202780+00:00,mega_image,59299,Vin rosu sec Feteasca Neagra de Purcari 0.75L,61.99,RON,,0,catalogue,1
2026-08-11T09:37:20.202977+00:00,mega_image,44015,Vin alb dulce Tamaioasa Romaneasca 0.75L,37.19,RON,,0,catalogue,1
2026-08-11T09:37:20.203201+00:00,mega_image,42700,Vin rosu sec Cabernet 0.75L,55.69,RON,,0,catalogue,1
2026-08-11T09:37:20.203374+00:00,mega_image,43430,Vin alb sec 750ml,52.49,RON,,0,catalogue,1
2026-08-11T09:37:20.203556+00:00,mega_image,44917,Vin alb sec Chardonnay 0.75L,43.79,RON,,0,catalogue,1
2026-08-11T09:37:20.203739+00:00,mega_image,43664,Vin rosu sec Cabernet Sauvignon 0.75L,47.99,RON,,0,catalogue,1
2026-08-11T09:37:20.203918+00:00,mega_image,42992,Vin roze demisec 0.75L,47.99,RON,,0,catalogue,1
2026-08-11T09:37:20.204085+00:00,mega_image,43284,Vin rosu Merlot Rezerva 0.75L,62.29,RON,,0,catalogue,1
2026-08-11T09:37:20.204320+00:00,mega_image,45380,Vin rosu demisec Feteasca Neagra 0.75L,19.69,RON,,0,catalogue,1
2026-08-11T09:37:20.204548+00:00,mega_image,59781,Vin rose 0.75L,47.79,RON,,0,catalogue,1
2026-08-11T09:37:20.204710+00:00,mega_image,43032,Vin alb sec Sauvignon Blanc 0.75L,43.49,RON,,0,catalogue,1
2026-08-11T09:37:20.204881+00:00,mega_image,43120,Vin rosu sec Merlot 750ml,55.49,RON,,0,catalogue,1
2026-08-11T09:37:20.205138+00:00,mega_image,42989,Vin rosu sec Merlot & Cabernet Sauvignon 750ml,50.39,RON,,0,catalogue,1
2026-08-11T09:37:20.205339+00:00,mega_image,43540,Vin rosu demisec Merlot 0.75L,29.29,RON,,0,catalogue,1
2026-08-11T09:37:20.205513+00:00,mega_image,57116,Vin alb sec 750ml,40.29,RON,,0,catalogue,1
2026-08-11T09:37:20.205672+00:00,mega_image,43190,Vin roze sec Syrah 0.75L,42.79,RON,,0,catalogue,1
2026-08-11T09:37:20.205838+00:00,mega_image,65546,Vin rosu demisec Feteasca Neagra 0.75L,29.59,RON,,0,catalogue,1
2026-08-11T09:37:20.206026+00:00,mega_image,43166,Vin rosu sec 0.75L,50.79,RON,,0,catalogue,1
2026-08-11T09:37:20.772017+00:00,mega_image,59427,Vin alb sec San Angelo Pinot Grigio 0.75L,111.99,RON,,0,catalogue,1
2026-08-11T09:37:20.772308+00:00,mega_image,43374,Vin rosu sec Cabernet Sauvignon Rezerva 0.75L,76.09,RON,,0,catalogue,1
2026-08-11T09:37:20.772538+00:00,mega_image,43340,Vin rosu sec Negru de Dragasani 0.75L,53.99,RON,,0,catalogue,1
2026-08-11T09:37:20.772792+00:00,mega_image,66189,Vin rosu 0.75L,32.29,RON,,0,catalogue,1
2026-08-11T09:37:20.773014+00:00,mega_image,43458,Vin alb demidulce Muscat Ottonel 0.75L,29.69,RON,,0,catalogue,1
2026-08-11T09:37:20.773230+00:00,mega_image,43504,Vin rosu frizant dulce Lambrusco 0.75L,47.49,RON,,0,catalogue,1
2026-08-11T09:37:20.773414+00:00,mega_image,65935,Vin rosu sec Feteasca Neagra 0.75L,42.69,RON,,0,catalogue,1
2026-08-11T09:37:20.773632+00:00,mega_image,43372,Vin rosu sec Merlot 0.75L,63.59,RON,,0,catalogue,1
2026-08-11T09:37:20.773819+00:00,mega_image,67150,Vin alb sec Sauvignon Blanc Chardonnay 0.75L,61.99,RON,,0,catalogue,1
2026-08-11T09:37:20.774004+00:00,mega_image,65936,Vin alb sec Sauvignon Blanc 0.75L,48.99,RON,,0,catalogue,1
2026-08-11T09:37:20.774234+00:00,mega_image,58407,Vin rosu sec Merlot 0.75L,33.69,RON,,0,catalogue,1
2026-08-11T09:37:20.774432+00:00,mega_image,67715,Vin roze demisec 0.75L,20.79,RON,,0,catalogue,1
2026-08-11T09:37:20.774631+00:00,mega_image,54537,Vin rosu 0.75L,132.18,RON,,0,catalogue,1
2026-08-11T09:37:20.774810+00:00,mega_image,43616,Vin rosu sec Saperavi 0.75L,115.79,RON,,0,catalogue,1
2026-08-11T09:37:20.774981+00:00,mega_image,69193,Vin rosu sec Feteasca Neagra 0.75L,48.99,RON,,0,catalogue,1
2026-08-11T09:37:20.775183+00:00,mega_image,9682,Vin alb 0.75L,50.29,RON,,0,catalogue,1
2026-08-11T09:37:20.775350+00:00,mega_image,9787,Vin alb sec 0.75L,40.19,RON,,0,catalogue,1
2026-08-11T09:37:20.775516+00:00,mega_image,9784,Vin roze sec 0.75L,40.19,RON,,0,catalogue,1
2026-08-11T09:37:20.775869+00:00,mega_image,11653,Vin spumant dulce 0.75L,56.99,RON,,0,catalogue,1
2026-08-11T09:37:20.776020+00:00,mega_image,13146,Vin rosu 0.75L,30.99,RON,,0,catalogue,1
2026-08-11T09:37:20.776207+00:00,mega_image,12533,Vin alb sec Sauvignon Blanc 0.75L,34.99,RON,,0,catalogue,1
2026-08-11T09:37:20.776405+00:00,mega_image,8252,Prosecco Extra Dry 0.75L,36.99,RON,,0,catalogue,1
2026-08-11T09:37:20.776582+00:00,mega_image,71596,Vin alb sec Chardonnay 0.75L,48.79,RON,,0,catalogue,1
2026-08-11T09:37:20.776756+00:00,mega_image,71591,Vin rosu 0.75L,28.59,RON,,0,catalogue,1
2026-08-11T09:37:20.776913+00:00,mega_image,236,Tamaioasa roza demidulce 750ml,84.99,RON,,0,catalogue,1
2026-08-11T09:37:20.777185+00:00,mega_image,557,Vin roze sec Feteasca Neagra 0.75L,39.99,RON,,0,catalogue,1
2026-08-11T09:37:20.777362+00:00,mega_image,858,Vin rosu 750ml,89.99,RON,,0,catalogue,1
2026-08-11T09:37:20.777786+00:00,mega_image,57570,Vin alb sec Traminer 0.75L,60.69,RON,,0,catalogue,1
2026-08-11T09:37:20.778009+00:00,mega_image,3176,Vin roze sec 0.75L,40.69,RON,,0,catalogue,1
2026-08-11T09:37:20.778203+00:00,mega_image,66188,Vin rose 0.75L,32.29,RON,,0,catalogue,1
2026-08-11T09:37:20.778382+00:00,mega_image,67232,Vin alb sec Sauvignon Blanc & Aligote 0.75L,43.79,RON,,0,catalogue,1
2026-08-11T09:37:20.778583+00:00,mega_image,44797,Vin rosu sec Cabernet Sauvignon & Feteasca Neagra 0.75L,72.99,RON,,0,catalogue,1
2026-08-11T09:37:20.778778+00:00,mega_image,42267,Vin rosu sec Pinot Noir 0.75L,41.29,RON,,0,catalogue,1
2026-08-11T09:37:20.778948+00:00,mega_image,42528,Vin alb sec Cramposie selectionata 0.75L,42.39,RON,,0,catalogue,1
2026-08-11T09:37:20.779156+00:00,mega_image,43413,Vin alb sec Sauvignon Blanc si Feteasca Regala 0.75L,47.99,RON,,0,catalogue,1
2026-08-11T09:37:20.779349+00:00,mega_image,43325,Vin alb demisec Feteasca Regala 0.75L,22.49,RON,,0,catalogue,1
2026-08-11T09:37:20.779518+00:00,mega_image,69122,Vin alb sec Greco di Tufo 0.75L,54.99,RON,,0,catalogue,1
2026-08-11T09:37:20.779694+00:00,mega_image,8249,Prosecco Superiore Extra Dry 0.75L,49.99,RON,,0,catalogue,1
2026-08-11T09:37:20.779870+00:00,mega_image,14298,Vin spumant Lacrima Dulce 0.75L,35.79,RON,,0,catalogue,1
2026-08-11T09:37:20.780027+00:00,mega_image,554,Vin alb sec Feteasca alba 0.75L,39.89,RON,,0,catalogue,1
2026-08-11T09:37:20.780226+00:00,mega_image,6311,Vin alb sec Galbena de Odobesti 0.75L,26.99,RON,,0,catalogue,1
2026-08-11T09:37:20.780400+00:00,mega_image,9789,Vin spumant 750ml,29.99,RON,,0,catalogue,1
2026-08-11T09:37:20.780550+00:00,mega_image,10716,Sampanie Imperial Brut 750ml,244.89,RON,,0,catalogue,1
2026-08-11T09:37:20.780714+00:00,mega_image,43304,Prosecco Cuvee i Magredi 0.75L,67.19,RON,,0,catalogue,1
2026-08-11T09:37:20.780888+00:00,mega_image,43138,Vin roze demiculce Busuioaca de Bohotin 0.75L,19.59,RON,,0,catalogue,1
2026-08-11T09:37:20.781184+00:00,mega_image,42348,Vin rosu sec Cabernet Sauvignon de Purcari 0.75L,41.79,RON,,0,catalogue,1
2026-08-11T09:37:20.781417+00:00,mega_image,57119,Vin rose sec 750ml,36.99,RON,,0,catalogue,1
2026-08-11T09:37:20.781591+00:00,mega_image,65938,Vin rosu sec Negru de Dragasani 0.75L,49.99,RON,,0,catalogue,1
2026-08-11T09:37:21.284183+00:00,mega_image,13145,Vin alb demisec Sauvignon Blanc 750ml,24.79,RON,,0,catalogue,1
2026-08-11T09:37:21.284475+00:00,mega_image,43152,Spumant Ice Rose demisec 0.75L,55.89,RON,,0,catalogue,1
2026-08-11T09:37:21.284637+00:00,mega_image,43826,Vin alb demisec Muscat Ottonel 0.75L,19.39,RON,,0,catalogue,1
2026-08-11T09:37:21.284810+00:00,mega_image,42540,Vin alb sec Riesling Italian 0.75L,19.99,RON,,0,catalogue,1
2026-08-11T09:37:21.285085+00:00,mega_image,42533,Vin roze dulce 1.5L,24.79,RON,,0,catalogue,1
2026-08-11T09:37:21.285288+00:00,mega_image,44804,Vin roze sec Feteasca Neagra & Pinot Noir & Syrah 0.75L,61.99,RON,,0,catalogue,1
2026-08-11T09:37:21.285491+00:00,mega_image,42592,Vin rosu demisec Merlot 0.75L,20.19,RON,,0,catalogue,1
2026-08-11T09:37:21.285659+00:00,mega_image,8255,Prosecco Rose Extra Dry 0.75L,36.99,RON,,0,catalogue,1
2026-08-11T09:37:21.285856+00:00,mega_image,14022,Vin rose demidulce 0.75L,20.99,RON,,0,catalogue,1
2026-08-11T09:37:21.286023+00:00,mega_image,860,Vin alb demisec Pamanturi Albe 0.75L,33.29,RON,,0,catalogue,1
2026-08-11T09:37:21.286242+00:00,mega_image,42900,Vin alb sec Sauvignon Blanc 0.75L,25.89,RON,,0,catalogue,1
2026-08-11T09:37:21.286419+00:00,mega_image,3160,Vin alb sec 0.75L,40.69,RON,,0,catalogue,1
2026-08-11T09:37:21.286575+00:00,mega_image,13110,Vin alb demidulce 750ml,31.49,RON,,0,catalogue,1
2026-08-11T09:37:21.286732+00:00,mega_image,13109,Vin rose demidulce 750ml,31.49,RON,,0,catalogue,1
2026-08-11T09:37:21.286886+00:00,mega_image,11621,Vin spumant alb 0.75L,52.99,RON,,0,catalogue,1
2026-08-11T09:37:21.287049+00:00,mega_image,68397,Vin alb sec Cramposie selectionata 0.75L,40.79,RON,,0,catalogue,1
2026-08-11T09:37:21.287257+00:00,mega_image,11482,Vin spumant dulce 0.75L,66.99,RON,,0,catalogue,1
2026-08-11T09:37:21.287419+00:00,mega_image,14308,Vin spumant Crisecco 0.75L,35.79,RON,,0,catalogue,1
2026-08-11T09:37:34.569187+00:00,metro,BTY-X796905,"COTNARI Tamaioasa Romaneasca Demisec SGR 0,75 L",16.7,RON,,0,catalogue,1
2026-08-11T09:37:34.569430+00:00,metro,BTY-X796899,"COTNARI Vin Feteasca Alba Demidulce SGR 0,75 L",16.7,RON,,0,catalogue,1
2026-08-11T09:37:34.569889+00:00,metro,BTY-X811335,"RIBEAUPIERRE Chardonay Vin Alb Sec SGR 0,75 L",19.2,RON,,0,catalogue,1
2026-08-11T09:37:34.570148+00:00,metro,BTY-X811641,"IL CARPINO Orvieto Classico Vin Alb Sec SGR 0,75 L",13.5,RON,,0,catalogue,1
2026-08-11T09:37:34.570357+00:00,metro,BTY-X820169,Los Pagos Chardonnay Vin Alb Sec SGR 750 ml,16.9,RON,,0,catalogue,1
2026-08-11T09:37:34.570569+00:00,metro,BTY-X820170,Los Pagos Sauvignon Blanc Vin Alb Sec SGR 750 ml,16.9,RON,,0,catalogue,1
2026-08-11T09:37:34.570763+00:00,metro,BTY-X824127,"KAIKOURA BAY Sauvignon Blanc Vin Alb Sec SGR 0,75 L",28.51,RON,,0,catalogue,1
2026-08-11T09:37:34.571533+00:00,metro,BTY-X23577,VAL DUNA Crama Oprisor Sauvignon Blanc Vin Alb Demisec 3 L,34.99,RON,,0,catalogue,1
2026-08-11T09:37:34.571736+00:00,metro,BTY-X794764,"JIDVEI TRADITIONAL Feteasca Alba SGR 0,75 L",16.9,RON,,0,catalogue,1
2026-08-11T09:37:34.572201+00:00,metro,BTY-X796893,"COTNARI ETICHETA GALBENA Vin Alb Demisec SGR 1,5 L",19.12,RON,,0,catalogue,1
2026-08-11T09:37:34.572403+00:00,metro,BTY-X796886,"COTNARI GRASA DE COTNARI Vin Alb Demisec SGR 0,75 L",16.7,RON,,0,catalogue,1
2026-08-11T09:37:34.572607+00:00,metro,BTY-X798954,"CRAMELE RECAS SCHWABEN WEIN Feteasca Regala Vin Alb Demisec SGR 0,75 L",17.38,RON,,0,catalogue,1
2026-08-11T09:37:34.573155+00:00,metro,BTY-X649173,CRAMA GIRBOIU VARANCHA Vin Alb Demisec 3 L,39.0,RON,,0,catalogue,1
2026-08-11T09:37:34.573592+00:00,metro,BTY-X729656,VAL DUNA Crama Oprisor Blanc De Roumanie Vin Alb Demisec 5 L,49.83,RON,,0,catalogue,1
2026-08-11T09:37:34.574107+00:00,metro,BTY-X795042,"BUDUREASCA CLASIC FUME Blanc SGR 0,75 L",29.39,RON,,0,catalogue,1
2026-08-11T09:37:34.574561+00:00,metro,BTY-X797327,BECIUL DOMNESC Muscatel Vin Alb Demisec SGR 2 L,14.9,RON,,0,catalogue,1
2026-08-11T09:37:34.575061+00:00,metro,BTY-X795217,"DOMENIILE ZORESTI PREMIAT Riesling Italian Vin Alb Sec SGR 0,75 L",12.95,RON,,0,catalogue,1
2026-08-11T09:37:34.575558+00:00,metro,BTY-X794791,"JIDVEI TRADITIONAL Chardonnay Demidulce SGR 0,75 L",16.9,RON,,0,catalogue,1
2026-08-11T09:37:34.575778+00:00,metro,BTY-X796703,"DOMENIILE TOHANI SIEL Vin Alb Sec SGR 0,75 L",36.91,RON,,0,catalogue,1
2026-08-11T09:37:34.576278+00:00,metro,BTY-X798925,"CRAMELE RECAS SCHWABEN WEIN Muscat Ottonel Vin Alb Demidulce SGR 0,75 L",17.38,RON,,0,catalogue,1
2026-08-11T09:37:34.576493+00:00,metro,BTY-X985547,CRAMELE RECAS Recas Feteasca Regala 3 L,49.05,RON,,0,catalogue,1
2026-08-11T09:37:34.576931+00:00,metro,BTY-X793741,"MURFATLAR LACRIMA LUI OVIDIU Vin Alb SGR 0,75 L",34.55,RON,,0,catalogue,1
2026-08-11T09:37:34.577437+00:00,metro,BTY-X794746,"JIDVEI CRAITA Transilvaniei Vin Alb Demidulce SGR 0,75 L",13.9,RON,,0,catalogue,1
2026-08-11T09:37:34.577901+00:00,metro,BTY-X795922,"PURCARI 1827 Chardonnay de Purcari Vin Alb Sec SGR 0,75 L",34.91,RON,,0,catalogue,1
2026-08-11T09:37:34.578360+00:00,metro,BTY-X798951,"CRAMELE RECAS SCHWABEN WEIN Riesling Vin Alb Sec SGR 0,75 L",17.38,RON,,0,catalogue,1
2026-08-11T09:37:34.578825+00:00,metro,BTY-X794761,"JIDVEI MYSTERIUM Traminer & Sauvignon Blanc Vin Alb SGR 0,75 L",52.9,RON,,0,catalogue,1
2026-08-11T09:37:34.579076+00:00,metro,BTY-X796056,"CRAMA OPRISOR LA CETATE Chardonnay Vin Alb Sec SGR 0,75 L",37.0,RON,,0,catalogue,1
2026-08-11T09:37:34.579264+00:00,metro,BTY-X797326,BECIUL DOMNESC Muscatel Vin Alb Demidulce SGR 2 L,14.9,RON,,0,catalogue,1
2026-08-11T09:37:34.579704+00:00,metro,BTY-X796907,"COTNARI GRASA DE COTNARI Vin Alb Demidulce SGR 0,75 L",16.7,RON,,0,catalogue,1
2026-08-11T09:37:34.579961+00:00,metro,BTY-X748824,BUDUREASCA Sauvignon Blanc Demisec 2 L,40.51,RON,,0,catalogue,1
2026-08-11T09:37:34.580198+00:00,metro,BTY-X795938,"CRAMA CEPTURA CERVUS CEPTURUM Feteasca Regala SGR Demisec 0,75 L",13.66,RON,,0,catalogue,1
2026-08-11T09:37:34.580422+00:00,metro,BTY-X779897,CRAMA GIRBOIU VARANCHA Sauvignon Blanc Vin Alb Sec 3 L,39.0,RON,,0,catalogue,1
2026-08-11T09:37:34.580624+00:00,metro,BTY-X798958,"CRAMELE RECAS CASTEL HUNIADE Feteasca Regala Vin Alb Demisec SGR 0,75 L",20.96,RON,,0,catalogue,1
2026-08-11T09:37:34.581236+00:00,metro,BTY-X793724,MURFATLAR BABANU Vin Alb Demisec SGR 2 L,13.46,RON,,0,catalogue,1
2026-08-11T09:37:34.581648+00:00,metro,BTY-X794795,"JIDVEI Perla Vin Alb Demisec SGR 1,5 L",20.5,RON,,0,catalogue,1
2026-08-11T09:37:34.582127+00:00,metro,BTY-X793725,MURFATLAR BABANU Vin Alb Demidulce SGR 2 L,13.46,RON,,0,catalogue,1
2026-08-11T09:37:34.582579+00:00,metro,BTY-X804834,"MOSIA DE LA TOHANI SPECIAL RESERVE Feteasca Regala Vin Alb Demisec SGR 0,75 L",28.35,RON,,0,catalogue,1
2026-08-11T09:37:34.582803+00:00,metro,BTY-X797483,"JP CHENET Colombard Cabernet Sauvignon Vin Alb Demisec SGR 0,75 L",25.56,RON,,0,catalogue,1
2026-08-11T09:37:34.583083+00:00,metro,BTY-X793722,"MURFATLAR ZESTREA Sauvignon Blanc Vin Alb Demisec SGR 0,75 L",13.95,RON,,0,catalogue,1
2026-08-11T09:37:34.583514+00:00,metro,BTY-X796892,"COTNARI ETICHETA GALBENA Vin Alb Demidulce SGR 1,5 L",19.12,RON,,0,catalogue,1
2026-08-11T09:37:34.583716+00:00,metro,BTY-X796049,"CRICOVA Chateau Chardonnay Vin Alb Demidulce SGR 0,75 L",19.29,RON,,0,catalogue,1
2026-08-11T09:37:34.583968+00:00,metro,BTY-X793721,"MURFATLAR ZESTREA Chardonnay Vin Alb Demidulce SGR 0,75 L",13.95,RON,,0,catalogue,1
2026-08-11T09:37:34.584217+00:00,metro,BTY-X796762,"MOSIA DE LA TOHANI Feteasca Regala & Feteasca Alba Vin Alb Demisec SGR 0,75 L",26.2,RON,,0,catalogue,1
2026-08-11T09:37:34.584693+00:00,metro,BTY-X794766,"JIDVEI TRADITIONAL Feteasca Regala SGR 0,75 L",16.9,RON,,0,catalogue,1
2026-08-11T09:37:34.584972+00:00,metro,BTY-X794777,"JIDVEI TRADITIONAL CRAITA Muscatel Ottonel Demidulce SGR 0,75 L",16.9,RON,,0,catalogue,1
2026-08-11T09:37:34.585256+00:00,metro,BTY-X794775,"JIDVEI GRIGORESCU Gewurtz Traminer SGR 0,75 L",22.51,RON,,0,catalogue,1
2026-08-11T09:37:34.585687+00:00,metro,BTY-X797349,"BECIUL DOMNESC Sauvignon Blanc Vin Alb SGR 0,75 L",21.95,RON,,0,catalogue,1
2026-08-11T09:37:34.585938+00:00,metro,BTY-X729657,VAL DUNA Crama Oprisor Blanc De Roumanie Vin Alb Demisec 10 L,89.99,RON,,0,catalogue,1
2026-08-11T09:37:34.586433+00:00,metro,BTY-X793906,"DOMENIILE SAMBURESTI Chardonnay Vin Alb SGR 0,75 L",28.91,RON,,0,catalogue,1
2026-08-11T09:37:34.586631+00:00,metro,BTY-X797398,"BECIUL DOMNESC Feteasca Regala Vin Alb Demisec SGR 0,75 L",21.95,RON,,0,catalogue,1
2026-08-11T09:37:34.587330+00:00,metro,BTY-X796790,"MOSIA DE LA TOHANI Sauvignon Blanc Vin Alb SGR 0,75 L",26.2,RON,,0,catalogue,1
2026-08-11T09:37:34.587526+00:00,metro,BTY-X809043,DOMENIUL COROANEI SEGARCEA Cardonnay Vin Alb Sec 5 L,62.02,RON,,0,catalogue,1
2026-08-11T09:37:34.587739+00:00,metro,BTY-X798960,"CRAMELE RECAS CASTEL HUNIADE Muscat Ottonel Vin Alb Demidulce SGR 0,75 L",20.96,RON,,0,catalogue,1
2026-08-11T09:37:34.587969+00:00,metro,BTY-X794773,"JIDVEI GRIGORESCU Feteasca Regala Demisec SGR 0,75L",22.51,RON,,0,catalogue,1
2026-08-11T09:37:34.588431+00:00,metro,BTY-X793901,"DOMENIILE SAMBURESTI SAMBUREL DE OLT Chardonnay Vin Alb SGR 0,75 L",19.51,RON,,0,catalogue,1
2026-08-11T09:37:34.588633+00:00,metro,BTY-X796906,"COTNARI TRADITIONAL Tamaioasa Romaneasca Eticheta Neagra SGR 0,75 L",17.9,RON,,0,catalogue,1
2026-08-11T09:37:34.588839+00:00,metro,BTY-X797330,"BECIUL DOMNESC Muscat Ottonel Vin Alb Demidulce SGR 0,75 L",21.95,RON,,0,catalogue,1
2026-08-11T09:37:34.589167+00:00,metro,BTY-X797752,ROVINEX 9 POLOBOACE Vin Alb Demidulce SGR 2 L,16.86,RON,,0,catalogue,1
2026-08-11T09:37:34.589806+00:00,metro,BTY-X795933,"PURCARI 1827 Pinot Grigio de Purcari Vin Alb Sec SGR 0,75 L",34.91,RON,,0,catalogue,1
2026-08-11T09:37:34.590069+00:00,metro,BTY-X793720,"MURFATLAR ZESTREA Muscat Ottonel Vin Alb Demidulce SGR 0,75 L",13.95,RON,,0,catalogue,1
2026-08-11T09:37:34.590334+00:00,metro,BTY-X792875,"RASOVA LA PLAGE Muscat Ottonel si Sauvignon Blanc si Chardonnay Vin Alb SGR 0,75 L",31.5,RON,,0,catalogue,1
2026-08-11T09:37:34.590536+00:00,metro,BTY-X799863,PERLA HANGITEI Vin Alb de Masa Demisec SGR 2 L,15.5,RON,,0,catalogue,1
2026-08-11T09:37:34.591011+00:00,metro,BTY-X803231,"Aurelia Visinescu NOMAD Feteasca Regala Vin Alb Demisec SGR 0,75 L",29.31,RON,,0,catalogue,1
2026-08-11T09:37:34.591235+00:00,metro,BTY-X785564,VINEXPORT Premiat Alb Demisec 10 L,75.0,RON,,0,catalogue,1
2026-08-11T09:37:34.591633+00:00,metro,BTY-X795979,"PURCARI 1827 Sauvignon Blanc Vin Alb Sec SGR 0,75 L",34.91,RON,,0,catalogue,1
2026-08-11T09:37:34.591843+00:00,metro,BTY-X797325,"BECIUL DOMNESC PROLES PONTICA Tamaioasa Romaneasca Vin Alb Demidulce SGR 1,5 L",23.24,RON,,0,catalogue,1
2026-08-11T09:37:34.592110+00:00,metro,BTY-X793904,"DOMENIILE SAMBURESTI Sauvignon Blanc Vin Alb SGR 0,75 L",28.91,RON,,0,catalogue,1
2026-08-11T09:37:34.592322+00:00,metro,BTY-X794796,"JIDVEI GRIGORESCU Vin Pinot Gris Demisec SGR 0,75 L",22.51,RON,,0,catalogue,1
2026-08-11T09:37:34.592739+00:00,metro,BTY-X793254,"PELIN CARPATIN Vin Alb SGR 1,5 L",27.5,RON,,0,catalogue,1
2026-08-11T09:37:34.593251+00:00,metro,BTY-X794792,"JIDVEI CRAITA Transilvaniei Vin Alb Demisec SGR 0,75 L",13.9,RON,,0,catalogue,1
2026-08-11T09:37:34.593713+00:00,metro,BTY-X798989,"CRAMELE RECAS CASTEL HUNIADE Sauvignon Blanc Vin Alb Demisec SGR 0,75 L",20.96,RON,,0,catalogue,1
2026-08-11T09:37:34.593964+00:00,metro,BTY-X796904,"COTNARI TRADITIONAL Tamaioasa Romaneasca Vin Alb Dulce SGR 0,75 L",16.9,RON,,0,catalogue,1
2026-08-11T09:37:34.594180+00:00,metro,BTY-X794753,"JIDVEI GRIGORESCU Dry Muscat Demisec SGR 0,75 L",22.51,RON,,0,catalogue,1
2026-08-11T09:37:34.594393+00:00,metro,BTY-X795210,"DOMENIILE ZORESTI PREMIAT Cuvee Chardonnay & Feteasca Regala Vin Alb Demisec SGR 0,75 L",12.95,RON,,0,catalogue,1
2026-08-11T09:37:34.594599+00:00,metro,BTY-X793318,"PELIN CARPATIN Vin Alb SGR 0,75 L",15.25,RON,,0,catalogue,1
2026-08-11T09:37:34.595121+00:00,metro,BTY-X794798,"JIDVEI TRADITIONAL Riesling Italian SGR 0,75 L",16.9,RON,,0,catalogue,1
2026-08-11T09:37:34.595362+00:00,metro,BTY-X795820,"CAII DE LA LETEA Volumul I Aligote Vin Alb Sec SGR 0,75 L",32.0,RON,,0,catalogue,1
2026-08-11T09:37:34.595563+00:00,metro,BTY-X796891,COTNARI SELECTIONAT Vin Alb SGR 1 L,15.5,RON,,0,catalogue,1
2026-08-11T09:37:34.595751+00:00,metro,BTY-X795964,"CRAMA CEPTURA CERVUS CEPTURUM Sauvignon Blanc SGR 0,75 L",13.66,RON,,0,catalogue,1
2026-08-11T09:37:34.596002+00:00,metro,BTY-X794737,"JIDVEI GRIGORESCU Vin Sauvignon Blanc SGR 0,75 L",22.51,RON,,0,catalogue,1
2026-08-11T09:37:34.596216+00:00,metro,BTY-X795836,"CAII DE LA LETEA Volumul I Sauvignon Blanc Vin Alb Sec SGR 0,75 L",32.0,RON,,0,catalogue,1
2026-08-11T09:37:34.596429+00:00,metro,BTY-X793909,"DOMENIILE SAMBURESTI SAMBUREL DE OLT Sauvignon Blanc Vin Alb SGR 0,75 L",19.51,RON,,0,catalogue,1
2026-08-11T09:37:34.596630+00:00,metro,BTY-X735762,VINARTE CRAMA STARMINA Riesling Vin Alb Demisec Bag in Box 3 L,41.55,RON,,0,catalogue,1
2026-08-11T09:37:34.596850+00:00,metro,BTY-X797753,ROVINEX 9 POLOBOACE Vin Alb Demisec SGR 2 L,16.86,RON,,0,catalogue,1
2026-08-11T09:37:34.597389+00:00,metro,BTY-X796033,"CRAMA OPRISOR CALOIAN Sauvignon Blanc Vin Alb SGR 0,75 L",26.39,RON,,0,catalogue,1
2026-08-11T09:37:34.597605+00:00,metro,BTY-X795901,"PURCARI 1827 Viorica de Purcari Vin Alb Sec SGR 0,75 L",35.45,RON,,0,catalogue,1
2026-08-11T09:37:34.597802+00:00,metro,BTY-X804416,"CRICOVA Chateau Chardonnay Vin Alb Demisec SGR 0,75 L",19.9,RON,,0,catalogue,1
2026-08-11T09:37:34.598043+00:00,metro,BTY-X764549,COTNARI Eticheta Galbena Vin Alb Demidulce 3 L,35.71,RON,,0,catalogue,1
2026-08-11T09:37:34.598233+00:00,metro,BTY-X764550,COTNARI Eticheta Galbena Vin Alb Demisec 3 L,35.71,RON,,0,catalogue,1
2026-08-11T09:37:34.598425+00:00,metro,BTY-X792528,"CRAMA GIRBOIU BACANTA Sarba Vin Alb Crama Girboiu SGR 0,75 L",76.0,RON,,0,catalogue,1
2026-08-11T09:37:34.598623+00:00,metro,BTY-X792529,"CRAMA GIRBOIU BACANTA Sauvignon Blanc Fume Vin Alb Sec SGR 0,75 L",76.0,RON,,0,catalogue,1
2026-08-11T09:37:34.598826+00:00,metro,BTY-X792530,"CRAMA GIRBOIU LIVIA Sarba Vin Alb Sec SGR 0,75 L",24.41,RON,,0,catalogue,1
2026-08-11T09:37:34.599067+00:00,metro,BTY-X792854,"RASOVA SUR MER Pinot Gris Vin Alb SGR 0,75 L",60.0,RON,,0,catalogue,1
2026-08-11T09:37:34.599460+00:00,metro,BTY-X792864,"RASOVA DULCE NEBUNIE Vin Alb SGR 0,5 L",79.0,RON,,0,catalogue,1
2026-08-11T09:37:34.599636+00:00,metro,BTY-X792865,"RASOVA IMPERFECT Vin Alb Sec SGR 0,75 L",75.5,RON,,0,catalogue,1
2026-08-11T09:37:34.599843+00:00,metro,BTY-X792883,"RASOVA NUD Chardonnay si Tamaioasa Romaneasca si Muscat Ottonel si Sauvignon Blanc Vin Alb SGR 0,75 L",72.5,RON,,0,catalogue,1
2026-08-11T09:37:34.600098+00:00,metro,BTY-X792885,"RASOVA SUR MER Chardonnay Vin Alb SGR 0,75 L",60.0,RON,,0,catalogue,1
2026-08-11T09:37:34.600512+00:00,metro,BTY-X792887,"RASOVA SUR MER Cuvee Vin Alb SGR 0,75 L",60.0,RON,,0,catalogue,1
2026-08-11T09:37:34.600698+00:00,metro,BTY-X793307,"DOMENIILE URLATI SAAC Cuvee Vin Alb SGR 0,75 L",31.91,RON,,0,catalogue,1
2026-08-11T09:37:34.601253+00:00,metro,BTY-X793466,"NEGRINI ELEGANCE Sauvignon Blanc si Feteasca Regala Vin Alb Sec SGR 0,75 L",57.9,RON,,0,catalogue,1
2026-08-11T09:37:34.601464+00:00,metro,BTY-X793468,"NEGRINI PREMIUM Cuvee Vin Alb Sec SGR 0,75 L",41.9,RON,,0,catalogue,1
2026-08-11T09:37:34.601657+00:00,metro,BTY-X793470,"NEGRINI PREMIUM Sauvignon Blanc Vin Alb Sec SGR 0,75 L",41.9,RON,,0,catalogue,1
2026-08-11T09:37:34.601854+00:00,metro,BTY-X793726,"PREMIAT ETICHETA NEAGRA Vin Alb SGR 0,75 L",9.9,RON,,0,catalogue,1
2026-08-11T09:37:34.602333+00:00,metro,BTY-X793905,"DOMENIILE SAMBURESTI CHATEAU VALVIS Chardonnay Samburesti Vin Alb SGR 0,75 L",80.01,RON,,0,catalogue,1
2026-08-11T09:37:34.602579+00:00,metro,BTY-X794739,"JIDVEI TEZAUR Muscat Ottonel & Feteasca Regala SGR 0,75 L",34.11,RON,,0,catalogue,1
2026-08-11T09:37:34.602776+00:00,metro,BTY-X794742,"JIDVEI WEINLAND Feteasca Regala SGR 0,75 L",18.25,RON,,0,catalogue,1
2026-08-11T09:37:34.603222+00:00,metro,BTY-X794744,"JIDVEI WEINLAND Sauvignon Blanc SGR 0,75 L",18.25,RON,,0,catalogue,1
2026-08-11T09:37:34.603419+00:00,metro,BTY-X794747,"JIDVEI MARIA Feteasca Alba Vin Alb SGR 0,75 L",70.49,RON,,0,catalogue,1
2026-08-11T09:37:34.603838+00:00,metro,BTY-X794749,"JIDVEI MYSTERIUM Pinot Noir & Chardonnay & Feteasca Alba SGR 0,75 L",52.9,RON,,0,catalogue,1
2026-08-11T09:37:34.604127+00:00,metro,BTY-X794752,"JIDVEI MYSTERIUM Rhein Riesling & Sauvignon Blanc SGR 0,75 L",52.9,RON,,0,catalogue,1
2026-08-11T09:37:34.604318+00:00,metro,BTY-X794765,"JIDVEI NEC PLUS ULTRA Chardonnay Vin Alb Demisec SGR 0,75 L",30.5,RON,,0,catalogue,1
2026-08-11T09:37:34.604495+00:00,metro,BTY-X794783,"JIDVEI ANA Sauvignon Blanc SGR 0,75 L",70.49,RON,,0,catalogue,1
2026-08-11T09:37:34.604687+00:00,metro,BTY-X794785,"JIDVEI GRIGORESCU Pinot Noir & Cabernet Sauvignon Vin Rosu Demisec SGR 0,75L",24.5,RON,,0,catalogue,1
2026-08-11T09:37:34.604891+00:00,metro,BTY-X794787,"JIDVEI HORA Muscat Ottonel Vin Alb Demidulce SGR 0,75 L",13.75,RON,,0,catalogue,1
2026-08-11T09:37:34.605197+00:00,metro,BTY-X794793,"JIDVEI NEC PLUS ULTRA Sauvignon Blanc SGR 0,75 L",30.5,RON,,0,catalogue,1
2026-08-11T09:37:34.605408+00:00,metro,BTY-X795016,"ALIRA FLAMMA Sauvignon Blanc Vin Alb Sec 2022 13% SGR 0,75 L",29.9,RON,,0,catalogue,1
2026-08-11T09:37:34.605627+00:00,metro,BTY-X795023,"BUDUREASCA CLASIC Sauvignon Blanc SGR 0,75 L",29.39,RON,,0,catalogue,1
2026-08-11T09:37:34.605819+00:00,metro,BTY-X795030,"BUDUREASCA CLASIC Feteasca Regala SGR 0,187 L",11.65,RON,,0,catalogue,1
2026-08-11T09:37:34.606052+00:00,metro,BTY-X795040,"BUDUREASCA PREMIUM Fume SGR 0,75 L",45.75,RON,,0,catalogue,1
2026-08-11T09:37:34.606240+00:00,metro,BTY-X795194,"DOMENIILE ZORESTI PREMIAT Vin Alb Demisec SGR 1,5 L",20.35,RON,,0,catalogue,1
2026-08-11T09:37:34.606448+00:00,metro,BTY-X795211,"DOMENIILE ZORESTI PREMIAT Muscat Ottonel Pinot Gris si Grasa Vin Alb Demisec SGR 0,75 L",12.95,RON,,0,catalogue,1
2026-08-11T09:37:34.606675+00:00,metro,BTY-X795482,"LILIAC Nectar of Transylvania Vin Alb SGR 0,375 L",64.75,RON,,0,catalogue,1
2026-08-11T09:37:34.606867+00:00,metro,BTY-X795483,"LILIAC Feteasca Alba Vin Alb SGR 0,75 L",47.5,RON,,0,catalogue,1
2026-08-11T09:37:34.607310+00:00,metro,BTY-X795484,"LILIAC Feteasca Regala Vin Alb SGR 0,750 L",47.5,RON,,0,catalogue,1
2026-08-11T09:37:34.607507+00:00,metro,BTY-X795490,"LILIAC Sauvignon Blanc Vin Alb Sec SGR 0,75 L",56.49,RON,,0,catalogue,1
2026-08-11T09:37:34.607695+00:00,metro,BTY-X795604,"SERVE CUVEE Amaury Vin Alb SGR 0,75 L",99.0,RON,,0,catalogue,1
2026-08-11T09:37:34.607884+00:00,metro,BTY-X795611,"SERVE TERRA ROMANA Chardonnay SGR 0,75 L",56.89,RON,,0,catalogue,1
2026-08-11T09:37:34.608120+00:00,metro,BTY-X795614,"SERVE TERRA ROMANA Sauvignon Blanc Vin Alb SGR 0,75 L",56.89,RON,,0,catalogue,1
2026-08-11T09:37:34.608329+00:00,metro,BTY-X795617,"SERVE VINUL CAVALERULUI Sauvignon Blanc Vin Alb SGR 0,75 L",27.9,RON,,0,catalogue,1
2026-08-11T09:37:34.608541+00:00,metro,BTY-X795627,"PODGORIA HUSI Domeniile Averesti Tamaioasa Romaneasca Vin Alb SGR 0,75 L",14.86,RON,,0,catalogue,1
2026-08-11T09:37:34.608754+00:00,metro,BTY-X795630,"DOMENIILE AVERESTI Zghihara de Husi Vin Alb Sec SGR 0,75 L",21.05,RON,,0,catalogue,1
2026-08-11T09:37:34.609025+00:00,metro,BTY-X795812,"CASA ISARESCU Cramposie Vin Alb Sec SGR 0,75 L",31.9,RON,,0,catalogue,1
2026-08-11T09:37:34.609445+00:00,metro,BTY-X795813,"CASA ISARESCU Feteasca Regala Vin Alb Sec SGR 0,75 L",31.9,RON,,0,catalogue,1
2026-08-11T09:37:34.609649+00:00,metro,BTY-X795822,"CAII DE LA LETEA Volumul II Aligote Vin Alb Sec SGR 0,75 L",50.9,RON,,0,catalogue,1
2026-08-11T09:37:34.609846+00:00,metro,BTY-X795879,"PURCARI 1827 Traminer de Purcari Vin Alb Sec SGR 0,75 L",49.9,RON,,0,catalogue,1
2026-08-11T09:37:34.610102+00:00,metro,BTY-X795896,"CRAMA CEPTURA MAGNUS MONTE Cabernet Sauvignon Vin Alb Sec SGR 0,75 L",29.5,RON,,0,catalogue,1
2026-08-11T09:37:34.610312+00:00,metro,BTY-X795925,"CRAMA CEPTURA ASTRUM CERVI Sauvignon Blanc SGR 0,75 L",16.95,RON,,0,catalogue,1
2026-08-11T09:37:34.610519+00:00,metro,BTY-X795968,"PURCARI 1827 Icewine Muscat Ottonel & Traminer Vin Alb Sec SGR 0,375 L",95.0,RON,,0,catalogue,1
2026-08-11T09:37:34.610729+00:00,metro,BTY-X795975,"PURCARI 1827 Alb de Purcari Vin Alb Sec SGR 0,75 L",88.95,RON,,0,catalogue,1
2026-08-11T09:37:34.610989+00:00,metro,BTY-X795985,"CRAMA CEPTURA MOTIV Feteasca Regala & Chardonnay SGR 0,75 L",20.85,RON,,0,catalogue,1
2026-08-11T09:37:34.611203+00:00,metro,BTY-X795999,"CRAMA OPRISOR LA CETATE Sauvignon Blanc Vin Alb Sec SGR 0,75 L",37.0,RON,,0,catalogue,1
2026-08-11T09:37:34.611403+00:00,metro,BTY-X796008,"CRAMA OPRISOR RUSALCA Alba Vin Alb SGR 0,75 L",75.0,RON,,0,catalogue,1
2026-08-11T09:37:34.611830+00:00,metro,BTY-X796021,"CRICOVA VINTAGE Chardonnay Vin Alb SGR 0,75 L",28.14,RON,,0,catalogue,1
2026-08-11T09:37:34.612056+00:00,metro,BTY-X796026,"CRAMA OPRISOR CALOIAN Pinot Grigio Vin Alb Sec SGR 0,75 L",26.39,RON,,0,catalogue,1
2026-08-11T09:37:34.612258+00:00,metro,BTY-X796065,"CRICOVA PRESTIGE Chardonnay Vin Alb Sec SGR 0,75 L",44.5,RON,,0,catalogue,1
2026-08-11T09:37:34.612438+00:00,metro,BTY-X796074,"CORCOVA Chardonnay Vin Alb SGR 0,75 L",39.91,RON,,0,catalogue,1
2026-08-11T09:37:34.612620+00:00,metro,BTY-X796098,"CORCOVA Sauvignon Blanc Vin Alb SGR 0,75 L",39.91,RON,,0,catalogue,1
2026-08-11T09:37:34.612814+00:00,metro,BTY-X796407,"BULGARINI Fior Di Lago Vin Alb SGR 0,75 L",65.0,RON,,0,catalogue,1
2026-08-11T09:37:34.613106+00:00,metro,BTY-X796415,"CANTINE DI MARZO Greco Di Tufo Vin Alb DOCG SGR 0,75 L",76.0,RON,,0,catalogue,1
2026-08-11T09:37:34.613546+00:00,metro,BTY-X796433,"LACERTA Sauvignon Blanc Vin Alb SGR 0,75 L",50.75,RON,,0,catalogue,1
2026-08-11T09:37:34.613725+00:00,metro,BTY-X796434,"LACERTA Blanc de Noir Vin Alb SGR 0,75 L",54.95,RON,,0,catalogue,1
2026-08-11T09:37:34.613900+00:00,metro,BTY-X796438,"LACERTA Chardonnay Vin Alb SGR 0,75 L",54.95,RON,,0,catalogue,1
2026-08-11T09:37:34.614133+00:00,metro,BTY-X796439,"LACERTA RESERVA Chardonnay Vin Alb SGR 0,75 L",69.15,RON,,0,catalogue,1
2026-08-11T09:37:34.614308+00:00,metro,BTY-X796444,"LACERTA CUVEE IX Vin Alb SGR 0,75 L",110.85,RON,,0,catalogue,1
2026-08-11T09:37:34.614691+00:00,metro,BTY-X796450,"LACERTA CUVEE X Vin Alb SGR 0,75 L",75.95,RON,,0,catalogue,1
2026-08-11T09:37:34.615123+00:00,metro,BTY-X796453,"LACERTA Feteasca Alba Vin Alb SGR 0,75 L",50.75,RON,,0,catalogue,1
2026-08-11T09:37:34.615532+00:00,metro,BTY-X796598,"VINARTE SOARE BLANC DE NOIR Vin Alb SGR 0,75 L",73.51,RON,,0,catalogue,1
2026-08-11T09:37:34.615738+00:00,metro,BTY-X796704,"DOMENIILE TOHANI SIEL Cuvee Fume Vin Alb Demisec SGR 0,75 L",36.91,RON,,0,catalogue,1
2026-08-11T09:37:34.615987+00:00,metro,BTY-X796793,"MOSIA DE LA TOHANI Tamaioasa Romaneasca Vin Alb SGR 0,75 L",26.2,RON,,0,catalogue,1
2026-08-11T09:37:34.616223+00:00,metro,BTY-X796795,"DOMENIILE TOHANI PRINCIPELE RADU Chardonnay Vin Alb Sec SGR 0,75 L",100.66,RON,,0,catalogue,1
2026-08-11T09:37:34.616444+00:00,metro,BTY-X796797,"DOMENIILE TOHANI FLORI DE GHEATA Tamaioasa Romaneasca Vin Alb Dulce SGR 0,375 L",57.04,RON,,0,catalogue,1
2026-08-11T09:37:34.616877+00:00,metro,BTY-X796806,"DOMENIILE TOHANI Feteasca Regala Vin Alb Demisec SGR 0,75 L",16.69,RON,,0,catalogue,1
2026-08-11T09:37:34.617173+00:00,metro,BTY-X796808,"DOMENIILE TOHANI Sauvignon Blanc Vin Alb Demisec SGR 0,75 L",16.69,RON,,0,catalogue,1
2026-08-11T09:37:34.617377+00:00,metro,BTY-X796813,"DOMENIILE TOHANI SUMMER WINE Vin Alb Demiec SGR 0,75 L",72.27,RON,,0,catalogue,1
2026-08-11T09:37:34.617578+00:00,metro,BTY-X796827,"METAMORFOSIS Feteasca & Sauvignon Blanc Vin Alb SGR 0,75 L",27.31,RON,,0,catalogue,1
2026-08-11T09:37:34.617786+00:00,metro,BTY-X796845,"COLTUL PIETREI Sauvignon Blanc Vin Alb Sec SGR 0,75 L",64.51,RON,,0,catalogue,1
2026-08-11T09:37:34.618040+00:00,metro,BTY-X796850,"DOMENIILE DAVIDESCU Viorica Pinot Grigio Vin Alb Sec SGR 0,75 L",37.15,RON,,0,catalogue,1
2026-08-11T09:37:34.618490+00:00,metro,BTY-X796860,"ANIMA Chardonnay SGR 0,75 L",80.01,RON,,0,catalogue,1
2026-08-11T09:37:34.618685+00:00,metro,BTY-X796866,"DOMENIILE SAHATENI PROMESSA Chardonnay Vin Alb SGR 0,75 L",35.5,RON,,0,catalogue,1
2026-08-11T09:37:34.618900+00:00,metro,BTY-X796898,"COTNARI CASA DE PIATRA Vin Alb Demisec SGR 0,75 L",15.25,RON,,0,catalogue,1
2026-08-11T09:37:34.619136+00:00,metro,BTY-X796900,"COTNARI Feteasca Alba Vin Alb Demisec SGR 0,75 L",16.9,RON,,0,catalogue,1
2026-08-11T09:37:34.619564+00:00,metro,BTY-X797322,"BECIUL DOMNESC VINOTECA Pinot Gris 1993 Vin Alb Demidulce SGR 0,75 L",299.0,RON,,0,catalogue,1
2026-08-11T09:37:34.620149+00:00,metro,BTY-X797323,"BECIUL DOMNESC GALBENA ODOBESTI Vin Alb Demisec SGR 1,5 L",22.35,RON,,0,catalogue,1
2026-08-11T09:37:34.620598+00:00,metro,BTY-X797456,"BANFI FUMAIO Toscana Sauvignon Blanc & Chardonnay Vin Alb Sec IGT SGR 0,75 L",46.95,RON,,0,catalogue,1
2026-08-11T09:37:34.620801+00:00,metro,BTY-X797458,"BANFI PRINCIPESSA GAVIA Vin Alb Sec DOCG SGR 0,75 L",81.15,RON,,0,catalogue,1
2026-08-11T09:37:34.621094+00:00,metro,BTY-X797463,"BANFI SCIANDOR Moscato D'Asti Vin Alb Dulce DOCG SGR 0,75 L",64.25,RON,,0,catalogue,1
2026-08-11T09:37:34.621295+00:00,metro,BTY-X797471,"EL EMPERADOR Chile Chardonnay Vin Alb Demisec SGR 0,75 L",25.93,RON,,0,catalogue,1
2026-08-11T09:37:34.621499+00:00,metro,BTY-X797474,"FEUDI DI SAN GREGORIO Greco di Tufo Vin Alb SGR 0,75 L",85.16,RON,,0,catalogue,1
2026-08-11T09:37:34.621686+00:00,metro,BTY-X797497,"GITANA WINERY AUTOGRAF Chardonnay Vin Alb Sec SGR 0,75 L",48.0,RON,,0,catalogue,1
2026-08-11T09:37:34.621884+00:00,metro,BTY-X797500,"GITANA WINERY LA PETITE SOPHIE Vin Alb Sec SGR 0,75 L",101.0,RON,,0,catalogue,1
2026-08-11T09:37:34.622144+00:00,metro,BTY-X797508,"GITANA WINERY MANASTIREA Cru Riesling Vin Alb Sec SGR 0,75 L",144.99,RON,,0,catalogue,1
2026-08-11T09:37:34.622611+00:00,metro,BTY-X797580,"WENTE Chardonnay Vin Alb Sec SGR 0,75 L",86.5,RON,,0,catalogue,1
2026-08-11T09:37:34.622827+00:00,metro,BTY-X797583,"VARTELY TARABOSTE Chardonnay Vin Alb Sec SGR 0,75 L",77.5,RON,,0,catalogue,1
2026-08-11T09:37:34.623104+00:00,metro,BTY-X797585,"CHATEAU VARTELY INDIVIDO Pinot Gris & Chardonnay Sec SGR 0,75 L",43.55,RON,,0,catalogue,1
2026-08-11T09:37:34.623333+00:00,metro,BTY-X797591,"COLTUL PIETREI Chardonnay Vin Alb Sec SGR 0,75 L",64.51,RON,,0,catalogue,1
2026-08-11T09:37:34.623537+00:00,metro,BTY-X797597,"CHATEAUNEUF DU PAPE Vin Chateau du Pape Alb Sec SGR 0,75 L",221.5,RON,,0,catalogue,1
2026-08-11T09:37:34.624026+00:00,metro,BTY-X797617,"MORITZ PRADO Riesling Vin Alb Sec SGR 0,75 L",87.0,RON,,0,catalogue,1
2026-08-11T09:37:34.624465+00:00,metro,BTY-X797625,"TOWER ROCK Malborough Sauvignon Blanc Vin Alb Sec SGR 0,75 L",63.5,RON,,0,catalogue,1
2026-08-11T09:37:34.624666+00:00,metro,BTY-X797626,"TRAMIN Chardonnay Vin Alb Sec SGR 0,75 L",86.15,RON,,0,catalogue,1
2026-08-11T09:37:34.624859+00:00,metro,BTY-X797627,"TRAMIN Pinot Grigio Vin Alb Sec SGR 0,75 L",86.15,RON,,0,catalogue,1
2026-08-11T09:37:34.625144+00:00,metro,BTY-X797628,"VILLEBOIS Pouilly Fume Vin Alb Sec SGR 0,75 L",135.5,RON,,0,catalogue,1
2026-08-11T09:37:34.625343+00:00,metro,BTY-X797629,"VILLEBOIS Sancerre Vin Alb Sec SGR 0,75 L",139.0,RON,,0,catalogue,1
2026-08-11T09:37:34.625526+00:00,metro,BTY-X797630,"VILLEBOIS Sauvignon Blanc Vin Alb Sec SGR 0,75 L",51.5,RON,,0,catalogue,1
2026-08-11T09:37:34.625733+00:00,metro,BTY-X797632,"DOMAINE DE VIRVANE Bourgogne Blanc Les Truffieres Vin Alb Sec SGR 0,75 L",98.49,RON,,0,catalogue,1
2026-08-11T09:37:34.625996+00:00,metro,BTY-X797633,"DOMAINE DE VIRVANE Bourgogne Grand Reserve Pinot Noir Vin Alb Sec SGR 0,75 L",111.5,RON,,0,catalogue,1
2026-08-11T09:37:34.626236+00:00,metro,BTY-X797634,"DOMAINE DE VIRVANE Chablis Gran Cru Valmur Vin Alb SGR 0,75 L",405.0,RON,,0,catalogue,1
2026-08-11T09:37:34.626446+00:00,metro,BTY-X797636,"DOMAINE DE VIRVANE Chablis Premier Cru Montmains Vin Alb Sec SGR 0,75 L",195.0,RON,,0,catalogue,1
2026-08-11T09:37:34.626690+00:00,metro,BTY-X797720,"DOMENIILE TOHANI VINOTECA Tamaioasa Romaneasca Vin Alb Dulce SGR 0,75 L",209.0,RON,,0,catalogue,1
2026-08-11T09:37:34.626939+00:00,metro,BTY-X798928,"CRAMELE RECAS SOLE Barrique Feteasca Regala Vin Alb Sec SGR 0,75 L",72.68,RON,,0,catalogue,1
2026-08-11T09:37:34.627430+00:00,metro,BTY-X798932,"CRAMELE RECAS SOLE Chardonnay Vin Alb Sec SGR 0,75 L",72.68,RON,,0,catalogue,1
2026-08-11T09:37:34.627635+00:00,metro,BTY-X798933,"CRAMELE RECAS SOLE Sauvignon Blanc Vin Alb Sec SGR 0,75 L",72.68,RON,,0,catalogue,1
2026-08-11T09:37:34.627893+00:00,metro,BTY-X798934,"CRAMELE RECAS SOLO QUINTA Chardonnay & Feteasca Regala & Sauvignon Blanc & Muscat Ottonel & Cabernet Sauvignon Vin Alb Sec SGR 0,75 L",105.0,RON,,0,catalogue,1
2026-08-11T09:37:34.628483+00:00,metro,BTY-X798946,"LA STEJARI Chardonnay Vin Alb Sec SGR 0,75 L",240.0,RON,,0,catalogue,1
2026-08-11T09:37:34.628695+00:00,metro,BTY-X798955,"CONACUL AMBROZY Sauvignon Blanc Late Harvest Vin Alb Dulce SGR 0,375 L",62.0,RON,,0,catalogue,1
2026-08-11T09:37:34.628891+00:00,metro,BTY-X799862,PERLA HANGITEI Vin Alb de Masa Demidulce SGR 2 L,15.5,RON,,0,catalogue,1
2026-08-11T09:37:34.629435+00:00,metro,BTY-X799886,"VINEXPORT PREMIAT Vin Alb Demisec SGR 0,75 L",10.5,RON,,0,catalogue,1
2026-08-11T09:37:34.629834+00:00,metro,BTY-X801114,"Le Petit Smith Haut Lafitte Vin Alb Sec SGR 0,75 L",285.0,RON,,0,catalogue,1
2026-08-11T09:37:34.630327+00:00,metro,BTY-X801117,"ALAIN JAUME Cotes du Rhone Vin Alb Sec SGR 0,75 L",78.5,RON,,0,catalogue,1
2026-08-11T09:37:34.630741+00:00,metro,BTY-X801120,"LA BARBACANE Famille Cros Pujol Vin Alb Sec SGR 0,75 L",50.51,RON,,0,catalogue,1
2026-08-11T09:37:34.631231+00:00,metro,BTY-X803232,"Aurelia Visinescu NOMAD Feteasca Alba Vin Alb Sec Bio SGR 0,75 L",29.31,RON,,0,catalogue,1
2026-08-11T09:37:34.631664+00:00,metro,BTY-X803549,"SILK & SPICE Vin Alb Sec SGR 0,75 L",29.9,RON,,0,catalogue,1
2026-08-11T09:37:34.632078+00:00,metro,BTY-X803565,"DECOY Sauvignon Blanc Vin Alb Sec SGR 0,75 L",149.0,RON,,0,catalogue,1
2026-08-11T09:37:34.632269+00:00,metro,BTY-X803989,"BUDUREASCA Feteasca Regala Clasic Vin Alb Demisec SGR 0,75 L",29.39,RON,,0,catalogue,1
2026-08-11T09:37:34.632470+00:00,metro,BTY-X804015,"TERRA VALLEVERDE Feteasca Regala & Tamaioasa Romanesca Vin Alb Sec SGR 0,75 L",43.72,RON,,0,catalogue,1
2026-08-11T09:37:34.632671+00:00,metro,BTY-X804720,"ROSTURI Vin Alb Sec SGR 0,75 L",39.49,RON,,0,catalogue,1
2026-08-11T09:37:34.633141+00:00,metro,BTY-X805430,"RASOVA ARIPI Vin Alb Sec SGR 0,75 L",85.0,RON,,0,catalogue,1
2026-08-11T09:37:34.633316+00:00,metro,BTY-X805618,"ROVINEX Vin Selectionat Alb Demidulce SGR 1,5 L",19.46,RON,,0,catalogue,1
2026-08-11T09:37:34.633491+00:00,metro,BTY-X805619,"ROVINEX Premiat Dry Riesling Demisec SGR 1,5 L",19.46,RON,,0,catalogue,1
2026-08-11T09:37:34.633671+00:00,metro,BTY-X805620,"ROVINEX Premiat Dry Riesling Demidulce SGR 1,5 L",19.46,RON,,0,catalogue,1
2026-08-11T09:37:34.633888+00:00,metro,BTY-X805625,ROVINEX Vin Stramosesc Alb Demidulce SGR 2 L,17.16,RON,,0,catalogue,1
2026-08-11T09:37:34.634361+00:00,metro,BTY-X806048,"BECIUL DOMNESC Chardonnay Vin Alb Sec SGR 0,75 L",21.95,RON,,0,catalogue,1
2026-08-11T09:37:34.634556+00:00,metro,BTY-X806049,"BECIUL DOMNESC Tamaioasa Romaneasca Vin Alb Demidulce SGR 0,75 L",21.95,RON,,0,catalogue,1
2026-08-11T09:37:34.634770+00:00,metro,BTY-X806050,"BECIUL DOMNESC Sauvignon Blanc Vin Alb Demisec SGR 0,187 L",8.95,RON,,0,catalogue,1
2026-08-11T09:37:34.635024+00:00,metro,BTY-X807061,"PRAHOVA VALLEY Feteasca Regala Vin Alb Demisec SGR 0,187 L",8.49,RON,,0,catalogue,1
2026-08-11T09:37:34.635219+00:00,metro,BTY-X807855,"ALBA VALAHICA Vin Alb Sec Feteasca Alba SGR 0,75 L",95.0,RON,,0,catalogue,1
2026-08-11T09:37:34.635639+00:00,metro,BTY-X807866,"CEPTURA Iacob Sauvignon Blanc & Feteasca Alba Vin Sec SGR Alb 0,75 L",85.0,RON,,0,catalogue,1
2026-08-11T09:37:34.636085+00:00,metro,BTY-X807870,"CEPTURA Faurar Alb de Ceptura Vin Alb 0,75 L",40.0,RON,,0,catalogue,1
2026-08-11T09:37:34.636519+00:00,metro,BTY-X809004,"TARLA Chardonnay Vin Alb Sec SGR 0,75 L",120.0,RON,,0,catalogue,1
2026-08-11T09:37:34.636712+00:00,metro,BTY-X809036,"DOMENIUL COROANEI SEGARCEA Elite Sauvignon Blanc Vin Alb Sec SGR 0,75 L",28.53,RON,,0,catalogue,1
2026-08-11T09:37:34.636959+00:00,metro,BTY-X809037,"DOMENIUL COROANEI SEGARCEA Elite Chardonnay Vin Alb Sec SGR 0,75 L",28.53,RON,,0,catalogue,1
2026-08-11T09:37:34.637294+00:00,metro,BTY-X809044,"DOMENIUL COROANEI SEGARCEA Viognier Vin Alb Sec SGR 0,75 L",60.49,RON,,0,catalogue,1
2026-08-11T09:37:34.637511+00:00,metro,BTY-X809046,"DOMENIUL COROANEI SEGARCEA Prestige Sauvignon Blanc Vin Alb Sec SGR 0,75 L",41.7,RON,,0,catalogue,1
2026-08-11T09:37:34.637728+00:00,metro,BTY-X809048,"DOMENIUL COROANEI SEGARCEA Prestige Chardonnay Vin Alb Sec SGR 0,75 L",41.7,RON,,0,catalogue,1
2026-08-11T09:37:34.637976+00:00,metro,BTY-X809050,"DOMENIUL COROANEI SEGARCEA Principesa Margareta Vin Alb Sec SGR 0,75 L",103.5,RON,,0,catalogue,1
2026-08-11T09:37:34.638203+00:00,metro,BTY-X809054,"DOMENIUL COROANEI SEGARCEA Minima Morala Onoare Vin Alb Sec SGR 0,75 L",94.5,RON,,0,catalogue,1
2026-08-11T09:37:34.638417+00:00,metro,BTY-X809055,"DOMENIUL COROANEI SEGARCEA Elite Feteasca Vin Alb Sec SGR 0,75 L",28.53,RON,,0,catalogue,1
2026-08-11T09:37:34.638625+00:00,metro,BTY-X809086,"CRAMELE RECAS CASTEL HUNIADE Riesling Italian Vin Alb Sec SGR 0,75 L",20.96,RON,,0,catalogue,1
2026-08-11T09:37:34.639129+00:00,metro,BTY-X809233,"ALAI Sauvignon Blanc Vin Alb Demisec SGR 0,75 L",25.2,RON,,0,catalogue,1
2026-08-11T09:37:34.639320+00:00,metro,BTY-X809667,"EXPLICIT Sauvignon Blanc Vin Alb Sec SGR 0,75 L",36.51,RON,,0,catalogue,1
2026-08-11T09:37:34.639494+00:00,metro,BTY-X809670,"Muse Vin Alb Demisec SGR 0,75 L",78.52,RON,,0,catalogue,1
2026-08-11T09:37:34.639891+00:00,metro,BTY-X810081,"Magiq Vin Alb Sec Chardonnay & Feteasca Regala SGR 0,75 L",79.9,RON,,0,catalogue,1
2026-08-11T09:37:34.640124+00:00,metro,BTY-X810084,"'49 Cuvee Blanc Vin Alb Sec SGR 0,75 L",127.0,RON,,0,catalogue,1
2026-08-11T09:37:34.640255+00:00,metro,BTY-X810344,"PETITE HELENA Vin Alb Sec Chardonnay & Sarba SGR 0,75 L",130.0,RON,,0,catalogue,1
2026-08-11T09:37:34.640507+00:00,metro,BTY-X810399,"BULGARINI Lugana Vin Alb Sec SGR 0,75 L",85.0,RON,,0,catalogue,1
2026-08-11T09:37:34.640605+00:00,metro,BTY-X810400,"BULGARINI Lugana 010 Vin Alb Sec SGR 0,75 L",109.0,RON,,0,catalogue,1
2026-08-11T09:37:34.640824+00:00,metro,BTY-X810933,"CASTEL MIMI Sauvignon Blanc Vin Alb Sec SGR 0,75 L",33.5,RON,,0,catalogue,1
2026-08-11T09:37:34.641020+00:00,metro,BTY-X810937,"CASTEL MIMI The Governor Chardonnay Riesling Vin Alb Sec SGR 0,75 L",183.0,RON,,0,catalogue,1
2026-08-11T09:37:34.641138+00:00,metro,BTY-X811045,"Cuvve Alexandra Vin Alb Sec SGR 0,75 L",92.5,RON,,0,catalogue,1
2026-08-11T09:37:34.641567+00:00,metro,BTY-X811314,"LILIAC Cuvée Antonia Vin Alb Sec SGR 0,75 L",47.5,RON,,0,catalogue,1
2026-08-11T09:37:34.641786+00:00,metro,BTY-X811319,"PAMANTURI Feteasca Regala Vin Alb Demisec SGR 0,75 L",29.92,RON,,0,catalogue,1
2026-08-11T09:37:34.641881+00:00,metro,BTY-X811326,"AEROSOLI Vin Alb Sec SGR 0,75 L",33.99,RON,,0,catalogue,1
2026-08-11T09:37:34.642126+00:00,metro,BTY-X811396,"Euforia Tamaioasa Romaneasca Vin Alb Demisec SGR 0,75 L",41.15,RON,,0,catalogue,1
2026-08-11T09:37:34.642420+00:00,metro,BTY-X811400,"COTNARI 2XL Vin Alb Demisec SGR 1,5 L",18.36,RON,,0,catalogue,1
2026-08-11T09:37:34.642628+00:00,metro,BTY-X811401,"COTNARI 2XL Vin Alb Demidulce SGR 1,5 L",18.36,RON,,0,catalogue,1
2026-08-11T09:37:34.642838+00:00,metro,BTY-X811769,"Pelinul Dacilor Vin Alb Demidulce SGR 0,75 L",12.64,RON,,0,catalogue,1
2026-08-11T09:37:34.642982+00:00,metro,BTY-X812863,"CLOUDY BAY Sauvignon Blanc Vin Alb Sec SGR 0,75 L",160.0,RON,,0,catalogue,1
2026-08-11T09:37:34.643094+00:00,metro,BTY-X812940,"JIDVEI Ana Chardonnay Vin Alb Sec SGR 0,75 L",70.49,RON,,0,catalogue,1
2026-08-11T09:37:34.643209+00:00,metro,BTY-X816908,"DOMENIUL COROANEI SEGARCEA Prestige Pinot Gris Vin Alb Sec SGR 0,75 L",41.7,RON,,0,catalogue,1
2026-08-11T09:37:34.643446+00:00,metro,BTY-X816972,"Domaine Jean COLLET et Fils Chablis Vin Alb Sec SGR 0,75 L",120.0,RON,,0,catalogue,1
2026-08-11T09:37:34.643674+00:00,metro,BTY-X816973,"Domaine Jean COLLET et Fils Cru Vaillons Vin Alb Sec SGR 0,75 L",180.0,RON,,0,catalogue,1
2026-08-11T09:37:34.643780+00:00,metro,BTY-X817168,"BECIUL DOMNESC Galbena de Odobesti Vin Alb SGR 0,75 L",21.95,RON,,0,catalogue,1
2026-08-11T09:37:34.644036+00:00,metro,BTY-X817174,"BECIUL DOMNESC ROSE VERITE Busuioaca de Bohotin Vin Alb Demisec SGR 0,75 L",33.55,RON,,0,catalogue,1
2026-08-11T09:37:34.644153+00:00,metro,BTY-X817493,"DOMENIILE URLATI Feteasca Alba Vin Alb Sec SGR 0,75 L",20.26,RON,,0,catalogue,1
2026-08-11T09:37:34.644266+00:00,metro,BTY-X817494,"DOMENIILE URLATI Sauvignon Blanc Vin Alb Sec SGR 0,75 L",20.26,RON,,0,catalogue,1
2026-08-11T09:37:34.644374+00:00,metro,BTY-X817496,"DOMENIILE DEALU MARE Sauvignon Blanc Feteasca Vin Alb Sec SGR 0,75 L",25.45,RON,,0,catalogue,1
2026-08-11T09:37:34.644604+00:00,metro,BTY-X817525,"DOMENIILE DAVIDESCU Chardonnay Vin Alb Sec SGR 0,75 L",37.15,RON,,0,catalogue,1
2026-08-11T09:37:34.644710+00:00,metro,BTY-X817566,"LA SCOLCA Eticheta Negra Vin Alb Sec SGR 0,75 L",216.0,RON,,0,catalogue,1
2026-08-11T09:37:34.644813+00:00,metro,BTY-X817576,"LANGMEIL Spring Fever Chardonnay Vin Alb Sec SGR 0,75 L",74.0,RON,,0,catalogue,1
2026-08-11T09:37:34.644948+00:00,metro,BTY-X817580,"MORITZ PRADO Gewurstraminer Vin Alb Sec SGR 0,75 L",103.0,RON,,0,catalogue,1
2026-08-11T09:37:34.645216+00:00,metro,BTY-X817596,"FEDERALIST Vin Alb Sec SGR 0,75 L",122.0,RON,,0,catalogue,1
2026-08-11T09:37:34.645320+00:00,metro,BTY-X817603,"GEBRUDER STEFFEN Spatelese Riesling Vin Alb Demisec SGR 0,75 L",43.0,RON,,0,catalogue,1
2026-08-11T09:37:34.645432+00:00,metro,BTY-X817628,"UBY Collection Vin Alb Sec SGR 0,75 L",46.5,RON,,0,catalogue,1
2026-08-11T09:37:34.645538+00:00,metro,BTY-X817630,"SANCERRE Villebois Vin Alb Sec SGR 0,75 L",202.0,RON,,0,catalogue,1
2026-08-11T09:37:34.645636+00:00,metro,BTY-X817882,"PICCINI Memoro Vin Alb Sec SGR 0,75 L",39.49,RON,,0,catalogue,1
2026-08-11T09:37:34.645860+00:00,metro,BTY-X817884,"LOUIS LATOUR Ardeche Chardonnay Vin Alb Sec SGR 0,75 L",56.49,RON,,0,catalogue,1
2026-08-11T09:37:34.646008+00:00,metro,BTY-X817892,"PICCINI Martina Vermentino Vin Alb Sec SGR 0,75 L",49.5,RON,,0,catalogue,1
2026-08-11T09:37:34.646223+00:00,metro,BTY-X818032,"PETRO VASELO Eco Vin Alb Sec SGR 0,75 L",57.69,RON,,0,catalogue,1
2026-08-11T09:37:34.646436+00:00,metro,BTY-X818035,"PETRO VASELO Eco Maletine Vin Alb Sec SGR 0,75 L",115.0,RON,,0,catalogue,1
2026-08-11T09:37:34.646541+00:00,metro,BTY-X818432,"CONCEPT Francusa Vin Alb Sec SGR 0,75 L",29.8,RON,,0,catalogue,1
2026-08-11T09:37:34.646643+00:00,metro,BTY-X818519,"RASOVA Riviera Vin Alb Demisec SGR 0,75 L",40.35,RON,,0,catalogue,1
2026-08-11T09:37:34.646854+00:00,metro,BTY-X818996,"JIDVEI Spirit Feteasca Regala Vin Alb Sec SGR 0,75 L",36.01,RON,,0,catalogue,1
2026-08-11T09:37:34.646994+00:00,metro,BTY-X818998,"JIDVEI Spirit Chardonnay Vin Alb Sec SGR 0,75 L",36.01,RON,,0,catalogue,1
2026-08-11T09:37:34.647095+00:00,metro,BTY-X819334,"PELIN CARPATIN Vin Alb Demisec SGR 0,187 L",6.5,RON,,0,catalogue,1
2026-08-11T09:37:34.647387+00:00,metro,BTY-X819667,"FAUTOR WINERY 310 Altitudine Chardonnay & Feteasca Regală Vin Alb Sec SGR 0,75 L",40.0,RON,,0,catalogue,1
2026-08-11T09:37:34.647651+00:00,metro,BTY-X821049,"Santa Margherita Valdadige Vin Alb Sec SGR 0,75 L",77.5,RON,,0,catalogue,1
2026-08-11T09:37:34.647756+00:00,metro,BTY-X821072,"LIVIA Plavaie Vin Alb Sec SGR 0,75 L",24.41,RON,,0,catalogue,1
2026-08-11T09:37:34.647860+00:00,metro,BTY-X821073,"TECTONIC Rezerva Cuvee Vin Alb Sec SGR 0,75 L",35.01,RON,,0,catalogue,1
2026-08-11T09:37:34.648112+00:00,metro,BTY-X821078,"TECTONIC Sauvignon Blanc Chardonnay Vin Alb Sec SGR 0,75 L",27.01,RON,,0,catalogue,1
2026-08-11T09:37:34.648335+00:00,metro,BTY-X821090,"AMBRA Sarba Vin Alb Dulce SGR 0,375 L",129.0,RON,,0,catalogue,1
2026-08-11T09:37:34.648436+00:00,metro,BTY-X821091,"BACANTA Chardonnay Vin Alb Sec SGR 0,75 L",76.0,RON,,0,catalogue,1
2026-08-11T09:37:34.648537+00:00,metro,BTY-X821093,"ROYAL TOKAJI Vin Dulce Alb SGR 0,75 L",135.0,RON,,0,catalogue,1
2026-08-11T09:37:34.648747+00:00,metro,BTY-X821098,"SALENTEIN Chardonnay Vin Alb Sec SGR 0,75 L",99.0,RON,,0,catalogue,1
2026-08-11T09:37:34.648849+00:00,metro,BTY-X821100,"BABICH Sauvignon Blanc Vin Alb Sec SGR 0,75 L",109.0,RON,,0,catalogue,1
2026-08-11T09:37:34.649027+00:00,metro,BTY-X821150,"PRIVATE SELECTION Sauvignon Blanc Vin Alb Sec SGR 0,75 L",94.5,RON,,0,catalogue,1
2026-08-11T09:37:34.649150+00:00,metro,BTY-X821246,"CRAMA OPRISOR Chardonnay Vin Rosu Sec SGR 0,75 L",135.0,RON,,0,catalogue,1
2026-08-11T09:37:34.649249+00:00,metro,BTY-X821261,"OUDE KAAP Vin Alb Sec SGR 0,75 L",33.7,RON,,0,catalogue,1
2026-08-11T09:37:34.649349+00:00,metro,BTY-X821263,"SANTA CRISTINA Umbria Vin Alb Sec SGR 0,75 L",42.0,RON,,0,catalogue,1
2026-08-11T09:37:34.649458+00:00,metro,BTY-X821472,"FAUTOR WINERY Aurore Albarino Sauvignon Blanc Vin Alb Sec SGR 0,75 L",66.01,RON,,0,catalogue,1
2026-08-11T09:37:34.649572+00:00,metro,BTY-X821792,"WINE DECO Chardonnay Vin Alb Sec SGR 0,75 L",54.5,RON,,0,catalogue,1
2026-08-11T09:37:34.649672+00:00,metro,BTY-X821793,"TRIPTIC Vin Alb Sec SGR 0,75 L",66.5,RON,,0,catalogue,1
2026-08-11T09:37:34.649873+00:00,metro,BTY-X821796,"ZAIAFET Vin Alb Demisec SGR 0,75 L",20.5,RON,,0,catalogue,1
2026-08-11T09:37:34.650008+00:00,metro,BTY-X821797,"MATEUS Portugal Vin Alb Demisec SGR 0,187 L",11.89,RON,,0,catalogue,1
2026-08-11T09:37:34.650235+00:00,metro,BTY-X821799,"JP CHENET Colombard Cabernet Sauvignon Vin Alb Demisec SGR 0,25 L",12.5,RON,,0,catalogue,1
2026-08-11T09:37:34.650457+00:00,metro,BTY-X822730,"SERVE Le Blanc Vin Alb Sec SGR 0,75 L",49.5,RON,,0,catalogue,1
2026-08-11T09:37:34.650662+00:00,metro,BTY-X822732,"SERVE Cuvee Pacs Vin Alb Sec SGR 0,75 L",80.01,RON,,0,catalogue,1
2026-08-11T09:37:34.650881+00:00,metro,BTY-X822735,"TOHANI Premium Chardonay Vin Alb Sec SGR 0,75 L",89.99,RON,,0,catalogue,1
2026-08-11T09:37:34.651139+00:00,metro,BTY-X822739,"TOHANI Cuvee Vin Alb Sec SGR 0,75 L",59.99,RON,,0,catalogue,1
2026-08-11T09:37:34.651353+00:00,metro,BTY-X822810,"DOMENIUL BOGDAN Primordial Chardonnay Vin Alb Sec SGR 0,75 L",80.01,RON,,0,catalogue,1
2026-08-11T09:37:34.651457+00:00,metro,BTY-X822833,"STIRBEY Tamaioasa Romanesca Vin Alb Sec SGR 0,75 L",84.49,RON,,0,catalogue,1
2026-08-11T09:37:34.651555+00:00,metro,BTY-X822834,"STIRBEY Cramposie Selectionata Vin Alb Sec SGR 0,75 L",84.49,RON,,0,catalogue,1
2026-08-11T09:37:34.651769+00:00,metro,BTY-X822835,"STIRBEY Tamaioasa Romanesca Vin Alb Dulce SGR 0,75 L",84.49,RON,,0,catalogue,1
2026-08-11T09:37:34.652026+00:00,metro,BTY-X822836,"BAUER Cramposie Selectionata Vin Alb Demidulce SGR 0,75 L",93.5,RON,,0,catalogue,1
2026-08-11T09:37:34.652251+00:00,metro,BTY-X822837,"BAUER Chardonnay Vin Alb Sec SGR 0,75 L",93.5,RON,,0,catalogue,1
2026-08-11T09:37:34.652352+00:00,metro,BTY-X823269,"CRICOVA Orasul Subteran Viorica Vin Alb Sec SGR 0,75 L",52.85,RON,,0,catalogue,1
2026-08-11T09:37:34.652591+00:00,metro,BTY-X823273,"CRICOVA Tramonto Vin Sauvignon Alb Demi-Dulce SGR 0,75 L",23.16,RON,,0,catalogue,1
2026-08-11T09:37:34.652697+00:00,metro,BTY-X823292,"GRAMOFON WINE Sonorum Barrique Chardonnay Vin Alb Sec SGR 0,75 L",97.01,RON,,0,catalogue,1
2026-08-11T09:37:34.652967+00:00,metro,BTY-X823294,"GRAMOFON WINE Sonorum Feteasca Regala & Muscat Ottonel Vin Alb Sec SGR 0,75 L",97.01,RON,,0,catalogue,1
2026-08-11T09:37:34.653243+00:00,metro,BTY-X823299,"GRAMOFON WINE Chardonnay Vin Alb Sec SGR 0,75 L",34.51,RON,,0,catalogue,1
2026-08-11T09:37:34.653456+00:00,metro,BTY-X823505,BUDUREASCA Fume Vin Alb Demisec 2 L,40.51,RON,,0,catalogue,1
2026-08-11T09:37:34.653571+00:00,metro,BTY-X823538,"JIDVEI Grand Reserve Rhein Riesling 2009 Vin Alb Demidulce SGR 0,75 L",185.0,RON,,0,catalogue,1
2026-08-11T09:37:34.653687+00:00,metro,BTY-X823539,"JIDVEI Grand Reserve Feteasca Regala 2009 Vin Alb Demisec SGR 0,75 L",230.0,RON,,0,catalogue,1
2026-08-11T09:37:34.653797+00:00,metro,BTY-X823541,"JIDVEI Grand Reserve Feteasca 2009 Vin Alb Demidulce SGR 0,75 L",185.0,RON,,0,catalogue,1
2026-08-11T09:37:34.653938+00:00,metro,BTY-X823542,"JIDVEI Grand Reserve Muscat Ottonel 2009 Vin Alb Demidulce SGR 0,75 L",185.0,RON,,0,catalogue,1
2026-08-11T09:37:34.654066+00:00,metro,BTY-X823555,"BUDUREASCA Tamaioasa Romaneasca Vin Alb Demisec 0,75 L",29.39,RON,,0,catalogue,1
2026-08-11T09:37:34.654175+00:00,metro,BTY-X823557,"BUDUREASCA Noble Vin Alb Sec SGR 0,75 L",90.0,RON,,0,catalogue,1
2026-08-11T09:37:34.654279+00:00,metro,BTY-X824091,"MATEUS Portugal Vin Alb Demisec Pachet SGR 0,75 + 0,187 L",22.99,RON,,0,catalogue,1
2026-08-11T09:37:34.654521+00:00,metro,BTY-X824453,"GITANA WINERY Portret de Gitana Chardonnay Feteasca & Regala Vin Alb Sec SGR 0,75 L",29.26,RON,,0,catalogue,1
2026-08-11T09:37:34.654624+00:00,metro,BTY-X824579,PELIN CARPATIN Alb 3 L,50.51,RON,,0,catalogue,1
2026-08-11T09:37:34.654840+00:00,metro,BTY-X825307,"TORRES Fransola Vin Alb Sec SGR 0,75 L",220.0,RON,,0,catalogue,1
2026-08-11T09:37:34.654979+00:00,metro,BTY-X825316,"TENUTA ULISSE 10 Vendemmie Bianco Vin Alb Sec SGR 0,75 L",158.0,RON,,0,catalogue,1
2026-08-11T09:37:34.655087+00:00,metro,BTY-X825322,"TENUTA ULISSE Frizzante Vin Alb Sec SGR 0,75 L",85.0,RON,,0,catalogue,1
2026-08-11T09:37:34.655181+00:00,metro,BTY-X825338,"TENUTA ULISSE Bianco Vin Alb Sec SGR 0,75 L",77.5,RON,,0,catalogue,1
2026-08-11T09:37:34.655281+00:00,metro,BTY-X825511,"SIMONNET-FEBVRE Chablis Premier Cru Vin Alb Sec SGR 0,75 L",299.0,RON,,0,catalogue,1
2026-08-11T09:37:34.655386+00:00,metro,BTY-X825512,"SIMONNET-FEBVRE Chablis Vin Alb Sec SGR 0,75 L",215.0,RON,,0,catalogue,1
2026-08-11T09:37:34.655486+00:00,metro,BTY-X825513,"LOUIS LATOUR Chablis Premier Cru Vin Alb Sec SGR 0,75 L",270.0,RON,,0,catalogue,1
2026-08-11T09:37:34.655603+00:00,metro,BTY-X825514,"LOUIS LATOUR Chablis Vin Alb Sec SGR 0,75 L",160.0,RON,,0,catalogue,1
2026-08-11T09:37:34.655707+00:00,metro,BTY-X826302,"BECIUL DOMNESC Grand Reserve Sauvignon Blanc Vin Alb Sec SGR 0,750 L",32.98,RON,,0,catalogue,1
2026-08-11T09:37:34.655822+00:00,metro,BTY-X826305,"BECIUL DOMNESC Grand Reserve Tamaioasa Romaneasca Vin Alb Dulce SGR 0,75 L",32.98,RON,,0,catalogue,1
2026-08-11T09:37:34.655962+00:00,metro,BTY-X826306,"PROLES PONTICA Vin Pelin Demidulce SGR 1,5 L",21.99,RON,,0,catalogue,1
2026-08-11T09:37:34.656202+00:00,metro,BTY-X785572,VINEXPORT Premiat Alb Demidulce 10 L,75.0,RON,,0,catalogue,1
2026-08-11T09:37:34.656415+00:00,metro,BTY-X797063,"SCHLOSS JOHANNISBERG Riesling Vin Alb Demisec SGR 0,75 L",99.99,RON,,0,catalogue,1
2026-08-11T09:37:34.656532+00:00,metro,BTY-X797477,"GUY SAGET Sancerre Sauvignon Blanc Vin Alb Sec SGR 0,75 L",160.75,RON,,0,catalogue,1
2026-08-11T09:37:34.656644+00:00,metro,BTY-X797635,"DOMAINE DE VIRVANE Chablis Vin Alb Sec SGR 0,75 L",110.0,RON,,0,catalogue,1
2026-08-11T09:37:34.656751+00:00,metro,BTY-X809089,"VILLA MARIA Sauvignon Blanc Vin Alb Sec SGR 0,75 L",76.51,RON,,0,catalogue,1
2026-08-11T09:37:34.656853+00:00,metro,BTY-X817528,"DOMENIILE DAVIDESCU Sauvignon Blanc & Chardonnay Vin Alb Sec SGR 0,75 L",37.15,RON,,0,catalogue,1
2026-08-11T09:37:34.657155+00:00,metro,BTY-X817570,"PORTA NOVA Vin Alb Sec SGR 0,75 L",37.0,RON,,0,catalogue,1
2026-08-11T09:37:34.657364+00:00,metro,BTY-X817903,"LOUIS LATOUR Chassagne-Montrachet Vin Alb Sec SGR 0,75 L",610.0,RON,,0,catalogue,1
2026-08-11T09:37:34.657469+00:00,metro,BTY-X820609,"GALICEA MARE Tamaioasa Vin Alb Sec SGR 0,75 L",125.01,RON,,0,catalogue,1
2026-08-11T09:37:34.657574+00:00,metro,BTY-X796902,"COTNARI TRADITIONAL Francusa Vin Alb Sec SGR 0,75 L",16.9,RON,,0,catalogue,0
2026-08-11T09:37:34.657684+00:00,metro,BTY-X794741,"JIDVEI TEZAUR Sauvignon Blanc & Feteasca Regala Sec SGR 0,75 L",34.11,RON,,0,catalogue,0
2026-08-11T09:37:34.657793+00:00,metro,BTY-X796817,"METAMORFOSIS Muscat Ottonel Vin Alb Dulce SGR 0,75 L",29.66,RON,,0,catalogue,0
2026-08-11T09:37:34.657902+00:00,metro,BTY-X797476,"GUY SAGET Pouilly Fume Sauvignon Blanc Vin Alb Sec SGR 0,75 L",144.0,RON,,0,catalogue,0
2026-08-11T09:37:34.658050+00:00,metro,BTY-X811043,"DOMENIUL COROANEI SEGARCEA Prestige Tamaioasa Vin Alb Sec SGR 0,75 L",41.7,RON,,0,catalogue,0
2026-08-11T09:37:34.658165+00:00,metro,BTY-X811311,"TOHANI Feteasca de TOHANI Vin Alb Sec SGR 0,75 L",35.59,RON,,0,catalogue,0
2026-08-11T09:37:34.658269+00:00,metro,BTY-X813123,"sable noble Vin Alb Sec SGR 0,75 L",45.25,RON,,0,catalogue,0
2026-08-11T09:37:34.658474+00:00,metro,BTY-X825700,"MINI Vin Alb Sec SGR 0,185 L",8.45,RON,,0,catalogue,0
2026-08-11T09:37:46.700793+00:00,metro,BTY-X799070,"JEAN DEGAVES Vin Rosu Bordeaux Demisec Rosu SGR 0,75 L",13.35,RON,,0,catalogue,1
2026-08-11T09:37:46.701377+00:00,metro,BTY-X799080,"LE GINESTRE Chianti Riserva Vin Rosu Sec SGR 0,75 L",16.79,RON,,0,catalogue,1
2026-08-11T09:37:46.701858+00:00,metro,BTY-X799084,"PREDELLA Montepulciano D'Abruzzo Vin Rosu Sec SGR 0,75 L",10.35,RON,,0,catalogue,1
2026-08-11T09:37:46.702297+00:00,metro,BTY-X809792,"PREDELLA Brunello di Montalcino Vin Rosu Sec SGR 0,75 L",85.05,RON,,0,catalogue,1
2026-08-11T09:37:46.702720+00:00,metro,BTY-X811213,"FONTBREUIL Bordeaux Vin Alb Demisec SGR 0,75 L",25.92,RON,,0,catalogue,1
2026-08-11T09:37:46.702972+00:00,metro,BTY-X811214,"FONTBREUIL Bordeaux Vin Rosu Demisec SGR 0,75 L",21.34,RON,,0,catalogue,1
2026-08-11T09:37:46.703392+00:00,metro,BTY-X811337,"RIBEAUPIERRE Merlot Vin Rosu Sec SGR 0,75 L",18.07,RON,,0,catalogue,1
2026-08-11T09:37:46.703575+00:00,metro,BTY-X811642,"PREDELLA Chianti Vin Rosu Demidulce SGR 0,75 L",13.75,RON,,0,catalogue,1
2026-08-11T09:37:46.704031+00:00,metro,BTY-X811647,"PREDELLA Trebbiano Vin Alb Sec SGR 0,75 L",10.35,RON,,0,catalogue,1
2026-08-11T09:37:46.704214+00:00,metro,BTY-X813860,"MICHEL LAURENT Muscadet Sevre SGR 0,75 L",19.25,RON,,0,catalogue,1
2026-08-11T09:37:46.704625+00:00,metro,BTY-X820158,BATUTA Tierra de Castilla Tempranillo Vin Rosu Sec SGR 750 ml,15.5,RON,,0,catalogue,1
2026-08-11T09:37:46.704873+00:00,metro,BTY-X820159,PUEBLO VIEJO Tempranillo Rioja Vin Rosu Sec SGR 750 ml,17.5,RON,,0,catalogue,1
2026-08-11T09:37:46.705156+00:00,metro,BTY-X820161,Los Pagos Cabernet Sauvignon Vin Rosu Sec SGR 750 ml,16.9,RON,,0,catalogue,1
2026-08-11T09:37:46.705372+00:00,metro,BTY-X820164,Los Pagos Merlot Vin Rosu Sec SGR 750 ml,16.9,RON,,0,catalogue,1
2026-08-11T09:37:46.705563+00:00,metro,BTY-X820397,"LE GINESTRE Chianti Riserva Vin Rosu Sec SGR 0,75 L",16.79,RON,,0,catalogue,1
2026-08-11T09:37:46.706032+00:00,metro,BTY-X820401,"MICHEL LAURENT Muscadet Sevre Vin Alb Sec SGR 0,75 L",19.25,RON,,0,catalogue,1
2026-08-11T09:37:46.706482+00:00,metro,BTY-X793151,"SANGE DE TAUR Vin Rosu Demidulce SGR 0,75 L",13.81,RON,,0,catalogue,1
2026-08-11T09:37:46.706922+00:00,metro,BTY-X808560,MURFATLAR BABANU Vin Rosu Demidulce SGR 2 L,13.46,RON,,0,catalogue,1
2026-08-11T09:37:46.707822+00:00,metro,BTY-X907677,VAL DUNA Crama Oprisor Feteasca Neagra Vin Rosu Sec 3 L,34.99,RON,,0,catalogue,1
2026-08-11T09:37:46.708035+00:00,metro,BTY-X793304,"SANGE DE TAUR Vin Rosu Dulce SGR 1,5 L",25.0,RON,,0,catalogue,1
2026-08-11T09:37:46.708434+00:00,metro,BTY-X23591,VAL DUNA Crama Oprisor Cabernet Sauvignon Vin Rosu Sec 3 L,34.99,RON,,0,catalogue,1
2026-08-11T09:37:46.708641+00:00,metro,BTY-X795216,"DOMENIILE ZORESTI PREMIAT Merlot Vin Rosu Demisec SGR 0,75 L",12.95,RON,,0,catalogue,1
2026-08-11T09:37:46.708874+00:00,metro,BTY-X793164,"SANGE DE TAUR Vin Rosu Dulce SGR 0,75 L",13.81,RON,,0,catalogue,1
2026-08-11T09:37:46.709332+00:00,metro,BTY-X796005,"CRAMA OPRISOR LA CETATE Shiraz Vin Rosu SGR 0,75 L",37.0,RON,,0,catalogue,1
2026-08-11T09:37:46.709464+00:00,metro,BTY-X793742,"MURFATLAR LACRIMA LUI OVIDIU Vin Rosu SGR 0,75 L",34.55,RON,,0,catalogue,1
2026-08-11T09:37:46.709889+00:00,metro,BTY-X793319,"PELIN CARPATIN Vin Rosu SGR 0,75 L",15.25,RON,,0,catalogue,1
2026-08-11T09:37:46.710294+00:00,metro,BTY-X795204,"DOMENIILE ZORESTI PREMIAT Cabernet Sauvignon Vin Rosu Demisec SGR 0,75 L",12.95,RON,,0,catalogue,1
2026-08-11T09:37:46.710508+00:00,metro,BTY-X795939,"PURCARI 1827 Pinot Noir Vin Rosu Sec SGR 0,75 L",34.91,RON,,0,catalogue,1
2026-08-11T09:37:46.710703+00:00,metro,BTY-X797333,"BECIUL DOMNESC Pinot Noir Vin Rosu Demisec SGR 0,75 L",21.95,RON,,0,catalogue,1
2026-08-11T09:37:46.710974+00:00,metro,BTY-X798952,"CRAMELE RECAS SCHWABEN WEIN Cabernet Sauvignon / Pinot Noir Vin Rosu Demidulce SGR 0,75 L",17.38,RON,,0,catalogue,1
2026-08-11T09:37:46.711201+00:00,metro,BTY-X795929,"CRAMA CEPTURA CERVUS CEPTURUM Cabernet Sauvignon SGR 0,75 L",13.66,RON,,0,catalogue,1
2026-08-11T09:37:46.711425+00:00,metro,BTY-X795982,"PURCARI FREEDOM BLEND Freedom Blend Saperavi & Rara Neagra & Bastardo Vin Rosu Sec SGR 0,75 L",40.55,RON,,0,catalogue,1
2026-08-11T09:37:46.711787+00:00,metro,BTY-X797481,"JP CHENET Cabernet Syrah Vin Rosu Demisec SGR 0,75 L",25.56,RON,,0,catalogue,1
2026-08-11T09:37:46.711996+00:00,metro,BTY-X804418,"CRICOVA Chateau Cabernet Sauvignon Vin Rosu Demisec SGR 0,75 L",19.9,RON,,0,catalogue,1
2026-08-11T09:37:46.712134+00:00,metro,BTY-X795196,"DOMENIILE ZORESTI PREMIAT Vin Rosu Demisec SGR 1,5 L",20.35,RON,,0,catalogue,1
2026-08-11T09:37:46.712329+00:00,metro,BTY-X785573,VINEXPORT Premiat Rosu Demisec 10 L,77.0,RON,,0,catalogue,1
2026-08-11T09:37:46.712680+00:00,metro,BTY-X796036,"CRICOVA Chateau Cabernet Sauvignon Vin Rosu Demidulce SGR 0,75 L",19.29,RON,,0,catalogue,1
2026-08-11T09:37:46.713171+00:00,metro,BTY-X795814,"CASA ISARESCU Negru de Dragasani Vin Rosu Sec SGR 0,75 L",37.9,RON,,0,catalogue,0
2026-08-11T09:37:46.713334+00:00,metro,BTY-X797328,BECIUL DOMNESC Muscatel Vin Rosu Demidulce SGR 2 L,16.02,RON,,0,catalogue,1
2026-08-11T09:37:46.713634+00:00,metro,BTY-X798956,"CRAMELE RECAS CASTEL HUNIADE Cabernet Sauvignon Vin Rosu Sec SGR 0,75 L",20.96,RON,,0,catalogue,1
2026-08-11T09:37:46.713888+00:00,metro,BTY-X798992,"CRAMELE RECAS SCHWABEN WEIN Merlot Vin Rosu Demisec SGR 0,75 L",17.38,RON,,0,catalogue,1
2026-08-11T09:37:46.714089+00:00,metro,BTY-X797331,"BECIUL DOMNESC Merlot Vin Rosu Demisec SGR 0,75 L",21.95,RON,,0,catalogue,1
2026-08-11T09:37:46.714485+00:00,metro,BTY-X649174,CRAMA GIRBOIU VARANCHA Vin Rosu Demisec Bag in Box 3 L,39.0,RON,,0,catalogue,1
2026-08-11T09:37:46.714849+00:00,metro,BTY-X795931,"CRAMA CEPTURA CERVUS CEPTURUM Feteasca Neagra SGR 0,75 L",13.66,RON,,0,catalogue,1
2026-08-11T09:37:46.714967+00:00,metro,BTY-X809042,DOMENIUL COROANEI SEGARCEA Vin Rosu Sec 5 L,62.02,RON,,0,catalogue,1
2026-08-11T09:37:46.715082+00:00,metro,BTY-X797393,"BECIUL DOMNESC Cabernet Sauvignon Vin Rosu Sec SGR 0,75 L",21.95,RON,,0,catalogue,1
2026-08-11T09:37:46.715201+00:00,metro,BTY-X798962,"CRAMELE RECAS CASTEL HUNIADE Merlot/ Pinot Noir Vin Rosu Demidulce SGR 0,75 L",20.96,RON,,0,catalogue,1
2026-08-11T09:37:46.715346+00:00,metro,BTY-X796023,"CRAMA OPRISOR CALOIAN Feteasca Neagra Vin Rosu SGR 0,75L",26.39,RON,,0,catalogue,1
2026-08-11T09:37:46.715546+00:00,metro,BTY-X798959,"CRAMELE RECAS CASTEL HUNIADE Feteasca Neagra Vin Rosu Sec SGR 0,75 L",20.96,RON,,0,catalogue,1
2026-08-11T09:37:46.716053+00:00,metro,BTY-X795946,"PURCARI 1827 Rara Neagra SGR 0,75 L",37.96,RON,,0,catalogue,1
2026-08-11T09:37:46.716695+00:00,metro,BTY-X803233,"Aurelia Visinescu NOMAD Feteasca Neagra Vin Rosu Sec SGR 0,75 L",29.31,RON,,0,catalogue,1
2026-08-11T09:37:46.716952+00:00,metro,BTY-X797394,"BECIUL DOMNESC Cabernet Sauvignon Vin Rosu Dulce SGR 0,75 L",21.95,RON,,0,catalogue,1
2026-08-11T09:37:46.717230+00:00,metro,BTY-X795821,"CAII DE LA LETEA Volumul I Cabernet Sauvignon Vin Rosu Sec SGR 0,75 L",32.0,RON,,0,catalogue,1
2026-08-11T09:37:46.717441+00:00,metro,BTY-X795914,"PURCARI 1827 Cabernet Sauvignon Vin Rosu Sec SGR 0,75 L",34.91,RON,,0,catalogue,1
2026-08-11T09:37:46.717641+00:00,metro,BTY-X794748,"JIDVEI CRAITA Vin Rosu Demisec SGR 0,75 L",13.9,RON,,0,catalogue,1
2026-08-11T09:37:46.718130+00:00,metro,BTY-X795209,"DOMENIILE ZORESTI PREMIAT Cabernet Sauvignon & Feteasca Neagra Vin Rosu Demisec SGR 0,75 L",12.95,RON,,0,catalogue,1
2026-08-11T09:37:46.718352+00:00,metro,BTY-X795930,"PURCARI 1827 Merlot SGR 0,75 L",34.91,RON,,0,catalogue,1
2026-08-11T09:37:46.718542+00:00,metro,BTY-X797396,"BECIUL DOMNESC Feteasca Neagra Vin Rosu SGR 0,75 L",21.95,RON,,0,catalogue,1
2026-08-11T09:37:46.718776+00:00,metro,BTY-X793301,"PELIN CARPATIN Vin Rosu SGR 1,5 L",27.5,RON,,0,catalogue,1
2026-08-11T09:37:46.719207+00:00,metro,BTY-X798953,"CRAMELE RECAS SCHWABEN WEIN Cabernet Sauvignon Vin Rosu Sec SGR 0,75 L",17.38,RON,,0,catalogue,1
2026-08-11T09:37:46.719419+00:00,metro,BTY-X795981,"PURCARI 1827 Feteasca Neagra Vin Rosu Sec SGR 0,75 L",49.9,RON,,0,catalogue,1
2026-08-11T09:37:46.719693+00:00,metro,BTY-X798961,"CRAMELE RECAS CASTEL HUNIADE Merlot Vin Rosu Demisec SGR 0,75 L",20.96,RON,,0,catalogue,1
2026-08-11T09:37:46.719916+00:00,metro,BTY-X773020,MOZAIC Merlot Vin Rosu 3 L,41.5,RON,,0,catalogue,1
2026-08-11T09:37:46.720118+00:00,metro,BTY-X785574,VINEXPORT Premiat Rosu Demidulce 10 L,77.0,RON,,0,catalogue,1
2026-08-11T09:37:46.720525+00:00,metro,BTY-X792526,"CRAMA GIRBOIU BACANTA Barrique Merlot Vin Rosu SGR 0,75 L",84.0,RON,,0,catalogue,1
2026-08-11T09:37:46.720728+00:00,metro,BTY-X792853,"RASOVA SUR MER Cuvee Vin Rosu SGR 0,75 L",70.0,RON,,0,catalogue,1
2026-08-11T09:37:46.721024+00:00,metro,BTY-X792878,"RASOVA LA PLAGE Syrah si Feteasca Neagra si Pinot Noir Vin Rosu SGR 0,75 L",31.5,RON,,0,catalogue,1
2026-08-11T09:37:46.721502+00:00,metro,BTY-X793460,"NEGRINI AGUM Merlot Vin Rosu Sec SGR 0,75 L",78.0,RON,,0,catalogue,1
2026-08-11T09:37:46.721699+00:00,metro,BTY-X793461,"NEGRINI AGUM Negru de Dragasani Vin Rosu Sec SGR 0,75 L",85.0,RON,,0,catalogue,1
2026-08-11T09:37:46.721873+00:00,metro,BTY-X793463,"NEGRINI ELEGANCE Negru de Dragasani Vin Rosu Sec SGR 0,75 L",57.9,RON,,0,catalogue,1
2026-08-11T09:37:46.722082+00:00,metro,BTY-X793467,"NEGRINI PREMIUM Cabernet Sauvignon Vin Rosu Sec SGR 0,75 L",41.9,RON,,0,catalogue,1
2026-08-11T09:37:46.722290+00:00,metro,BTY-X793903,"DOMENIILE SAMBURESTI Cabernet Sauvignon Vin Rosu SGR 0,75 L",31.0,RON,,0,catalogue,1
2026-08-11T09:37:46.722504+00:00,metro,BTY-X793907,"DOMENIILE SAMBURESTI CHATEAU VALVIS Feteasca Neagra Vin Rosu SGR 0,75 L",80.01,RON,,0,catalogue,1
2026-08-11T09:37:46.722712+00:00,metro,BTY-X794751,"JIDVEI CRAITA Vin Rosu Demidulce SGR 0,75 L",13.9,RON,,0,catalogue,1
2026-08-11T09:37:46.723176+00:00,metro,BTY-X794788,"JIDVEI HORA Pinot Noir Vin Rosu Demidulce SGR 0,75 L",13.75,RON,,0,catalogue,1
2026-08-11T09:37:46.723389+00:00,metro,BTY-X795011,"ALIRA Cuvee Vin Rosu Sec 2019 14% SGR 0,75 L",45.0,RON,,0,catalogue,1
2026-08-11T09:37:46.723605+00:00,metro,BTY-X795012,"ALIRA FLAMMA Rosu Baricat Vin Rosu Sec 2019 14% SGR 0,75 L",35.01,RON,,0,catalogue,1
2026-08-11T09:37:46.723867+00:00,metro,BTY-X795019,"ALIRA Merlot Vin Rosu Sec 2019 14,5% SGR 0,75 L",45.0,RON,,0,catalogue,1
2026-08-11T09:37:46.724102+00:00,metro,BTY-X795020,"ALIRA TRIBUN Vin Rosu Sec 2019 14,5% SGR 0,75 L",41.9,RON,,0,catalogue,1
2026-08-11T09:37:46.724312+00:00,metro,BTY-X795029,"BUDUREASCA CLASIC Feteasca Negra SGR 0,187 L",11.65,RON,,0,catalogue,1
2026-08-11T09:37:46.724515+00:00,metro,BTY-X795033,"BUDUREASCA ORIGINI Cabernet Sauvignon Vin Rosu Dulce SGR 0,5 L",57.0,RON,,0,catalogue,1
2026-08-11T09:37:46.724716+00:00,metro,BTY-X795034,"BUDUREASCA CLASIC Cabernet Sauvignon SGR 0,75 L",29.39,RON,,0,catalogue,1
2026-08-11T09:37:46.724955+00:00,metro,BTY-X795039,"BUDUREASCA CLASIC Feteasca Neagra SGR 0,75 L",29.39,RON,,0,catalogue,1
2026-08-11T09:37:46.725217+00:00,metro,BTY-X795485,"LILIAC Red Cuvee Feteasca Neagra & Merlot & Pinot Noir Vin Rosu SGR 0,75 L",56.49,RON,,0,catalogue,1
2026-08-11T09:37:46.725424+00:00,metro,BTY-X795606,"SERVE CUVEE Charlotte Vin Rosu SGR 0,75 L",169.0,RON,,0,catalogue,1
2026-08-11T09:37:46.725617+00:00,metro,BTY-X795609,"SERVE LE ROUGE Vin Rosu SGR 0,75 L",49.5,RON,,0,catalogue,1
2026-08-11T09:37:46.725853+00:00,metro,BTY-X795610,"SERVE TERRA ROMANA Cabernet Sauvignon SGR Vin Rosu 0,75 L",56.89,RON,,0,catalogue,1
2026-08-11T09:37:46.726066+00:00,metro,BTY-X795612,"SERVE TERRA ROMANA Millenium Vin Rosu SGR 0,75 L",56.89,RON,,0,catalogue,1
2026-08-11T09:37:46.726269+00:00,metro,BTY-X795819,"SARICA NICULITEL EPIPHANIE Feteasca Neagra Vin Rosu Sec SGR 0,75 L",115.0,RON,,0,catalogue,1
2026-08-11T09:37:46.726479+00:00,metro,BTY-X795825,"CAII DE LA LETEA Volumul II Cabernet Sauvignon Vin Rosu Sec SGR 0,75 L",50.9,RON,,0,catalogue,1
2026-08-11T09:37:46.726689+00:00,metro,BTY-X795881,"PURCARI 1827 Rosu de Purcari Vin Rosu Sec SGR 0,75 L",88.95,RON,,0,catalogue,1
2026-08-11T09:37:46.726937+00:00,metro,BTY-X795885,"CRAMA CEPTURA MAGNUS MONTE Feteasca Neagra SGR 0,75 L",29.5,RON,,0,catalogue,1
2026-08-11T09:37:46.727364+00:00,metro,BTY-X795900,"PURCARI 1827 Malbec Vin Rosu Sec SGR 0,75 L",49.9,RON,,0,catalogue,1
2026-08-11T09:37:46.727568+00:00,metro,BTY-X795977,"CRAMA CEPTURA ASTRUM CERVI Feteasca Neagra SGR 0,75 L",16.95,RON,,0,catalogue,1
2026-08-11T09:37:46.727782+00:00,metro,BTY-X795984,"PURCARI 1827 Shiraz Vin Rosu SGR 0,75 L",49.9,RON,,0,catalogue,1
2026-08-11T09:37:46.727988+00:00,metro,BTY-X796012,"CRAMA OPRISOR SMERENIE Vin Rosu SGR 0,75 L",144.99,RON,,0,catalogue,1
2026-08-11T09:37:46.728190+00:00,metro,BTY-X796013,"CRICOVA Vin Virgin Rosu Sec SGR 0,75 L",54.5,RON,,0,catalogue,1
2026-08-11T09:37:46.728377+00:00,metro,BTY-X796014,"CRAMA OPRISOR PASSAROWITZ 1718 Vin Rosu SGR 1,5 L",255.0,RON,,0,catalogue,1
2026-08-11T09:37:46.728710+00:00,metro,BTY-X796018,"CRICOVA VINTAGE Cabernet Vin Rosu SGR 0,75 L",28.14,RON,,0,catalogue,1
2026-08-11T09:37:46.729008+00:00,metro,BTY-X796020,"CRAMA OPRISOR Feteasca Neagra Vin Rosu Sec SGR 0,75 L",120.0,RON,,0,catalogue,1
2026-08-11T09:37:46.729128+00:00,metro,BTY-X796037,"CRAMA OPRISOR DRAGAICA ROSIE Vin Rosu SGR 0,75 L",79.99,RON,,0,catalogue,1
2026-08-11T09:37:46.729353+00:00,metro,BTY-X796059,"CRAMA OPRISOR LA CETATE Feteasca Neagra Vin Rosu SGR 0,75 L",37.0,RON,,0,catalogue,1
2026-08-11T09:37:46.729560+00:00,metro,BTY-X796061,"CRAMA OPRISOR LA CETATE Merlot Vin Rosu SGR 0,75 L",37.0,RON,,0,catalogue,1
2026-08-11T09:37:46.729667+00:00,metro,BTY-X796063,"CRICOVA PASTORAL Vin Rosu SGR 0,75 L",42.85,RON,,0,catalogue,1
2026-08-11T09:37:46.729960+00:00,metro,BTY-X796075,"CORCOVA BOHEME Cuvee Vin Rosu SGR 0,75 L",68.5,RON,,0,catalogue,1
2026-08-11T09:37:46.730173+00:00,metro,BTY-X796077,"CORCOVA Feteasca Neagra Vin Rosu SGR 0,75 L",42.5,RON,,0,catalogue,1
2026-08-11T09:37:46.730279+00:00,metro,BTY-X796078,"CORCOVA RESERVE Chardonnay Vin Rosu SGR 0,75 L",54.99,RON,,0,catalogue,1
2026-08-11T09:37:46.730386+00:00,metro,BTY-X796079,"CORCOVA RESERVE Cuvee Racoveanu Vin Rosu SGR 0,75 L",68.5,RON,,0,catalogue,1
2026-08-11T09:37:46.730497+00:00,metro,BTY-X796086,"CORCOVA RESERVE Syrah Vin Rosu SGR 0,75 L",68.5,RON,,0,catalogue,1
2026-08-11T09:37:46.730603+00:00,metro,BTY-X796401,"SAN MARZANO Talo Primitivo Di Manduria Vin Rosu SGR 0,75 L",62.0,RON,,0,catalogue,1
2026-08-11T09:37:46.730715+00:00,metro,BTY-X796419,"SAN MARZANO Primitivo Di Manduria Vin Rosu SGR 0,75 L",158.0,RON,,0,catalogue,1
2026-08-11T09:37:46.730852+00:00,metro,BTY-X796436,"LACERTA CUVEE IX Magnum Vin Rosu SGR 1,5 L",156.33,RON,,0,catalogue,1
2026-08-11T09:37:46.731076+00:00,metro,BTY-X796437,"LACERTA Cabernet Sauvignon VinE1317 Rosu SGR 0,75 L",73.21,RON,,0,catalogue,1
2026-08-11T09:37:46.731181+00:00,metro,BTY-X796440,"LACERTA Cabernet Sauvignon / Shiraz Vin Rosu SGR 0,75 L",91.5,RON,,0,catalogue,1
2026-08-11T09:37:46.731290+00:00,metro,BTY-X796454,"LACERTA RESERVA Merlot Vin Rosu SGR 0,75 L",85.45,RON,,0,catalogue,1
2026-08-11T09:37:46.731452+00:00,metro,BTY-X796605,"VINARTE SOARE Cabernet Sauvignon Vin Rosu SGR 0,75 L",125.01,RON,,0,catalogue,1
2026-08-11T09:37:46.731646+00:00,metro,BTY-X796613,"VINARTE PRINCE MIRCEA Merlot Reserva Vin Rosu SGR 1,5 L",141.0,RON,,0,catalogue,1
2026-08-11T09:37:46.731832+00:00,metro,BTY-X796650,"VINARTE NEDEEA Negru de Dragasani & Feteasca Neagra & Novac Vin Rosu SGR 0,75 L",46.5,RON,,0,catalogue,1
2026-08-11T09:37:46.732049+00:00,metro,BTY-X796651,"VINARTE PRINCE MIRCEA Cabernet Sauvignon Vin Rosu SGR 0,75 L",64.51,RON,,0,catalogue,1
2026-08-11T09:37:46.732169+00:00,metro,BTY-X796652,"VINARTE PRINCE MIRCEA Vin Feteasca Neagra SGR 0,75 L",64.51,RON,,0,catalogue,1
2026-08-11T09:37:46.732578+00:00,metro,BTY-X796653,"VINARTE PRINCE MIRCEA Merlot Reserva Vin Rosu SGR 0,75 L",64.51,RON,,0,catalogue,1
2026-08-11T09:37:46.732809+00:00,metro,BTY-X796707,"DOMENIILE TOHANI SIEL Vin Rosu Sec SGR 0,75 L",36.91,RON,,0,catalogue,1
2026-08-11T09:37:46.733316+00:00,metro,BTY-X796742,"DOMENIILE TOHANI VALAHORUM Feteasca Neagra Vin Rosu Sec SGR 0,75 L",59.96,RON,,0,catalogue,1
2026-08-11T09:37:46.733524+00:00,metro,BTY-X796764,"MOSIA DE LA TOHANI Pinot Noir Vin Rosu SGR 0,75 L",26.2,RON,,0,catalogue,1
2026-08-11T09:37:46.733703+00:00,metro,BTY-X796800,"DOMENIILE TOHANI APOGEUM Feteasca Neagra Vin Rosu Sec SGR 0,75 L",370.26,RON,,0,catalogue,1
2026-08-11T09:37:46.733959+00:00,metro,BTY-X796805,"DOMENIILE TOHANI Feteasca Neagra Vin Rosu Demisec SGR 0,75 L",16.69,RON,,0,catalogue,1
2026-08-11T09:37:46.734159+00:00,metro,BTY-X796809,"DOMENIILE TOHANI PRINCIPELE RADU Merlot Vin Rosu Sec SGR 0,75 L",100.66,RON,,0,catalogue,1
2026-08-11T09:37:46.734348+00:00,metro,BTY-X796824,"METAMORFOSIS Cabernet Sauvignon Vin Rosu SGR 0,75 L",34.55,RON,,0,catalogue,1
2026-08-11T09:37:46.734532+00:00,metro,BTY-X796826,"METAMORFOSIS Feteasca Neagra Vin Rosu SGR 0,75 L",34.55,RON,,0,catalogue,1
2026-08-11T09:37:46.734712+00:00,metro,BTY-X796828,"METAMORFOSIS Merlot Vin Rosu SGR 0,75 L",34.55,RON,,0,catalogue,1
2026-08-11T09:37:46.734946+00:00,metro,BTY-X796833,"CHATEAU VARTELY INDIVIDO Saperavi Vin Rosu Sec SGR 0,75 L",63.25,RON,,0,catalogue,1
2026-08-11T09:37:46.735157+00:00,metro,BTY-X796843,"CHATEAU VARTELY INDIVIDO Rara Neagra & Malbec & Syrah Vin Rosu SGR 0,75 L",43.55,RON,,0,catalogue,1
2026-08-11T09:37:46.735373+00:00,metro,BTY-X796847,"DOMENIILE DAVIDESCU Feteasca Neagra Malbec Vin Rosu Sec SGR 0,75 L",37.15,RON,,0,catalogue,1
2026-08-11T09:37:46.735587+00:00,metro,BTY-X796849,"DOMENIILE DAVIDESCU Rara Neagra Saperavi Vin Rosu Sec SGR 0,75 L",37.15,RON,,0,catalogue,1
2026-08-11T09:37:46.735826+00:00,metro,BTY-X796859,"ANIMA 3 Fete Negre Vin Rosu Sec SGR 0,75 L",145.01,RON,,0,catalogue,1
2026-08-11T09:37:46.736298+00:00,metro,BTY-X796862,"ANIMA Merlot Dealu Mare SGR 0,75 L",100.01,RON,,0,catalogue,1
2026-08-11T09:37:46.736496+00:00,metro,BTY-X796867,"DOMENIILE SAHATENI PROMESSA Feteasca Neagra & Syrah Vin Rosu SGR 0,75 L",38.5,RON,,0,catalogue,1
2026-08-11T09:37:46.736710+00:00,metro,BTY-X796895,"COTNARI ETICHETA GALBENA Vin Rosu Demidulce SGR 1,5 L",19.12,RON,,0,catalogue,1
2026-08-11T09:37:46.736963+00:00,metro,BTY-X796896,"COTNARI CASTEL VLADOIANU Feteasca Neagra Vin Rosu SGR 0,75 L",70.0,RON,,0,catalogue,1
2026-08-11T09:37:46.737224+00:00,metro,BTY-X797411,"TERRA ARGENTA Malbec Vin Rosu Demisec SGR 0,75 L",38.95,RON,,0,catalogue,1
2026-08-11T09:37:46.737425+00:00,metro,BTY-X797422,"ALDEGHERI Amarone della Valpolicella Vin Rosu Sec SGR 0,75 L",285.0,RON,,0,catalogue,1
2026-08-11T09:37:46.737633+00:00,metro,BTY-X797424,"BANFI BELNERO Toscana Vin Rosu Sec SGR 0,75 L",116.55,RON,,0,catalogue,1
2026-08-11T09:37:46.737872+00:00,metro,BTY-X797425,"BANFI BRUNELLO DI MONTALCINO Vin Rosu Sec SGR 0,75 L",290.0,RON,,0,catalogue,1
2026-08-11T09:37:46.738073+00:00,metro,BTY-X797426,"BANFI CHIANTI CLASSICO Vin Rosu Sec SGR 0,75 L",95.44,RON,,0,catalogue,1
2026-08-11T09:37:46.738261+00:00,metro,BTY-X797429,"EL EMPERADOR Chile Cabernet Carmenere Vin Rosu Sec SGR 0,75 L",25.93,RON,,0,catalogue,1
2026-08-11T09:37:46.738711+00:00,metro,BTY-X797455,"BANFI COL DI SASSO Vin Rosu Sec SGR 0,75 L",46.95,RON,,0,catalogue,1
2026-08-11T09:37:46.738967+00:00,metro,BTY-X797459,"BANFI ROSSO DI MONTALCINO Vin Rosu Sec SGR 0,75 L",111.25,RON,,0,catalogue,1
2026-08-11T09:37:46.739163+00:00,metro,BTY-X797466,"BARON D'ARIGNAC Vin Rosu Sec SGR 0,75 L",20.34,RON,,0,catalogue,1
2026-08-11T09:37:46.739363+00:00,metro,BTY-X797469,"CHEMIN DES PEPES Rouge Vin Rosu Sec SGR 0,75 L",44.15,RON,,0,catalogue,1
2026-08-11T09:37:46.739563+00:00,metro,BTY-X797470,"BANFI CHIANTI CLASSICO Riserva Vin Rosu Sec SGR 0,75 L",125.01,RON,,0,catalogue,1
2026-08-11T09:37:46.739790+00:00,metro,BTY-X797498,"GITANA WINERY CLASIC Rara Neagra Vin Rosu Sec SGR 0,75 L",40.55,RON,,0,catalogue,1
2026-08-11T09:37:46.740260+00:00,metro,BTY-X797504,"GITANA WINERY LUPI Vin Rosu Sec SGR 0,75 L",144.99,RON,,0,catalogue,1
2026-08-11T09:37:46.740468+00:00,metro,BTY-X797510,"GITANA WINERY CLASIC Merlot & Cabernet Sauvignon Vin Rosu Sec SGR 0,75 L",40.55,RON,,0,catalogue,1
2026-08-11T09:37:46.740673+00:00,metro,BTY-X797511,"GITANA WINERY SAPERAVI Vin Rosu Sec SGR 0,75 L",101.0,RON,,0,catalogue,1
2026-08-11T09:37:46.740901+00:00,metro,BTY-X797513,"GITANA WINERY SAPERAVI Magnum Vin Rosu Sec SGR 1,5 L",224.0,RON,,0,catalogue,1
2026-08-11T09:37:46.741152+00:00,metro,BTY-X797517,"GITANA WINERY LUPI MAGNUM Vin Rosu Sec SGR 1,5 L",329.0,RON,,0,catalogue,1
2026-08-11T09:37:46.741361+00:00,metro,BTY-X797578,"WENTE Southern Hills Cabernet Sauvignon Vin Rosu Sec SGR 0,75 L",92.15,RON,,0,catalogue,1
2026-08-11T09:37:46.741840+00:00,metro,BTY-X797581,"WENTE Beyer Ranch Zinfandel California Vin Rosu Sec SGR 0,75 L",96.5,RON,,0,catalogue,1
2026-08-11T09:37:46.742073+00:00,metro,BTY-X797584,"VARTELY TARABOSTE Cupaj Rosu Sec SGR 0,75 L",97.5,RON,,0,catalogue,1
2026-08-11T09:37:46.742292+00:00,metro,BTY-X797590,"CHATEAU DE FERRANO le Different Saint-Emilion Vin Rosu Sec SGR 0,75 L",157.6,RON,,0,catalogue,1
2026-08-11T09:37:46.742491+00:00,metro,BTY-X797598,"Governo Il Messo Toscana Vin Rosu Sec SGR 0,75 L",57.5,RON,,0,catalogue,1
2026-08-11T09:37:46.742967+00:00,metro,BTY-X797604,"BEL COLLE Barolo Monvigliero Vin Rosu Sec SGR 0,75 L",213.0,RON,,0,catalogue,1
2026-08-11T09:37:46.743184+00:00,metro,BTY-X797608,"METAMORFOSIS CANTUS PRIMUS Feteasca Neagra Vin Rosu Sec SGR 0,75 L",96.5,RON,,0,catalogue,1
2026-08-11T09:37:46.743386+00:00,metro,BTY-X797610,"CHATEAU MAUCAILLO MOULIS Vin Rosu Sec SGR 0,75 L",225.0,RON,,0,catalogue,1
2026-08-11T09:37:46.743581+00:00,metro,BTY-X797611,"CIELO GRAN MAESTRO Primitivo di Manduria Vin Rosu Sec SGR 0,75 L",80.5,RON,,0,catalogue,1
2026-08-11T09:37:46.744092+00:00,metro,BTY-X797612,"CHATEAUNEUF DU PAPE LA GRANGETTE DES PAPES Vin Rosu Sec SGR 0,75 L",221.5,RON,,0,catalogue,1
2026-08-11T09:37:46.744555+00:00,metro,BTY-X797613,"COTES DU RHONE Grangette Saint Joseph Vin Rosu Sec SGR 0,75 L",64.51,RON,,0,catalogue,1
2026-08-11T09:37:46.745092+00:00,metro,BTY-X797614,"VINTAE Matsu El Picaro Toro Vin Rosu Sec SGR 0,75 L",63.5,RON,,0,catalogue,1
2026-08-11T09:37:46.745290+00:00,metro,BTY-X797620,"CIELO Primasole Primitivo Vin Rosu Sec SGR 0,75 L",53.49,RON,,0,catalogue,1
2026-08-11T09:37:46.745647+00:00,metro,BTY-X797754,ROVINEX 9 POLOBOACE Vin Rosu Demidulce SGR 2 L,17.75,RON,,0,catalogue,1
2026-08-11T09:37:46.745961+00:00,metro,BTY-X797987,"BYZANTIUM Rosso Feteasca Neagra Shiraz Cabernet Vin Rosu Sec SGR 0,75 L",35.5,RON,,0,catalogue,1
2026-08-11T09:37:46.746080+00:00,metro,BTY-X798113,"DOMENIILE BOHOTIN POEM Feteasca Neagra Vin Rosu Sec SGR 0,75 L",41.59,RON,,0,catalogue,1
2026-08-11T09:37:46.746317+00:00,metro,BTY-X798117,"DOMENIILE BOHOTIN ZURZUR Feteasca Neagra Vin Rosu Demisec SGR 0,75 L",16.17,RON,,0,catalogue,1
2026-08-11T09:37:46.746724+00:00,metro,BTY-X798926,"CRAMELE RECAS SELENE Feteasca Neagra Vin Rosu Sec SGR 0,75 L",93.85,RON,,0,catalogue,1
2026-08-11T09:37:46.747108+00:00,metro,BTY-X798927,"SELENE Merlot Vin Rosu Sec SGR 0,75 L",93.85,RON,,0,catalogue,1
2026-08-11T09:37:46.747223+00:00,metro,BTY-X798991,"CRAMELE RECAS CASTEL HUNIADE Cuvee Uberland Vin Rosu Sec SGR 0,75 L",144.99,RON,,0,catalogue,1
2026-08-11T09:37:46.747585+00:00,metro,BTY-X799852,"VINEXPORT PREMIAT Vin Rosu Demisec SGR 0,75 L",10.9,RON,,0,catalogue,1
2026-08-11T09:37:46.748002+00:00,metro,BTY-X799865,PERLA HANGITEI Vin Rosu Demidulce SGR 2 L,16.5,RON,,0,catalogue,1
2026-08-11T09:37:46.748387+00:00,metro,BTY-X801113,"Le Petit Smith Haut Lafitte Vin Rosu Sec SGR 0,75 L",232.5,RON,,0,catalogue,1
2026-08-11T09:37:46.748570+00:00,metro,BTY-X803548,"SILK & SPICE Vin Rosu Sec SGR 0,75 L",29.9,RON,,0,catalogue,1
2026-08-11T09:37:46.749057+00:00,metro,BTY-X803552,"Clarendelle Bordeaux Vin Rosu Sec SGR 0,75 L",122.0,RON,,0,catalogue,1
2026-08-11T09:37:46.749476+00:00,metro,BTY-X803564,"DECOY California Cabernet Sauvignon Vin Rosu Sec SGR 0,75 L",149.0,RON,,0,catalogue,1
2026-08-11T09:37:46.749922+00:00,metro,BTY-X803566,"PICCINI FRAPASSO Primitivo di Manduria Vin Rosu Sec SGR 0,75 L",60.98,RON,,0,catalogue,1
2026-08-11T09:37:46.750355+00:00,metro,BTY-X803987,BUDUREASCA Cabernet Sauvignon Vin Rosu Sec Bag in Box 2 L,40.51,RON,,0,catalogue,1
2026-08-11T09:37:46.750558+00:00,metro,BTY-X804531,"SERVE VINUL CAVALERULUI Feteasca Neagra Vin Rosu Sec SGR 0,75 L",27.9,RON,,0,catalogue,1
2026-08-11T09:37:46.750737+00:00,metro,BTY-X804595,"MURFATLAR VINUL ZESTREA Pinot Noir Vin Rosu Demidulce SGR 0,75 L",13.95,RON,,0,catalogue,1
2026-08-11T09:37:46.750971+00:00,metro,BTY-X804717,"PRINCE MATEI SELECTII Merlot Vin Rosu Sec SGR 0,750 L",90.0,RON,,0,catalogue,1
2026-08-11T09:37:46.751154+00:00,metro,BTY-X804718,"ROSTURI Cabernet Sauvignon Vin Rosu Sec SGR 0,75 L",39.49,RON,,0,catalogue,1
2026-08-11T09:37:46.751336+00:00,metro,BTY-X806052,"BECIUL DOMNESC Fetesca Neagra Vin Rosu Demidulce SGR 0,187 L",8.95,RON,,0,catalogue,1
2026-08-11T09:37:46.751528+00:00,metro,BTY-X807868,"PURPURA VALAHICA Feteasca Neagra Vin Rosu Sec SGR 0,75 L",135.0,RON,,0,catalogue,1
2026-08-11T09:37:46.751725+00:00,metro,BTY-X807869,"CEPTURA Faurar Rosu de Ceptura Vin Rosu Sec SGR 0,75 L",40.0,RON,,0,catalogue,1
2026-08-11T09:37:46.752183+00:00,metro,BTY-X809003,"TARLA Vin Rosu Sec SGR 0,75 L",144.99,RON,,0,catalogue,1
2026-08-11T09:37:46.752366+00:00,metro,BTY-X809038,"DOMENIUL COROANEI SEGARCEA Elite Pinot Noir Vin Rosu Sec SGR 0,75 L",28.53,RON,,0,catalogue,1
2026-08-11T09:37:46.752552+00:00,metro,BTY-X809047,"DOMENIUL COROANEI SEGARCEA Marselan Vin Rosu Sec SGR 0,75 L",60.49,RON,,0,catalogue,1
2026-08-11T09:37:46.753092+00:00,metro,BTY-X809049,"DOMENIUL COROANEI SEGARCEA Prestige Merlot Vin Rosu Sec SGR 0,75 L",41.7,RON,,0,catalogue,1
2026-08-11T09:37:46.753300+00:00,metro,BTY-X809051,"DOMENIUL COROANEI SEGARCEA Principesa Margareta Vin Rosu Sec SGR 0,75 L",103.5,RON,,0,catalogue,1
2026-08-11T09:37:46.753778+00:00,metro,BTY-X809052,"DOMENIUL COROANEI SEGARCEA Minima Morala Respect Vin Rosu Sec SGR 0,75 L",94.5,RON,,0,catalogue,1
2026-08-11T09:37:46.754009+00:00,metro,BTY-X809053,"DOMENIUL COROANEI SEGARCEA Minima Morala Recunostinta Vin Rosu Sec SGR 0,75 L",94.5,RON,,0,catalogue,1
2026-08-11T09:37:46.754222+00:00,metro,BTY-X809094,"VILLA MARIA Pinot Noir Vin Rosu Sec SGR 0,75 L",85.51,RON,,0,catalogue,1
2026-08-11T09:37:46.754420+00:00,metro,BTY-X810077,"Magiq Cabernet Sauvignon si Feteasca Neagra Vin Rosu Sec SGR 0,75 L",99.0,RON,,0,catalogue,1
2026-08-11T09:37:46.754607+00:00,metro,BTY-X810086,"'49 Cuvee Rouge Vin Rosu Sec SGR 0,75 L",127.0,RON,,0,catalogue,1
2026-08-11T09:37:46.755028+00:00,metro,BTY-X810935,"CASTEL MIMI Rara Neagra Vin Rosu Sec SGR 0,75 L",33.5,RON,,0,catalogue,1
2026-08-11T09:37:46.755432+00:00,metro,BTY-X810936,"CASTEL MIMI The Governor Red Blend Vin Rosu Sec SGR 0,75 L",183.0,RON,,0,catalogue,1
2026-08-11T09:37:46.755869+00:00,metro,BTY-X811046,"Unchiu Puiu Cuvee Vin Rosu Sec SGR 0,75 L",92.5,RON,,0,catalogue,1
2026-08-11T09:37:46.756277+00:00,metro,BTY-X811048,"Cuvve Alexandra LADY BLACK Editie Limitata Vin Rosu Sec SGR 0,75 L",136.5,RON,,0,catalogue,1
2026-08-11T09:37:46.756467+00:00,metro,BTY-X811049,"MISTER S. LEGEND Vin Rosu Sec SGR 0,75 L",193.0,RON,,0,catalogue,1
2026-08-11T09:37:46.756657+00:00,metro,BTY-X811309,"TOHANI Feteasca de TOHANI Vin Rosu Sec SGR 0,75 L",35.59,RON,,0,catalogue,1
2026-08-11T09:37:46.756875+00:00,metro,BTY-X811322,"PAMANTURI Feteasca Neagra Vin Rosu Demisec SGR 0,75 L",29.92,RON,,0,catalogue,1
2026-08-11T09:37:46.757144+00:00,metro,BTY-X812205,"CAII DE LA LETEA Trilogie in Rosu Vin Rosu Sec SGR 0,75 L",47.9,RON,,0,catalogue,1
2026-08-11T09:37:46.757555+00:00,metro,BTY-X813124,"sable noble Vin Rosu Sec SGR 0,75 L",45.25,RON,,0,catalogue,1
2026-08-11T09:37:46.757967+00:00,metro,BTY-X817154,"DAVINO Flamboyant Vin Rosu Sec SGR 0,75 L",277.6,RON,,0,catalogue,1
2026-08-11T09:37:46.758333+00:00,metro,BTY-X817161,"DAVINO Rouge Vin Rosu Sec SGR 0,75 L",195.0,RON,,0,catalogue,1
2026-08-11T09:37:46.758691+00:00,metro,BTY-X817166,"IACOB Vin Rosu Sec SGR 0,75 L",85.0,RON,,0,catalogue,1
2026-08-11T09:37:46.758978+00:00,metro,BTY-X817175,"BECIUL DOMNESC ROSE VERITE Cabernet Sauvignon Vin Rosu Demisec SGR 0,75 L",33.55,RON,,0,catalogue,1
2026-08-11T09:37:46.759355+00:00,metro,BTY-X817490,"DOMENIILE URLATI Cabernet Sauvignon Vin Rosu Demidulce SGR 0,75 L",20.26,RON,,0,catalogue,1
2026-08-11T09:37:46.759537+00:00,metro,BTY-X817498,"DOMENIILE DEALU MARE Cabernet Sauvignon Vin Rosu Demisec SGR 0,75 L",25.45,RON,,0,catalogue,1
2026-08-11T09:37:46.759982+00:00,metro,BTY-X817564,"TIGNANELLO Vin Rosu Sec SGR 0,75 L",859.0,RON,,0,catalogue,1
2026-08-11T09:37:46.760160+00:00,metro,BTY-X817565,"ANTINORI CLASICO Riserva Vin Rosu Sec SGR 0,75 L",247.51,RON,,0,catalogue,1
2026-08-11T09:37:46.760562+00:00,metro,BTY-X817567,"DOMAINE FAIVELEY Nuits Vin Rosu Sec SGR 0,75 L",377.0,RON,,0,catalogue,1
2026-08-11T09:37:46.760794+00:00,metro,BTY-X817569,"JAUME ST JOSEPH BUTTE D'OR Vin Rosu Sec SGR 0,75 L",149.0,RON,,0,catalogue,1
2026-08-11T09:37:46.761055+00:00,metro,BTY-X817571,"MONTE DEL FRA Amarone Vin Rosu Sec SGR 0,75 L",234.0,RON,,0,catalogue,1
2026-08-11T09:37:46.761237+00:00,metro,BTY-X817572,"PRUNOTTO Barbaresco Vin Rosu Sec SGR 0,75 L",237.5,RON,,0,catalogue,1
2026-08-11T09:37:46.761436+00:00,metro,BTY-X817574,"ALEJANDRO BULGHERONI Pogggio Land Brunello di Montalcino Vin Rosu Sec SGR 0,75 L",298.49,RON,,0,catalogue,1
2026-08-11T09:37:46.761615+00:00,metro,BTY-X817575,"FINCA SAN CARLOS Malbec Vin Rosu Sec SGR 0,75 L",43.0,RON,,0,catalogue,1
2026-08-11T09:37:46.761847+00:00,metro,BTY-X817578,"PEDRO XIMENEZ Solera Vin Rosu Demidulce SGR 0,375 L",102.5,RON,,0,catalogue,1
2026-08-11T09:37:46.762041+00:00,metro,BTY-X817597,"FEDERALIST Bourbon Vin Rosu Sec SGR 0,75 L",130.99,RON,,0,catalogue,1
2026-08-11T09:37:46.762222+00:00,metro,BTY-X817602,"LOPEZ DE HARO Vin Rosu Sec SGR 0,75 L",139.0,RON,,0,catalogue,1
2026-08-11T09:37:46.762397+00:00,metro,BTY-X817604,"LANGMEIL Steadfast Vin Rosu Sec SGR 0,75 L",74.0,RON,,0,catalogue,1
2026-08-11T09:37:46.762574+00:00,metro,BTY-X817632,"LE VOLTE Dell' Ornell Vin Rosu Sec SGR 0,75 L",137.0,RON,,0,catalogue,1
2026-08-11T09:37:46.763012+00:00,metro,BTY-X817887,"LOUIS LATOUR Burgogne Pinot Noir Vin Rosu Sec SGR 0,75 L",90.6,RON,,0,catalogue,1
2026-08-11T09:37:46.763196+00:00,metro,BTY-X817905,"LOUIS LATOUR Chassagne-Montrachet Vin Rosu Sec SGR 0,75 L",240.0,RON,,0,catalogue,1
2026-08-11T09:37:46.763372+00:00,metro,BTY-X817906,"DOMAINES OTT Chateau Romassan Vin Rose Sec SGR 0,75 L",209.0,RON,,0,catalogue,1
2026-08-11T09:37:46.763790+00:00,metro,BTY-X817907,"BANFI Poggio all'Oro Vin Rosu Sec SGR 0,75 L",1119.0,RON,,0,catalogue,1
2026-08-11T09:37:46.764178+00:00,metro,BTY-X817908,"BANFI Poggio alle Mura Vin Rosu Sec SGR 0,75 L",428.0,RON,,0,catalogue,1
2026-08-11T09:37:46.764565+00:00,metro,BTY-X818034,"PETRO VASELO Eco Vin Rosu Sec SGR 0,75 L",57.69,RON,,0,catalogue,1
2026-08-11T09:37:46.765037+00:00,metro,BTY-X818037,"PETRO VASELO Eco Ovas Vin Rosu Sec SGR 0,75 L",133.0,RON,,0,catalogue,1
2026-08-11T09:37:46.765436+00:00,metro,BTY-X818049,"PETRO VASELO Eco Melgis Vin Rosu Sec SGR 0,75 L",133.0,RON,,0,catalogue,1
2026-08-11T09:37:46.765641+00:00,metro,BTY-X818050,"PETRO VASELO Eco Gran Cru Vin Rosu Sec SGR 0,75 L",900.0,RON,,0,catalogue,1
2026-08-11T09:37:46.766087+00:00,metro,BTY-X819656,"FAUTOR WINERY Barbaro Vin Rosu Sec SGR 0,75 L",115.0,RON,,0,catalogue,1
2026-08-11T09:37:46.766459+00:00,metro,BTY-X819662,"FAUTOR WINERY Aurore Cupaj Vin Rosu Sec SGR 0,75 L",66.01,RON,,0,catalogue,1
2026-08-11T09:37:46.766894+00:00,metro,BTY-X819663,"FAUTOR WINERY Aurore Syrah & Rara Neagra Vin Rosu Sec SGR 0,75 L",66.01,RON,,0,catalogue,1
2026-08-11T09:37:46.767380+00:00,metro,BTY-X819664,"FAUTOR WINERY 310 Altitudine Cabernet Sauvignon & Fetească Neagră Vin Rosu Sec SGR 0,75 L",40.0,RON,,0,catalogue,1
2026-08-11T09:37:46.767865+00:00,metro,BTY-X819665,"FAUTOR WINERY 310 Altitudine Merlot & Syrah Vin Rosu Sec SGR 0,75 L",40.0,RON,,0,catalogue,1
2026-08-11T09:37:46.768321+00:00,metro,BTY-X820154,MONTELCIEGO Rioja Crianza Vin Rosu Sec SGR 750 ml,22.89,RON,,0,catalogue,1
2026-08-11T09:37:46.768525+00:00,metro,BTY-X820610,"GALICEA MARE Fetească Neagră Vin Rosu Sec SGR 0,75 L",229.0,RON,,0,catalogue,1
2026-08-11T09:37:46.768723+00:00,metro,BTY-X820611,"GALICEA MARE Cabernet Sauvignon Vin Rosu Sec SGR 0,75 L",305.0,RON,,0,catalogue,1
2026-08-11T09:37:46.768956+00:00,metro,BTY-X820612,"GALICEA MARE Merlot Vin Rosu Sec SGR 0,75 L",229.0,RON,,0,catalogue,1
2026-08-11T09:37:46.769192+00:00,metro,BTY-X820613,"GALICEA MARE Cabernet Sauvignon & Merlot Vin Rosu Sec SGR 0,75 L",229.0,RON,,0,catalogue,1
2026-08-11T09:37:46.769604+00:00,metro,BTY-X821074,"TECTONIC Rezerva Cuvee Vin Rosu Sec SGR 0,75 L",35.01,RON,,0,catalogue,1
2026-08-11T09:37:46.770043+00:00,metro,BTY-X821076,"LIVIA Feteasca Neagra Vin Rosu Sec SGR 0,75 L",24.41,RON,,0,catalogue,1
2026-08-11T09:37:46.770218+00:00,metro,BTY-X821089,"BACANTA Feteasca Neagra Vin Rosu Sec SGR 0,75 L",85.99,RON,,0,catalogue,1
2026-08-11T09:37:46.770385+00:00,metro,BTY-X821092,"BALLA GEZA Vin Rosu Sec SGR 0,75 L",94.5,RON,,0,catalogue,1
2026-08-11T09:37:46.770711+00:00,metro,BTY-X821094,"SALENTEIN Malbec Vin Rosu Sec SGR 0,75 L",99.0,RON,,0,catalogue,1
2026-08-11T09:37:46.770950+00:00,metro,BTY-X821149,"TITAN Feteasca Neagra Vin Rosu Sec SGR 0,75 L",650.0,RON,,0,catalogue,1
2026-08-11T09:37:46.771140+00:00,metro,BTY-X821152,"PRIVATE SELECTION Pinot Noir Vin Rosu Sec SGR 0,75 L",123.0,RON,,0,catalogue,1
2026-08-11T09:37:46.771336+00:00,metro,BTY-X821238,"CANTEA Cabernet Sauvignon 2019 Vin Rosu Sec SGR 0,75 L",109.0,RON,,0,catalogue,1
2026-08-11T09:37:46.771538+00:00,metro,BTY-X821241,"WILD HERITAGE Vin Rosu Sec SGR 0,75 L",199.0,RON,,0,catalogue,1
2026-08-11T09:37:46.771837+00:00,metro,BTY-X821242,"SFORILE Feteasca Negra Vin Rosu Sec SGR 0,75 L",339.01,RON,,0,catalogue,1
2026-08-11T09:37:46.772048+00:00,metro,BTY-X821243,"ISPITA by Liviu Grigorică A de la Armonia Vin Rosu Sec SGR 0,75 L",375.0,RON,,0,catalogue,1
2026-08-11T09:37:46.772507+00:00,metro,BTY-X821244,"ISPITA by Liviu Grigorică I de la Instinct Vin Rosu Sec SGR 0,75 L",375.0,RON,,0,catalogue,1
2026-08-11T09:37:46.772829+00:00,metro,BTY-X821245,"ISPITA by Liviu Grigorică T de la Taine Vin Rosu Sec SGR 0,75 L",375.0,RON,,0,catalogue,1
2026-08-11T09:37:46.773185+00:00,metro,BTY-X821262,"SANTA CRISTINA Toscana Vin Rosu Sec SGR 0,75 L",53.0,RON,,0,catalogue,1
2026-08-11T09:37:46.773410+00:00,metro,BTY-X821264,"OUDE KAAP Reserve Vin Rosu Sec SGR 0,75 L",40.0,RON,,0,catalogue,1
2026-08-11T09:37:46.773519+00:00,metro,BTY-X821418,"CRICOVA Amplius Vin Rosu Sec SGR 0,75 L",365.0,RON,,0,catalogue,1
2026-08-11T09:37:46.773620+00:00,metro,BTY-X821464,"ILLUSTRO Cupaj Vin Alb Sec SGR 0,75 L",110.0,RON,,0,catalogue,1
2026-08-11T09:37:46.773859+00:00,metro,BTY-X821468,"ILLUSTRO Cupaj Vin Rosu Sec SGR 0,75 L",155.0,RON,,0,catalogue,1
2026-08-11T09:37:46.774085+00:00,metro,BTY-X821791,"WINE DECO Cabernet Sauvignon Vin Rosu Sec SGR 0,75 L",88.5,RON,,0,catalogue,1
2026-08-11T09:37:46.774228+00:00,metro,BTY-X821794,"ZAIAFET Vin Rosu Demisec SGR 0,75 L",20.5,RON,,0,catalogue,1
2026-08-11T09:37:46.774541+00:00,metro,BTY-X821800,"JP CHENET Cabernet Syrah Vin Rosu Demisec SGR 0,25 L",12.5,RON,,0,catalogue,1
2026-08-11T09:37:46.774968+00:00,metro,BTY-X822683,"CAII DE LA LETEA Volumul 1 Rara Neagra Vin Rosu Sec SGR 0,75 L",32.0,RON,,0,catalogue,1
2026-08-11T09:37:46.775386+00:00,metro,BTY-X822698,"NEGRINI ELEGANCE Hex Sauvignon Blanc Vin Alb Sec SGR 0,75 L",67.0,RON,,0,catalogue,1
2026-08-11T09:37:46.775566+00:00,metro,BTY-X822733,"SERVE Cuvee Guy de Poix Vin Rosu Sec SGR 0,75 L",185.51,RON,,0,catalogue,1
2026-08-11T09:37:46.776058+00:00,metro,BTY-X822736,"TOHANI Premium Feteasca Neagra Vin Rosu Sec SGR 0,75 L",89.99,RON,,0,catalogue,1
2026-08-11T09:37:46.776262+00:00,metro,BTY-X822737,"TOHANI Cuvee Vin Rosu Sec SGR 0,75 L",59.99,RON,,0,catalogue,1
2026-08-11T09:37:46.776654+00:00,metro,BTY-X822784,CRAMELE RECAS SCHWABEN WEIN Merlot Vin Rosu Demisec 3 L,49.05,RON,,0,catalogue,1
2026-08-11T09:37:46.776886+00:00,metro,BTY-X822813,"BAUER Cabernet Franc Vin Rosu Sec SGR 0,75 L",125.01,RON,,0,catalogue,1
2026-08-11T09:37:46.777143+00:00,metro,BTY-X822816,"DOMENIUL BOGDAN Primordial Feteasca Neaga Vin Rosu Sec SGR 0,75 L",95.0,RON,,0,catalogue,1
2026-08-11T09:37:46.777574+00:00,metro,BTY-X822831,"DOMENIUL BOGDAN Patrar Syrah Vin Rosu Sec SGR 0,75 L",215.0,RON,,0,catalogue,1
2026-08-11T09:37:46.777916+00:00,metro,BTY-X822832,"STIRBEY Novac Vin Rosu Sec SGR 0,75 L",125.01,RON,,0,catalogue,1
2026-08-11T09:37:46.778104+00:00,metro,BTY-X823268,"CRICOVA Orasul Subteran Feteasca Neagra Vin Rosu Sec SGR 0,75 L",52.85,RON,,0,catalogue,1
2026-08-11T09:37:46.778234+00:00,metro,BTY-X823271,"CRICOVA Orasul Subteran Merlot & Cabernet Sauvignon Vin Roze Sec SGR 0,75 L",52.85,RON,,0,catalogue,1
2026-08-11T09:37:46.778647+00:00,metro,BTY-X823272,"CRICOVA Tramonto Saperavi Vin Rosu Demi-Dulce SGR 0,75 L",23.16,RON,,0,catalogue,1
2026-08-11T09:37:46.778804+00:00,metro,BTY-X823295,"GRAMOFON WINE Sonorum Feteasca Neagra Vin Rosu Sec SGR 0,75 L",140.01,RON,,0,catalogue,1
2026-08-11T09:37:46.779052+00:00,metro,BTY-X823297,"GRAMOFON WINE Contra Fabula Feteasca Neagra Vin Rosu Demidulce SGR 0,75 L",185.01,RON,,0,catalogue,1
2026-08-11T09:37:46.779314+00:00,metro,BTY-X823301,"GRAMOFON WINE Feteasca Neagra Vin Rosu Sec SGR 0,75 L",80.01,RON,,0,catalogue,1
2026-08-11T09:37:46.779543+00:00,metro,BTY-X823554,"BUDUREASCA Noble 5 Vin Rosu Sec SGR 0,75 L",90.0,RON,,0,catalogue,1
2026-08-11T09:37:46.779647+00:00,metro,BTY-X823558,"LEGAMANT Vin Rosu Sec SGR 0,75 L",250.0,RON,,0,catalogue,1
2026-08-11T09:37:46.779789+00:00,metro,BTY-X823583,"CRAMA CEPTURA MOTIV Feteasca Neagra & Cabernet Sauvignon Vin Rosu Demisec SGR 0,75 L",20.85,RON,,0,catalogue,1
2026-08-11T09:37:46.780145+00:00,metro,BTY-X824297,"PATIMA Feteasca Regala Vin Alb Sec SGR 0,75 L",115.01,RON,,0,catalogue,1
2026-08-11T09:37:46.780250+00:00,metro,BTY-X824299,"PATIMA Merlot Vin Rosu Sec SGR 0,75 L",149.01,RON,,0,catalogue,1
2026-08-11T09:37:46.780355+00:00,metro,BTY-X824454,"GITANA WINERY Portret de Gitana Cabernet Sauvignon Vin Rose Sec SGR 0,75 L",29.26,RON,,0,catalogue,1
2026-08-11T09:37:46.780477+00:00,metro,BTY-X824459,"GITANA WINERY Portret de Gitana Merlot & Rara Neagra Vin Rosu Sec SGR 0,75 L",29.26,RON,,0,catalogue,1
2026-08-11T09:37:46.780596+00:00,metro,BTY-X824551,"KENDALL JACKSON Anakota Helena Dakota Vin Rosu Sec SGR 0,75 L",1550.0,RON,,0,catalogue,1
2026-08-11T09:37:46.780698+00:00,metro,BTY-X824552,"BORGOGNO Barolo Classico Vin Rosu Sec SGR 0,75 L",400.0,RON,,0,catalogue,1
2026-08-11T09:37:46.780842+00:00,metro,BTY-X824553,"ZUCCARDI Finca Piedra Infinita Vin Rosu Sec SGR 0,75 L",1800.0,RON,,0,catalogue,1
2026-08-11T09:37:46.780951+00:00,metro,BTY-X824555,"TENUTA LUCE Lux Vitis Vin Rosu Sec SGR 0,75 L",1250.0,RON,,0,catalogue,1
2026-08-11T09:37:46.781100+00:00,metro,BTY-X824556,"TENUTA LUCE Lucente Vin Rosu Sec SGR 0,75 L",850.0,RON,,0,catalogue,1
2026-08-11T09:37:46.781203+00:00,metro,BTY-X824557,"TENUTA LUCE Brunello di Montalcino Vin Rosu Sec SGR 0,75 L",850.0,RON,,0,catalogue,1
2026-08-11T09:37:46.781311+00:00,metro,BTY-X824558,"FRESCOBALDI Brunello di Montalcino Riserva Vin Rosu Sec SGR 0,75 L",810.0,RON,,0,catalogue,1
2026-08-11T09:37:46.781417+00:00,metro,BTY-X825302,"TORRES Celeste Crianza Ribera Vin Rosu Sec SGR 0,75 L",112.51,RON,,0,catalogue,1
2026-08-11T09:37:46.781544+00:00,metro,BTY-X825313,"TORRES Reserva Real Vin Rosu Sec SGR 0,75 L",980.0,RON,,0,catalogue,1
2026-08-11T09:37:46.781645+00:00,metro,BTY-X825314,"TORRES Mas La Plana Vin Rosu Sec SGR 0,75 L",485.0,RON,,0,catalogue,1
2026-08-11T09:37:46.781784+00:00,metro,BTY-X825315,"TENUTA ULISSE Montepulciano D'Abruzzo Vin Rosu Sec SGR 0,75 L",63.5,RON,,0,catalogue,1
2026-08-11T09:37:46.781899+00:00,metro,BTY-X825317,"TENUTA ULISSE 10 Vendemmie Rosso Vin Rosu Sec SGR 0,75 L",205.0,RON,,0,catalogue,1
2026-08-11T09:37:46.782009+00:00,metro,BTY-X825318,"TENUTA ULISSE Pecorino Terre D'Abruzzo Vin Alb Sec SGR 0,75 L",63.5,RON,,0,catalogue,1
2026-08-11T09:37:46.782115+00:00,metro,BTY-X825319,"TENUTA ULISSE Primitivo Vin Rosu Sec SGR 0,75 L",63.5,RON,,0,catalogue,1
2026-08-11T09:37:46.782214+00:00,metro,BTY-X825323,"TENUTA ULISSE Primitivo Limited Edition Vin Rosu Sec SGR 0,75 L",225.0,RON,,0,catalogue,1
2026-08-11T09:37:46.782315+00:00,metro,BTY-X825324,"TENUTA ULISSE Pecorino Premium Vin Alb Sec SGR 0,75 L",77.5,RON,,0,catalogue,1
2026-08-11T09:37:46.782419+00:00,metro,BTY-X825326,"TENUTA ULISSE Montepulciano Premium Vin Rosu Sec SGR 0,75 L",77.5,RON,,0,catalogue,1
2026-08-11T09:37:46.782528+00:00,metro,BTY-X825327,"TENUTA ULISSE Masseri Primitivo Vin Rosu Sec SGR 0,75 L",120.0,RON,,0,catalogue,1
2026-08-11T09:37:46.782629+00:00,metro,BTY-X825342,"TENUTA ULISSE Amaranta Vin Rosu Sec SGR 0,75 L",110.0,RON,,0,catalogue,1
2026-08-11T09:37:46.782724+00:00,metro,BTY-X825345,"AALTO Vin Rosu Sec SGR 0,75 L",285.0,RON,,0,catalogue,1
2026-08-11T09:37:46.782856+00:00,metro,BTY-X825348,"GARMON Vin Rosu Sec SGR 0,75 L",275.0,RON,,0,catalogue,1
2026-08-11T09:37:46.782951+00:00,metro,BTY-X825349,"AALTO PS Vin Rosu Sec SGR 0,75 L",650.0,RON,,0,catalogue,1
2026-08-11T09:37:46.783051+00:00,metro,BTY-X825351,"EGO BODEGAS Infinito Vin Rosu Sec SGR 0,75 L",175.0,RON,,0,catalogue,1
2026-08-11T09:37:46.783154+00:00,metro,BTY-X825352,"PROTOS Reserva Vin Rosu Dulce SGR 0,75 L",199.5,RON,,0,catalogue,1
2026-08-11T09:37:46.783256+00:00,metro,BTY-X825355,"PROTOS Gran Reserva Vin Rosu Dulce SGR 0,75 L",354.51,RON,,0,catalogue,1
2026-08-11T09:37:46.783362+00:00,metro,BTY-X825357,"SOLERA 1847 Vin Rosu Sec SGR 0,75 L",97.5,RON,,0,catalogue,1
2026-08-11T09:37:46.783462+00:00,metro,BTY-X825358,"RIOJA Byass Beronia Reserva Vin Rosu Sec SGR 0,75 L",97.5,RON,,0,catalogue,1
2026-08-11T09:37:46.783578+00:00,metro,BTY-X825362,"RIOJA Byass Beronia Gran Reserva Vin Rosu Sec SGR 0,75 L",201.5,RON,,0,catalogue,1
2026-08-11T09:37:46.783679+00:00,metro,BTY-X825695,"MINI Vin Rosu Sec SGR 0,185 L",8.45,RON,,0,catalogue,1
2026-08-11T09:37:46.783827+00:00,metro,BTY-X826303,"BECIUL DOMNESC Grand Reserve Feteasca Neagra Vin Rosu Sec SGR 0,75 L",32.98,RON,,0,catalogue,1
2026-08-11T09:37:46.783939+00:00,metro,BTY-X826909,"ORUBE Crianza Vin Rosu Sec SGR 0,75 L",55.45,RON,,0,catalogue,1
2026-08-11T09:37:46.784049+00:00,metro,BTY-X795899,"PURCARI VINTAGE Vin Rosu Sec SGR 0,75 L",140.0,RON,,0,catalogue,1
2026-08-11T09:37:46.784172+00:00,metro,BTY-X796035,"CRAMA OPRISOR Cabernet Sauvignon Vin Rosu SGR 0,75 L",129.0,RON,,0,catalogue,1
2026-08-11T09:37:46.784281+00:00,metro,BTY-X797408,"CHATEAU PEYMOUTON Saint-Emilion Vin Rosu Sec SGR 0,75 L",149.0,RON,,0,catalogue,1
2026-08-11T09:37:46.784399+00:00,metro,BTY-X797607,"METAMORFOSIS CANTUS PRIMUS Cabernet Sauvignon Vin Rosu Sec SGR 0,75 L",100.5,RON,,0,catalogue,1
2026-08-11T09:37:46.784520+00:00,metro,BTY-X797721,"DOMENIILE TOHANI VINOTECA Feteasca Neagra Vin Rosu Sec SGR 0,75 L",425.0,RON,,0,catalogue,1
2026-08-11T09:37:46.784628+00:00,metro,BTY-X798948,"LA STEJARI Merlot Vin Rosu Sec SGR 0,75 L",240.0,RON,,0,catalogue,1
2026-08-11T09:37:46.784731+00:00,metro,BTY-X809039,"DOMENIUL COROANEI SEGARCEA Elite Merlot Vin Rosu Sec SGR 0,75 L",28.53,RON,,0,catalogue,1
2026-08-11T09:37:46.784875+00:00,metro,BTY-X809668,"EXPLICIT Cabernet Sauvignon Vin Rosu Sec SGR 0,75 L",36.51,RON,,0,catalogue,1
2026-08-11T09:37:46.785284+00:00,metro,BTY-X817577,"PEDRO XIMENEZ Sacristia Vin Rosu Demidulce SGR 0,375 L",349.5,RON,,0,catalogue,1
2026-08-11T09:37:46.785391+00:00,metro,BTY-X817910,"DUCKHORN Cabernet Sauvignon Vin Rosu Sec SGR 0,75 L",405.0,RON,,0,catalogue,1
2026-08-11T09:37:46.785611+00:00,metro,BTY-X818036,"PETRO VASELO Eco Otarnita Vin Rosu Sec SGR 0,75 L",115.0,RON,,0,catalogue,1
2026-08-11T09:37:46.785881+00:00,metro,BTY-X821086,BACANTA Feteasca Neagra Vin Rosu Sec SGR 3 L,375.0,RON,,0,catalogue,1
2026-08-11T09:37:46.786014+00:00,metro,BTY-X795898,"PURCARI 1827 Vin Rosu Sec SGR 0,75 L",88.95,RON,,0,catalogue,0
2026-08-11T09:37:46.786143+00:00,metro,BTY-X795017,"ALIRA FLAMMA Rosu Savuros Vin Rosu Sec 2019 14,5% SGR 0,75 L",29.9,RON,,0,catalogue,0
2026-08-11T09:37:46.786258+00:00,metro,BTY-X796844,"CHATEAU HAUT DAMBERT Bordeaux Vin Rosu SGR 0,75 L",44.75,RON,,0,catalogue,0
2026-08-11T09:37:46.786371+00:00,metro,BTY-X809040,"DOMENIUL COROANEI SEGARCEA Elite Cabernet Sauvignon Vin Rosu Sec SGR 0,75 L",28.53,RON,,0,catalogue,0
2026-08-11T09:37:46.786476+00:00,metro,BTY-X823584,"PURCARI 1827 Saperavi Vin Rosu Sec SGR 0,75 L",49.9,RON,,0,catalogue,0
2026-08-11T09:37:52.713222+00:00,metro,BTY-X811336,"RIBEAUPIERRE Cinsault Vin Rosé Sec SGR 0,75 L",18.07,RON,,0,catalogue,1
2026-08-11T09:37:52.713396+00:00,metro,BTY-X796894,"COTNARI ETICHETA GALBENA Vin Rose Demidulce SGR 1,5 L",19.12,RON,,0,catalogue,1
2026-08-11T09:37:52.713508+00:00,metro,BTY-X794736,"JIDVEI TRADITIONAL Vin Roze Demisec SGR 0,75 L",16.9,RON,,0,catalogue,1
2026-08-11T09:37:52.713618+00:00,metro,BTY-X795043,"BUDUREASCA CLASIC Rose Demisesc SGR 0,75 L",29.39,RON,,0,catalogue,1
2026-08-11T09:37:52.713762+00:00,metro,BTY-X793320,"PELIN CARPATIN Vin Rose SGR 0,75 L",15.25,RON,,0,catalogue,1
2026-08-11T09:37:52.713992+00:00,metro,BTY-X795189,"DOMENIILE ZORESTI PREMIAT Vin Rose Demisec SGR 0,75 L",12.95,RON,,0,catalogue,1
2026-08-11T09:37:52.714099+00:00,metro,BTY-X796705,"DOMENIILE TOHANI SIEL Vin Rose Sec SGR 0,75 L",36.91,RON,,0,catalogue,1
2026-08-11T09:37:52.714339+00:00,metro,BTY-X793723,"MURFATLAR ZESTREA Merlot si Cabernet Sauvignon Vin Rose Demidulce SGR 0,75 L",13.95,RON,,0,catalogue,1
2026-08-11T09:37:52.714458+00:00,metro,BTY-X798993,"CRAMELE RECAS SCHWABEN WEIN Vin Rose SGR 0,75 L",17.38,RON,,0,catalogue,1
2026-08-11T09:37:52.714717+00:00,metro,BTY-X793908,"DOMENIILE SAMBURESTI SAMBUREL DE OLT Vin Rose SGR 0,75 L",19.51,RON,,0,catalogue,1
2026-08-11T09:37:52.714824+00:00,metro,BTY-X796897,"COTNARI Busuioaca Rose Demidulce SGR 0,75 L",16.7,RON,,0,catalogue,1
2026-08-11T09:37:52.715045+00:00,metro,BTY-X748826,BUDUREASCA Rose Demisec 2 L,40.51,RON,,0,catalogue,1
2026-08-11T09:37:52.715160+00:00,metro,BTY-X797399,"BECIUL DOMNESC SIGILLUM MOLDAVIAE Busuioaca de Bohotin Vin Rose Demidulce SGR 0,75 L",16.0,RON,,0,catalogue,1
2026-08-11T09:37:52.715281+00:00,metro,BTY-X795963,"PURCARI 1827 Rose de Purcari Vin Rose Sec SGR 0,75 L",35.45,RON,,0,catalogue,1
2026-08-11T09:37:52.715395+00:00,metro,BTY-X797346,"BECIUL DOMNESC Vin Rose Demisec SGR 0,75 L",21.95,RON,,0,catalogue,1
2026-08-11T09:37:52.715615+00:00,metro,BTY-X804415,"CRICOVA Chateau Vin Rose Demisec SGR 0,75 L",19.9,RON,,0,catalogue,1
2026-08-11T09:37:52.715751+00:00,metro,BTY-X798985,"CRAMELE RECAS CASTEL HUNIADE Vin Roze Demisec SGR 0,75 L",20.96,RON,,0,catalogue,1
2026-08-11T09:37:52.715993+00:00,metro,BTY-X811325,"AEROSOLI Vin Rose Sec SGR 0,75 L",33.99,RON,,0,catalogue,1
2026-08-11T09:37:52.716098+00:00,metro,BTY-X794735,"JIDVEI TRADITIONAL Vin Roze Demidulce SGR 0,75 L",16.9,RON,,0,catalogue,1
2026-08-11T09:37:52.716206+00:00,metro,BTY-X795916,"CRAMA CEPTURA ASTRUM CERVI Rose Demisec SGR 0,75 L",16.95,RON,,0,catalogue,1
2026-08-11T09:37:52.716804+00:00,metro,BTY-X796028,"CRAMA OPRISOR CALOIAN Vin Rose SGR 0,75L",26.39,RON,,0,catalogue,1
2026-08-11T09:37:52.716915+00:00,metro,BTY-X797406,"MATEUS Portugal Vin Rose Demisec SGR 0,75 L",25.49,RON,,0,catalogue,1
2026-08-11T09:37:52.717189+00:00,metro,BTY-X796807,"DOMENIILE TOHANI Busuioaca de Bohotin Vin Rose Demisec SGR 0,75 L",16.69,RON,,0,catalogue,1
2026-08-11T09:37:52.717334+00:00,metro,BTY-X797324,"BECIUL DOMNESC PROLES PONTICA Vin Rose Dulce SGR 1,5 L",23.24,RON,,0,catalogue,1
2026-08-11T09:37:52.717568+00:00,metro,BTY-X793150,"SANGE DE TAUR Vin Rose SGR 0,75 L",13.81,RON,,0,catalogue,1
2026-08-11T09:37:52.717819+00:00,metro,BTY-X795950,"CRAMA CEPTURA CERVUS CEPTURUM Vin Rose Demisec SGR 0,75 L",13.66,RON,,0,catalogue,1
2026-08-11T09:37:52.718062+00:00,metro,BTY-X729473,VAL DUNA Crama Oprisor Rose De Roumanie Vin Rose Demisec 5 L,49.83,RON,,0,catalogue,1
2026-08-11T09:37:52.718311+00:00,metro,BTY-X729658,VAL DUNA Crama Oprisor Rose De Roumanie Vin Rose Demisec 10 L,89.99,RON,,0,catalogue,1
2026-08-11T09:37:52.718551+00:00,metro,BTY-X795624,"PODGORIA HUSI Busuioaca de Bohotin Vin Rose SGR 0,75 L",14.86,RON,,0,catalogue,1
2026-08-11T09:37:52.718687+00:00,metro,BTY-X794734,"JIDVEI GRIGORESCU Vin Roze Demisec SGR 0,75 L",22.51,RON,,0,catalogue,1
2026-08-11T09:37:52.718811+00:00,metro,BTY-X796761,"TOHANI MOSIA de la TOHANI Busuioaca Vin Rose Demidulce SGR 0,75 L",26.2,RON,,0,catalogue,1
2026-08-11T09:37:52.719058+00:00,metro,BTY-X795833,"CAII DE LA LETEA Volumul I Vin Rose Sec SGR 0,75 L",32.0,RON,,0,catalogue,1
2026-08-11T09:37:52.719172+00:00,metro,BTY-X796766,"MOSIA DE LA TOHANI Vin Rose Demisec SGR 0,75 L",26.2,RON,,0,catalogue,1
2026-08-11T09:37:52.719281+00:00,metro,BTY-X793902,"DOMENIILE SAMBURESTI Vin Rose SGR 0,75 L",28.91,RON,,0,catalogue,1
2026-08-11T09:37:52.719391+00:00,metro,BTY-X793256,"PELIN CARPATIN Vin Rose SGR 1,5 L",27.5,RON,,0,catalogue,1
2026-08-11T09:37:52.719610+00:00,metro,BTY-X712536,CRAMELE RECAS Schwaben Wein Roze Vin Rose Demidulce Bag in box 3 L,49.05,RON,,0,catalogue,1
2026-08-11T09:37:52.719881+00:00,metro,BTY-X773021,MOZAIC Vin Rose Demidulce 3 L,41.5,RON,,0,catalogue,1
2026-08-11T09:37:52.720344+00:00,metro,BTY-X792855,"RASOVA SUR MER Vin Rose SGR 0,75 L",60.0,RON,,0,catalogue,1
2026-08-11T09:37:52.720458+00:00,metro,BTY-X792879,"RASOVA LA PLAGE Syrah si Pinot Noir Vin Rose SGR 0,75 L",31.5,RON,,0,catalogue,1
2026-08-11T09:37:52.720578+00:00,metro,BTY-X792884,"RASOVA NUD Feteasca Neagra si Pinot Rose Vin Rose SGR 0,75 L",72.5,RON,,0,catalogue,1
2026-08-11T09:37:52.720719+00:00,metro,BTY-X793303,"SANGE DE TAUR Vin Rose Dulce SGR 1,5 L",25.0,RON,,0,catalogue,1
2026-08-11T09:37:52.720939+00:00,metro,BTY-X793309,"DOMENIILE URLATI SAAC Vin Rose SGR 0,75 L",31.91,RON,,0,catalogue,1
2026-08-11T09:37:52.721094+00:00,metro,BTY-X793462,"NEGRINI AGUM Merlot Vin Rose Sec SGR 0,75 L",67.0,RON,,0,catalogue,1
2026-08-11T09:37:52.721204+00:00,metro,BTY-X793465,"NEGRINI ELEGANCE Vin Rose Sec SGR 0,75 L",57.9,RON,,0,catalogue,1
2026-08-11T09:37:52.721316+00:00,metro,BTY-X793469,"NEGRINI PREMIUM Premiat Vin Rose Sec SGR 0,75 L",41.9,RON,,0,catalogue,1
2026-08-11T09:37:52.721431+00:00,metro,BTY-X794198,"CHATEAU D'ESCLANS Whispering Angel Vin Rose SGR 0,75 L",120.0,RON,,0,catalogue,1
2026-08-11T09:37:52.721699+00:00,metro,BTY-X794740,"JIDVEI TEZAUR Roze Sec SGR 0,75 L",34.11,RON,,0,catalogue,1
2026-08-11T09:37:52.721817+00:00,metro,BTY-X794743,"JIDVEI WEINLAND Roze SGR 0,75 L",18.25,RON,,0,catalogue,1
2026-08-11T09:37:52.721928+00:00,metro,BTY-X794769,"JIDVEI NEC PLUS ULTRA Vin Rose Demisec SGR 0,75 L",30.5,RON,,0,catalogue,1
2026-08-11T09:37:52.722155+00:00,metro,BTY-X794789,"JIDVEI HORA Vin Rose Demidulce SGR 0,75 L",13.75,RON,,0,catalogue,1
2026-08-11T09:37:52.722267+00:00,metro,BTY-X795013,"ALIRA FLAMMA Rose Vin Rose Sec 2022 13,5% SGR 0,75 L",29.9,RON,,0,catalogue,1
2026-08-11T09:37:52.722386+00:00,metro,BTY-X795052,"BUDUREASCA PREMIUM Rose SGR 0,75 L",45.75,RON,,0,catalogue,1
2026-08-11T09:37:52.722495+00:00,metro,BTY-X795487,"LILIAC Pinot Noir Vin Rose Sec SGR 0,75 L",47.5,RON,,0,catalogue,1
2026-08-11T09:37:52.722595+00:00,metro,BTY-X795608,"SERVE CUVEE Sissi Vin Rose SGR 0,75 L",75.0,RON,,0,catalogue,1
2026-08-11T09:37:52.722736+00:00,metro,BTY-X795613,"SERVE TERRA ROMANA Vin Rose SGR 0,75 L",56.89,RON,,0,catalogue,1
2026-08-11T09:37:52.722913+00:00,metro,BTY-X795615,"SERVE VINUL CAVALERULUI Vin Rose SGR 0,75 L",27.9,RON,,0,catalogue,1
2026-08-11T09:37:52.723075+00:00,metro,BTY-X795623,"DOMENIILE AVERESTI Busuioaca de Bohotin Vin Rose Demidulce SGR 0,75 L",27.85,RON,,0,catalogue,1
2026-08-11T09:37:52.723257+00:00,metro,BTY-X795628,"DOMENIILE AVERESTI NATIVA Busuioaca de Averesti Vin Rose Demidulce SGR 0,75 L",35.28,RON,,0,catalogue,1
2026-08-11T09:37:52.723482+00:00,metro,BTY-X795638,"DOMENIILE AVERESTI Diamond Busuioaca de Bohotin Vin Rose SGR 1,5 L",103.5,RON,,0,catalogue,1
2026-08-11T09:37:52.723722+00:00,metro,BTY-X795815,"CASA ISARESCU Merlot Dragasani Vin Rose Demisec SGR 0,75 L",31.9,RON,,0,catalogue,1
2026-08-11T09:37:52.723928+00:00,metro,BTY-X795827,"CAII DE LA LETEA Volumul II Vin Rose Sec SGR 0,75 L",50.9,RON,,0,catalogue,1
2026-08-11T09:37:52.724120+00:00,metro,BTY-X795895,"CRAMA CEPTURA MAGNUS MONTE Roze Sec SGR 0,75 L",29.5,RON,,0,catalogue,1
2026-08-11T09:37:52.724315+00:00,metro,BTY-X796002,"CRICOVA EDITIE LIMITATA Rara Neagra Roze SGR 0,75 L",43.15,RON,,0,catalogue,1
2026-08-11T09:37:52.724431+00:00,metro,BTY-X796024,"CRICOVA VINTAGE Vin Rose SGR 0,75 L",28.14,RON,,0,catalogue,1
2026-08-11T09:37:52.724540+00:00,metro,BTY-X796050,"CRAMA OPRISOR JIANA Vin Rose SGR 0,75L",44.69,RON,,0,catalogue,1
2026-08-11T09:37:52.724643+00:00,metro,BTY-X796096,"CORCOVA Vin Rose SGR 0,75 L",39.91,RON,,0,catalogue,1
2026-08-11T09:37:52.724787+00:00,metro,BTY-X796408,"BULGARINI Chiaretto Riviera Vin Rose SGR 0,75 L",75.0,RON,,0,catalogue,1
2026-08-11T09:37:52.725079+00:00,metro,BTY-X796589,"VINARTE ROZA DE SAMBURESTI Avenue Vin Rose SGR 0,75 L",46.61,RON,,0,catalogue,1
2026-08-11T09:37:52.725205+00:00,metro,BTY-X796597,"VINARTE ROZA DE SAMBURESTI Avenue Rozalia de Samburesti Vin Rose Demidulce SGR 0,75 L",46.61,RON,,0,catalogue,1
2026-08-11T09:37:52.725332+00:00,metro,BTY-X796609,"VINARTE SOARE Cabernet Sauvignon Vin Rose SGR 0,75 L",60.5,RON,,0,catalogue,1
2026-08-11T09:37:52.725563+00:00,metro,BTY-X796702,"TOHANI SUMMER WINE Vin Rose Demisec SGR 0,75 L",72.27,RON,,0,catalogue,1
2026-08-11T09:37:52.725704+00:00,metro,BTY-X796820,"LES CALANDIERES Mediterranee Vin Rose Sec SGR 0,75 L",37.5,RON,,0,catalogue,1
2026-08-11T09:37:52.725938+00:00,metro,BTY-X796829,"METAMORFOSIS Vin Rose SGR 0,75 L",27.31,RON,,0,catalogue,1
2026-08-11T09:37:52.726046+00:00,metro,BTY-X796834,"CHATEAU ROUBINE Cuvee Princess Vin Rose SGR 0,75 L",46.5,RON,,0,catalogue,1
2026-08-11T09:37:52.726160+00:00,metro,BTY-X796848,"DOMENIILE DAVIDESCU Rara Neagra Vin Rose Sec SGR 0,75 L",37.15,RON,,0,catalogue,1
2026-08-11T09:37:52.726402+00:00,metro,BTY-X797356,"BECIUL DOMNESC ROSE VERITE Cabernet Sauvignon Vin Rose Demisec SGR 0,75 L",33.55,RON,,0,catalogue,1
2026-08-11T09:37:52.726523+00:00,metro,BTY-X797360,"BECIUL DOMNESC ROSE VERITE Busuioaca de Bohotin Vin Rose Demidulce SGR 0,75 L",33.55,RON,,0,catalogue,1
2026-08-11T09:37:52.726649+00:00,metro,BTY-X797361,"BECIUL DOMNESC ROSE VERITE Cabernet Sauvignon Vin Rose Sec SGR 0,75 L",33.55,RON,,0,catalogue,1
2026-08-11T09:37:52.726797+00:00,metro,BTY-X797400,"BECIUL DOMNESC SIGILLUM MOLDAVIAE Vin Rose Demisec SGR 0,75 L",16.0,RON,,0,catalogue,1
2026-08-11T09:37:52.727053+00:00,metro,BTY-X797401,"CHÂTEAU SAINTE ROSELINE LAMPE DE MEDUSE Cru Classe Vin Rose Sec SGR 0,75 L",125.01,RON,,0,catalogue,1
2026-08-11T09:37:52.727313+00:00,metro,BTY-X797465,"BARON D'ARIGNAC Vin Rose Demidulce SGR 0,75 L",20.34,RON,,0,catalogue,1
2026-08-11T09:37:52.727544+00:00,metro,BTY-X797482,"JP CHENET Grenache Cinsault Vin Rose Demisec SGR 0,75 L",25.56,RON,,0,catalogue,1
2026-08-11T09:37:52.727656+00:00,metro,BTY-X797595,"DOMENIILE DAVIDESCU SORGINTE Vin Rose Demisec SGR 0,75 L",34.35,RON,,0,catalogue,1
2026-08-11T09:37:52.727794+00:00,metro,BTY-X797596,"CHATEAU ROUBINE Cru Classe Vin Rose Sec SGR 0,75 L",111.5,RON,,0,catalogue,1
2026-08-11T09:37:52.728023+00:00,metro,BTY-X797600,"CHATEAU ROUBINE R de Roubine Vin Rose Sec SGR 0,75 L",65.5,RON,,0,catalogue,1
2026-08-11T09:37:52.728138+00:00,metro,BTY-X797985,"BYZANTIUM Shiraz Dealu Mare Vin Rose Sec SGR 0,75 L",35.5,RON,,0,catalogue,1
2026-08-11T09:37:52.728255+00:00,metro,BTY-X798114,"DOMENIILE BOHOTIN SIMBOL Busuioaca de Bohotin Vin Rose Demidulce SGR 0,75 L",27.96,RON,,0,catalogue,1
2026-08-11T09:37:52.728382+00:00,metro,BTY-X798115,"DOMENIILE BOHOTIN ZURZUR Busuioaca de Bohotin Vin Rose Demidulce SGR 0,75 L",16.17,RON,,0,catalogue,1
2026-08-11T09:37:52.728506+00:00,metro,BTY-X798116,"DOMENIILE BOHOTIN ZURZUR Busuioaca de Bohotin Vin Rose Demisec SGR 0,75 L",16.17,RON,,0,catalogue,1
2026-08-11T09:37:52.728623+00:00,metro,BTY-X798930,"CRAMELE RECAS SOLE Merlot Vin Rose Sec SGR 0,75 L",72.68,RON,,0,catalogue,1
2026-08-11T09:37:52.728889+00:00,metro,BTY-X798935,"CRAMELE RECAS SOLO QUINTA Vin Rose Sec SGR 0,75 L",105.0,RON,,0,catalogue,1
2026-08-11T09:37:52.729169+00:00,metro,BTY-X798949,"CRAMELE RECAS MUSE Day Vin Rose Sec SGR 0,75 L",78.52,RON,,0,catalogue,1
2026-08-11T09:37:52.729402+00:00,metro,BTY-X798950,"CRAMELE RECAS MUSE Night Vin Rose Demisec SRG 0,75 L",78.52,RON,,0,catalogue,1
2026-08-11T09:37:52.729622+00:00,metro,BTY-X799864,PERLA HANGITEI Vin Rose Demidulce SGR 2 L,16.5,RON,,0,catalogue,1
2026-08-11T09:37:52.729879+00:00,metro,BTY-X801118,"CHATEAU ROUBINE Cuvee Lion et Dragon Vin Alb Sec SGR 0,75 L",130.5,RON,,0,catalogue,1
2026-08-11T09:37:52.730112+00:00,metro,BTY-X802079,"RASOVA RIVIERA Vin Roze Demidulce SGR 0,75 L",38.34,RON,,0,catalogue,1
2026-08-11T09:37:52.730339+00:00,metro,BTY-X804016,"TERRA VALLEVERDE Pinot Noir & Merlot & Cabernet Franc Vin Rose Sec SGR 0,75 L",43.72,RON,,0,catalogue,1
2026-08-11T09:37:52.730464+00:00,metro,BTY-X804594,"MURFATLAR VINUL ZESTREA Merlot & Cabernet Sauvignon Vin Rose Demisec SGR 0,75 L",13.95,RON,,0,catalogue,1
2026-08-11T09:37:52.730572+00:00,metro,BTY-X804719,"ROSTURI Vin Rose Sec SGR 0,75 L",39.49,RON,,0,catalogue,1
2026-08-11T09:37:52.730813+00:00,metro,BTY-X804835,"MOSIA DE LA TOHANI SPECIAL RESERVE Vin Rose Demisec SGR 0,75 L",28.35,RON,,0,catalogue,1
2026-08-11T09:37:52.731051+00:00,metro,BTY-X805429,"RASOVA ARIPI Vin Roze Sec SGR 0,75 L",85.0,RON,,0,catalogue,1
2026-08-11T09:37:52.731151+00:00,metro,BTY-X806051,"BECIUL DOMNESC Vin Rose Demisec SGR 0,187 L",8.95,RON,,0,catalogue,1
2026-08-11T09:37:52.731384+00:00,metro,BTY-X807058,"PRAHOVA VALLEY Feteasca Neagra Vin Rosu Demisec SGR 0,187 L",8.49,RON,,0,catalogue,1
2026-08-11T09:37:52.731499+00:00,metro,BTY-X807060,"PRAHOVA VALLEY Feteasca Neagra Vin Rosu Demisec SGR 0,750 L",20.47,RON,,0,catalogue,1
2026-08-11T09:37:52.731614+00:00,metro,BTY-X807064,"PRAHOVA VALLEY Feteasca Neagra Vin Rose Demisec SGR 0,187 L",8.49,RON,,0,catalogue,1
2026-08-11T09:37:52.731748+00:00,metro,BTY-X807857,"DAVINO Domaine Ceptura Vin Rose Sec SGR 0,75 L",95.0,RON,,0,catalogue,1
2026-08-11T09:37:52.731968+00:00,metro,BTY-X807941,"VARTELY INDIVIDO Vin Rose Sec SGR 0,75 L",43.55,RON,,0,catalogue,1
2026-08-11T09:37:52.732186+00:00,metro,BTY-X809041,"DOMENIUL COROANEI SEGARCEA Elite Vin Roze Sec SGR 0,75 L",28.53,RON,,0,catalogue,1
2026-08-11T09:37:52.732293+00:00,metro,BTY-X809234,"ALAI Vin Rose Demisec SGR 0,75 L",25.2,RON,,0,catalogue,1
2026-08-11T09:37:52.732396+00:00,metro,BTY-X809666,"EXPLICIT Vin Roze Sec SGR 0,75 L",36.51,RON,,0,catalogue,1
2026-08-11T09:37:52.732597+00:00,metro,BTY-X810934,"CASTEL MIMI Rara Neagra Vin Rose Sec SGR 0,75 L",33.5,RON,,0,catalogue,1
2026-08-11T09:37:52.732852+00:00,metro,BTY-X810938,"CASTEL MIMI The Governor Vin Rose Sec SGR 0,75 L",183.0,RON,,0,catalogue,1
2026-08-11T09:37:52.733137+00:00,metro,BTY-X811042,"DOMENIUL COROANEI SEGARCEA Prestige Tamaioasa Vin Roze Demidulce SGR 0,75 L",69.66,RON,,0,catalogue,1
2026-08-11T09:37:52.733618+00:00,metro,BTY-X811310,"TOHANI Feteasca de TOHANI Vin Rose Sec SGR 0,75 L",35.59,RON,,0,catalogue,1
2026-08-11T09:37:52.733747+00:00,metro,BTY-X811321,"PAMANTURI Vin Rose Demisec SGR 0,75 L",29.92,RON,,0,catalogue,1
2026-08-11T09:37:52.733848+00:00,metro,BTY-X811397,"Euforia Busuioaca Vin Rose Demisec SGR 0,75 L",41.15,RON,,0,catalogue,1
2026-08-11T09:37:52.733957+00:00,metro,BTY-X811399,"Euforia Busuioaca Vin Rose Demidulce SGR 0,75 L",41.15,RON,,0,catalogue,1
2026-08-11T09:37:52.734054+00:00,metro,BTY-X811770,"PREMIAT Vin Rose Demisec SGR 1,5 L",20.35,RON,,0,catalogue,1
2026-08-11T09:37:52.734250+00:00,metro,BTY-X813122,"sable noble Vin Roze Sec SGR 0,75 L",45.25,RON,,0,catalogue,1
2026-08-11T09:37:52.734463+00:00,metro,BTY-X817460,VINARTE Crama Stârmina Vin Rose Demidulce 3 L,41.55,RON,,0,catalogue,1
2026-08-11T09:37:52.734710+00:00,metro,BTY-X817462,VINARTE Crama Stârmina Vin Rose Demisec 3 L,41.55,RON,,0,catalogue,1
2026-08-11T09:37:52.734930+00:00,metro,BTY-X817464,"VINARTE Tamaioasa Vin Rose Demidulce SGR 0,75 l",59.51,RON,,0,catalogue,1
2026-08-11T09:37:52.735144+00:00,metro,BTY-X817491,"CASA DE ROSE Feteasca Neagra Vin Rose Sec SGR 0,75 L",16.75,RON,,0,catalogue,1
2026-08-11T09:37:52.735263+00:00,metro,BTY-X817492,"DOMENIILE URLATI Vin Rose Demisec SGR 0,75 L",20.26,RON,,0,catalogue,1
2026-08-11T09:37:52.735378+00:00,metro,BTY-X817497,"DOMENIILE DEALU MARE Feteasca Neagra Vin Rose Sec SGR 0,75 L",25.45,RON,,0,catalogue,1
2026-08-11T09:37:52.735605+00:00,metro,BTY-X817879,"MATEUS Vin Rose Demisec SGR 0,187 L",11.89,RON,,0,catalogue,1
2026-08-11T09:37:52.735842+00:00,metro,BTY-X817883,"PICCINI Memoro Vin Rose Demisec SGR 0,75 L",39.49,RON,,0,catalogue,1
2026-08-11T09:37:52.736068+00:00,metro,BTY-X817896,"PICCINI Martina Vermentino Vin Rose Sec SGR 0,75 L",49.5,RON,,0,catalogue,1
2026-08-11T09:37:52.736291+00:00,metro,BTY-X817920,"MATEUS Blue Vin Rose Sec SGR 0,75 L",39.0,RON,,0,catalogue,1
2026-08-11T09:37:52.736397+00:00,metro,BTY-X818033,"PETRO VASELO Eco Vin Rose Sec SGR 0,75 L",57.69,RON,,0,catalogue,1
2026-08-11T09:37:52.736497+00:00,metro,BTY-X818999,"JIDVEI Spirit Vin Roze Sec SGR 0,75 L",36.01,RON,,0,catalogue,1
2026-08-11T09:37:52.736734+00:00,metro,BTY-X821075,"TECTONIC Rezerva Cuvee Vin Roze Sec SGR 0,75 L",35.01,RON,,0,catalogue,1
2026-08-11T09:37:52.736956+00:00,metro,BTY-X821080,"TECTONIC Traminer Vin Roze Demisesc SGR 0,75 L",27.01,RON,,0,catalogue,1
2026-08-11T09:37:52.737107+00:00,metro,BTY-X821795,"ZAIAFET Vin Roze Demisec SGR 0,75 L",20.5,RON,,0,catalogue,1
2026-08-11T09:37:52.737208+00:00,metro,BTY-X821801,"JP CHENET Grenache Cinsault Vin Rose Demisec SGR 0,25 L",12.5,RON,,0,catalogue,1
2026-08-11T09:37:52.737448+00:00,metro,BTY-X822684,"CAII DE LA LETEA Volumul 1 Rara Neagra Vin Rose Sec SGR 0,75 L",32.0,RON,,0,catalogue,1
2026-08-11T09:37:52.737694+00:00,metro,BTY-X822731,"SERVE Le Rose Vin Rose Sec SGR 0,75 L",49.5,RON,,0,catalogue,1
2026-08-11T09:37:52.737914+00:00,metro,BTY-X822787,"CRAMELE RECAS SCHWABEN WEIN Vin Rose Demisec SGR 0,75 L",17.38,RON,,0,catalogue,1
2026-08-11T09:37:52.738144+00:00,metro,BTY-X822830,"DOMENIUL BOGDAN Primordial Vin Rose Sec SGR 0,75 L",57.0,RON,,0,catalogue,1
2026-08-11T09:37:52.738256+00:00,metro,BTY-X822847,"BAUER Petit Verdot Vin Rose Sec SGR 0,75 L",93.5,RON,,0,catalogue,1
2026-08-11T09:37:52.738360+00:00,metro,BTY-X823266,"CRICOVA Tramonto Vin Rose Demi-Dulce SGR 0,75 L",23.16,RON,,0,catalogue,1
2026-08-11T09:37:52.738573+00:00,metro,BTY-X823296,GRAMOFON WINE Sonorum Merlot Vin Rose Sec SGR 1 L,85.0,RON,,0,catalogue,1
2026-08-11T09:37:52.738818+00:00,metro,BTY-X823298,"GRAMOFON WINE Merlot Vin Rose Sec SGR 0,75 L",34.51,RON,,0,catalogue,1
2026-08-11T09:37:52.739038+00:00,metro,BTY-X823582,"CRAMA CEPTURA MOTIV Cabernet Sauvignon & Merlot Vin Rose Demisec SGR 0,75 L",20.85,RON,,0,catalogue,1
2026-08-11T09:37:52.739290+00:00,metro,BTY-X824457,"GITANA WINERY Crazus Cabernet Sauvignon & Rara Neagra Vin Rosu Sec SGR 0,75 L",340.01,RON,,0,catalogue,1
2026-08-11T09:37:52.739412+00:00,metro,BTY-X824533,"DOMAINES OTT Clos Mireille Vin Rose Sec SGR 0,75 L",208.01,RON,,0,catalogue,1
2026-08-11T09:37:52.739520+00:00,metro,BTY-X824534,"DOMAINES OTT Clos By Ott Vin Rose Sec SGR 0,75 L",99.0,RON,,0,catalogue,1
2026-08-11T09:37:52.739636+00:00,metro,BTY-X824535,"LAMPE DE MEDUSE Chateau Côtes de Provence Vin Rose Dulce SGR 0,75 L",193.01,RON,,0,catalogue,1
2026-08-11T09:37:52.739902+00:00,metro,BTY-X824585,"SANGE DE TAUR Vin Rose Demidulce SGR 0,75 L",13.81,RON,,0,catalogue,1
2026-08-11T09:37:52.740171+00:00,metro,BTY-X825320,"TENUTA ULISSE Frizzante Vin Rose Sec SGR 0,75 L",85.0,RON,,0,catalogue,1
2026-08-11T09:37:52.740266+00:00,metro,BTY-X825325,"TENUTA ULISSE Vin Rose Sec SGR 0,75 L",77.5,RON,,0,catalogue,1
2026-08-11T09:37:52.740379+00:00,metro,BTY-X825693,"CONCEPT Vin Rose Sec SGR 0,75 L",29.8,RON,,0,catalogue,1
2026-08-11T09:37:52.740482+00:00,metro,BTY-X795625,"PODGORIA HUSI Vin Rose Demidulce SGR 0,75 L",14.86,RON,,0,catalogue,1
2026-08-11T09:37:52.740584+00:00,metro,BTY-X808088,"MURFATLAR LACRIMA LUI OVIDIU Vin Roze Dulce SGR 0,75 L",34.55,RON,,0,catalogue,1
2026-08-11T09:37:52.740846+00:00,metro,BTY-X795032,"BUDUREASCA CLASIC Rose Premium SGR 0,187 L",14.75,RON,,0,catalogue,0
2026-08-11T09:37:52.740944+00:00,metro,BTY-X805502,"MINUTY M Vin Rose Sec SGR 0,75 L",90.0,RON,,0,catalogue,0
2026-08-11T09:37:59.808691+00:00,metro,BTY-X799107,"CORNER Valdo Prosecco SGR 0,75 L",24.5,RON,,0,catalogue,1
2026-08-11T09:37:59.809231+00:00,metro,BTY-X812306,"VALMARONE Proseco SGR 0,75 L",18.5,RON,,0,catalogue,1
2026-08-11T09:37:59.809683+00:00,metro,BTY-X799077,"CORNER Prosecco Rose SGR 0,75 L",21.05,RON,,0,catalogue,1
2026-08-11T09:37:59.810097+00:00,metro,BTY-X797415,"VEUVE PELLETIER Brut Sampanie SGR 0,75 L",131.16,RON,,0,catalogue,1
2026-08-11T09:37:59.810176+00:00,metro,BTY-X799076,"CA' ERNESTO Prosecco Rose SGR 0,75 L",20.45,RON,,0,catalogue,1
2026-08-11T09:37:59.810375+00:00,metro,BTY-X811644,"VALMARONE Lambrusco Rosu Demidulce SGR 0,75 L",11.14,RON,,0,catalogue,1
2026-08-11T09:37:59.810449+00:00,metro,BTY-X811646,"VALMARONE Lambrusco Roze Demidulce SGR 0,75 L",11.14,RON,,0,catalogue,1
2026-08-11T09:37:59.810525+00:00,metro,BTY-X811648,"VALMARONE Lambrusco Alb Demidulce SGR 0,75 L",11.14,RON,,0,catalogue,1
2026-08-11T09:37:59.810631+00:00,metro,BTY-X813196,"CA' ERNESTO Prosecco Valdobbiadene 0,75 L",24.65,RON,,0,catalogue,1
2026-08-11T09:37:59.810819+00:00,metro,BTY-X813856,"LES HAYTIÈRES Vin Rose SGR 0,75 L",12.5,RON,,0,catalogue,1
2026-08-11T09:37:59.811439+00:00,metro,BTY-X820168,GREEN CAPE Sauvignon Blanc Vin Alb Sec SGR 750 ml,18.3,RON,,0,catalogue,1
2026-08-11T09:37:59.811521+00:00,metro,BTY-X820395,"VALMARONE Vin Alb Spumant Brut SGR 0,75 L",10.35,RON,,0,catalogue,1
2026-08-11T09:37:59.811743+00:00,metro,BTY-X820396,"IL CARPINO Frascati Vin Alb Sec SGR 0,75 L",13.5,RON,,0,catalogue,1
2026-08-11T09:37:59.811935+00:00,metro,BTY-X820398,"CORNER Prosecco Treviso SGR 0,75 L",20.0,RON,,0,catalogue,1
2026-08-11T09:37:59.812124+00:00,metro,BTY-X820399,"LAURA ROMAGNELLI Lambrusco Romagne Vin Spumant Rose Demidulce SGR 0,75 L",11.65,RON,,0,catalogue,1
2026-08-11T09:37:59.812338+00:00,metro,BTY-X820400,"VALMARONE Frizzante Secco Alb SGR 0,75 L",9.45,RON,,0,catalogue,1
2026-08-11T09:37:59.812540+00:00,metro,BTY-X793716,"LA GIOIOSA Prosecco Brut Vin Spumant Alb SGR 0,75 L",49.83,RON,,0,catalogue,1
2026-08-11T09:37:59.812653+00:00,metro,BTY-X797094,"ANGELLI CUVEE IMPERIAL Vin Spumant SGR 0,75 L",24.5,RON,,0,catalogue,1
2026-08-11T09:37:59.813122+00:00,metro,BTY-X793182,"ZAREA CRYSTAL COLLECTION Vin Spumant Rose Demisec SGR 0,75 L",24.9,RON,,0,catalogue,1
2026-08-11T09:37:59.813340+00:00,metro,BTY-X793227,"ZAREA ROYAL GOLD Vin Spumant Rose SGR 0,75 L",43.95,RON,,0,catalogue,1
2026-08-11T09:37:59.813543+00:00,metro,BTY-X796971,"MIONETTO Treviso Prosecco Vin Spumant SGR 0,75 L",40.09,RON,,0,catalogue,1
2026-08-11T09:37:59.813658+00:00,metro,BTY-X797101,"ANGELLI Vin Spumant Gran Moscato SGR 0,75 L",24.5,RON,,0,catalogue,1
2026-08-11T09:37:59.814296+00:00,metro,BTY-X797114,"ANGELLI Vin Spumant Blanc De Blancs SGR 0,75 L",24.5,RON,,0,catalogue,1
2026-08-11T09:37:59.814771+00:00,metro,BTY-X804279,"Riunite Prosecco Treviso Alb Extra Sec SGR 0,75 L",36.91,RON,,0,catalogue,1
2026-08-11T09:37:59.815304+00:00,metro,BTY-X796967,"MIONETTO Prosecco Vin Spumant Rose SGR 0,75 L",43.35,RON,,0,catalogue,1
2026-08-11T09:37:59.815660+00:00,metro,BTY-X793179,"ZAREA CRYSTAL COLLECTION Vin Spumant Muscat Dulce SGR 0,75 L",24.9,RON,,0,catalogue,1
2026-08-11T09:37:59.815984+00:00,metro,BTY-X793170,"ZAREA CRYSTAL COLLECTION Vin Spumant Dulce SGR 0,75 L",24.9,RON,,0,catalogue,1
2026-08-11T09:37:59.816193+00:00,metro,BTY-X793791,"grande vento Prosecco Vin Spumant Alb Sec SGR 0,75 L",39.65,RON,,0,catalogue,1
2026-08-11T09:37:59.816491+00:00,metro,BTY-X793313,"DORATO Vin Spumant Alb Demisec SGR 0,75 L",14.51,RON,,0,catalogue,1
2026-08-11T09:37:59.816899+00:00,metro,BTY-X811180,"LA PLAGE Prosecco SGR 0,75 L",37.5,RON,,0,catalogue,1
2026-08-11T09:37:59.817297+00:00,metro,BTY-X796965,"MIONETTO Prosecco Yellow SGR 0,75 L",48.9,RON,,0,catalogue,1
2026-08-11T09:37:59.817528+00:00,metro,BTY-X796969,"MIONETTO Sergio Vin Spumant Rose SGR 0,75 L",37.9,RON,,0,catalogue,1
2026-08-11T09:37:59.817768+00:00,metro,BTY-X796057,"CRICOVA CRISECCO Vin Spumant Alb Sec SGR 0,75 L",35.5,RON,,0,catalogue,1
2026-08-11T09:37:59.818185+00:00,metro,BTY-X796889,"COTNARI ZAZ Vin Spumant Alb Demisec SGR 0,75 L",29.0,RON,,0,catalogue,1
2026-08-11T09:37:59.818552+00:00,metro,BTY-X797113,"ADOR Vin Spumant Frizzante SGR 0,75 L",14.9,RON,,0,catalogue,1
2026-08-11T09:37:59.818971+00:00,metro,BTY-X793222,"ZAREA Prosecco Sec SGR 0,75 L",39.81,RON,,0,catalogue,1
2026-08-11T09:37:59.819088+00:00,metro,BTY-X804678,"Visconti della Roccia Prosecco SGR 0,75 L",31.27,RON,,0,catalogue,1
2026-08-11T09:37:59.819452+00:00,metro,BTY-X797104,"MIONETTO Prosecco Treviso Vin Spumant SGR 0,2 L",14.45,RON,,0,catalogue,1
2026-08-11T09:37:59.819896+00:00,metro,BTY-X796115,"Riunite Lambrusco Rose Emilia Vin Rose SGR 0,75 L",22.91,RON,,0,catalogue,1
2026-08-11T09:37:59.819985+00:00,metro,BTY-X793169,"ZAREA CRYSTAL COLLECTION Demisec SGR 0,75 L",24.9,RON,,0,catalogue,1
2026-08-11T09:37:59.820245+00:00,metro,BTY-X794179,"MARTINI ASTI Vin Alb Spumant SGR 0,75 L",46.0,RON,,0,catalogue,1
2026-08-11T09:37:59.820332+00:00,metro,BTY-X793183,"ZAREA CRYSTAL COLLECTION Vin Spumant Sec SGR 0,75 L",24.9,RON,,0,catalogue,1
2026-08-11T09:37:59.820531+00:00,metro,BTY-X797675,"MOËT & CHANDON Brut Imperial Sampanie SGR 0,75 L",209.91,RON,,0,catalogue,1
2026-08-11T09:37:59.820763+00:00,metro,BTY-X793221,"ZAREA Lambrusco Vin Rose SGR 0,75 L",26.18,RON,,0,catalogue,1
2026-08-11T09:37:59.821284+00:00,metro,BTY-X793220,"ZAREA CRYSTAL COLLECTION Vin Spumant Demisec SGR 0,20 L",9.7,RON,,0,catalogue,1
2026-08-11T09:37:59.821534+00:00,metro,BTY-X795202,"DOMENIILE ZORESTI NISCOV Frizzante Vin Alb SGR 0,75 L",16.55,RON,,0,catalogue,1
2026-08-11T09:37:59.821665+00:00,metro,BTY-X792679,"GARRONE PRESTIGE Vin Spumant Alb SGR 0,75 L",19.9,RON,,0,catalogue,1
2026-08-11T09:37:59.821873+00:00,metro,BTY-X797097,"ANGELLI Elegance Vin Spumant Muscat Alb Dulce SGR 0,75 L",27.9,RON,,0,catalogue,1
2026-08-11T09:37:59.821965+00:00,metro,BTY-X797061,"MIONETTO Prosecco Valdo Vin Spumant Alb SGR 0,75 L",57.0,RON,,0,catalogue,1
2026-08-11T09:37:59.822063+00:00,metro,BTY-X793226,"ZAREA ROYAL GOLD 23K Vin Spumant SGR 0,75 L",43.95,RON,,0,catalogue,1
2026-08-11T09:37:59.822330+00:00,metro,BTY-X793188,"ZAREA DIAMOND COLLECTION Vin Spumant Brut SGR 0,75 L",43.51,RON,,0,catalogue,1
2026-08-11T09:37:59.822586+00:00,metro,BTY-X793193,"ZAREA DIAMOND COLLECTION Demisec SGR 0,75 L",43.51,RON,,0,catalogue,1
2026-08-11T09:37:59.823126+00:00,metro,BTY-X793223,"ZAREA Prosecco Vin Rose SGR 0,75 L",39.81,RON,,0,catalogue,1
2026-08-11T09:37:59.823213+00:00,metro,BTY-X793231,"DOMENIILE URLATI ZZPELIN Alb Frizzante SGR 0,75 L",28.25,RON,,0,catalogue,1
2026-08-11T09:37:59.823419+00:00,metro,BTY-X793233,"DOMENIILE URLATI ZZPELIN Rose Frizzante SGR 0,75 L",28.25,RON,,0,catalogue,1
2026-08-11T09:37:59.823670+00:00,metro,BTY-X793306,"ZAREA CRYSTAL COLLECTION Vin Spumant Alb SGR 1,5 L",50.51,RON,,0,catalogue,1
2026-08-11T09:37:59.823964+00:00,metro,BTY-X793717,"LA GIOIOSA Prosecco Brut Vin Spumant Rose SGR 0,75 L",49.83,RON,,0,catalogue,1
2026-08-11T09:37:59.824170+00:00,metro,BTY-X793788,"CINZANO Gran Dolce Vin Spumant SGR 0,75 L",40.0,RON,,0,catalogue,1
2026-08-11T09:37:59.824370+00:00,metro,BTY-X793790,"CINZANO Vin Spumant Rose Dulce SGR 0,75 L",40.0,RON,,0,catalogue,1
2026-08-11T09:37:59.824551+00:00,metro,BTY-X794194,"MARTINI PROSECCO Vin Alb Spumant SGR 0,75 L",45.0,RON,,0,catalogue,1
2026-08-11T09:37:59.824824+00:00,metro,BTY-X794757,"JIDVEI Spumant Extra Dry SGR 0,75 L",53.49,RON,,0,catalogue,1
2026-08-11T09:37:59.824916+00:00,metro,BTY-X795203,"DOMENIILE ZORESTI NISCOV Frizzante Vin Rose SGR 0,75 L",16.55,RON,,0,catalogue,1
2026-08-11T09:37:59.825063+00:00,metro,BTY-X795965,"CUVEE DE PURCARI Vin Spumant Alb SGR 0,75 L",97.01,RON,,0,catalogue,1
2026-08-11T09:37:59.825153+00:00,metro,BTY-X795966,"CUVEE DE PURCARI Vin Spumant Rose SGR 0,75 L",97.01,RON,,0,catalogue,1
2026-08-11T09:37:59.825244+00:00,metro,BTY-X796007,"CRICOVA Vin Rose Spumant SGR 0,75 L",44.0,RON,,0,catalogue,1
2026-08-11T09:37:59.825444+00:00,metro,BTY-X796011,"CRICOVA Traminer Vin Spumant Alb SGR 0,75 L",35.5,RON,,0,catalogue,1
2026-08-11T09:37:59.825682+00:00,metro,BTY-X796027,"CRICOVA TRAMONTO Traminer Vin Rose Spumant SGR 0,75 L",35.5,RON,,0,catalogue,1
2026-08-11T09:37:59.825896+00:00,metro,BTY-X796034,"CRICOVA Vin Spumant Alb Sec SGR 0,75 L",38.5,RON,,0,catalogue,1
2026-08-11T09:37:59.826088+00:00,metro,BTY-X796060,"CRICOVA CRISECCO Vin Spumant Rose SGR 0,75 L",35.5,RON,,0,catalogue,1
2026-08-11T09:37:59.826364+00:00,metro,BTY-X796062,"CRICOVA Lacrima Dulce Vin Spumant Alb SGR 0,75 L",35.5,RON,,0,catalogue,1
2026-08-11T09:37:59.826595+00:00,metro,BTY-X796066,"CRICOVA PRESTIGE Cuvee Vin Spumant Alb Sec SGR 0,75 L",54.99,RON,,0,catalogue,1
2026-08-11T09:37:59.826977+00:00,metro,BTY-X796365,"SERENA 1881 Prosecco Roso Vin Rose Spumant SGR 0,75 L",40.67,RON,,0,catalogue,1
2026-08-11T09:37:59.827232+00:00,metro,BTY-X796402,"VILLE D'ARFANTA Valdobbiadene Prosecco Vin Alb Spumant SGR 0,75 L",54.5,RON,,0,catalogue,1
2026-08-11T09:37:59.827322+00:00,metro,BTY-X796420,"SERENA 1881 Prosecco Brut Vin Alb Spumant SGR 0,75 L",40.0,RON,,0,catalogue,1
2026-08-11T09:37:59.827529+00:00,metro,BTY-X796901,"COTNARI Francusa Spumant Sec SGR 0,75 L",29.35,RON,,0,catalogue,1
2026-08-11T09:37:59.828135+00:00,metro,BTY-X796961,"MIONETTO Il Prosecco Vin Spumant Alb SGR 0,75 L",36.91,RON,,0,catalogue,1
2026-08-11T09:37:59.828501+00:00,metro,BTY-X796964,"MIONETTO Cartizze Luxury Vin Spumant Alb SGR 0,75 L",109.01,RON,,0,catalogue,1
2026-08-11T09:37:59.828620+00:00,metro,BTY-X796966,"MIONETTO Luxury Vin Spumant Rose SGR 0,75 L",65.91,RON,,0,catalogue,1
2026-08-11T09:37:59.828711+00:00,metro,BTY-X797042,"MIONETTO Valdo Luxury Vin Spumant Alb SGR 0,75 L",66.9,RON,,0,catalogue,1
2026-08-11T09:37:59.828798+00:00,metro,BTY-X797057,"MIONETTO Valdo Millesima Vin Spumant Alb SGR 0,75 L",69.9,RON,,0,catalogue,1
2026-08-11T09:37:59.828879+00:00,metro,BTY-X797065,"ANGELLI CUVEE GOLD Vin Spumant SGR 0,75 L",24.5,RON,,0,catalogue,1
2026-08-11T09:37:59.829144+00:00,metro,BTY-X797096,"ANGELLI CUVEE IMPERIAL Secco SGR 0,75 L",24.5,RON,,0,catalogue,1
2026-08-11T09:37:59.829359+00:00,metro,BTY-X797120,"ANGELLI Rose De Noires SGR 0,75 L",24.5,RON,,0,catalogue,1
2026-08-11T09:37:59.829543+00:00,metro,BTY-X797193,"ROSE MARY Prosecco Vin Spumant Alb SGR 0,75 L",30.5,RON,,0,catalogue,1
2026-08-11T09:37:59.829769+00:00,metro,BTY-X797194,"ROSE MARY Vin Spumant Alb SGR 0,75 L",18.45,RON,,0,catalogue,1
2026-08-11T09:37:59.829987+00:00,metro,BTY-X797402,"LOUIS ROEDERER Vin Spumant Rose SGR 0,75 L",415.01,RON,,0,catalogue,1
2026-08-11T09:37:59.830071+00:00,metro,BTY-X797485,"JP CHENET ICE EDITION Rose Vin Spumant Rose Demisec SGR 0,75 L",33.41,RON,,0,catalogue,1
2026-08-11T09:37:59.830161+00:00,metro,BTY-X797615,"MORITZ PRADO CREMANT Blanc de Blancs Vin Spumant Alb Sec SGR 0,75 L",101.49,RON,,0,catalogue,1
2026-08-11T09:37:59.830434+00:00,metro,BTY-X797616,"MORITZ PRADO CREMANT Vin Spumant Rose Sec SGR 0,75 L",105.0,RON,,0,catalogue,1
2026-08-11T09:37:59.830687+00:00,metro,BTY-X797676,"MOËT & CHANDON Brut Rose Sampanie SGR 0,75 L",365.0,RON,,0,catalogue,1
2026-08-11T09:37:59.830900+00:00,metro,BTY-X797677,"MOËT & CHANDON Ice Rose Demisec Sampanie SGR 0,75 L",385.0,RON,,0,catalogue,1
2026-08-11T09:37:59.831119+00:00,metro,BTY-X797678,"MOËT & CHANDON Nectar Imperial Demisec Sampanie SGR 0,75 L",319.0,RON,,0,catalogue,1
2026-08-11T09:37:59.831329+00:00,metro,BTY-X797681,"CHANDON Garden Vin Spumant Demisec SGR 0,75 L",95.0,RON,,0,catalogue,1
2026-08-11T09:37:59.831523+00:00,metro,BTY-X797682,"Veuve Clicquot Brut Demisec Sampanie Cutie SGR 0,75 L",305.0,RON,,0,catalogue,1
2026-08-11T09:37:59.831776+00:00,metro,BTY-X797697,"DOM PERIGNON Sampanie Gift Box SGR 0,75 L",1200.01,RON,,0,catalogue,1
2026-08-11T09:37:59.832175+00:00,metro,BTY-X797699,"MOËT & CHANDON Brut Giftbox Sampanie SGR 0,75 L",259.0,RON,,0,catalogue,1
2026-08-11T09:37:59.832477+00:00,metro,BTY-X797960,BOTTEGA Gold Prosecco SGR 3 L,790.8,RON,,0,catalogue,1
2026-08-11T09:37:59.832556+00:00,metro,BTY-X798022,"RHEIN EXTRA Vin Spumant Alb Sec SGR 0,75 L",58.9,RON,,0,catalogue,1
2026-08-11T09:37:59.832679+00:00,metro,BTY-X798111,"DOMENIILE BOHOTIN BUCIUM Muscat Vin Spumant Alb Dulce SGR 0,75 L",20.23,RON,,0,catalogue,1
2026-08-11T09:37:59.832759+00:00,metro,BTY-X804280,"Riunite Prosecco Rose Extra Sec SGR 0,75 L",39.91,RON,,0,catalogue,1
2026-08-11T09:37:59.832951+00:00,metro,BTY-X804457,"BOTTEGA Gold Prosecco SGR 0,75 L",154.4,RON,,0,catalogue,1
2026-08-11T09:37:59.833074+00:00,metro,BTY-X804467,"BOTTEGA Rose Gold Vin Spumant Sec SGR 0,75 L",158.27,RON,,0,catalogue,1
2026-08-11T09:37:59.833153+00:00,metro,BTY-X804471,"RHEIN EXTRA Vin Spumant Rose Sec SGR 0,75 L",58.9,RON,,0,catalogue,1
2026-08-11T09:37:59.833427+00:00,metro,BTY-X807116,"JIDVEI SCINTTI Vin Spumant Alb Extra Sec SGR 0,750 L",28.5,RON,,0,catalogue,1
2026-08-11T09:37:59.833520+00:00,metro,BTY-X807117,"JIDVEI SCINTTI Vin Spumant Rose Brut SGR 0,750 L",28.5,RON,,0,catalogue,1
2026-08-11T09:37:59.833641+00:00,metro,BTY-X808554,"Freixenet Prosecco DOC Vin Spumant Alb SGR 0,75 L",61.9,RON,,0,catalogue,1
2026-08-11T09:37:59.833723+00:00,metro,BTY-X809095,"BORTOLIN Prosecco Extra Sec SGR 0,75 L",86.85,RON,,0,catalogue,1
2026-08-11T09:37:59.834667+00:00,metro,BTY-X812528,"Carassia Vin Spumant Rose Brut SGR 0,75 L",109.51,RON,,0,catalogue,1
2026-08-11T09:37:59.835056+00:00,metro,BTY-X816686,"BLUE NUN 24K Rose Vin Spumant SGR 0,75 L",40.67,RON,,0,catalogue,1
2026-08-11T09:37:59.835251+00:00,metro,BTY-X816971,"TAITTINGER Reserve Cuvee Vin Spumant Brut SGR 0,75 L",295.0,RON,,0,catalogue,1
2026-08-11T09:37:59.835451+00:00,metro,BTY-X817579,"RABETLLAT I VIDAL Nature Vin Spumant Brut SGR 0,75 L",68.99,RON,,0,catalogue,1
2026-08-11T09:37:59.835682+00:00,metro,BTY-X817595,"AYALA BLANC de BLANCS Vin Spumant Sec SGR 0,75 L",515.0,RON,,0,catalogue,1
2026-08-11T09:37:59.835757+00:00,metro,BTY-X817631,"RABETLLAT I VIDAL Reserve Vin Spumant Brut SGR 0,75 L",52.5,RON,,0,catalogue,1
2026-08-11T09:37:59.836061+00:00,metro,BTY-X817849,"CALVET Cremant Vin Rose Spumant Brut SGR 0,75 L",68.5,RON,,0,catalogue,1
2026-08-11T09:37:59.836202+00:00,metro,BTY-X817900,"PICCINI Prosecco Venetian Rose SGR 0,75 L",64.9,RON,,0,catalogue,1
2026-08-11T09:37:59.836352+00:00,metro,BTY-X817914,"BORTOLIN Angelo Valdobbiadene Prosecco SGR 0,75 L",147.5,RON,,0,catalogue,1
2026-08-11T09:37:59.836673+00:00,metro,BTY-X817917,"PICCINI Prosecco Venetian Alb SGR 0,75 L",64.9,RON,,0,catalogue,1
2026-08-11T09:37:59.836761+00:00,metro,BTY-X818167,"LOUIS ROEDERER Champagne Cristal Brut SGR 0,75 L",1500.0,RON,,0,catalogue,1
2026-08-11T09:37:59.837032+00:00,metro,BTY-X818425,"MILLESIME Francusa Vin Spumant Alb Extra Sec SGR 0,75 L",115.0,RON,,0,catalogue,1
2026-08-11T09:37:59.837132+00:00,metro,BTY-X818430,"MILLESIME Grasa de Cotnari Vin Spumant Alb Extra Sec SGR 0,75 L",115.0,RON,,0,catalogue,1
2026-08-11T09:37:59.837216+00:00,metro,BTY-X818433,"ZAZ Vin Spumant Alb Extra Sec SGR 0,75 l",29.0,RON,,0,catalogue,1
2026-08-11T09:37:59.837322+00:00,metro,BTY-X818550,"DOM POTIER Cava Vin Alb Spumant Demisec SGR 0,75 L",38.01,RON,,0,catalogue,1
2026-08-11T09:37:59.837520+00:00,metro,BTY-X818556,"DOM POTIER Cava Vin Alb Spumant Brut SGR 0,75 L",38.01,RON,,0,catalogue,1
2026-08-11T09:37:59.837757+00:00,metro,BTY-X819505,"Muse Stars Vin Spumant Rose Brut SGR 0,75 L",75.0,RON,,0,catalogue,1
2026-08-11T09:37:59.837845+00:00,metro,BTY-X819508,"Muse Stars Vin Spumant Alb Brut SGR 0,75 L",75.0,RON,,0,catalogue,1
2026-08-11T09:37:59.837918+00:00,metro,BTY-X823543,"JIDVEI Vin Spumant Alb Extra Brut SGR 0,75 L",51.5,RON,,0,catalogue,1
2026-08-11T09:37:59.838106+00:00,metro,BTY-X823585,"CRAMA CEPTURA MOTIV Proseco Extra Dry SGR 0,75 L",31.0,RON,,0,catalogue,1
2026-08-11T09:37:59.838540+00:00,metro,BTY-X824573,"ZAREA Bella Vitta Prosecco Alb Demisec SGR 0,75 L",39.8,RON,,0,catalogue,1
2026-08-11T09:37:59.839480+00:00,metro,BTY-X797115,"ANGELLI CUVEE IMPERIAL Vin Spumant SGR 1,5 L",58.0,RON,,0,catalogue,1
2026-08-11T09:37:59.839716+00:00,metro,BTY-X794178,"LAURENT PERRIER Gold Brut Sampanie SGR 0,75 L",335.0,RON,,0,catalogue,1
2026-08-11T09:37:59.839808+00:00,metro,BTY-X797116,"MIONETTO Prosecco Treviso Vin Spumant Alb SGR 1,5 L",105.0,RON,,0,catalogue,1
2026-08-11T09:37:59.839885+00:00,metro,BTY-X797117,ANGELLI CUVEE IMPERIAL Demisec SGR 3 L,245.0,RON,,0,catalogue,1
2026-08-11T09:37:59.840082+00:00,metro,BTY-X797403,"LOUIS ROEDERER Gift Vin Spumant SGR 0,75 L",295.0,RON,,0,catalogue,1
2026-08-11T09:37:59.840161+00:00,metro,BTY-X817912,"AMARONE della Valpolicella Vin Rosu Sec SGR 0,75 L",358.0,RON,,0,catalogue,1
2026-08-11T09:37:59.840241+00:00,metro,BTY-X823544,"JIDVEI Spumant Extra Brut Rose SGR 0,75 L",51.5,RON,,0,catalogue,1
2026-08-11T09:37:59.840317+00:00,metro,BTY-X803550,"JP CHENET Vin Spumant Alb Demisec SGR 0,75 L",33.41,RON,,0,catalogue,0
2026-08-11T09:37:59.840396+00:00,metro,BTY-X807773,"CAII DE LA LETEA Vin Spumant Aligote SGR 0,75 L",35.9,RON,,0,catalogue,0
2026-08-11T09:37:59.840472+00:00,metro,BTY-X817918,"CALVET Cremant Vin Alb Spumant Brut SGR 0,75 L",68.5,RON,,0,catalogue,0
2026-08-11T09:38:00.681746+00:00,penny,rr963888,BUSUIOACA VIN ROSE DEMIDULCE,13.29,RON,,1,catalogue,
2026-08-11T09:38:00.682149+00:00,penny,rr963893,BUDUREASCA VIN ROSE DMS,32.99,RON,,1,catalogue,
2026-08-11T09:38:00.682439+00:00,penny,rr963917,COTNARI ET.GALBENA VIN ALB DMD 1.5L,15.99,RON,21.39,1,catalogue,
2026-08-11T09:38:00.682778+00:00,penny,rr963920,GRASA DE COTNARI VIN ALB DEMIDULCE,12.99,RON,17.29,1,catalogue,
2026-08-11T09:38:00.683088+00:00,penny,rr963921,GRASA DE COTNARI VIN ALB DEMISEC,12.99,RON,17.29,1,catalogue,
2026-08-11T09:38:00.683369+00:00,penny,rr963922,COTNARI BUSUIOACA VIN ROSE DEMIDULCE,12.99,RON,17.29,1,catalogue,
2026-08-11T09:38:00.683733+00:00,penny,rr963999,JIDVEI GRIGORESCU VIN ROZE DEMISEC,25.99,RON,,1,catalogue,
2026-08-11T09:38:00.684049+00:00,penny,rr964076,DOMENIILE SAMBURESTI VIN ROZE SEC,31.89,RON,,1,catalogue,
2026-08-11T09:38:00.684331+00:00,penny,rr964077,1958 VIN ALB DEMISEC,7.29,RON,9.15,1,catalogue,
2026-08-11T09:38:00.684644+00:00,penny,rr964078,CAII DE LA LETEA VOL.1 SAUV.BLANC SEC,25.99,RON,37.99,1,catalogue,
2026-08-11T09:38:00.684947+00:00,penny,rr964079,CAII DE LA LETEA VOL.1 F.NEAGRA SEC,25.99,RON,37.99,1,catalogue,
2026-08-11T09:38:00.685289+00:00,penny,rr964080,1958 VIN ROSU DEMISEC,7.29,RON,9.15,1,catalogue,
2026-08-11T09:38:00.685701+00:00,penny,rr964081,CAII DE LA LETEA VOL.1 VIN ROZE SEC,37.99,RON,,1,catalogue,
2026-08-11T09:38:00.686009+00:00,penny,rr964082,1958 VIN ROSE DEMISEC,7.29,RON,9.15,1,catalogue,
2026-08-11T09:38:00.686461+00:00,penny,rr964090,SANGE DE TAUR VIN ROSU DULCE,15.19,RON,,1,catalogue,
2026-08-11T09:38:00.686816+00:00,penny,rr964091,SANGE DE TAUR VIN ROSE DULCE,15.19,RON,,1,catalogue,
2026-08-11T09:38:00.687124+00:00,penny,rr964417,SCHWABEN WEIN VIN ROZE DEMIDULCE+GARANTIA SGR 0.5RON,18.19,RON,,1,catalogue,
2026-08-11T09:38:00.687479+00:00,penny,rr964674,BUSUIOACA DE BOHOTIN PODG Husi Doc Dd 0.75l,13.29,RON,,1,catalogue,
2026-08-11T09:38:00.687806+00:00,penny,rr965645,CASTEL HUNIADE FETEASCA REGALA DEMISEC750ML,18.99,RON,25.89,1,catalogue,
2026-08-11T09:38:00.688113+00:00,penny,rr965646,CASTEL HUNIADE VIN ROZE DEMISEC 750ML,18.99,RON,25.89,1,catalogue,
2026-08-11T09:38:00.688528+00:00,penny,rr965647,PELIN CARPATIN ROSE,16.85,RON,,1,catalogue,
2026-08-11T09:38:00.688865+00:00,penny,rr966339,COTNARI ETICHETA GALBENA VIN ALB DMS 1.5L,15.99,RON,21.39,1,catalogue,
2026-08-11T09:38:00.689230+00:00,penny,rr969759,DOMENIILE DAVIDESCU VIN ALB SEC CHARDONNAY 750ML 12.5% ALCOOL,29.99,RON,39.99,1,catalogue,
2026-08-11T09:38:00.689600+00:00,penny,rr969760,DOMENIILE DAVIDESCU RARA NEAGRA&SAPERAVI VIN ROSU SEC 13.5% ALC 750ML,29.99,RON,39.99,1,catalogue,
2026-08-11T09:38:00.689962+00:00,penny,rr969819,MIX SANGE DE TAUR,15.19,RON,,1,catalogue,
2026-08-11T09:38:00.690261+00:00,penny,rr989716,COLINELE NOBILE VIN ROSE DEMISEC,9.69,RON,,1,catalogue,
2026-08-11T09:38:00.690532+00:00,penny,rr990075,1958VIN ALB/ROSU/ROSE DEMISEC,7.29,RON,9.15,1,catalogue,
2026-08-11T09:38:00.690848+00:00,penny,rr990193,CAII DE LA LETEA VOLUMUL 1 ALIGOTE 12% ALCOOL SEC 750ML,25.99,RON,37.99,1,catalogue,
2026-08-11T09:38:00.691193+00:00,penny,rr990194,"AEROSOLI FETEASCA NEAGRA&PINOT NOIR VIN ROZE SEC 12,5% ALC. 750 ML",39.99,RON,,1,catalogue,
2026-08-11T09:38:01.945776+00:00,penny,rr963836,MIONETTO PROSECCO ORANGE,33.49,RON,47.99,1,catalogue,
2026-08-11T09:38:01.946131+00:00,penny,rr964093,ZAREA LAMBRUSCO VIN PETIANT ROSE 7.5%ALC.,29.99,RON,,1,catalogue,
2026-08-11T09:38:01.946739+00:00,penny,rr964094,ZAREA PROSECCO ALB EXTRASEC 11% ALC,49.99,RON,,1,catalogue,
2026-08-11T09:38:03.786997+00:00,penny_bolt,RR-963836,Mionetto Prosecco orange 750 ml,47.99,RON,,0,catalogue,1
2026-08-11T09:38:03.787254+00:00,penny_bolt,RR-964094,Zarea Prosecco 750 ml 11% alc,32.99,RON,,0,catalogue,1
2026-08-11T09:38:03.787679+00:00,penny_bolt,RR-964092,Zarea Crystal collection Vin demisec 750 ml,23.99,RON,,0,catalogue,1
2026-08-11T09:38:03.787899+00:00,penny_bolt,RR-964095,FLORENTINO DORATO VIN SPUMOS alb demisec 750 ml,18.99,RON,,0,catalogue,1
2026-08-11T09:38:03.788088+00:00,penny_bolt,RR-964093,Zarea Lambrusco Vin rose 7.5% alc. 750 ml,29.99,RON,,0,catalogue,1
2026-08-11T09:38:03.789737+00:00,penny_bolt,RR-963923,Purcari chardonnay Vin alb sec 750 ml,39.99,RON,,0,catalogue,1
2026-08-11T09:38:03.789929+00:00,penny_bolt,RR-969759,Domeniile Davidescu vin alb sec Chardonnay750 ml,39.99,RON,,0,catalogue,1
2026-08-11T09:38:03.790152+00:00,penny_bolt,RR-964001,Jidvei Traditional vin riesling sec 750 ml,19.99,RON,,0,catalogue,1
2026-08-11T09:38:03.790400+00:00,penny_bolt,RR-964418,Schwaben Wein vin Riesling alb sec750 ml,18.19,RON,,0,catalogue,1
2026-08-11T09:38:03.790630+00:00,penny_bolt,RR-963925,Cervus cepturum Vin sauv.blanc dms 750 ml,15.19,RON,,0,catalogue,1
2026-08-11T09:38:03.790819+00:00,penny_bolt,RR-963924,Purcari 1827 Vin sauvignonblanc sec 750 ml,39.99,RON,,0,catalogue,1
2026-08-11T09:38:03.791014+00:00,penny_bolt,RR-964414,Beciul Bomnesc Vin sauvig.blanc d.s 750 ml,20.85,RON,,0,catalogue,1
2026-08-11T09:38:03.791215+00:00,penny_bolt,RR-990195,"Aerosoli Feteasca regala&Sauvignon blanc vin alb sec 12,5% alc. 750 ml",39.99,RON,,0,catalogue,1
2026-08-11T09:38:03.791433+00:00,penny_bolt,RR-989719,Drumul de la vie Sauvignon blanc 1.5 l,18.99,RON,,0,catalogue,1
2026-08-11T09:38:03.791651+00:00,penny_bolt,RR-963927,Ceptura premiat Vin sauv.bl.dms 750 ml,14.25,RON,,0,catalogue,1
2026-08-11T09:38:03.791838+00:00,penny_bolt,RR-966339,Cotnari eticheta galbena Vin alb dms 1.5 l,21.39,RON,,0,catalogue,1
2026-08-11T09:38:03.792027+00:00,penny_bolt,RR-968065,Cervus Vin Alb Bib Dms 3 l,40.99,RON,,0,catalogue,1
2026-08-11T09:38:03.792267+00:00,penny_bolt,RR-948719,Drumul de la vie Vin alb demisec 3 l,26.99,RON,,0,catalogue,1
2026-08-11T09:38:03.792449+00:00,penny_bolt,RR-965645,Castel Huniade Feteasca Regala demisec 750 ml,25.89,RON,,0,catalogue,1
2026-08-11T09:38:03.792659+00:00,penny_bolt,RR-963917,"Cotnari et.galbena Vin alb dmd 1,5 l",21.39,RON,,0,catalogue,1
2026-08-11T09:38:03.792842+00:00,penny_bolt,RR-964000,Jidvei Traditional vin feteasca regala demisec 750 ml,19.99,RON,,0,catalogue,1
2026-08-11T09:38:03.793097+00:00,penny_bolt,RR-990193,Caii De la Letea volumul 1 Aligote 12% alcool sec 750 ml,37.99,RON,,0,catalogue,1
2026-08-11T09:38:03.793312+00:00,penny_bolt,RR-963997,Jidvei Grigorescu Vin alb demisec 750 ml,25.99,RON,,0,catalogue,1
2026-08-11T09:38:03.793490+00:00,penny_bolt,RR-963919,Cotnari tamaioasa Vin alb dulce 750 ml,17.29,RON,,0,catalogue,1
2026-08-11T09:38:03.793700+00:00,penny_bolt,RR-965704,Pelin Carpatin vin alb 750 ml,16.85,RON,,0,catalogue,1
2026-08-11T09:38:03.793906+00:00,penny_bolt,RR-963921,Grasa de Cotnari Vin alb demisec 750 ml,17.29,RON,,0,catalogue,1
2026-08-11T09:38:03.794082+00:00,penny_bolt,RR-963920,Grasa de Cotnari Vin alb dmd 750 ml,17.29,RON,,0,catalogue,1
2026-08-11T09:38:03.794251+00:00,penny_bolt,RR-963882,Drumul de la vie Vin musc.pinot gr.750 ml,11.19,RON,,0,catalogue,1
2026-08-11T09:38:03.794450+00:00,penny_bolt,RR-964081,Caii de la Letea vol.1 Vin roze sec 750 ml,37.99,RON,,0,catalogue,1
2026-08-11T09:38:03.794668+00:00,penny_bolt,RR-963932,Cervus cepturum Vin rose dms 750 ml,15.19,RON,,0,catalogue,1
2026-08-11T09:38:03.794848+00:00,penny_bolt,RR-963922,Cotnari busuioaca Vin rose dmd 750 ml,17.29,RON,,0,catalogue,1
2026-08-11T09:38:03.795030+00:00,penny_bolt,RR-989713,Drumul de la vie vin rose demisec 3 l,26.99,RON,,0,catalogue,1
2026-08-11T09:38:03.795204+00:00,penny_bolt,RR-964417,Schwaben Wein vin roze demidulce 750 ml,18.19,RON,,0,catalogue,1
2026-08-11T09:38:03.795384+00:00,penny_bolt,RR-990194,"Aerosoli Feteasca neagra & Pinot noir vin roze sec 12,5% alc. 750 ml",39.99,RON,,0,catalogue,1
2026-08-11T09:38:03.795624+00:00,penny_bolt,RR-965646,Castel Huniade Vin roze demisec 750 ml,25.89,RON,,0,catalogue,1
2026-08-11T09:38:03.795817+00:00,penny_bolt,RR-963933,Purcari Vin rose sec 750 ml,39.99,RON,,0,catalogue,1
2026-08-11T09:38:03.795991+00:00,penny_bolt,RR-989716,Colinele nobile vin rose demisec 750 ml,9.69,RON,,0,catalogue,1
2026-08-11T09:38:03.796164+00:00,penny_bolt,RR-965647,Pelin Carpatin vin rose 750 ml,16.85,RON,,0,catalogue,1
2026-08-11T09:38:03.796343+00:00,penny_bolt,RR-964076,Domeniile Samburesti Vin rose sec 750 ml,31.89,RON,,0,catalogue,1
2026-08-11T09:38:03.796557+00:00,penny_bolt,RR-963999,Jidvei Grigorescu Vin roze demisec 750 ml,25.99,RON,,0,catalogue,1
2026-08-11T09:38:03.796738+00:00,penny_bolt,RR-963893,Budureasca Vin rose dms 750 ml,32.99,RON,,0,catalogue,1
2026-08-11T09:38:03.796917+00:00,penny_bolt,RR-989718,Drumul de la vie Merlot & Feteasca neagra 1.5 l,18.99,RON,,0,catalogue,1
2026-08-11T09:38:03.797162+00:00,penny_bolt,RR-964082,1958 Vin rose demisec 375 ml,9.15,RON,,0,catalogue,1
2026-08-11T09:38:03.797334+00:00,penny_bolt,RR-963930,Cervus Vin fet.neagra 750 ml,15.19,RON,,0,catalogue,1
2026-08-11T09:38:03.797539+00:00,penny_bolt,RR-964079,Caii de la Letea vol.1 Vin f.neagra sec 750 ml,37.99,RON,,0,catalogue,1
2026-08-11T09:38:03.797743+00:00,penny_bolt,RR-964415,Beciul Domnesc Vin fet.neagr.demid.750 ml,23.15,RON,,0,catalogue,1
2026-08-11T09:38:03.797945+00:00,penny_bolt,RR-963892,Budureasca Vin feteasca neagra dms 750 ml,32.99,RON,,0,catalogue,1
2026-08-11T09:38:03.798124+00:00,penny_bolt,RR-969760,Domeniile Davidescu vin Rara rosu750 ml,39.99,RON,,0,catalogue,1
2026-08-11T09:38:03.798315+00:00,penny_bolt,RR-967697,Babanu Vin alb dmd 2 l,14.99,RON,,0,catalogue,1
2026-08-11T09:38:03.798477+00:00,penny_bolt,RR-965374,Alb de ulcior vin de masa alb demidulce 2 l,10.99,RON,,0,catalogue,1
2026-08-11T09:38:03.798783+00:00,penny_bolt,RR-963998,Jidvei Grigorescu vin alb gewurztraminer demisec 750 ml,25.99,RON,,0,catalogue,1
2026-08-11T09:38:03.799139+00:00,penny_bolt,RR-963918,Cotnari selectionat Vin alb demidulce 1 l,17.89,RON,,0,catalogue,1
2026-08-11T09:38:03.799411+00:00,penny_bolt,RR-989715,Colinele nobile vin alb demidulce 750 ml,9.69,RON,,0,catalogue,1
2026-08-11T09:38:03.799782+00:00,penny_bolt,RR-964077,1958 Vin alb demisec 375 ml,9.15,RON,,0,catalogue,1
2026-08-11T09:38:03.800113+00:00,penny_bolt,RR-969755,Mateus Vin rose 11% alc. 750 ml,25.99,RON,,0,catalogue,1
2026-08-11T09:38:03.800417+00:00,penny_bolt,RR-964091,Sange de taur Vin rose dulce 750 ml,15.19,RON,,0,catalogue,1
2026-08-11T09:38:03.800670+00:00,penny_bolt,RR-963890,Drumul de la vie Vin roze dms 750 ml,11.19,RON,,0,catalogue,1
2026-08-11T09:38:03.800853+00:00,penny_bolt,RR-963931,Ceptura premiat Vin merlot 750 ml,14.25,RON,,0,catalogue,1
2026-08-11T09:38:03.801096+00:00,penny_bolt,RR-964075,Domeniile Samburesti Vin cabernet sauv sec 750 ml,31.89,RON,,0,catalogue,1
2026-08-11T09:38:03.801302+00:00,penny_bolt,RR-964416,Schwaben Wein cabernet sauvignon&pinot noir 750 ml,18.19,RON,,0,catalogue,1
2026-08-11T09:38:03.801574+00:00,penny_bolt,RR-966341,Beciul domnesc Vin pinot noir d.m.s 750 ml,23.15,RON,,0,catalogue,1
2026-08-11T09:38:03.801776+00:00,penny_bolt,RR-964090,Sange de taur Vin rosu dulce 750 ml,15.19,RON,,0,catalogue,1
2026-08-11T09:38:03.801960+00:00,penny_bolt,RR-967698,Babanu Vin rosu dmd 2 l,14.99,RON,,0,catalogue,1
2026-08-11T09:38:03.802126+00:00,penny_bolt,RR-948720,Drumul de la vie Vin rosu demisec 3 l,26.99,RON,,0,catalogue,1
2026-08-11T09:38:03.802323+00:00,penny_bolt,RR-965373,Rosu de ulcior vin de masa demidulce 2 l,10.99,RON,,0,catalogue,1
2026-08-11T09:38:03.802502+00:00,penny_bolt,RR-963928,Purcari Rara neagra Vin rosu sec 750 ml,39.99,RON,,0,catalogue,1
2026-08-11T09:38:03.802720+00:00,penny_bolt,RR-989714,Colinele nobile vin rosu demidulce 750 ml,9.69,RON,,0,catalogue,1
2026-08-11T09:38:03.802899+00:00,penny_bolt,RR-964080,1958 Vin rosu demisec 375 ml,9.15,RON,,0,catalogue,1
2026-08-11T09:38:06.074301+00:00,profi_glovo,093822-000,Sauvignon Blanc De Purcari Vin Sec 0.75L,40.99,RON,,0,catalogue,
2026-08-11T09:38:06.074598+00:00,profi_glovo,093782-000,Castel Huniade Feteasca Regala Vin 0.75L,28.99,RON,,0,catalogue,
2026-08-11T09:38:06.074806+00:00,profi_glovo,093922-000,Jidvei Grigorescu Gewurztraminer Vin Alb Ds 0.75L,26.99,RON,,0,catalogue,
2026-08-11T09:38:06.075019+00:00,profi_glovo,093678-000,"Vin alb demisec Beciul Domnesc, Sauvignon Blanc 0.75 l",25.99,RON,,0,catalogue,
2026-08-11T09:38:06.075216+00:00,profi_glovo,093619-000,"Vin alb sec Saac Cuvee Feteasca Alba si Sauvignon Blanc, D.O.C. - C.M.D. Dealu Mare, 0.75 l",48.39,RON,,0,catalogue,
2026-08-11T09:38:06.075466+00:00,profi_glovo,093536-000,Caloian Sauvignon Blanc Vin 0.75L,29.99,RON,,0,catalogue,
2026-08-11T09:38:06.075682+00:00,profi_glovo,093235-000,Domeniile Samburesti Chardonnay 0.75 L,33.99,RON,,0,catalogue,
2026-08-11T09:38:06.075892+00:00,profi_glovo,093679-000,Beciul Domnesc Muscat Ottonel Vin Sticla 0.75L,24.99,RON,,0,catalogue,
2026-08-11T09:38:06.076096+00:00,profi_glovo,095889-000,Vin alb demisec Pelin 0.75 l,20.99,RON,,0,catalogue,
2026-08-11T09:38:06.076259+00:00,profi_glovo,093779-000,Vin Cotnari Feteasca Alba 0.75L Vin,21.99,RON,,0,catalogue,
2026-08-11T09:38:06.076442+00:00,profi_glovo,093539-000,La Cetate Tamioasa Romaneasca Vin 0.75L,42.99,RON,,0,catalogue,
2026-08-11T09:38:06.076666+00:00,profi_glovo,093780-000,Schwaben Vin Feteasca Regala 0.75L,20.99,RON,,0,catalogue,
2026-08-11T09:38:06.076850+00:00,profi_glovo,093715-000,Domeniile Davidescu Aligote&Muscat Ottonel 0.75,41.69,RON,,0,catalogue,
2026-08-11T09:38:06.077106+00:00,profi_glovo,093797-000,Eticheta Galbena Cotnari Vin Demidulce Ig 1.5 L,23.75,RON,,0,catalogue,
2026-08-11T09:38:06.077294+00:00,profi_glovo,093914-000,"Feteasca Regala 0,750 Lit - Folio Negru Sec",27.99,RON,,0,catalogue,
2026-08-11T09:38:06.077505+00:00,profi_glovo,093648-000,Issa Rhein Riesling Vin Alb Sec 0.75L 12.5%,49.79,RON,,0,catalogue,
2026-08-11T09:38:06.077703+00:00,profi_glovo,093764-000,Nomad Sauvignon Blanc,33.55,RON,,0,catalogue,
2026-08-11T09:38:06.077864+00:00,profi_glovo,093796-000,"Vin alb demidulce Zestrea Chardonnay, 13.5% alcool, 0.75 l",19.99,RON,,0,catalogue,
2026-08-11T09:38:06.078064+00:00,profi_glovo,093812-000,Babanul Vin alb demisec 2l,17.99,RON,,0,catalogue,
2026-08-11T09:38:06.078226+00:00,profi_glovo,095681-000,"Via Coltul Pietrei Sauvignon Blanc 0.75L, sec",46.75,RON,,0,catalogue,
2026-08-11T09:38:06.078440+00:00,profi_glovo,093773-000,"Vin Alb Demisec Zaiafet, Velvet Winery 0,75L",24.39,RON,,0,catalogue,
2026-08-11T09:38:06.078655+00:00,profi_glovo,094894-000,"Domeniile Kogalniceanu, Vin alb Feteasca Alba 0.75L (ID 60034)",35.59,RON,,0,catalogue,
2026-08-11T09:38:06.720789+00:00,profi_glovo,093821-000,Rara Neagra De Purcari Vin Sec 0.75L,43.19,RON,,0,catalogue,
2026-08-11T09:38:06.721097+00:00,profi_glovo,093716-000,Domeniile Davidescu Feteasca Neagra & Malbec 0.75,41.69,RON,,0,catalogue,
2026-08-11T09:38:06.721318+00:00,profi_glovo,093781-000,Vin Schw Pinot Noir/ Schwaben Vin Pinot Noir 0.75L,20.99,RON,,0,catalogue,
2026-08-11T09:38:06.721554+00:00,profi_glovo,093244-000,Domeniile Samburesti Cabernet Sauvignon 0.75 L,33.99,RON,,0,catalogue,
2026-08-11T09:38:06.721751+00:00,profi_glovo,093697-000,Cricova Cabernet Rosu Demisec 0.750 L,21.99,RON,,0,catalogue,
2026-08-11T09:38:06.721928+00:00,profi_glovo,093674-000,Beciul Domnesc Feteasca Neagra Vin -96 0.75L,24.99,RON,,0,catalogue,
2026-08-11T09:38:06.722178+00:00,profi_glovo,093538-000,Caloian Merlot Vin 0.75L,31.49,RON,,0,catalogue,
2026-08-11T09:38:06.722526+00:00,profi_glovo,093592-000,Vin Sange De Taur Rosu Dulce 0.75L,19.99,RON,,0,catalogue,
2026-08-11T09:38:06.722782+00:00,profi_glovo,093815-000,Rosu Babanu Demidulce 2L,17.99,RON,,0,catalogue,
2026-08-11T09:38:06.722947+00:00,profi_glovo,093677-000,Beciul Domnesc Pinot Noir Vin Sticla 0.75L,25.99,RON,,0,catalogue,
2026-08-11T09:38:06.723223+00:00,profi_glovo,093807-000,Premiat Eticheta Neagra rosu demisec 0.75l,15.99,RON,,0,catalogue,
2026-08-11T09:38:06.723551+00:00,profi_glovo,098985-000,"Tectonic Feteasca Neagra Crama Girboiu 0.75L, sec",39.65,RON,,0,catalogue,
2026-08-11T09:38:06.723827+00:00,profi_glovo,094895-000,Domeniile Kogalniceanu Vin rosu Feteasca Neagra 0.75L (ID 60041),35.59,RON,,0,catalogue,
2026-08-11T09:38:06.724059+00:00,profi_glovo,093799-000,Zestrea Vin rosu cabernet sauvignon demisec 0.75l,19.99,RON,,0,catalogue,
2026-08-11T09:38:06.724235+00:00,profi_glovo,093802-000,Zestrea Merlot&Cab Sauvg Dmd 12.5% 0.75L,19.99,RON,,0,catalogue,
2026-08-11T09:38:06.724424+00:00,profi_glovo,093989-000,"Vin rosu sec Vinarte Castel Bolovanu Novac, alcool 13%, 0.75 l",27.45,RON,,0,catalogue,
2026-08-11T09:38:06.724713+00:00,profi_glovo,093682-000,Doi Cocosi Vin Rosu Demisec 1.5L,22.99,RON,,0,catalogue,
2026-08-11T09:38:06.725020+00:00,profi_glovo,093944-000,Vin Rosu Sec Individo Saperavi 13.5% 0.75 l,65.05,RON,,0,catalogue,
2026-08-11T09:38:06.725225+00:00,profi_glovo,095682-000,"Via Coltul Pietrei Syrah 0.75L, sec",51.85,RON,,0,catalogue,
2026-08-11T09:38:06.725410+00:00,profi_glovo,098994-000,"Terra Romana Milenium Ig Sec 14% 0,75L",59.99,RON,,0,catalogue,
2026-08-11T09:38:06.725625+00:00,profi_glovo,093583-000,"C'Est Soir Feteasca Neagra 0.75L, Sec",51.85,RON,,0,catalogue,
2026-08-11T09:38:07.738792+00:00,profi_glovo,093783-000,Recas Vin Schwaben Roze Demidulce 0.75 L,20.99,RON,,0,catalogue,
2026-08-11T09:38:07.739040+00:00,profi_glovo,093820-000,Rose De Purcari Vin Sec 0.75L,42.49,RON,,0,catalogue,
2026-08-11T09:38:07.739218+00:00,profi_glovo,093593-000,Vin Sange De Taur Rose Dulce 0.75L,19.99,RON,,0,catalogue,
2026-08-11T09:38:07.739393+00:00,profi_glovo,093238-000,Domeniile Samburesti Vin Roze 0.75 L Sec,33.99,RON,,0,catalogue,
2026-08-11T09:38:07.739616+00:00,profi_glovo,093687-000,Sigillum Moldaviae Busuioaca De Bohotin Demidulce,20.99,RON,,0,catalogue,
2026-08-11T09:38:07.739797+00:00,profi_glovo,093888-000,Nativus Busuioaca De Averesti Vin Rose Demid 0.75L,47.79,RON,,0,catalogue,
2026-08-11T09:38:07.740013+00:00,profi_glovo,093883-000,"Vin roze sec Vinul Cavalerului, Cabernet Sauvignon 0.75 l",33.19,RON,,0,catalogue,
2026-08-11T09:38:07.740209+00:00,profi_glovo,093683-000,Doi Cocosi Rose Demidulce 1.5L,22.99,RON,,0,catalogue,
2026-08-11T09:38:07.740367+00:00,profi_glovo,093537-000,Caloian Rose Vin 0.75L,31.49,RON,,0,catalogue,
2026-08-11T09:38:07.740566+00:00,profi_glovo,093962-000,"Vin rose dulce Vin Chocolate, 11.50%, 0.75 l",36.59,RON,,0,catalogue,
2026-08-11T09:38:07.740760+00:00,profi_glovo,093620-000,Dom Urlati Saac Rose 0.75L,48.39,RON,,0,catalogue,
2026-08-11T09:38:07.740942+00:00,profi_glovo,093988-000,Vinarte Avenue Rozalia de Samburesti Vin Roze Demidulce 12.5% Alcool 0.75L,51.85,RON,,0,catalogue,
2026-08-11T09:38:07.741204+00:00,profi_glovo,095452-000,Avincis Mer&Cab Sauv Rose Sec 13% 0.75L,38.65,RON,,0,catalogue,
2026-08-11T09:38:07.741393+00:00,profi_glovo,093794-000,Vin Rose Demidulce Cotnari Busuioaca De Bohotin 0.75L,19.65,RON,,0,catalogue,
2026-08-11T09:38:07.741600+00:00,profi_glovo,094899-000,Vin Flamma Rose Alira 0.75 L,31.49,RON,,0,catalogue,
2026-08-11T09:38:07.741793+00:00,profi_glovo,093892-000,"Pietroasa Busuioaca De Bohotin Sec, sec",36.59,RON,,0,catalogue,
2026-08-11T09:38:08.986746+00:00,profi_glovo,093110-000,Mionetto Prosecco Doc Treviso Brut 0.75L,49.99,RON,,0,catalogue,
2026-08-11T09:38:08.987152+00:00,profi_glovo,096630-000,Vin spumant Martini Asti 0.75 l,41.69,RON,,0,catalogue,
2026-08-11T09:38:08.987319+00:00,profi_glovo,093611-000,Zarea Lambrusco Rose Vin Petiant 7.5% 0.75L,32.65,RON,,0,catalogue,
2026-08-11T09:38:08.987754+00:00,profi_glovo,093729-000,Domeniile Davidescu Spumant Alb Brut Muscat & Viorica SGRX1,41.69,RON,,0,catalogue,
2026-08-11T09:38:08.988552+00:00,profi_glovo,093572-000,"Bacio Bolle Gr.Cuvee Brut Spum12% 0,75L",29.49,RON,,0,catalogue,
2026-08-11T09:38:22.561617+00:00,selgros,66548,"CAII DE LA LETEA ALIGOTE ALB SEC 0,75",29.98,RON,,0,catalogue,1
2026-08-11T09:38:22.561931+00:00,selgros,295842,"CAII DE LA LETEA SAUVIGNON BLANC SEC 0,75",29.98,RON,,0,catalogue,1
2026-08-11T09:38:22.562145+00:00,selgros,56556,"COTNARI EUFORIA TAMAIOASA ROMANEASCA ALB DS 0,75",32.98,RON,45.99,1,catalogue,1
2026-08-11T09:38:22.562413+00:00,selgros,630933,"CONCEPT FRANCUSA ALB SEC 0,75",19.99,RON,39.99,1,catalogue,0
2026-08-11T09:38:22.562639+00:00,selgros,279085,"COTNARI GRASA ALB DEMIDULCE 0,75",17.39,RON,,0,catalogue,1
2026-08-11T09:38:22.562843+00:00,selgros,85218,"COTNARI GRASA ALB DEMISEC 0,75",17.39,RON,,0,catalogue,1
2026-08-11T09:38:22.563032+00:00,selgros,276953,"SCHWABEN WEIN MUSCAT OTTONEL DEMIDULCE 0,75",17.99,RON,,0,catalogue,1
2026-08-11T09:38:22.563234+00:00,selgros,278271,"SCHWABEN WEIN RIESLING SEC 0,75",17.99,RON,,0,catalogue,1
2026-08-11T09:38:22.563464+00:00,selgros,85745,"SCHWABEN WEIN FETEASCA REGALA DEMISEC 0,75",17.99,RON,,0,catalogue,1
2026-08-11T09:38:22.563657+00:00,selgros,699762,"CASTEL HUNIADE SARBA SEC 0,75",24.99,RON,,0,catalogue,1
2026-08-11T09:38:22.563845+00:00,selgros,319736,"CASTEL HUNIADE RIESLING SEC 0,75",24.99,RON,,0,catalogue,1
2026-08-11T09:38:22.564042+00:00,selgros,336522,"CASTEL HUNIADE MUSCAT OTTONEL VIN ALB DEMIDULCE 0,75",24.99,RON,,0,catalogue,1
2026-08-11T09:38:22.564248+00:00,selgros,61457,"CASTEL HUNIADE FETEASCA REGALA DEMISEC 0,75",24.99,RON,,0,catalogue,1
2026-08-11T09:38:22.564475+00:00,selgros,279464,"CASTEL HUNIADE SAUVIGNON BLANC SEC 0,75",24.99,RON,,0,catalogue,1
2026-08-11T09:38:22.564667+00:00,selgros,1010953,"VINUL STRAMOSESC ALB BIB DEMISEC 10,0",79.98,RON,,0,catalogue,1
2026-08-11T09:38:22.564859+00:00,selgros,1029333,"VAL DUNA .SAUVIGNON BLANC S3,0",40.66,RON,,0,catalogue,1
2026-08-11T09:38:22.565120+00:00,selgros,1060543,"CRAMA STARMINA RIESLING BIB DEMISEC 3,0",39.98,RON,,0,catalogue,1
2026-08-11T09:38:22.565352+00:00,selgros,1083714,"RECAS FETEASCA REGALA 10,0",159.99,RON,,0,catalogue,1
2026-08-11T09:38:22.565544+00:00,selgros,144847,"TOHANI SUMMER WINE ALB DEMISEC 0,75",88.45,RON,,0,catalogue,1
2026-08-11T09:38:22.565734+00:00,selgros,119814,"DOMENIILE AVERESTI NATIVUS ZGHIHARA ALB SEC 0,75",45.75,RON,,0,catalogue,1
2026-08-11T09:38:22.565944+00:00,selgros,140755,"MARAMA TAMAIOASA ROMANEASCA SEC 0,75",69.99,RON,,0,catalogue,1
2026-08-11T09:38:22.566129+00:00,selgros,77342,"CASA ISARESCU TAMAIOASA ROMANEASCA SEC 0,75",47.78,RON,,0,catalogue,1
2026-08-11T09:38:22.566353+00:00,selgros,156786,"PELIN MAGNUM ALB DEMISEC 1,5",32.98,RON,,0,catalogue,1
2026-08-11T09:38:22.566537+00:00,selgros,104934,"DOM.AVERESTI CLASIC TAMAIOASA ROMANEASCA ALB DD0,75",16.99,RON,,0,catalogue,1
2026-08-11T09:38:22.566752+00:00,selgros,209770,"TOHANI SIEL - CUPAJ ALB SEC 0,75",36.59,RON,,0,catalogue,1
2026-08-11T09:38:22.566945+00:00,selgros,303565,"TECTONIC SAUVIGNON&CHARDONNAY FUME ALB SEC 0,75",32.98,RON,,0,catalogue,1
2026-08-11T09:38:22.567151+00:00,selgros,215500,"CASTEL HUNIADE SAUVIGNON BLANC SEC 0,187",8.99,RON,,0,catalogue,1
2026-08-11T09:38:22.567415+00:00,selgros,322430,"JIDVEI MARIA PINOT GRIS SEC 0,75",71.16,RON,,0,catalogue,1
2026-08-11T09:38:22.567615+00:00,selgros,248060,"DOMENIILE SAMBURESTI CHARDONNAY SEC 0,75",33.99,RON,,0,catalogue,1
2026-08-11T09:38:22.567819+00:00,selgros,171093,"JIDVEI MYSTERIUM TRAMINER & SAUVIGNON BLANC SEC 0,75",61.0,RON,,0,catalogue,1
2026-08-11T09:38:22.568033+00:00,selgros,177714,"HERMEZIU TE ISPITESTE TRAMINER ALB DEMISEC 0,75",44.99,RON,,0,catalogue,1
2026-08-11T09:38:22.568244+00:00,selgros,515495,"ALIRA FLAMMA SAUVIGNON BLANC ALB SEC 0,75",30.0,RON,,0,catalogue,1
2026-08-11T09:38:22.568479+00:00,selgros,298846,"LA CETATE CHARDONNAY SEC 0,75",39.99,RON,,0,catalogue,1
2026-08-11T09:38:22.568669+00:00,selgros,105254,"SEGARCEA PRESTIGE CHARDONNAY ALB SEC 0,75",54.9,RON,,0,catalogue,1
2026-08-11T09:38:22.568873+00:00,selgros,125435,"CASTEL STARMINA SAUVIGNON BLANC ALB DEMISEC 0,75",23.38,RON,,0,catalogue,1
2026-08-11T09:38:22.569115+00:00,selgros,124474,"CORCOVA CHARDONNAY SEC 0,75",40.66,RON,,0,catalogue,1
2026-08-11T09:38:22.569371+00:00,selgros,124255,"GALBENA DE ODOBESTI DEMISEC 1,5",21.85,RON,,0,catalogue,0
2026-08-11T09:38:22.569558+00:00,selgros,1057066,"BUDUREASCA SAUVIGNON BLANC BIB DEMISEC 2,0",32.98,RON,,0,catalogue,1
2026-08-11T09:38:22.569754+00:00,selgros,138353,"JIDVEI GRIGORESCU PINOT GRIS DEMISEC 0,75",23.99,RON,,0,catalogue,1
2026-08-11T09:38:22.569952+00:00,selgros,139316,"VILA DOBRUSA CRAMPOSIE SELECT. ALB DEMISEC 0,75",27.44,RON,,0,catalogue,1
2026-08-11T09:38:22.570155+00:00,selgros,172085,"BECIUL DOMNESC PREMIAT FETEASCA REGALA DD 0,75",14.23,RON,,0,catalogue,1
2026-08-11T09:38:22.570393+00:00,selgros,202864,"ELITE CHARDONNAY CHARDONNAY ALB SEC 0,75",35.99,RON,,0,catalogue,1
2026-08-11T09:38:22.570623+00:00,selgros,199244,"2 COCOSI TAMAIOASA ROMANEASCA DEMUDULCE 1,5",21.34,RON,,0,catalogue,1
2026-08-11T09:38:22.571048+00:00,selgros,67470,"COTNARI SELECTIONAT ALB DEMIDULCE 1,0",15.49,RON,,0,catalogue,1
2026-08-11T09:38:22.571244+00:00,selgros,252573,"JIDVEI TRADITIONAL MUSCAT OTTONEL DEMIDULCE 0,75",16.89,RON,,0,catalogue,1
2026-08-11T09:38:22.571483+00:00,selgros,352826,"CAII DE LA LETEA TRILOGIE IN ALB SEC 0,75",47.99,RON,,0,catalogue,1
2026-08-11T09:38:22.571703+00:00,selgros,274506,"JIDVEI NEC PLUS ULTRA CHARDONNAY DEMISEC 0,75",30.49,RON,,0,catalogue,1
2026-08-11T09:38:22.571905+00:00,selgros,275249,"COTNARI IG ETICHETA GALBENA ALB DEMISEC 1,5",19.69,RON,,0,catalogue,1
2026-08-11T09:38:22.572102+00:00,selgros,280287,"CHATEAU VALVIS SAUVIGNON BLANC SEC 0,75",89.88,RON,,0,catalogue,1
2026-08-11T09:38:22.573715+00:00,selgros,715250,"FLORI DE GHEATA TAMAIOASA ROM. VIN ALB DULCE 0,375",54.99,RON,,0,catalogue,1
2026-08-11T09:38:22.573929+00:00,selgros,726357,"BECIUL DOMNESC GALBENA DE ODOBESTI DEMISEC 0,75",24.99,RON,,0,catalogue,1
2026-08-11T09:38:22.574125+00:00,selgros,120667,"JIDVEI CRAITA TRANSILVANIEI ALB DEMISEC 0,75",14.29,RON,,0,catalogue,1
2026-08-11T09:38:22.574358+00:00,selgros,231064,"JIDVEI TRADITIONAL CHARDONNAY DEMIDULCE 0,75",16.89,RON,,0,catalogue,1
2026-08-11T09:38:22.574572+00:00,selgros,315929,"COTNARI TRADITII FRANCUSA ALB SEC 0,75",17.28,RON,,0,catalogue,1
2026-08-11T09:38:22.574782+00:00,selgros,253203,"CASA ISARESCU SAUVIGNON BLANC DEMISEC 0,75",47.78,RON,,0,catalogue,1
2026-08-11T09:38:22.574977+00:00,selgros,255250,"TOHANI DOMENII SAUVIGNON BLANC ALB DEMISEC 0,75",20.33,RON,,0,catalogue,1
2026-08-11T09:38:22.575176+00:00,selgros,58074,"BECIUL DOMNESC GRAND RESERVE TAMAIOASA RO.DULCE 0,75",34.99,RON,,0,catalogue,1
2026-08-11T09:38:22.575445+00:00,selgros,54252,"JIDVEI TEZAUR SAUVIGNON BLANC& FETEASCA REGALA SEC 0,75",29.98,RON,38.99,1,catalogue,1
2026-08-11T09:38:22.575685+00:00,selgros,54284,"CASA ISARESCU CRAMPOSIE ALB SEC 0,75",32.52,RON,,0,catalogue,1
2026-08-11T09:38:22.575888+00:00,selgros,533409,"TERRA VALLEVERDE SAUVIGNON BLANC ALB SEC 0,75",50.83,RON,,0,catalogue,0
2026-08-11T09:38:22.576090+00:00,selgros,296968,"SOLE ORANGE WINE VIN ALB SEC 0,75",62.99,RON,,0,catalogue,1
2026-08-11T09:38:22.576321+00:00,selgros,306043,"SAMBUREL DE OLT SAUVIGNON BLANC DEMISEC 0,75",21.19,RON,,0,catalogue,1
2026-08-11T09:38:22.576521+00:00,selgros,242623,"MAIASTRU MINI SAUVIGNON BLANC SEC 0,25",9.49,RON,,0,catalogue,1
2026-08-11T09:38:22.576716+00:00,selgros,255726,"PRAHOVA VALLEY FETEASCA REGALA DEMISEC 0,75",18.82,RON,22.91,1,catalogue,0
2026-08-11T09:38:22.576910+00:00,selgros,74828,"TOHANI DOMENII FETEASCA REGALA ALB DEMISEC 0,75",20.33,RON,,0,catalogue,1
2026-08-11T09:38:22.577180+00:00,selgros,265714,"ISSA RHEIN RIESLING ALB SEC 0,75",28.02,RON,35.03,1,catalogue,0
2026-08-11T09:38:22.577430+00:00,selgros,278864,"MOSIA DE LA TOHANI TAMAIOASA ROMANEASCA DULCE 0,75",30.49,RON,,0,catalogue,1
2026-08-11T09:38:22.577652+00:00,selgros,712818,"BLANC VERITE BUSUIOACA DE BOHOTIN ALB DEMISEC 0,75",35.57,RON,,0,catalogue,1
2026-08-11T09:38:22.577852+00:00,selgros,72197,"COTNARI SELECTIE TAMAIOASA RO. &FRANCUSA ALB DEMISEC 0,75",29.48,RON,,0,catalogue,1
2026-08-11T09:38:22.578069+00:00,selgros,136417,"MUSCATEL VIN DE MASA ALB DEMIDULCE 2,0 PET",18.3,RON,,0,catalogue,1
2026-08-11T09:38:22.578297+00:00,selgros,149574,"PELIN ALB 0,75",20.33,RON,,0,catalogue,1
2026-08-11T09:38:22.578482+00:00,selgros,159672,"COTNARI FETEASCA ALBA DEMIDULCE 0,75",17.28,RON,,0,catalogue,1
2026-08-11T09:38:22.578690+00:00,selgros,172181,"CASTEL BOLOVANU TAMAIOASA ROMANEASCA ALB DS 0,75",17.3,RON,21.24,1,catalogue,0
2026-08-11T09:38:22.578903+00:00,selgros,814627,"PODGORIE DOMNEASCA SARBA SEC 0,75",46.77,RON,,0,catalogue,1
2026-08-11T09:38:22.579095+00:00,selgros,1071843,"COTNARI ETICHETA GALBENA BIB DEMIDULCE 3,0",37.99,RON,,0,catalogue,1
2026-08-11T09:38:22.579328+00:00,selgros,193783,"LA CETATE SAUVIGNON BLANC SEC 0,75",39.99,RON,,0,catalogue,1
2026-08-11T09:38:22.579540+00:00,selgros,197484,"JIDVEI WEINLAND FETEASCA REGALA DEMISEC 0,75",20.33,RON,,0,catalogue,1
2026-08-11T09:38:22.579754+00:00,selgros,187494,"AVINCIS CUVEE PETIT SAUVIGNON BLANC ALB SEC 0,75",55.91,RON,,0,catalogue,0
2026-08-11T09:38:22.579963+00:00,selgros,205173,"PAMANTURI ALBE VIN VARIETAL DEMISEC 0,75",34.99,RON,,0,catalogue,1
2026-08-11T09:38:22.580158+00:00,selgros,295134,"VIILE METAMORFOSIS FETEASCA ALBA&SAUVIGNON BLANC S0,75",30.0,RON,,0,catalogue,1
2026-08-11T09:38:22.580418+00:00,selgros,307622,"BUDUREASCA PREMIUM FUME ALB SEC 0,75",46.77,RON,,0,catalogue,1
2026-08-11T09:38:22.580621+00:00,selgros,14059,"VIA COLTUL PIETREI CHARDONNAY ALB SEC 0,75",59.99,RON,,0,catalogue,1
2026-08-11T09:38:22.580823+00:00,selgros,1061665,"COTNARI ETICHETA GALBENA BIB DEMISEC 3,0",37.99,RON,,0,catalogue,1
2026-08-11T09:38:22.581072+00:00,selgros,654910,"MOTIV SAUVIGNON BLANC & FETEASCA ALBA DEMISEC 0,75",21.99,RON,,0,catalogue,0
2026-08-11T09:38:22.581309+00:00,selgros,52459,"SAAC CUVEE DOMENIILE URLATI VIN ALB SEC 0,75",45.99,RON,,0,catalogue,1
2026-08-11T09:38:22.581528+00:00,selgros,533752,"AEROSOLI FET.REGALA & SAUV.BL. & MUSCAT OTTONEL SEC 0,75",37.99,RON,,0,catalogue,1
2026-08-11T09:38:22.581749+00:00,selgros,124561,"SCRISORI CUVEE ALB SEC 0,75",43.98,RON,,0,catalogue,1
2026-08-11T09:38:22.581938+00:00,selgros,116070,"MOSIA TOHANI SPECIAL RESERVE FETEASCA REGALA DS 0,75",33.99,RON,,0,catalogue,1
2026-08-11T09:38:22.582157+00:00,selgros,548063,"JIDVEI SPIRIT FETEASCA REGALA SEC 0,75",42.99,RON,,0,catalogue,1
2026-08-11T09:38:22.582383+00:00,selgros,244951,"MUSCATEL VIN DE MASA ALB DEMISEC 2,0 PET",18.3,RON,,0,catalogue,1
2026-08-11T09:38:22.582583+00:00,selgros,602243,"ZESTREA SAUVIGNON BLANC DEMISEC 0,75",16.99,RON,,0,catalogue,1
2026-08-11T09:38:22.582785+00:00,selgros,38437,"VILLA VINEA CLASSIC KERNER ALB SEC 0,75",42.99,RON,,0,catalogue,1
2026-08-11T09:38:22.582989+00:00,selgros,270702,"ISSA CHARDONNAY ALB SEC 0,75",49.99,RON,,0,catalogue,1
2026-08-11T09:38:22.583187+00:00,selgros,278300,"DOMENIILE SAMBURESTI SAUVIGNON BLANC SEC 0,75",33.99,RON,,0,catalogue,1
2026-08-11T09:38:22.583424+00:00,selgros,248245,"CALOIAN PINOT GRIGIO SEC 0,75",25.49,RON,,0,catalogue,1
2026-08-11T09:38:22.583613+00:00,selgros,275758,"COTNARI SELECTIE FRANCUSA ALB SEC 0,75",27.75,RON,,0,catalogue,1
2026-08-11T09:38:22.583813+00:00,selgros,490652,"LILIAC ALB DE TRANSILVANIA VIN ALB SEC 0,75",49.99,RON,,0,catalogue,1
2026-08-11T09:38:22.584020+00:00,selgros,50766,"BUDUREASCA CLASIC MIN.FETEASCA REGALA ALB DEMISEC 0,187",12.18,RON,,0,catalogue,1
2026-08-11T09:38:22.584233+00:00,selgros,7502,"SEGARCEA VIN ALB CHARDONNAY BIB SEC 5,0",61.99,RON,,0,catalogue,1
2026-08-11T09:38:22.584467+00:00,selgros,85932,"PELIN ALB DEMISEC 0,75",16.99,RON,,0,catalogue,1
2026-08-11T09:38:22.584645+00:00,selgros,863281,"SIMBOL TAMAIOASA ROMANEASCA SEC 0,75",33.54,RON,,0,catalogue,1
2026-08-11T09:38:22.584838+00:00,selgros,85876,"ELITE TAMAIOASA ROMANEASCA SEC 0,75",35.99,RON,,0,catalogue,1
2026-08-11T09:38:22.585087+00:00,selgros,66850,"CALOIAN SAUVIGNON BLANC SEC 0,75",25.49,RON,,0,catalogue,1
2026-08-11T09:38:22.585344+00:00,selgros,217683,"PRAHOVA VALLEY FETEASCA REGALA DEMISEC 0,187",9.2,RON,,0,catalogue,1
2026-08-11T09:38:22.585598+00:00,selgros,973180,"VALEA ASCUNSA SAUVIGNON BLANC SEC 0,75",54.99,RON,,0,catalogue,1
2026-08-11T09:38:22.585794+00:00,selgros,1006133,"VARANCHA SAUVIGNON BLANC BIB S 3,0",38.99,RON,,0,catalogue,1
2026-08-11T09:38:22.585995+00:00,selgros,104373,"DOMENIILE AVERESTI NATIVUS SAUVIGNON BLANC SEC 0,75",45.75,RON,,0,catalogue,1
2026-08-11T09:38:22.586213+00:00,selgros,108152,"JIDVEI TEZAUR MUSCAT OTTONEL& FETEASCA REGALA SEC 0,75",29.98,RON,38.99,1,catalogue,1
2026-08-11T09:38:22.586453+00:00,selgros,1010908,"VINUL STRAMOSESC ALB BIB DEMIDULCE 10,0",79.98,RON,,0,catalogue,1
2026-08-11T09:38:22.586645+00:00,selgros,64913,"CASA PANCIU FETEASCA REGALA& MUSCAT OTTONEL DS 0,75",20.33,RON,,0,catalogue,1
2026-08-11T09:38:22.586860+00:00,selgros,30130,"SIEL CUVEE FUME ALB DEMISEC 0,75",36.59,RON,,0,catalogue,1
2026-08-11T09:38:22.587063+00:00,selgros,15990,"JIDVEI CLASIC FETEASCA REGALA SEC 0,75",20.33,RON,,0,catalogue,1
2026-08-11T09:38:22.587295+00:00,selgros,39626,"ELITE FETEASCA ALBA SEC 0,75",35.99,RON,,0,catalogue,1
2026-08-11T09:38:22.587488+00:00,selgros,325157,"PRINCE MIRCEA D`EXCELLENCE CUVEE ALB SEC 0,75",59.99,RON,,0,catalogue,1
2026-08-11T09:38:22.587701+00:00,selgros,234647,"ALB DE CEPTURA CHARDONNAY& FETEASCA REGALA SEC 0,75",63.69,RON,76.97,1,catalogue,0
2026-08-11T09:38:22.587910+00:00,selgros,256917,"COMOARA PIVNITEI TAMAIOASA ROMANEASCA DULCE 0,75",92.99,RON,,0,catalogue,1
2026-08-11T09:38:22.588112+00:00,selgros,980071,"VINUL STRAMOSESC ALB DEMIDULCE 2,0",15.98,RON,,0,catalogue,0
2026-08-11T09:38:22.588332+00:00,selgros,240361,"PRINCIPELE RADU CHARDONNAY ALB SEC 0,75",98.62,RON,,0,catalogue,1
2026-08-11T09:38:22.588534+00:00,selgros,453424,"CRAMA OPRISOR CHARDONNAY VIN SEC 0,75",132.17,RON,,0,catalogue,1
2026-08-11T09:38:22.588733+00:00,selgros,268305,"BUDUREASCA ORANGE WINE ALB SEC 0,75",42.71,RON,52.01,1,catalogue,0
2026-08-11T09:38:22.588928+00:00,selgros,877792,"SEGARCEA VIN ALB CHARDONNAY BIB SEC 3,0",42.99,RON,,0,catalogue,1
2026-08-11T09:38:22.589174+00:00,selgros,121474,"ISSA SAUVIGNON BLANC SEC 0,75",49.99,RON,,0,catalogue,1
2026-08-11T09:38:22.589400+00:00,selgros,144842,"DOMENIILE URLATI ED.SPECIALA SAUVIGNON BLANC SEC 0,75",19.3,RON,27.9,1,catalogue,0
2026-08-11T09:38:22.589635+00:00,selgros,143519,"JIDVEI TRADITIONAL FETEASCA ALBA SEC 0,75",16.89,RON,,0,catalogue,1
2026-08-11T09:38:22.589833+00:00,selgros,525714,"SOLE VIOGNIER VIN ALB SEC 0,75",62.99,RON,,0,catalogue,1
2026-08-11T09:38:22.590027+00:00,selgros,298754,"PREMIAT DRY RIESLING ALB DEMISEC 0,75",11.99,RON,,0,catalogue,1
2026-08-11T09:38:22.590224+00:00,selgros,293096,"MAXIMARC MUSTOASA MADERAT ALB SEC 0,75",44.99,RON,,0,catalogue,0
2026-08-11T09:38:22.590457+00:00,selgros,55745,"JIDVEI CRAITA TRANSILVANIEI ALB DEMIDULCE 0,75",14.29,RON,,0,catalogue,1
2026-08-11T09:38:22.590675+00:00,selgros,36516,"SEGARCEA PRESTIGE FETEASCA ALBA SEC 0,75",54.9,RON,,0,catalogue,1
2026-08-11T09:38:22.590883+00:00,selgros,190475,"STIL CHARDONNAY VIN SEC 0,75",61.0,RON,,0,catalogue,1
2026-08-11T09:38:22.591071+00:00,selgros,20545,"JIDVEI GRIGORESCU SAUVIGNON BLANC DEMISEC 0,75",23.99,RON,,0,catalogue,1
2026-08-11T09:38:22.591299+00:00,selgros,222576,"BECIUL DOMNESC MUSCAT OTTONEL DEMIDULCE 0,75",24.99,RON,,0,catalogue,1
2026-08-11T09:38:22.591496+00:00,selgros,317169,"COTNARI TAMAIOASA ROMANEASCA ALB DEMISEC 0,75",17.28,RON,,0,catalogue,1
2026-08-11T09:38:22.591683+00:00,selgros,6102,"BABANU VIN ALB DEMIDULCE 2,0",13.99,RON,,0,catalogue,1
2026-08-11T09:38:22.591860+00:00,selgros,280499,"RUSALCA ALBA SEC 0,75",76.25,RON,,0,catalogue,1
2026-08-11T09:38:22.592038+00:00,selgros,741856,"BABANU VIN ALB DS 2,0",13.99,RON,,0,catalogue,1
2026-08-11T09:38:22.592230+00:00,selgros,260896,"SEGARCEA PRESTIGE TAMAIOASA ROMANEASCA ALB SEC 0,75",54.9,RON,,0,catalogue,1
2026-08-11T09:38:22.592520+00:00,selgros,632371,"SABLE NOBLE CHARD.&SAUV. BL. & PINOT GRIS 0,75",43.98,RON,,0,catalogue,1
2026-08-11T09:38:22.592737+00:00,selgros,104990,"ATAMAN CUVEE ALB DEMISEC 0,75",49.99,RON,,0,catalogue,1
2026-08-11T09:38:22.592945+00:00,selgros,201367,"BUDUREASCA PREMIUM SAUVIGNON BLANC ALB SEC 0,75",46.77,RON,,0,catalogue,1
2026-08-11T09:38:22.593234+00:00,selgros,188568,"SARICA EXCELLENCE ALIGOTE ALB SEC 0,75",21.84,RON,27.0,1,catalogue,0
2026-08-11T09:38:22.593472+00:00,selgros,182377,"CHATEAU VALVIS CHARDONNAY SEC 0,75",89.88,RON,,0,catalogue,1
2026-08-11T09:38:22.593676+00:00,selgros,288685,"NOMAD AURELIA VISINESCU SAUVIGNON BLANC ALB S0,75",21.99,RON,32.98,1,catalogue,1
2026-08-11T09:38:22.593913+00:00,selgros,66612,SARICA NICULITEL `58 SAUVIGNON BLANC&FETEASCA ALBA DS,16.66,RON,,0,catalogue,0
2026-08-11T09:38:22.594135+00:00,selgros,342786,"BUDUREASCA VIN PREMIUM MINI IKA FUME S 0,187",13.21,RON,,0,catalogue,0
2026-08-11T09:38:22.594385+00:00,selgros,273419,"CASA ISARESCU SAUVIGNON BLANC SEC 0,75",47.78,RON,,0,catalogue,1
2026-08-11T09:38:22.594592+00:00,selgros,108993,"NOMAD A.VISINESCU FETEASCA REGALA ALB DEMISEC 0,75",21.99,RON,32.98,1,catalogue,1
2026-08-11T09:38:22.594793+00:00,selgros,175928,"COTNARI TRADITII TAMAIOASA ROMANEASCA ALB DULCE 0,75",17.28,RON,,0,catalogue,1
2026-08-11T09:38:22.595276+00:00,selgros,306943,"JIDVEI TRADITIONAL FETEASCA REGALA DEMISEC 0,75",16.89,RON,,0,catalogue,1
2026-08-11T09:38:22.595489+00:00,selgros,208241,"PROMESSA AURELIA VISINESCU CHARDONNAY ALB SEC 0,75",42.99,RON,,0,catalogue,1
2026-08-11T09:38:22.595719+00:00,selgros,449038,"MOTIV FETEASCA REGALA & CHARD. ALB DEMISEC 0,75",21.99,RON,,0,catalogue,1
2026-08-11T09:38:22.595916+00:00,selgros,256611,"SARICA SCENTICO CHARDONNAY ALB SEC 0,75",53.88,RON,,0,catalogue,0
2026-08-11T09:38:22.596112+00:00,selgros,276431,"ROMANIAN CLASSIC MUSCAT OTTONEL ALB DD 0,75",13.99,RON,,0,catalogue,1
2026-08-11T09:38:22.596356+00:00,selgros,146251,"VILLA VINEA CLASSIC SAUVIGNON BLANC ALB SEC 0,75",42.99,RON,,0,catalogue,1
2026-08-11T09:38:22.596571+00:00,selgros,732140,"SABRIZE SAUVIGNON BLANC VIN ALB SEC 0,75",42.99,RON,,0,catalogue,1
2026-08-11T09:38:22.596765+00:00,selgros,742260,"VULPEA`N VIE VIN ALB DEMI-SEC 0,75",27.99,RON,,0,catalogue,1
2026-08-11T09:38:22.596954+00:00,selgros,892352,"HYPERION TAMAIOASA ROMANEASCA VIN ALB SEC 0,75",79.99,RON,,0,catalogue,1
2026-08-11T09:38:22.597203+00:00,selgros,87879,"JIDVEI HORA SAUVIGNON BLANC DEMISEC 0,75",15.25,RON,,0,catalogue,1
2026-08-11T09:38:22.597453+00:00,selgros,89837,"COTNARI IG ETICHETA GALBENA ALB DEMIDULCE 1,5",19.69,RON,,0,catalogue,1
2026-08-11T09:38:22.597696+00:00,selgros,795270,"CRAMA STARMINA SAUVIGNON BLANC BIB 10,00",110.84,RON,,0,catalogue,0
2026-08-11T09:38:22.597903+00:00,selgros,93663,"BYZANTIUM BLANC SEC 0,75",36.99,RON,,0,catalogue,1
2026-08-11T09:38:22.598084+00:00,selgros,964228,"RECAS MUSE WHITE VIN DEMISEC 0,75",84.99,RON,,0,catalogue,1
2026-08-11T09:38:22.598301+00:00,selgros,119987,"CERVUS MAGNUS FETEASCA REGALA DEMISEC 0,75",34.99,RON,,0,catalogue,1
2026-08-11T09:38:22.598500+00:00,selgros,127185,"COTNARI 2XL VIN ALB DEMISEC 1,5",20.33,RON,,0,catalogue,1
2026-08-11T09:38:22.598688+00:00,selgros,121688,"DOMENIILE RECAS GEWURZTRAMINER DEMIDULCE 0,75",22.57,RON,27.9,1,catalogue,0
2026-08-11T09:38:22.598881+00:00,selgros,145622,"SIGILLUM MOLDAVIAE MUSCAT OTTONEL DEMISEC 0,75",19.99,RON,,0,catalogue,1
2026-08-11T09:38:22.599080+00:00,selgros,104125,"NOMAD AURELIA VISINESCU PINOT GRIGIO ALB SEC 0,75",21.99,RON,33.54,1,catalogue,1
2026-08-11T09:38:22.599328+00:00,selgros,180518,"JIDVEI NAVIGO COMPAS PINOT GRIGIO SEC 0,75",18.37,RON,22.91,1,catalogue,0
2026-08-11T09:38:22.599559+00:00,selgros,167503,"FETEASCA DE TOHANI VIN ALB FETEASCA ALBA SEC 0,75",44.0,RON,,0,catalogue,1
2026-08-11T09:38:22.599773+00:00,selgros,10704,"CARPATHIA CHARDONNAY VIN ALB SEC 0,75",54.99,RON,,0,catalogue,1
2026-08-11T09:38:22.599970+00:00,selgros,327251,"DOMENIILE AVERESTI ZGHIHARA ALB SEC 0,75",19.99,RON,,0,catalogue,1
2026-08-11T09:38:22.600173+00:00,selgros,318201,"COTNARI DOMENII TAMAIOASA ROMANEASCA ALB DS 0,75",29.48,RON,,0,catalogue,1
2026-08-11T09:38:22.600421+00:00,selgros,39721,"PROMESSA A.VISINESCU FETEASCA NEAGRA&SYRAH ROSU SEC 0,75",42.99,RON,,0,catalogue,1
2026-08-11T09:38:22.600644+00:00,selgros,39785,"DOMENIILE URLATI ED.SPECIALA FETEASCA ALBA SEC 0,75",19.3,RON,27.9,1,catalogue,0
2026-08-11T09:38:22.600856+00:00,selgros,55433,"VALEA ASCUNSA MUSCAT OTTONEL SEC 0,75",26.86,RON,33.9,1,catalogue,0
2026-08-11T09:38:22.601093+00:00,selgros,58238,"PANCIU RISERVA SARBA ALB DEMISEC 0,75",29.98,RON,,0,catalogue,1
2026-08-11T09:38:22.601320+00:00,selgros,274984,"JIDVEI GRIGORESCU GEWURZ TRAMINER DEMISEC 0,75",23.99,RON,,0,catalogue,1
2026-08-11T09:38:22.601528+00:00,selgros,263967,"SEGARCEA PRESTIGE PINOT GRIS ALB SEC 0,75",54.9,RON,,0,catalogue,1
2026-08-11T09:38:22.601745+00:00,selgros,609060,"ZESTREA CHARDONNAY & PINOT GRIS VIN ALB SEC 0,75",16.99,RON,,0,catalogue,1
2026-08-11T09:38:22.601959+00:00,selgros,254167,"VILA DOBRUSA MERLOT&NEGRU DE DRAGASANI ROSU SEC 0,75",27.44,RON,,0,catalogue,1
2026-08-11T09:38:22.602167+00:00,selgros,24441,"JIDVEI CLASIC SAUVIGNON BLANC SEC 0,75",20.33,RON,,0,catalogue,1
2026-08-11T09:38:22.602603+00:00,selgros,722313,"DOMENIILE DEALU MARE SAUV.BL.& FET.ALBA VIN ALB DS 0,75",34.99,RON,,0,catalogue,1
2026-08-11T09:38:22.602841+00:00,selgros,15251,"PRAHOVA VALLEY SAUVIGNON BLANC DS0,75",19.82,RON,,0,catalogue,0
2026-08-11T09:38:22.603077+00:00,selgros,305640,"SOIURI RARE VIOGNIER VIOGNIER ALB SEC 0,75",101.66,RON,,0,catalogue,1
2026-08-11T09:38:22.603332+00:00,selgros,127961,"SEGARCEA PRESTIGE SAUVIGNON BLANC SEC 0,75",54.9,RON,,0,catalogue,1
2026-08-11T09:38:22.603538+00:00,selgros,115722,"PH.VALLEY FET.ALB.DS0,75",17.45,RON,20.9,1,catalogue,0
2026-08-11T09:38:22.603730+00:00,selgros,113794,"TECTONIC REZERVA CUVEE ALB DOC SEC 0,75",36.99,RON,,0,catalogue,1
2026-08-11T09:38:22.603933+00:00,selgros,12230,"MOSIA DE LA TOHANI FETEASCA ALBA DEMISEC 0,75",30.49,RON,,0,catalogue,0
2026-08-11T09:38:22.604127+00:00,selgros,212682,"JIDVEI ANA SAUVIGNON BLANC SEC 0,75",72.99,RON,,0,catalogue,1
2026-08-11T09:38:22.604351+00:00,selgros,212577,"COTNARI CASA DE PIATRA ALB DEMISEC 0,75",15.98,RON,,0,catalogue,0
2026-08-11T09:38:22.604546+00:00,selgros,317097,"ELITE SAUVIGNON BLANC SEC 0,75",35.99,RON,,0,catalogue,1
2026-08-11T09:38:22.604913+00:00,selgros,31086,"BUCIUM FETEASCA ALBA 1992 DULCE 0,75",81.23,RON,,0,catalogue,1
2026-08-11T09:38:22.605242+00:00,selgros,248694,"PAGAIA SAUVIGNON BLANC ALB SEC 0,75",59.99,RON,,0,catalogue,1
2026-08-11T09:38:22.605477+00:00,selgros,259332,"VILLA VINEA CLASSIC GEWURZ TRAMINER ALB DEMISEC 0,75",42.99,RON,,0,catalogue,1
2026-08-11T09:38:22.605687+00:00,selgros,34929,"LACERTA CUVEE X ALB SEC 0,75",89.99,RON,,0,catalogue,1
2026-08-11T09:38:22.605912+00:00,selgros,624078,"JIDVEI SPIRIT ROSE SEC 0,75",42.99,RON,,0,catalogue,1
2026-08-11T09:38:22.606099+00:00,selgros,87141,"SOARE BLANC DE NOIR ALB SEC 0,75",69.99,RON,,0,catalogue,0
2026-08-11T09:38:22.606325+00:00,selgros,851057,"LACERTA PINOT GRIS SEC 0,75",39.98,RON,,0,catalogue,1
2026-08-11T09:38:22.606513+00:00,selgros,233995,"BUCIUM MUSCAT OTTONEL 1994 DULCE 0,75",91.5,RON,,0,catalogue,1
2026-08-11T09:38:22.606717+00:00,selgros,353866,"AMMOS ALB FETEASCA REGALA& CHARD. &SAUV.BL. SEC 0,75",40.66,RON,,0,catalogue,1
2026-08-11T09:38:22.607209+00:00,selgros,136418,"LUTURI FETEASCA REGALA & CRAMPOSIE SEC 0,75",35.57,RON,,0,catalogue,1
2026-08-11T09:38:22.607443+00:00,selgros,1013084,"STIH SAUV. BLANC S.0,75",20.33,RON,,0,catalogue,0
2026-08-11T09:38:22.607638+00:00,selgros,12733,"VILA DOBRUSA FETEASCA REGALA& PINOT GRIS&TAM.RO.SEC 0,75",27.44,RON,,0,catalogue,1
2026-08-11T09:38:22.607870+00:00,selgros,116165,"WINE PRINCESS MUSTOASA DE MADERAT ALB SEC 0,75",43.72,RON,,0,catalogue,1
2026-08-11T09:38:22.608083+00:00,selgros,100973,"SARICA TRILOGIE FETEASCA ALBA& NEAGRA&REGALA ALB SEC 0,75",64.05,RON,,0,catalogue,0
2026-08-11T09:38:22.608348+00:00,selgros,135056,"CERVUS CEPTURUM FETEASCA REGALA ALB DEMISEC 0,75",14.99,RON,,0,catalogue,1
2026-08-11T09:38:22.608558+00:00,selgros,149672,"CEPTURA ASTRUM CERVI FETEASCA REGALA DEMISEC 0,75",23.38,RON,,0,catalogue,1
2026-08-11T09:38:22.608768+00:00,selgros,38914,"JIDVEI NEC PLUS ULTRA SAUVIG. BLANC DEMISEC 0,75 SEC",30.49,RON,,0,catalogue,1
2026-08-11T09:38:22.609033+00:00,selgros,75361,"LACRIMA LUI OVIDIU VIN LICOROS ALB 5 ANI DEMIDULCE 0,75",39.13,RON,,0,catalogue,1
2026-08-11T09:38:22.609297+00:00,selgros,924206,"DOMENIILE AVERESTI NATIVUS CUVEE ALB DEMISEC 0,75",45.75,RON,,0,catalogue,1
2026-08-11T09:38:22.609540+00:00,selgros,274877,"BUDUREASCA CLASIC SAUVIGNON BLANC ALB DEMISEC 0,75",31.99,RON,,0,catalogue,1
2026-08-11T09:38:22.609763+00:00,selgros,1026318,"RECAS FETEASCA REGALA BIB 3,0",53.99,RON,,0,catalogue,1
2026-08-11T09:38:22.609971+00:00,selgros,36420,"VILA DOBRUSA SAUVIGNON BLANC ALB SEC 0,75",27.44,RON,,0,catalogue,1
2026-08-11T09:38:22.610168+00:00,selgros,816611,"CORCOVA SAUVIGNON BLANC SEC 0,75",40.66,RON,,0,catalogue,1
2026-08-11T09:38:22.610400+00:00,selgros,1031906,"PRINCE MATEI CUPAJ ALB SEC 0,75",22.77,RON,,0,catalogue,0
2026-08-11T09:38:22.610598+00:00,selgros,108475,"VIA COLTUL PIETREI SAUVIGNON BLANC SEC 0,75",59.99,RON,,0,catalogue,1
2026-08-11T09:38:22.610797+00:00,selgros,157887,"PELIN CARPATIN ALB DEMISEC 0,187",8.99,RON,,0,catalogue,1
2026-08-11T09:38:22.610985+00:00,selgros,101055,"BECIUL DOMNESC FETEASCA REGALA DEMISEC 0,75",24.99,RON,,0,catalogue,1
2026-08-11T09:38:22.611177+00:00,selgros,120484,"SARICA ESSENTIA SAUVIGNON BLANC DEMISEC 0,75",10.3,RON,12.87,1,catalogue,0
2026-08-11T09:38:22.611582+00:00,selgros,643235,"ZESTREA MUSCAT OTTONEL DEMIDULCE 0,75",16.99,RON,,0,catalogue,1
2026-08-11T09:38:22.611763+00:00,selgros,224270,"LIVIA SARBA ALB SEC 0,75",25.99,RON,,0,catalogue,1
2026-08-11T09:38:22.611947+00:00,selgros,210947,"LA CETATE TAMAIOASA ROMANEASCA DEMISEC 0,75",39.99,RON,,0,catalogue,1
2026-08-11T09:38:22.612159+00:00,selgros,42650,"ISSA MUSCAT OTTONEL ALB DEMIDULCE 0,75",47.78,RON,,0,catalogue,1
2026-08-11T09:38:22.612384+00:00,selgros,67285,"COTNARI IG ETICHETA GALBENA ROSE DEMIDULCE 1,5",19.69,RON,,0,catalogue,1
2026-08-11T09:38:22.612604+00:00,selgros,102218,"EXPLICIT FETEASCA REGALA DEMISEC 0,75",42.99,RON,,0,catalogue,1
2026-08-11T09:38:22.612797+00:00,selgros,229374,"DOMENIILE RECAS MUSCAT OTTONEL DEMISEC 0,75",22.57,RON,27.9,1,catalogue,0
2026-08-11T09:38:22.613067+00:00,selgros,669846,"VIN 3HA CHARDONNAY SEC 0,75",22.99,RON,,0,catalogue,0
2026-08-11T09:38:22.613360+00:00,selgros,321933,"JIDVEI GRIGORESCU MUSCAT DRY DEMISEC 0,75",23.99,RON,,0,catalogue,1
2026-08-11T09:38:22.613566+00:00,selgros,478257,"CARPATHIA SAUVIGNON BLANC VIN ALB SEC 0,75",54.99,RON,,0,catalogue,1
2026-08-11T09:38:22.613776+00:00,selgros,459503,"ALB DE HISTRIA FETEASCA REGALA & CHARDONNAY SEC 0,75",33.99,RON,,0,catalogue,1
2026-08-11T09:38:22.613991+00:00,selgros,68854,"MOSIA DE LA TOHANI SAUVIGNON BLANC ALB SEC 0,75",30.49,RON,,0,catalogue,1
2026-08-11T09:38:22.614201+00:00,selgros,706166,"PELIN ALB BIB DEMISEC 3,0",62.99,RON,,0,catalogue,1
2026-08-11T09:38:22.614417+00:00,selgros,239747,"STIH SAUVIGNON BL.S0,75",33.54,RON,,0,catalogue,0
2026-08-11T09:38:22.614623+00:00,selgros,35760,"COTNARI TRADITII FETEASCA ALBA DEMISEC 0,75",17.28,RON,,0,catalogue,1
2026-08-11T09:38:22.614838+00:00,selgros,34924,"SOLO QUINTA CUVEE ALB SEC 0,75",109.99,RON,,0,catalogue,1
2026-08-11T09:38:22.615028+00:00,selgros,33687,"JIDVEI ANA CHARDONNAY SEC 0,75",72.99,RON,,0,catalogue,1
2026-08-11T09:38:22.615220+00:00,selgros,112134,"COTNARI DOMENII FETEASCA ALBA SEC 0,75",30.49,RON,,0,catalogue,1
2026-08-11T09:38:22.615453+00:00,selgros,129443,"CASA ISARESCU FETEASCA REGALA ALB SEC 0,75",32.52,RON,,0,catalogue,1
2026-08-11T09:38:22.615669+00:00,selgros,134666,"ROSTURI ALB FETEASCA REGALA SEC 0,75",40.66,RON,,0,catalogue,1
2026-08-11T09:38:22.615862+00:00,selgros,1068034,"BUDUREASCA FUME ALB BIB DEMISEC 2,0",32.98,RON,,0,catalogue,1
2026-08-11T09:38:22.616048+00:00,selgros,642041,"PROLES PONTICA PELIN DEMIDULCE 1,5",23.79,RON,,0,catalogue,1
2026-08-11T09:38:22.616236+00:00,selgros,104636,"JIDVEI TRADITIONAL RIESLING BANUTI SEC 0,75",16.89,RON,,0,catalogue,1
2026-08-11T09:38:22.616474+00:00,selgros,18492,"JIDVEI GRIGORESCU FETEASCA REGALA DEMISEC 0,75",23.99,RON,,0,catalogue,1
2026-08-11T09:38:22.616678+00:00,selgros,286413,"EXPLICIT SAUVIGNON BLANC VIN SEC 0,75",42.99,RON,,0,catalogue,1
2026-08-11T09:38:22.616882+00:00,selgros,290446,"SIGILLUM MOLDAVIAE TAMAIOASA ROMANEASCA DULCE 0,75",19.99,RON,,0,catalogue,1
2026-08-11T09:38:22.617142+00:00,selgros,249343,"BACANTA SARBA ALB SEC 0,75",79.98,RON,,0,catalogue,0
2026-08-11T09:38:22.617718+00:00,selgros,236256,"ZANA VERDE SAUVIGNON BLANC ALB SEC 0,75",30.49,RON,,0,catalogue,1
2026-08-11T09:38:22.617919+00:00,selgros,379584,"COTNARI 2XL VIN ALB DEMIDULCE 1,5",20.33,RON,,0,catalogue,1
2026-08-11T09:38:22.618103+00:00,selgros,719133,"DOMENIILE URLATI VIN ALB SAUV BL.& MUSC.OT. DD 0,75",23.99,RON,,0,catalogue,1
2026-08-11T09:38:22.618362+00:00,selgros,261134,"SOLE CHARDONNAY&BARRIQUE SEC 0,75",79.99,RON,,0,catalogue,1
2026-08-11T09:38:22.618567+00:00,selgros,626053,"PREMIAT ETICHETA NEAGRA ALB DEMISEC 0,75",11.98,RON,,0,catalogue,1
2026-08-11T09:38:22.618768+00:00,selgros,499554,"EXPLICIT PINOT GRIGIO SEC 0,75",42.99,RON,,0,catalogue,1
2026-08-11T09:38:22.618964+00:00,selgros,819271,"PREMIAT DRY RIESLING ALB DEMIDULCE 0,75",11.99,RON,,0,catalogue,1
2026-08-11T09:38:22.619160+00:00,selgros,223074,"ROMANIAN CLASSIC SAUVIGNON BLANC ALB DEMISEC 0,75",13.99,RON,,0,catalogue,1
2026-08-11T09:38:22.619391+00:00,selgros,213891,"JIDVEI CLASIC CHARDONNAY SEC 0,75",20.33,RON,,0,catalogue,1
2026-08-11T09:38:22.619583+00:00,selgros,839583,"ATAMAN PINOT GRIS ALB SEC 0,75",49.99,RON,,0,catalogue,1
2026-08-11T09:38:26.069028+00:00,selgros,282587,"CAII DE LA LETEA CABERNET SAUVIGNON SEC 0,75",29.98,RON,,0,catalogue,1
2026-08-11T09:38:26.069365+00:00,selgros,652330,"CAII DE LA LETEA RARA NEAGRA ROSU 0,75",29.98,RON,,0,catalogue,1
2026-08-11T09:38:26.069609+00:00,selgros,52080,"SCHWABEN WEIN CABERNET SAUV& PINOT NOIR DEMIDULCE 0,75",17.99,RON,,0,catalogue,1
2026-08-11T09:38:26.069830+00:00,selgros,274151,"SCHWABEN WEIN MERLOT DEMISEC 0,75",17.99,RON,,0,catalogue,1
2026-08-11T09:38:26.070030+00:00,selgros,90147,"CASTEL HUNIADE MERLOT DEMISEC 0,75",24.99,RON,,0,catalogue,1
2026-08-11T09:38:26.070261+00:00,selgros,94973,"CASTEL HUNIADE CABERNET SAUVIGNON SEC 0,75",24.99,RON,,0,catalogue,1
2026-08-11T09:38:26.073417+00:00,selgros,52788,"CASTEL HUNIADE MERLOT/PINOT NOIR DEMIDULCE 0,75",24.99,RON,,0,catalogue,1
2026-08-11T09:38:26.073806+00:00,selgros,1029331,"VAL DUNA CABERNET SAUVIGNON S3,0",40.66,RON,,0,catalogue,1
2026-08-11T09:38:26.075356+00:00,selgros,1093074,"VAL DUNA BLANC DE ROUMANIE DS3,0",40.66,RON,,0,catalogue,1
2026-08-11T09:38:26.075655+00:00,selgros,1089669,VAL DUNA FETEASCA NEAGRA DEMISEC 3.0,40.66,RON,,0,catalogue,1
2026-08-11T09:38:26.075914+00:00,selgros,1024750,"VINUL STRAMOSESC ROSU BIB DEMIDULCE 10,0",79.98,RON,,0,catalogue,1
2026-08-11T09:38:26.076154+00:00,selgros,108756,"MOSIA TOHANI SPECIAL RESERVE FETEASCA NEAGRA SEC 0,75",33.99,RON,,0,catalogue,1
2026-08-11T09:38:26.076430+00:00,selgros,121098,"PAMANTURI NEGRE VIN VARIETAL DEMISEC 0,75",34.99,RON,,0,catalogue,1
2026-08-11T09:38:26.076640+00:00,selgros,1041575,"CRAMA STARMINA ROSE BIB DEMISEC 3,0",39.98,RON,,0,catalogue,1
2026-08-11T09:38:26.076839+00:00,selgros,37345,"PRAHOVA VALLEY FETEASCA NEAGRA DEMISEC 0,75",18.82,RON,22.91,1,catalogue,0
2026-08-11T09:38:26.079275+00:00,selgros,98057,"PRINCE MIRCEA DOC CABERNET SAUVIGNON ROSU SEC 0,75",69.99,RON,,0,catalogue,1
2026-08-11T09:38:26.079517+00:00,selgros,275429,"CERVUS MAGNUS FETEASCA NEAGRA SEC 0,75",34.99,RON,,0,catalogue,1
2026-08-11T09:38:26.079728+00:00,selgros,281785,"JIDVEI GRIGORESCU PINOT NOIR& CABERNET SAUVIGNON DS 0,75",23.99,RON,,0,catalogue,1
2026-08-11T09:38:26.080487+00:00,selgros,15734,"PELIN MAGNUM ROSU DEMISEC 1,5",32.98,RON,,0,catalogue,1
2026-08-11T09:38:26.080702+00:00,selgros,19054,"EXPLICIT MERLOT VIN SEC 0,75",42.99,RON,,0,catalogue,1
2026-08-11T09:38:26.080900+00:00,selgros,209411,"CANTUS PRIMUS CABERNET SAUVIGNON ROSU SEC 0,75",99.99,RON,,0,catalogue,1
2026-08-11T09:38:26.081184+00:00,selgros,309178,"LACRIMA LUI OVIDIU VIN LICOROS ROSU 5 ANI DEMIDULCE 0,75",39.13,RON,,0,catalogue,1
2026-08-11T09:38:26.082703+00:00,selgros,248553,"PELIN ROSU DEMISEC 0,75",16.99,RON,,0,catalogue,1
2026-08-11T09:38:26.083005+00:00,selgros,1046930,"BUDUREASCA CABERNET SAUVIGNON BIB SEC 2,0",32.98,RON,,0,catalogue,1
2026-08-11T09:38:26.083459+00:00,selgros,304485,"BECIUL DOMNESC FETEASCA NEAGRA DEMIDULCE 0,75",24.99,RON,,0,catalogue,1
2026-08-11T09:38:26.083832+00:00,selgros,3469,"CARPATHIA FETEASCA NEAGRA VIN ROSU SEC 0,75",54.99,RON,,0,catalogue,1
2026-08-11T09:38:26.084195+00:00,selgros,118660,"CASA ISARESCU NEGRU DE DRAGASANI SEC 0,75",39.64,RON,,0,catalogue,1
2026-08-11T09:38:26.084680+00:00,selgros,139643,"SMERENIE CUPAJ ROSU SEC 0,75",162.67,RON,,0,catalogue,1
2026-08-11T09:38:26.085129+00:00,selgros,318906,"SOIURI RARE MARSELAN ROSU SEC 0,75",52.36,RON,65.44,1,catalogue,0
2026-08-11T09:38:26.085544+00:00,selgros,277866,"DOMENIILE SAMBURESTI MERLOT SEC 0,75",33.99,RON,,0,catalogue,1
2026-08-11T09:38:26.085947+00:00,selgros,28209,"CASTEL HUNIADE FETEASCA NEAGRA SEC 0,75",16.59,RON,20.9,1,catalogue,0
2026-08-11T09:38:26.086364+00:00,selgros,732899,"BECIUL DOMNESC FETEASCA NEAGRA DEMIDULCE 0,187",10.15,RON,,0,catalogue,1
2026-08-11T09:38:26.086748+00:00,selgros,73224,"LA CETATE FETEASCA NEAGRA SEC 0,75",39.99,RON,,0,catalogue,1
2026-08-11T09:38:26.086962+00:00,selgros,172308,"LA CETATE PINOT NOIR SEC 0,75",25.72,RON,32.9,1,catalogue,0
2026-08-11T09:38:26.087175+00:00,selgros,194376,"PRINCIPELE RADU MERLOT ROSU SEC 0,75",98.62,RON,,0,catalogue,1
2026-08-11T09:38:26.087563+00:00,selgros,186255,"CAII DE LA LETEA TRILOGIE IN ROSU SEC 0,75",47.99,RON,,0,catalogue,1
2026-08-11T09:38:26.087884+00:00,selgros,465321,"TECTONIC REZERVA CUVEE ROSU DOC SEC 0,75",36.99,RON,,0,catalogue,1
2026-08-11T09:38:26.088121+00:00,selgros,251382,"MAXIMARC CADARCA DE MINIS ROSU SEC 0,75",44.73,RON,,0,catalogue,0
2026-08-11T09:38:26.088371+00:00,selgros,248439,"LACERTA BLAUFRAENKISCH ROSU SEC 0,75",42.58,RON,44.9,1,catalogue,0
2026-08-11T09:38:26.088579+00:00,selgros,70723,"POEM FETEASCA NEAGRA SEC 0,75",40.66,RON,,0,catalogue,1
2026-08-11T09:38:26.088792+00:00,selgros,72016,"CALOIAN FETEASCA NEAGRA SEC 0,75",25.49,RON,,0,catalogue,1
2026-08-11T09:38:26.089058+00:00,selgros,49707,"SIGILLUM MOLDAVIAE FETEASCA NEAGRA DEMISEC 0,75",19.99,RON,,0,catalogue,1
2026-08-11T09:38:26.089321+00:00,selgros,127415,"JIDVEI HORA PINOT NOIR DEMIDULCE 0,75",15.25,RON,,0,catalogue,1
2026-08-11T09:38:26.089528+00:00,selgros,122972,"BUDUREASCA CLASIC FETEASCA NEAGRA ROSU DEMISEC 0,75",31.99,RON,,0,catalogue,1
2026-08-11T09:38:26.089739+00:00,selgros,133813,"PODGORIE DOMNEASCA BABEASCA NEAGRA SEC 0,75",46.77,RON,,0,catalogue,1
2026-08-11T09:38:26.089950+00:00,selgros,164951,"LIVIA FETEASCA NEAGRA ROSU SEC 0,75",25.99,RON,,0,catalogue,1
2026-08-11T09:38:26.090247+00:00,selgros,233336,"CASTEL BOLOVANU NOVAC ROSU SEC 0,75",29.98,RON,,0,catalogue,1
2026-08-11T09:38:26.090549+00:00,selgros,315535,"BECIUL DOMNESC PREMIAT PINOT NOIR&MERLOT DEMIDULCE 0,75",14.23,RON,,0,catalogue,0
2026-08-11T09:38:26.090888+00:00,selgros,322524,"CALOIAN MERLOT SEC 0,75",25.49,RON,,0,catalogue,1
2026-08-11T09:38:26.091098+00:00,selgros,34527,"ELITE MERLOT ROSU SEC 0,75",35.99,RON,,0,catalogue,1
2026-08-11T09:38:26.091364+00:00,selgros,307332,"HYPERION FETEASCA NEAGRA SEC 0,75",79.99,RON,,0,catalogue,1
2026-08-11T09:38:26.091779+00:00,selgros,565563,"MOTIV SYRAH & CABERNET SAUV.ROSU DEMISEC 0,75",21.99,RON,,0,catalogue,1
2026-08-11T09:38:26.091994+00:00,selgros,44075,"BYZANTIUM ROSSO SEC 0,75",36.99,RON,,0,catalogue,1
2026-08-11T09:38:26.092811+00:00,selgros,600924,"DOMENIILE URLATI CAB.SAUV. VIN ROSU DD 0,75",23.99,RON,,0,catalogue,1
2026-08-11T09:38:26.093093+00:00,selgros,507408,"BABANU VIN ROSU DEMIDULCE 2,0",13.99,RON,,0,catalogue,1
2026-08-11T09:38:26.093338+00:00,selgros,819616,"TOHANI FETEASCA NEAGRA VINOTECA 2010 SEC CU.0,75",299.98,RON,,0,catalogue,0
2026-08-11T09:38:26.093577+00:00,selgros,964821,"MINIMA MORALIA RESPECT ROSU SEC 0,75",75.07,RON,93.84,1,catalogue,0
2026-08-11T09:38:26.093910+00:00,selgros,281414,"MAIASTRU MINI CABERNET SAUVIGNON SEC 0,25",9.49,RON,,0,catalogue,1
2026-08-11T09:38:26.094598+00:00,selgros,189688,"ALIRA FLAMMA BARICAT ROSU SEC 0,75",25.37,RON,31.9,1,catalogue,0
2026-08-11T09:38:26.094818+00:00,selgros,186918,"SANGE DE TAUR VIN ROSU DULCE 1,5",30.0,RON,,0,catalogue,1
2026-08-11T09:38:26.095007+00:00,selgros,1083611,"RECAS MERLOT 10,0",159.99,RON,,0,catalogue,1
2026-08-11T09:38:26.095240+00:00,selgros,110932,"LA CETATE CABERNET SAUVIGNON SEC 0,75",25.72,RON,32.9,1,catalogue,0
2026-08-11T09:38:26.095443+00:00,selgros,1060542,"CRAMA STARMINA MERLOT BIB SEC 3,0",40.66,RON,,0,catalogue,0
2026-08-11T09:38:26.095679+00:00,selgros,1006131,"RECAS MERLOT BIB DS3,0",53.99,RON,,0,catalogue,1
2026-08-11T09:38:26.095875+00:00,selgros,715167,"ZESTREA CABERNET SAUVINGNON DEMISEC 0,75",16.99,RON,,0,catalogue,1
2026-08-11T09:38:26.096084+00:00,selgros,72715,"DOMENIILE SAMBURESTI FETEASCA NEAGRA SEC 0,75",33.99,RON,,0,catalogue,1
2026-08-11T09:38:26.096341+00:00,selgros,278087,"VINCON `93 VINOTECA PINOT GRIS DEMIDULCE 0,75",299.98,RON,,0,catalogue,1
2026-08-11T09:38:26.096543+00:00,selgros,764797,"CASTEL HUNIADE FETEASCA NEAGRA DEMISEC 0,75",24.99,RON,,0,catalogue,1
2026-08-11T09:38:26.096766+00:00,selgros,93889,"LA CETATE SHIRAZ SEC 0,75",39.99,RON,,0,catalogue,1
2026-08-11T09:38:26.096951+00:00,selgros,883679,"SEGARCEA VIN ROSU BIB SEC 3,0",42.99,RON,,0,catalogue,1
2026-08-11T09:38:26.097258+00:00,selgros,133059,"PRAHOVA VALLEY FETEASCA NEAGRA DEMISEC 0,187",9.2,RON,,0,catalogue,1
2026-08-11T09:38:26.097479+00:00,selgros,108073,"ROMANIAN CLASSIC MERLOT ROSU SEC 0,75",13.99,RON,,0,catalogue,1
2026-08-11T09:38:26.097699+00:00,selgros,114369,"PASSAROWITZ 1718 MAGNUM ROSU SEC 1,5",247.87,RON,,0,catalogue,1
2026-08-11T09:38:26.097916+00:00,selgros,152290,"COTNARI EUFORIA FETEASCA NEAGRA ROSU DEMISEC 0,75",45.99,RON,,0,catalogue,1
2026-08-11T09:38:26.098126+00:00,selgros,174754,"AVINCIS CABERNET SAUVIGNON ROSU SEC 0,75",40.66,RON,,0,catalogue,1
2026-08-11T09:38:26.098383+00:00,selgros,191298,"ALIRA CABERNET SAUVIGNON ROSU SEC 0,75",35.02,RON,43.9,1,catalogue,0
2026-08-11T09:38:26.098583+00:00,selgros,295492,"CEPTURA ASTRUM CERVI FETEASCA NEAGRA SEC 0,75",23.38,RON,,0,catalogue,1
2026-08-11T09:38:26.098821+00:00,selgros,15864,"CALOIAN CABERNET SAUVIGNON SEC 0,75",25.49,RON,,0,catalogue,1
2026-08-11T09:38:26.099013+00:00,selgros,157102,"CAII DE LA LETEA FETEASCA NEAGRA ROSU SEC 0,75",58.99,RON,,0,catalogue,1
2026-08-11T09:38:26.099280+00:00,selgros,172541,"VARDO PATIMA SERII FETEASCA NEAGRA SEC 0,75",61.0,RON,,0,catalogue,1
2026-08-11T09:38:26.099508+00:00,selgros,224235,"DOMENIILE SAMBURESTI CABERNET SAUVIGNON SEC 0,75",33.99,RON,,0,catalogue,1
2026-08-11T09:38:26.099724+00:00,selgros,30927,"BECIUL DOMNESC MERLOT DEMISEC 0,75",24.99,RON,,0,catalogue,1
2026-08-11T09:38:26.099937+00:00,selgros,318062,"NOMAD A.VISINESCU CABERNET SAUVIGNON ROSU SEC 0,75",21.99,RON,32.98,1,catalogue,1
2026-08-11T09:38:26.100146+00:00,selgros,97745,"LACERTA CUVEE IX ROSU SEC 0,75",99.99,RON,,0,catalogue,1
2026-08-11T09:38:26.100399+00:00,selgros,248264,"BUDUREASCA ORIGINI FETEASCA NEAGRA ROSU SEC 0,75",96.04,RON,,0,catalogue,1
2026-08-11T09:38:26.100609+00:00,selgros,187686,"SEGARCEA PRESTIGE CABERNET SAUVIGNON ROSU SEC 0,75",54.9,RON,,0,catalogue,1
2026-08-11T09:38:26.100842+00:00,selgros,294766,"BUDUREASCA CLASIC MIN.FETEASCA NEAGRA ROSU DEMISEC 0,187",12.18,RON,,0,catalogue,1
2026-08-11T09:38:26.101122+00:00,selgros,303343,"CASA ISARESCU CABERNET SAUVIGNON SEC 0,75",61.0,RON,,0,catalogue,1
2026-08-11T09:38:26.101361+00:00,selgros,228703,"VALAHORUM MERLOT ROSU SEC 0,75",67.09,RON,,0,catalogue,1
2026-08-11T09:38:26.101582+00:00,selgros,692642,"ALIRA FLAMMA BARICAT ROSU SEC 0,75",34.99,RON,,0,catalogue,1
2026-08-11T09:38:26.101780+00:00,selgros,258243,"SEGARCEA PRESTIGE MERLOT ROSU SEC 0,75",54.9,RON,,0,catalogue,1
2026-08-11T09:38:26.101994+00:00,selgros,228308,"DOMENIILE URLATI ED.SPECIALA CABERNET SAUVIGNON SEC 0,75SGR",19.3,RON,27.9,1,catalogue,0
2026-08-11T09:38:26.102481+00:00,selgros,253759,"PANCIU RISERVA BABEASCA NEAGRA ROSU SEC 0,75",29.98,RON,,0,catalogue,1
2026-08-11T09:38:26.102689+00:00,selgros,496168,"EXPLICIT RARA NEAGRA & MERLOT SEC 0,75",42.99,RON,,0,catalogue,1
2026-08-11T09:38:26.102903+00:00,selgros,784885,"ZURZUR FETEASCA NEAGRA DEMISEC 0,75",12.05,RON,15.06,1,catalogue,0
2026-08-11T09:38:26.103109+00:00,selgros,777782,"FETEASCA DE TOHANI VIN ROSU FETEASCA NEAGRA SEC 0,75",44.0,RON,,0,catalogue,1
2026-08-11T09:38:26.103366+00:00,selgros,976415,"VARDO PUTEREA VOINTEI VIN ROSU SEC 0,75",61.0,RON,,0,catalogue,1
2026-08-11T09:38:26.103623+00:00,selgros,153079,"BACANTA FETEASCA NEAGRA ROSU SEC 0,75",79.98,RON,,0,catalogue,1
2026-08-11T09:38:26.103951+00:00,selgros,138001,"CERVUS CEPTURUM FETEASCA NEAGRA&MERLOT DEMISEC 0,75",14.99,RON,,0,catalogue,1
2026-08-11T09:38:26.104179+00:00,selgros,15312,"CORCOVA CABERNET SAUVIGNON& MERLOT SEC 0,75",40.66,RON,,0,catalogue,1
2026-08-11T09:38:26.104439+00:00,selgros,175896,"CORCOVA BOHEME CUVEE ROSU SEC 0,75",47.81,RON,59.76,1,catalogue,0
2026-08-11T09:38:26.104649+00:00,selgros,171611,"MOTIV CABERNET SAUVIGNON & MERLOT ROSE DEMISEC 0,75",21.99,RON,,0,catalogue,1
2026-08-11T09:38:26.104874+00:00,selgros,613318,"VIA COLTUL PIETREI SYRAH ROSU SEC 0,75",59.99,RON,,0,catalogue,1
2026-08-11T09:38:26.105124+00:00,selgros,76664,"BUDUREASCA PREMIUM ZENOVIUS ROSU SEC 0,75",31.65,RON,38.9,1,catalogue,0
2026-08-11T09:38:26.105380+00:00,selgros,85420,"JIDVEI CRAITA TRANSILVANIEI ROSU DEMISEC 0,75",14.29,RON,,0,catalogue,1
2026-08-11T09:38:26.105585+00:00,selgros,708837,"NOMAD FETEASCA NEAGRA SEC 0,75",21.99,RON,32.98,1,catalogue,1
2026-08-11T09:38:26.105786+00:00,selgros,924551,"ALAI CABERNET SAUVIGNON DEMISEC 0,75",25.41,RON,,0,catalogue,1
2026-08-11T09:38:26.105973+00:00,selgros,559142,"SABRIZE FETEASCA NEAGRA VIN ROSU SEC 0,75",42.99,RON,,0,catalogue,1
2026-08-11T09:38:26.106171+00:00,selgros,260166,"WINE PRINCESS CADARCA ROSU SEC 0,75",46.77,RON,,0,catalogue,1
2026-08-11T09:38:26.106413+00:00,selgros,268669,"BUDUREASCA ORIGINI CABERNET SAUVIGNON ROSU SEC 0,75",59.46,RON,72.9,1,catalogue,0
2026-08-11T09:38:26.106629+00:00,selgros,273765,"VIILE METAMORFOSIS CABERNET SAUVIGNON ROSU SEC 0,75",30.0,RON,,0,catalogue,1
2026-08-11T09:38:26.106860+00:00,selgros,606540,"CRAMA OPRISOR 30 ANI VIN ROSU DEMIDULCE 0,75",118.99,RON,,0,catalogue,1
2026-08-11T09:38:26.107254+00:00,selgros,121170,"ELITE CABERNET SAUVIGNON SEC 0,75",35.99,RON,,0,catalogue,1
2026-08-11T09:38:26.107602+00:00,selgros,10942,"WINE PRINCESS MERLOT ROSU SEC 0,75",46.77,RON,,0,catalogue,1
2026-08-11T09:38:26.107949+00:00,selgros,157166,"DOMENIILE URLATI ED.SPECIALA FETEASCA NEAGRA SEC 0,75",19.3,RON,27.9,1,catalogue,0
2026-08-11T09:38:26.108199+00:00,selgros,230201,"CERVUS CEPTURUM MUSCAT DEMIDULCE 0,75",14.99,RON,,0,catalogue,1
2026-08-11T09:38:26.108433+00:00,selgros,318029,"ZANA ZANELOR FETEASCA NEAGRA ROSU SEC 0,75",40.66,RON,,0,catalogue,1
2026-08-11T09:38:26.108740+00:00,selgros,454752,"NEGRU DE HISTRIA FETEASCA NEAGRA & MERLOT SEC 0,75",33.99,RON,,0,catalogue,1
2026-08-11T09:38:26.108971+00:00,selgros,246861,"BECIUL DOMNESC CABERNET SAUVIGNON SEC 0,75",24.99,RON,,0,catalogue,1
2026-08-11T09:38:26.109319+00:00,selgros,276807,"AVINCIS PINOT NOIR ROSU SEC 0,75",74.21,RON,,0,catalogue,1
2026-08-11T09:38:26.109538+00:00,selgros,281406,"VARDO PICATURA VIETII VIN ROSU SEC 0,75",41.49,RON,51.86,1,catalogue,0
2026-08-11T09:38:26.109748+00:00,selgros,148016,"ANIMA AURELIA VISINESCU CHARDONNAY ALB SEC 0,75",94.55,RON,,0,catalogue,1
2026-08-11T09:38:26.109958+00:00,selgros,737604,"VULPEA`N VIE VIN ROSU DEMI-SEC 0,75",27.99,RON,,0,catalogue,1
2026-08-11T09:38:26.110151+00:00,selgros,94383,"CERVUS CEPTURUM SAUVIGNON BLANC DEMISEC 0,75",14.99,RON,,0,catalogue,1
2026-08-11T09:38:26.110389+00:00,selgros,107531,"VILLA VINEA CLASSIC MERLOT ROSU SEC 0,75",42.99,RON,,0,catalogue,0
2026-08-11T09:38:26.110601+00:00,selgros,117331,"VILLA VINEA CLASSIC PINOT NOIR ROSU SEC 0,75",42.99,RON,,0,catalogue,0
2026-08-11T09:38:26.110950+00:00,selgros,69158,"VIILE METAMORFOSIS FETEASCA NEAGRA ROSU SEC 0,75",30.0,RON,,0,catalogue,1
2026-08-11T09:38:26.111284+00:00,selgros,773002,"HERMEZIU ISP. ROSU S0,75",30.49,RON,,0,catalogue,0
2026-08-11T09:38:26.111498+00:00,selgros,15123,"TERRA VALLEVERDE CABERNET SAUVIGNON ROSU SEC 0,75",29.37,RON,35.9,1,catalogue,0
2026-08-11T09:38:26.111726+00:00,selgros,64237,"RAVASE FETEASCA NEAGRA DEMISEC 0,75",14.83,RON,17.87,1,catalogue,0
2026-08-11T09:38:26.111915+00:00,selgros,136124,"CASTEL HUNIADE CABERNET SAUVIGNON SEC 0,187",8.99,RON,,0,catalogue,1
2026-08-11T09:38:26.112124+00:00,selgros,109001,"ISSA FETEASCA NEAGRA ROSU SEC 0,75",49.99,RON,,0,catalogue,1
2026-08-11T09:38:26.112354+00:00,selgros,179208,"TOHANI DOMENII MERLOT&CAB. SAUVIGNON ROSE DS 0,75",20.33,RON,,0,catalogue,1
2026-08-11T09:38:26.112606+00:00,selgros,168802,"CHATEAU VALVIS FETEASCA NEAGRA SEC 0,75",89.88,RON,,0,catalogue,1
2026-08-11T09:38:26.112810+00:00,selgros,287527,"LACERTA CABERNET SAUVIGNON/ SHIRAZ ROSU SEC 0,75",99.99,RON,,0,catalogue,1
2026-08-11T09:38:26.113077+00:00,selgros,300752,"MAIASTRU FETEASCA NEAGRA SEC 0,75",11.48,RON,14.35,1,catalogue,0
2026-08-11T09:38:26.113301+00:00,selgros,403786,"ROSTURI VIN ROSU SEC 0,75",40.66,RON,,0,catalogue,1
2026-08-11T09:38:26.113504+00:00,selgros,236339,"BECIUL DOMNESC GRAND RESERVE FETEASCA NEAGRA SEC 0,75",34.99,RON,,0,catalogue,1
2026-08-11T09:38:26.113740+00:00,selgros,456164,"AVERESTI CLASIC FET. NEAGRA VIN ROSU DD 0,75",16.99,RON,,0,catalogue,1
2026-08-11T09:38:26.113945+00:00,selgros,275975,"MOSIA DE LA TOHANI PINOT NOIR ROSU DEMISEC 0,75",30.49,RON,,0,catalogue,1
2026-08-11T09:38:26.114171+00:00,selgros,275014,"BUDUREASCA MAGNUM FETEASCA NEAGRA ROSU SEC 1,5",98.16,RON,,0,catalogue,1
2026-08-11T09:38:26.114411+00:00,selgros,76437,"ALIRA FLAMMA ROSU SEC 0,75",21.11,RON,26.9,1,catalogue,0
2026-08-11T09:38:26.114598+00:00,selgros,84841,"CASTEL SOFIA SUIRAM CABERNET SAUV/MERLOT/FET.N.SEC 0,75",82.98,RON,,0,catalogue,0
2026-08-11T09:38:26.114826+00:00,selgros,90453,"MOSIA TOHANI SPECIAL RESERVE ROSE DEMISEC 0,75",33.99,RON,,0,catalogue,1
2026-08-11T09:38:26.115026+00:00,selgros,909971,"RESERVE FETEASCA NEAGRA DEMIDULCE 0,75",36.59,RON,,0,catalogue,0
2026-08-11T09:38:26.115241+00:00,selgros,100743,"WINE PRINCESS BLAUFRANKISCH ROSU SEC 0,75",46.77,RON,,0,catalogue,1
2026-08-11T09:38:26.115491+00:00,selgros,136571,"CHATEAU VALVIS CABERNET SAUVIGNON SEC 0,75",63.59,RON,77.0,1,catalogue,0
2026-08-11T09:38:26.115696+00:00,selgros,135750,"PRINCE MIRCEA DOC MERLOT ROSU 0,75",69.99,RON,,0,catalogue,1
2026-08-11T09:38:26.115930+00:00,selgros,172014,"CEPTURA ASTRUM CERVI CABERNET SAUVIGNON DEMISEC 0,75",23.38,RON,,0,catalogue,1
2026-08-11T09:38:26.116138+00:00,selgros,637495,"SANGE DE TAUR ROSU DEMIDULCE 0,75",15.98,RON,,0,catalogue,1
2026-08-11T09:38:26.116358+00:00,selgros,134926,"SOARE CABERNET SAUVIGNON ROSU SEC 0,75",139.98,RON,,0,catalogue,1
2026-08-11T09:38:26.116563+00:00,selgros,138855,"NOMAD A.VISINESCU PINOT NOIR ROSU SEC 0,75",21.99,RON,32.98,1,catalogue,1
2026-08-11T09:38:26.116779+00:00,selgros,17649,"VESTITOR DE OPRISOR SEC 1,5",116.92,RON,,0,catalogue,1
2026-08-11T09:38:26.117012+00:00,selgros,52738,"SEGARCEA MINIMA MORALIA RECUNOSTINTA ROSU SEC 0,75",122.0,RON,,0,catalogue,0
2026-08-11T09:38:26.117269+00:00,selgros,202551,"ATAMAN MERLOT ROSU SEC 0,75",49.99,RON,,0,catalogue,1
2026-08-11T09:38:26.117476+00:00,selgros,286874,"SCEPTRUS CABERNET SAUVIGNON& FET.NEAGRA&MERLOT SEC 0,75",22.77,RON,26.9,1,catalogue,0
2026-08-11T09:38:26.117699+00:00,selgros,305608,"SANGE DE TAUR ROSU DULCE 0,75",15.98,RON,,0,catalogue,1
2026-08-11T09:38:26.117897+00:00,selgros,205453,"VIA MARCHIZULUI NEGRU DE DRAGASANI ROSU SEC 0,75",59.99,RON,,0,catalogue,1
2026-08-11T09:38:26.118107+00:00,selgros,39205,"BECIUL DOMNESC CABERNET SAUVIGNON DULCE 0,75",24.99,RON,,0,catalogue,1
2026-08-11T09:38:26.118348+00:00,selgros,226570,"DOMENIILE SAMBURESTI PINOT NOIR SEC 0,75",34.56,RON,,0,catalogue,0
2026-08-11T09:38:26.118563+00:00,selgros,44372,"HYPERION CABERNET SAUVIGNON SEC 0,75",79.99,RON,,0,catalogue,1
2026-08-11T09:38:26.118758+00:00,selgros,211658,"TECTONIC FETEASCA NEAGRA ROSU SEC 0,75",32.98,RON,,0,catalogue,1
2026-08-11T09:38:26.118961+00:00,selgros,324065,"CERVUS CEPTURUM MERLOT DEMIDULCE 0,75",14.99,RON,,0,catalogue,1
2026-08-11T09:38:26.119154+00:00,selgros,312013,"VILLA VINEA CLASSIC FETEASCA NEAGRA ROSU SEC 0,75",42.99,RON,,0,catalogue,1
2026-08-11T09:38:26.119433+00:00,selgros,284249,"CERVUS CEPTURUM CABERNET SAUVIGNON DEMISEC 0,75",14.99,RON,,0,catalogue,1
2026-08-11T09:38:26.119632+00:00,selgros,267400,"DRAGAICA ROSIE SEC 0,75",79.98,RON,,0,catalogue,1
2026-08-11T09:38:26.119829+00:00,selgros,612839,"ROUGE VERITE CABERNET SAUVIGNON DEMISEC 0,75",35.57,RON,,0,catalogue,1
2026-08-11T09:38:26.120022+00:00,selgros,738849,"ALIRA FLAMMA ROSU CAB.SAUV. & FET. NE. SEC 0,75",30.0,RON,,0,catalogue,1
2026-08-11T09:38:26.120331+00:00,selgros,75825,"TOHANI WINE DARK CHOCOLATE ROSU DEMISEC 0,75",40.66,RON,,0,catalogue,1
2026-08-11T09:38:26.120708+00:00,selgros,208273,"SOLE FETEASCA REGALA& BARRIQUE SEC 0,75",79.99,RON,,0,catalogue,1
2026-08-11T09:38:26.121016+00:00,selgros,56481,"CRAMA OPRISOR PREMIUM FETEASCA NEAGRA SEC 0,75",120.0,RON,,0,catalogue,1
2026-08-11T09:38:26.121322+00:00,selgros,1013467,"VAL DUNA MERLOT DS5,0",57.95,RON,,0,catalogue,1
2026-08-11T09:38:26.121524+00:00,selgros,148969,"CANTUS PRIMUS FETEASCA NEAGRA ROSU SEC 0,75",99.99,RON,,0,catalogue,1
2026-08-11T09:38:26.121748+00:00,selgros,148978,"LUTURI NEGRU DE DRAGASANI SEC 0,75",35.57,RON,,0,catalogue,1
2026-08-11T09:38:26.121932+00:00,selgros,1034221,"VARANCHA MERLOT BIB S3,0",38.99,RON,,0,catalogue,1
2026-08-11T09:38:26.122234+00:00,selgros,125520,"TOHANI SIEL - CUPAJ ROSU SEC 0,75",36.59,RON,,0,catalogue,1
2026-08-11T09:38:26.122443+00:00,selgros,224269,"CASTEL VLADOIANU FETEASCA NEAGRA ROSU SEC 0,75",67.09,RON,,0,catalogue,1
2026-08-11T09:38:26.122667+00:00,selgros,293448,"PRAHOVA VALLEY CABERNET SAUVIGNON S0,75",19.82,RON,,0,catalogue,0
2026-08-11T09:38:26.122879+00:00,selgros,246115,"NEGRU DE CEPTURA FET.NEAGRA& CAB.SAUVIGNON&MERLOT S0,75",63.69,RON,76.97,1,catalogue,0
2026-08-11T09:38:26.123133+00:00,selgros,278824,"TOHANI DOMENII CABERNET SAUVIGNON ROSU SEC 0,75",20.33,RON,,0,catalogue,1
2026-08-11T09:38:26.123481+00:00,selgros,385221,"MOTIV FETEASCA NEAGRA & CAB. SAUV. ROSU DEMISEC 0,75",21.99,RON,,0,catalogue,1
2026-08-11T09:38:26.123795+00:00,selgros,620667,"VIA MARCHIZULUI PINOT NOIR ROSU SEC 0,75",59.99,RON,,0,catalogue,1
2026-08-11T09:38:26.124009+00:00,selgros,7953,"VALEA ASCUNSA FETEASCA NEAGRA SEC 0,75",26.86,RON,33.9,1,catalogue,0
2026-08-11T09:38:26.124251+00:00,selgros,937070,"SEGARCEA PRESTIGE PINOT NOIR SEC 0,75",54.9,RON,,0,catalogue,1
2026-08-11T09:38:26.124481+00:00,selgros,324541,"WINE PRINCESS FETEASCA NEAGRA ROSU SEC 0,75",46.77,RON,,0,catalogue,1
2026-08-11T09:38:26.124759+00:00,selgros,32071,"ROMANIAN CLASSIC CABERNET SAUVIGNON ROSE DS 0,75",13.99,RON,,0,catalogue,1
2026-08-11T09:38:26.125022+00:00,selgros,236152,"DOMENIILE RECAS MERLOT DEMISEC 0,75",22.57,RON,27.9,1,catalogue,0
2026-08-11T09:38:26.125334+00:00,selgros,105141,"JIDVEI CRAITA TRANSILVANIEI ROSU DEMIDULCE 0,75",14.29,RON,,0,catalogue,1
2026-08-11T09:38:26.125540+00:00,selgros,113440,"UBERLAND CUVEE CABERNET SAUVIGNON&MERLOT SEC 0,75",149.99,RON,,0,catalogue,0
2026-08-11T09:38:26.125752+00:00,selgros,122963,"SEGARCEA VIN ROSU BIB SEC 5,0",61.99,RON,,0,catalogue,1
2026-08-11T09:38:26.125938+00:00,selgros,154880,"LA CETATE MERLOT SEC 0,75",39.99,RON,,0,catalogue,1
2026-08-11T09:38:26.126119+00:00,selgros,1043351,"BUDUREASCA O.CAB.SAU S0,75",87.31,RON,,0,catalogue,0
2026-08-11T09:38:26.126443+00:00,selgros,730576,"DOMENIILE DEALU MARE CAB.SAUV & FET. N. VIN ROSU DS 0,75",34.99,RON,,0,catalogue,1
2026-08-11T09:38:26.126767+00:00,selgros,74587,"BUDUREASCA CLASIC CABERNET SAUVIGNON ROSU SEC 0,75",31.99,RON,,0,catalogue,1
2026-08-11T09:38:26.127137+00:00,selgros,305376,"BUDUREASCA PREMIUM CABERNET SAUVIGNON ROSU SEC 0,75",31.65,RON,38.9,1,catalogue,0
2026-08-11T09:38:26.127552+00:00,selgros,299606,"PRINCE MIRCEA DOC FETEASCA NEAGRA ROSU SEC 0,75",69.99,RON,,0,catalogue,1
2026-08-11T09:38:26.127960+00:00,selgros,209744,"PRINCIAR ET. METALICA FETEASCA NEAGRA ROSU SEC 0,75",40.66,RON,,0,catalogue,1
2026-08-11T09:38:26.128404+00:00,selgros,196168,"CASA ISARESCU MERLOT ROSU SEC 0,75",46.77,RON,,0,catalogue,1
2026-08-11T09:38:26.128623+00:00,selgros,203310,"KARAKTER A.VISINESCU CABERNET SAUVIGNON ROSU SEC 0,75",64.05,RON,,0,catalogue,1
2026-08-11T09:38:26.128847+00:00,selgros,832723,"TOHANI FETEASCA NEAGRA VINOTECA 2001 SEC CU.0,75",399.99,RON,,0,catalogue,0
2026-08-11T09:38:26.129156+00:00,selgros,920774,"VARDO ADIEREA VANTULUI SYRAH SEC 0,75",41.49,RON,51.86,1,catalogue,0
2026-08-11T09:38:26.129422+00:00,selgros,124616,"COMOARA PIVNITEI FETEASCA NEAGRA SEC 0,75",92.99,RON,,0,catalogue,1
2026-08-11T09:38:26.129627+00:00,selgros,104923,"ROMANIAN CLASSIC CABERNET SAUVIGNON ROSU DD 0,75",13.99,RON,,0,catalogue,1
2026-08-11T09:38:26.129834+00:00,selgros,304629,"PRINCE MATEI SELECTII MERLOT ROSU SEC 0,75",132.17,RON,,0,catalogue,1
2026-08-11T09:38:26.130043+00:00,selgros,172920,"HERMEZIU TE ISPITESTE CABERNET SAUVIGNON SEC 0,75",44.99,RON,,0,catalogue,1
2026-08-11T09:38:26.130326+00:00,selgros,292557,"BECIUL DOMNESC GRAND RESERVE CABERNET SAUVIGNON SEC 0,75SGR",23.63,RON,34.99,1,catalogue,0
2026-08-11T09:38:26.130725+00:00,selgros,676258,"EXPLICIT MERLOT SEC 0,375",19.99,RON,,0,catalogue,1
2026-08-11T09:38:26.130930+00:00,selgros,317175,"STIL FETEASCA NEAGRA VIN SEC 0,75",61.0,RON,,0,catalogue,1
2026-08-11T09:38:26.131121+00:00,selgros,68886,"CRAMA OPRISOR PREMIUM CABERNET SAUVIGNON SEC 0,75",129.99,RON,,0,catalogue,1
2026-08-11T09:38:26.131364+00:00,selgros,250330,"CASTEL STARMINA FETASCA NEAGRA ROSU DEMISEC 0,75",23.38,RON,,0,catalogue,0
2026-08-11T09:38:26.131571+00:00,selgros,240781,"BECIUL DOMNESC PINOT NOIR DEMISEC 0,75",24.99,RON,,0,catalogue,1
2026-08-11T09:38:26.131768+00:00,selgros,89411,"TOHANI DOMENII FETEASCA NEAGRA ROSU DEMISEC 0,75",20.33,RON,,0,catalogue,1
2026-08-11T09:38:26.131965+00:00,selgros,23363,"MUSCATEL VIN DE MASA ROSU DEMIDULCE 2,0 PET",18.3,RON,,0,catalogue,1
2026-08-11T09:38:26.132162+00:00,selgros,844313,"LACERTA MERLOT ROSU SEC 0,75",39.98,RON,,0,catalogue,1
2026-08-11T09:38:28.863071+00:00,selgros,139379,"CAII DE LA LETEA MERLOT&SYRAH& FET.NEAGRA ROSE SEC 0,75",29.98,RON,,0,catalogue,1
2026-08-11T09:38:28.863423+00:00,selgros,542679,"CAII DE LA LETEA RARA NEAGRA ROSE 0,75",29.98,RON,,0,catalogue,1
2026-08-11T09:38:28.863674+00:00,selgros,579816,"COTNARI EUFORIA BUSUIOACA ROSE DEMIDULCE 0,75",32.98,RON,46.77,1,catalogue,1
2026-08-11T09:38:28.863873+00:00,selgros,232520,"COTNARI EUFORIA BUSUIOACA ROSE DEMISEC 0,75",32.98,RON,46.77,1,catalogue,1
2026-08-11T09:38:28.864126+00:00,selgros,713185,"CONCEPT VIN ROZE SEC 0,75",19.99,RON,39.99,1,catalogue,1
2026-08-11T09:38:28.864367+00:00,selgros,941460,"SCHWABEN WEIN ROSE DEMISEC 0,75",17.99,RON,,0,catalogue,1
2026-08-11T09:38:28.864562+00:00,selgros,53728,"SCHWABENWEIN ROSE DEMIDULCE 0,75",17.99,RON,,0,catalogue,1
2026-08-11T09:38:28.864739+00:00,selgros,33397,"CASTEL HUNIADE ROSE DEMISEC 0,75",24.99,RON,,0,catalogue,1
2026-08-11T09:38:28.864935+00:00,selgros,133374,"CERVUS CEPTURUM ROSE DEMIDULCE 0,75",14.99,RON,,0,catalogue,1
2026-08-11T09:38:28.865163+00:00,selgros,828378,"ROSE VERITE BUSUIOACA DE BOHOTIN DEMIDULCE 0,75",35.57,RON,,0,catalogue,1
2026-08-11T09:38:28.865396+00:00,selgros,265597,"SEGARCEA PRESTIGE SOIURI RARE TAMAIOASA ROZA DD 0,75",101.66,RON,,0,catalogue,1
2026-08-11T09:38:28.865611+00:00,selgros,423822,"COTNARI 2XL VIN ROSE DEMISEC 1,5",20.33,RON,,0,catalogue,1
2026-08-11T09:38:28.865790+00:00,selgros,209774,"SIMBOL BUSUIOACA DE BOHOTIN SEC 0,75",33.99,RON,,0,catalogue,1
2026-08-11T09:38:28.865974+00:00,selgros,245094,"COTNARI BUSUIOACA DE BOHOTIN ROSE DEMIDULCE 0,75",17.28,RON,,0,catalogue,1
2026-08-11T09:38:28.866157+00:00,selgros,241681,"SOLO QUINTA ROSE SEC 0,75",109.99,RON,,0,catalogue,1
2026-08-11T09:38:28.866391+00:00,selgros,54533,"SOARE ROSE SEC 0,75",59.99,RON,,0,catalogue,1
2026-08-11T09:38:28.866566+00:00,selgros,229300,"BYZANTIUM ROSE SEC 0,75",36.99,RON,,0,catalogue,1
2026-08-11T09:38:28.866744+00:00,selgros,215126,"SARICA EXCELLENCE ROSE DEMISEC 0,75",21.84,RON,27.0,1,catalogue,0
2026-08-11T09:38:28.866926+00:00,selgros,251308,"DOMENIILE AVERESTI NATIVUS MERLOT ROSE SEC 0,75",45.75,RON,,0,catalogue,1
2026-08-11T09:38:28.867134+00:00,selgros,252724,"BECIUL DOMNESC GRAND RESERVE CAB.SAUV. ROSE SEC 0,75",34.99,RON,,0,catalogue,1
2026-08-11T09:38:28.867380+00:00,selgros,155997,"PELIN MAGNUM ROSE DEMISEC 1,5",32.98,RON,,0,catalogue,1
2026-08-11T09:38:28.867556+00:00,selgros,1046912,"RECAS BURGUND ROZE 10,0",159.99,RON,,0,catalogue,1
2026-08-11T09:38:28.867742+00:00,selgros,197357,"JIDVEI NEC PLUS ULTRA ROSE DEMISEC 0,75",30.49,RON,,0,catalogue,1
2026-08-11T09:38:28.867929+00:00,selgros,517529,"SEGARCEA VIN ROZE BIB SEC 5,0",61.99,RON,,0,catalogue,1
2026-08-11T09:38:28.868114+00:00,selgros,544376,"LILIAC ROSE DE TRANSILVANIA VIN ALB ROSE 0,75",49.99,RON,,0,catalogue,1
2026-08-11T09:38:28.868393+00:00,selgros,306024,"SERAFIM ROSE S0,75",40.66,RON,,0,catalogue,0
2026-08-11T09:38:28.868571+00:00,selgros,1057159,"SAMBUREL DE OLT ROSE 5,0 BIB",62.73,RON,,0,catalogue,0
2026-08-11T09:38:28.868759+00:00,selgros,194128,"CASTEL HUNIADE ROSE DEMISEC 0,187",8.99,RON,,0,catalogue,1
2026-08-11T09:38:28.868936+00:00,selgros,43613,"PANCIU RISERVA ROSE DEMISEC 0,75",29.98,RON,,0,catalogue,1
2026-08-11T09:38:28.869202+00:00,selgros,557550,"AEROSOLI FET.NE. & PI.NOIR & MERLOT ROZE SEC 0,75",37.99,RON,,0,catalogue,1
2026-08-11T09:38:28.869428+00:00,selgros,317863,"CAII DE LA LETEA TRILOGIE IN ROZ SEC 0,75",47.99,RON,,0,catalogue,1
2026-08-11T09:38:28.869625+00:00,selgros,271637,"SANGE DE TAUR ROSE DEMIDULCE 0,75",15.98,RON,,0,catalogue,1
2026-08-11T09:38:28.869860+00:00,selgros,264916,"ALIRA FLAMMA ROSE SEC 0,75",21.6,RON,27.0,1,catalogue,0
2026-08-11T09:38:28.870231+00:00,selgros,480927,"EXPLICIT ROZE SEC 0,75",42.99,RON,,0,catalogue,1
2026-08-11T09:38:28.870508+00:00,selgros,210657,"AVENUE ROZA DE SAMBURESTI ROSE SEC 0,75",49.99,RON,,0,catalogue,1
2026-08-11T09:38:28.870887+00:00,selgros,209349,"WINE CRIME ROSE SEC 0,75",22.59,RON,27.9,1,catalogue,0
2026-08-11T09:38:28.871256+00:00,selgros,965708,"ZURZUR BUSUIOACA DE BOHOTIN DEMISEC 0,75",16.26,RON,,0,catalogue,1
2026-08-11T09:38:28.871576+00:00,selgros,97711,"JIDVEI GRIGORESCU ROSE DEMISEC 0,75",23.99,RON,,0,catalogue,1
2026-08-11T09:38:28.871881+00:00,selgros,900475,"ELIXIR VIN ROSE DEMISEC 0,75",14.99,RON,,0,catalogue,1
2026-08-11T09:38:28.872195+00:00,selgros,208417,"CALOIAN ROSE SEC 0,75",25.49,RON,,0,catalogue,1
2026-08-11T09:38:28.872513+00:00,selgros,193356,"JIDVEI TRADITIONAL ROSE DEMISEC 0,75",16.89,RON,,0,catalogue,1
2026-08-11T09:38:28.872829+00:00,selgros,41417,"COTNARI BUSUIOACA DE BOHOTIN ROSE DEMISEC 0,75",17.28,RON,,0,catalogue,1
2026-08-11T09:38:28.873242+00:00,selgros,56053,"CONCERT PRESTIGE DOC ROSE SEC 0,75",45.7,RON,53.77,1,catalogue,0
2026-08-11T09:38:28.873549+00:00,selgros,464463,"PRAHOVA VALLEY ROSE DS 0,75",19.82,RON,,0,catalogue,0
2026-08-11T09:38:28.873838+00:00,selgros,853429,"ALAI ROSE DEMISEC 0,75",25.41,RON,,0,catalogue,1
2026-08-11T09:38:28.874105+00:00,selgros,263596,"JIDVEI WEINLAND ROSE DEMISEC 0,75",20.33,RON,,0,catalogue,1
2026-08-11T09:38:28.874449+00:00,selgros,280869,"CAII DE LA LETEA FET.NEAGRA& PINOT NOIR ROSE SEC 0,75",58.99,RON,,0,catalogue,1
2026-08-11T09:38:28.874796+00:00,selgros,94327,"BUDUREASCA PREMIUM FETEASCA NEAGRA ROSU SEC 0,75",46.77,RON,,0,catalogue,1
2026-08-11T09:38:28.875129+00:00,selgros,782001,"MINIMA MORALIA SPERANTA VIN ROSE SEC 0,75",75.07,RON,93.84,1,catalogue,0
2026-08-11T09:38:28.875519+00:00,selgros,928941,"FETEASCA DE TOHANI VIN ROSE FETEASCA NEAGRA SEC 0,75",44.0,RON,,0,catalogue,1
2026-08-11T09:38:28.875892+00:00,selgros,122261,"PELIN ROSE 0,75",20.33,RON,,0,catalogue,1
2026-08-11T09:38:28.876137+00:00,selgros,13661,"BUDUREASCA PREMIUM ROSE SEC 0,75",46.77,RON,,0,catalogue,1
2026-08-11T09:38:28.876530+00:00,selgros,233370,"SIGILLUM MOLDAVIAE ROSE DEMISEC 0,75",13.24,RON,15.25,1,catalogue,0
2026-08-11T09:38:28.876751+00:00,selgros,223464,"AMMOS ROSE FET.NEAGRA&CAB. SAUVIGNON & SYRAH SEC 0,75",40.66,RON,,0,catalogue,1
2026-08-11T09:38:28.876967+00:00,selgros,306107,"CASA PANCIU ROSE DEMISEC 0,75",20.33,RON,,0,catalogue,1
2026-08-11T09:38:28.877225+00:00,selgros,290830,"SAAC CUVEE DOMENIILE URLATI VIN ROSE SEC 0,75",45.99,RON,,0,catalogue,1
2026-08-11T09:38:28.877431+00:00,selgros,295047,"VINARTE TAMAIOASA ROZA DEMIDULCE 0,75",59.99,RON,,0,catalogue,1
2026-08-11T09:38:28.877618+00:00,selgros,289613,"ELIXIR VIN ROSE DEMIDULCE 0,75",14.99,RON,,0,catalogue,1
2026-08-11T09:38:28.877786+00:00,selgros,784818,"CRAMA STARMINA ROZE DEMISEC BIB 10,0",110.84,RON,,0,catalogue,0
2026-08-11T09:38:28.877967+00:00,selgros,478225,"CARPATHIA VIN ROSE SEC 0,75",54.99,RON,,0,catalogue,1
2026-08-11T09:38:28.878148+00:00,selgros,8392,"EXPLICIT CHARDONNAY SEC 0,75",42.99,RON,,0,catalogue,1
2026-08-11T09:38:28.878371+00:00,selgros,525641,"FLORI DE GHEATA BUSUIOACA VIN ROSE DULCE 0,375",54.99,RON,,0,catalogue,1
2026-08-11T09:38:28.878607+00:00,selgros,183263,"MAIASTRU MINI ROSE DEMISEC 0,25",9.49,RON,,0,catalogue,1
2026-08-11T09:38:28.878804+00:00,selgros,199231,"SCEPTRUS PINOT NOIR & CABERNET SAUVIGNON ROSE SEC 0,75",22.77,RON,26.9,1,catalogue,0
2026-08-11T09:38:28.879010+00:00,selgros,1038209,"VAL DUNA ROSE DE ROUMANIE 5,0",57.95,RON,,0,catalogue,1
2026-08-11T09:38:28.879446+00:00,selgros,1093075,"VAL DUNA ROSE DE ROUMANIE DS3,0",40.66,RON,,0,catalogue,1
2026-08-11T09:38:28.879638+00:00,selgros,10230,"SOLE ROSE SEC 0,75",79.99,RON,,0,catalogue,1
2026-08-11T09:38:28.879806+00:00,selgros,164900,"JIDVEI TRADITIONAL ROSE DEMIDULCE 0,75",16.89,RON,,0,catalogue,1
2026-08-11T09:38:28.879990+00:00,selgros,225836,"SIGILLUM MOLDAVIAE BUSUIOACA DE BOHOTIN DEMIDULCE 0,75",19.99,RON,,0,catalogue,1
2026-08-11T09:38:28.880206+00:00,selgros,218199,"ROSE VERITE DEMISEC 0,75",35.57,RON,,0,catalogue,1
2026-08-11T09:38:28.880386+00:00,selgros,120061,"PROMESSA AURELIA VISINESCU ROSE SEC 0,75",40.66,RON,,0,catalogue,0
2026-08-11T09:38:28.880578+00:00,selgros,147490,"JIANA ROSE SEC 0,75",53.88,RON,,0,catalogue,1
2026-08-11T09:38:28.880747+00:00,selgros,148751,"STIH ROSE S0,75",33.54,RON,,0,catalogue,0
2026-08-11T09:38:28.880915+00:00,selgros,124953,"TECTONIC ROSE SEC 0,75",32.98,RON,,0,catalogue,1
2026-08-11T09:38:28.881149+00:00,selgros,101670,"RECAS MUSE DAY SEC 0,75",84.99,RON,,0,catalogue,1
2026-08-11T09:38:28.881366+00:00,selgros,280156,"DOMENIILE AVERESTI NATIVUS BUSUIOACA ROSE DD 0,75",45.75,RON,,0,catalogue,1
2026-08-11T09:38:28.881595+00:00,selgros,490107,"SANGE DE TAUR VIN ROSE DULCE 1,5",30.0,RON,,0,catalogue,1
2026-08-11T09:38:28.881784+00:00,selgros,84855,"PH.VALLEY ROSE DS0,75",18.82,RON,22.91,1,catalogue,0
2026-08-11T09:38:28.881970+00:00,selgros,107402,"ZANA ROZA PINOT NOIR ROSE SEC 0,75",30.49,RON,,0,catalogue,1
2026-08-11T09:38:28.882157+00:00,selgros,192433,"AVINCIS CUVEE ALEXIS ROSE SEC 0,75",40.66,RON,,0,catalogue,1
2026-08-11T09:38:28.882379+00:00,selgros,552876,"SANGE DE TAUR ROSE DEMIDULCE 0,75",15.98,RON,,0,catalogue,1
2026-08-11T09:38:28.882576+00:00,selgros,210562,"BUCIUM BUSUIOACA DE BOHOTIN DEMISEC 0,75",18.3,RON,,0,catalogue,1
2026-08-11T09:38:28.882758+00:00,selgros,259469,"RECAS MUSE NIGHT DEMISEC 0,75",84.99,RON,,0,catalogue,1
2026-08-11T09:38:28.882931+00:00,selgros,53308,"W.PRINCESS ROSE S0,75",20.79,RON,26.9,1,catalogue,0
2026-08-11T09:38:28.883111+00:00,selgros,303428,"JIDVEI TEZAUR ROSE SEC 0,75",29.98,RON,38.99,1,catalogue,1
2026-08-11T09:38:28.883325+00:00,selgros,322702,"LIVIA ROSE SEC 0,75",25.99,RON,,0,catalogue,1
2026-08-11T09:38:28.883501+00:00,selgros,371274,"TECTONIC REZERVA CUVEE ROSE DOC SEC 0,75",36.99,RON,,0,catalogue,1
2026-08-11T09:38:28.883696+00:00,selgros,49889,"PELIN ROSE DEMISEC 0,75",16.99,RON,,0,catalogue,1
2026-08-11T09:38:28.883862+00:00,selgros,263960,"FLOARE DE LUNA ROS.DS0,75SGR",27.1,RON,,0,catalogue,0
2026-08-11T09:38:28.884046+00:00,selgros,1037572,"RECAS ROZE BIB 3,0",53.99,RON,,0,catalogue,1
2026-08-11T09:38:28.884253+00:00,selgros,131163,"CASA ISARESCU MERLOT ROSE DEMISEC 0,75",32.52,RON,,0,catalogue,1
2026-08-11T09:38:28.884442+00:00,selgros,1093503,"VINUL STRAMOSESC ROSE BIB DEMIDULCE 10,0",79.98,RON,,0,catalogue,1
2026-08-11T09:38:28.884637+00:00,selgros,281889,"RAVASE TRAMINER ROSE DEMISEC 0,75",16.84,RON,20.3,1,catalogue,0
2026-08-11T09:38:28.884827+00:00,selgros,202960,"DOMENIUL COROANEI SEGARCEA MAGNUM ROSE SEC 1,5 CU.",81.34,RON,,0,catalogue,1
2026-08-11T09:38:28.885095+00:00,selgros,304139,"KARAKTER AURELIA VISINESCU ROSE SEC 0,75",61.0,RON,,0,catalogue,1
2026-08-11T09:38:28.885339+00:00,selgros,125492,"PROLES PONTICA ROSE DULCE 1,5",23.38,RON,,0,catalogue,1
2026-08-11T09:38:28.885535+00:00,selgros,174711,"SARICA NICULITEL `58 MERLOT& SYRAH ROSE DS 0,75",16.66,RON,,0,catalogue,1
2026-08-11T09:38:28.885774+00:00,selgros,310044,"SCRISORI CUVEE ROSE SEC 0,75",26.96,RON,32.9,1,catalogue,0
2026-08-11T09:38:28.885962+00:00,selgros,312541,"ATAMAN CABERNET SAUVIGNON ROSE DEMISEC 0,75",49.99,RON,,0,catalogue,1
2026-08-11T09:38:28.886618+00:00,selgros,98226,"TOHANI SUMMER WINE ROSE DEMISEC 0,75",87.99,RON,,0,catalogue,1
2026-08-11T09:38:28.886808+00:00,selgros,913040,"MARAMA TAMAIOASA ROZA SEC 0,75",69.99,RON,,0,catalogue,1
2026-08-11T09:38:28.886999+00:00,selgros,266743,"TERRA VALLEVERDE ROSE SEC 0,75",29.37,RON,35.9,1,catalogue,0
2026-08-11T09:38:28.887222+00:00,selgros,77204,"MOSIA DE LA TOHANI ROSE DEMISEC 0,75",30.49,RON,,0,catalogue,1
2026-08-11T09:38:28.887425+00:00,selgros,105524,"BECIUL DOMNESC ROSE DEMISEC 0,75",24.99,RON,,0,catalogue,1
2026-08-11T09:38:28.887603+00:00,selgros,1064775,"DOM.AVER.NAT.MERLOT S0,75",35.57,RON,,0,catalogue,0
2026-08-11T09:38:28.887794+00:00,selgros,1101232,"PRINCE MATEI CUPAJ ROSE SEC 0,75",20.7,RON,,0,catalogue,0
2026-08-11T09:38:28.887985+00:00,selgros,140233,"BUCIUM BUSUIOACA DE BOHOTIN 1949 DEMISEC 0,75",16.99,RON,,0,catalogue,0
2026-08-11T09:38:28.888204+00:00,selgros,1023638,"VAL DUNA NOIR DE ROUMANIE DEMISEC 10,0",110.84,RON,,0,catalogue,1
2026-08-11T09:38:28.888413+00:00,selgros,294015,"CASTEL BOLOVANU ROSE SEC 0,75",17.3,RON,21.9,1,catalogue,0
2026-08-11T09:38:28.888623+00:00,selgros,318699,"DOMENIILE URLATI ED.SPECIALA FETEASCA NEAGRA ROSE DS0,75SGR",21.99,RON,,0,catalogue,1
2026-08-11T09:38:28.888866+00:00,selgros,19233,"CASTEL STARMINA ROSE DEMISEC 0,75",23.38,RON,,0,catalogue,1
2026-08-11T09:38:28.889095+00:00,selgros,195765,"2 COCOSI ROSE DEMIDULCE 1,5",21.34,RON,,0,catalogue,1
2026-08-11T09:38:28.889306+00:00,selgros,135377,"MAXIMARC CADARCA ROSE SEC 0,75",44.73,RON,,0,catalogue,0
2026-08-11T09:38:28.889494+00:00,selgros,660029,"SEGARCEA VIN ROZE BIB SEC 3,0",42.99,RON,,0,catalogue,1
2026-08-11T09:38:28.889680+00:00,selgros,181610,"DOM.AVERESTI DIAMOND JUNIOR BUSUIOACA ROSE SEC 0,75",76.25,RON,,0,catalogue,1
2026-08-11T09:38:28.889889+00:00,selgros,324451,"COTNARI DOMENII BUSUIOACA DE BOHOTIN ROSE DEMISEC 0,75",34.56,RON,,0,catalogue,1
2026-08-11T09:38:28.890083+00:00,selgros,25864,"JIDVEI HORA ROSE DEMIDULCE 0,75",15.25,RON,,0,catalogue,1
2026-08-11T09:38:28.890287+00:00,selgros,58527,"VIILE METAMORFOSIS ROSE SEC 0,75",30.0,RON,,0,catalogue,1
2026-08-11T09:38:28.890474+00:00,selgros,617225,"ALIRA FLAMMA ROSE SEC 0,75",30.0,RON,,0,catalogue,1
2026-08-11T09:38:28.890651+00:00,selgros,56002,"TOHANI SIEL DE VARA ROSE SEC 0,75",36.59,RON,,0,catalogue,1
2026-08-11T09:38:28.890831+00:00,selgros,57018,"CORCOVA ROSE SEC 0,75",40.66,RON,,0,catalogue,1
2026-08-11T09:38:28.891006+00:00,selgros,69839,"DOMENIILE RECAS ROSE DEMISEC 0,75",22.57,RON,27.9,1,catalogue,0
2026-08-11T09:38:28.891411+00:00,selgros,653746,"ZESTREA MERLOT & CAB. SAUV.ROZE DEMIDULCE 0,75",16.99,RON,,0,catalogue,1
2026-08-11T09:38:28.891606+00:00,selgros,184295,"ISSA PINOT NOIR ROSE SEC 0,75",47.78,RON,,0,catalogue,1
2026-08-11T09:38:28.891793+00:00,selgros,743072,"VIILE METAMORFOSIS MERLOT ROSU SEC 0,75",30.0,RON,,0,catalogue,1
2026-08-11T09:38:28.892000+00:00,selgros,88396,"LACERTA ROSE SEC 0,75",39.98,RON,,0,catalogue,1
2026-08-11T09:38:28.892202+00:00,selgros,977640,"COLINA PI.NOIR ROSE S0,75SGR",38.45,RON,,0,catalogue,0
2026-08-11T09:38:28.892409+00:00,selgros,179542,"DOM.AVERESTI DIAMOND MAGNUM BUSUIOACA ROSE SEC 1,5",131.16,RON,,0,catalogue,1
2026-08-11T09:38:28.892712+00:00,selgros,177332,"COTNARI SELECTIE BUSUIOACA DE BOHOTIN ROSE DEMISEC 0,75",29.48,RON,,0,catalogue,1
2026-08-11T09:38:28.893147+00:00,selgros,191053,"BACANTA TRAMINER ROSE SEC 0,75",79.98,RON,,0,catalogue,1
2026-08-11T09:38:28.893564+00:00,selgros,285558,"HYPERION ROSE SEC 0,75",57.12,RON,67.0,1,catalogue,0
2026-08-11T09:38:28.893840+00:00,selgros,293032,"CERVUS MAGNUS ROSE SEC 0,75",34.99,RON,,0,catalogue,1
2026-08-11T09:38:28.894132+00:00,selgros,126447,"BUDUREASCA CLASIC ROSE DEMISEC 0,75",31.99,RON,,0,catalogue,1
2026-08-11T09:38:28.894487+00:00,selgros,119912,"CHATEAU VALVIS ROSE SEC 0,75",61.6,RON,74.95,1,catalogue,0
2026-08-11T09:38:28.894776+00:00,selgros,779755,"ELITE VIN ROSE SEC 0,75",35.99,RON,,0,catalogue,1
2026-08-11T09:38:28.895104+00:00,selgros,987663,"PRAHOVA VALLEY FETEASCA NEAGRA ROSE DEMISEC 0,187",9.2,RON,,0,catalogue,1
2026-08-11T09:38:28.895508+00:00,selgros,310073,"HERMEZIU TE ISPITESTE FETEASCA NEAGRA ROSE DEMISEC 0,75",44.99,RON,,0,catalogue,1
2026-08-11T09:38:28.895831+00:00,selgros,261926,"TOHANI SIEL - CUPAJ ROSE SEC 0,75",36.59,RON,,0,catalogue,1
2026-08-11T09:38:28.896158+00:00,selgros,609681,"SABRIZE VIN ROSE SEC 0,75",42.99,RON,,0,catalogue,1
2026-08-11T09:38:28.896501+00:00,selgros,535724,"EXPLICIT ROZE SEC 0,375",19.99,RON,,0,catalogue,1
2026-08-11T09:38:28.896765+00:00,selgros,189856,"PAGAIA MERLOT ROSE SEC 0,75",59.99,RON,,0,catalogue,1
2026-08-11T09:38:28.897081+00:00,selgros,76307,"JIDVEI NAVIGO COMPAS ROSE SEC 0,75",18.37,RON,22.91,1,catalogue,0
2026-08-11T09:38:28.897326+00:00,selgros,992136,"SEGARCEA SARUT VIN ROSE SEC 0,75",54.9,RON,,0,catalogue,1
2026-08-11T09:38:28.897526+00:00,selgros,993305,"BECIUL DOMNESC ROSE DEMISEC 0,187",10.15,RON,,0,catalogue,1
2026-08-11T09:38:28.897712+00:00,selgros,204137,"DOMENIILE AVERESTI BUSUIOACA BOHOTIN CLASIC ROSE DD0,75",16.99,RON,,0,catalogue,1
2026-08-11T09:38:28.897949+00:00,selgros,186287,"PAMANTURI ROSE VIN VARIETAL DEMISEC 0,75",34.99,RON,,0,catalogue,1
2026-08-11T09:38:28.898565+00:00,selgros,53060,"CEPTURA ASTRUM CERVI ROSE SEC 0,75",23.38,RON,,0,catalogue,1
2026-08-11T09:38:28.898762+00:00,selgros,286444,"DOMENIILE BOHOTIN BUSUIOACA CO2 DEMIDULCE 0,75",25.99,RON,,0,catalogue,1
2026-08-11T09:38:28.898956+00:00,selgros,229126,"DOMENIILE AVERESTI BUSUIOACA BOHOTIN REGALA ROSE DD0,75",27.44,RON,,0,catalogue,1
2026-08-11T09:38:28.899203+00:00,selgros,550761,"CASA DE ROSE CABERNET SAUV. VIN ROSE SEC 0,75",39.99,RON,,0,catalogue,1
2026-08-11T09:38:28.899418+00:00,selgros,105268,"TECTONIC TRAMINER ROSE DEMISEC 0,75",32.98,RON,,0,catalogue,1
2026-08-11T09:38:28.899599+00:00,selgros,1078804,"BUDUREASCA ROSE BIB DEMISEC 2,0",32.98,RON,,0,catalogue,1
2026-08-11T09:38:28.899771+00:00,selgros,1013614,"VAL DUNA ROSE DE ROUMANIE 10,0",110.84,RON,,0,catalogue,1
2026-08-11T09:38:28.899964+00:00,selgros,205618,"SAMBUREL DE OLT ROSE DEMISEC 0,75",21.19,RON,,0,catalogue,1
2026-08-11T09:38:28.900151+00:00,selgros,149956,"BUDUREASCA PREMIUM MINI ROSE SEC 0,187",15.25,RON,,0,catalogue,1
2026-08-11T09:38:28.900382+00:00,selgros,19656,"C`EST SOIR BUSUIOACA BOHOTIN ROSE SEC 0,75",54.99,RON,,0,catalogue,1
2026-08-11T09:38:28.900582+00:00,selgros,286061,"PRINCE MIRCEA D`EXCELLENCE ROSE SEC 0,75",59.99,RON,,0,catalogue,1
2026-08-11T09:38:28.900795+00:00,selgros,662251,"DOMENIILE URLATI VIN ROSE DS 0,75",23.99,RON,,0,catalogue,1
2026-08-11T09:38:28.901069+00:00,selgros,220391,"MAIASTRU ROSE DEMISEC 0,75",11.48,RON,14.35,1,catalogue,0
2026-08-11T09:38:28.901294+00:00,selgros,317998,"CERVUS CEPTURUM ROSE DEMISEC 0,75",14.99,RON,,0,catalogue,1
2026-08-11T09:38:28.901478+00:00,selgros,70013,"JIDVEI MYSTERIUM ROSE SEC 0,75",61.0,RON,,0,catalogue,1
2026-08-11T09:38:28.901667+00:00,selgros,943943,"DOMENIILE AVERESTI ROZE AROMAT DE HUSI DEMISEC 3,0",52.99,RON,,0,catalogue,1
2026-08-11T09:38:31.122049+00:00,selgros,64123,"MASCHIO PROSECCO TREVISO DOC ALB EXTRA SEC 0,75",32.98,RON,43.98,1,catalogue,1
2026-08-11T09:38:31.122536+00:00,selgros,139516,"MASCHIO PROSECCO TREVISO DOC ALB EXTRA SEC 0,2",11.98,RON,16.0,1,catalogue,1
2026-08-11T09:38:31.122807+00:00,selgros,672312,"MASCHIO PROSECCO DOC TREVISO BRUT 0,75",32.98,RON,43.98,1,catalogue,1
2026-08-11T09:38:31.123126+00:00,selgros,85164,"MASCHIO PROSECCO DOC ROSE EXTRA SEC 0,75",32.98,RON,43.98,1,catalogue,1
2026-08-11T09:38:31.123440+00:00,selgros,101541,"MASCHIO PROSECCO VALDOBBIADENE MILLESIM.ALB EXTRASEC 0,75",39.99,RON,67.99,1,catalogue,1
2026-08-11T09:38:31.123668+00:00,selgros,999123,"MASCHIO PROSECCO CONEGLIANO DOCG EXTRA DRY 0,75",39.99,RON,59.99,1,catalogue,1
2026-08-11T09:38:31.123970+00:00,selgros,512324,"MASCHIO ONDA PROSECCO TREVISO DOC ALB EXTRA SEC 0,7",32.98,RON,43.98,1,catalogue,1
2026-08-11T09:38:31.124344+00:00,selgros,72963,"PICCINI PROSECCO MILLESIMATO DOC ROSE SEC 0,75",69.99,RON,,0,catalogue,1
2026-08-11T09:38:31.124616+00:00,selgros,884515,"BOTTEGA PROSECCO GOLD BRUT 0,75",169.99,RON,,0,catalogue,1
2026-08-11T09:38:31.124795+00:00,selgros,737284,"SHINE VIN SPUMANT BRUT 0,75",54.99,RON,,0,catalogue,1
2026-08-11T09:38:31.124965+00:00,selgros,22713,"ARDENGHI PROSECCO MILLESIMATO DOC ALB BRUT 0,75",69.99,RON,,0,catalogue,1
2026-08-11T09:38:31.125272+00:00,selgros,351841,"GARRONE PRESTIGE SPUMANT ALB DEMISEC 0,75",20.99,RON,,0,catalogue,1
2026-08-11T09:38:31.125810+00:00,selgros,306339,"MIONETTO PROSECCO DOC PRESTIGE ALB EXTRA SEC BIO 0,75",39.18,RON,59.0,1,catalogue,0
2026-08-11T09:38:31.126164+00:00,selgros,287374,"LA SAGRESTANA DOC PROSECCO ALB EXTRA SEC 0,75",37.99,RON,,0,catalogue,1
2026-08-11T09:38:31.126366+00:00,selgros,325117,"TENUTA MOSCONI BLANC DE BLANC 2020 0,75",109.99,RON,,0,catalogue,1
2026-08-11T09:38:31.126563+00:00,selgros,319149,"MONTPARNASSE VIN SPUMANT ALB BRUT 0,75",15.27,RON,18.9,1,catalogue,0
2026-08-11T09:38:31.126808+00:00,selgros,34169,"MOET&CHANDON IMPERIAL SAMPANIE ALB BRUT 0,75",299.98,RON,,0,catalogue,1
2026-08-11T09:38:31.127178+00:00,selgros,174968,"POMMERY SAMPANIE BR.0,75",287.64,RON,319.98,1,catalogue,0
2026-08-11T09:38:31.127509+00:00,selgros,104866,"FREIXENET PROSECCO DOC ALB EXTRA SEC 0,75",69.99,RON,,0,catalogue,0
2026-08-11T09:38:31.127858+00:00,selgros,182047,"BERNARD REMY CUVEE PRESTIGE SAMPANIE ALB BRUT 0,75",203.35,RON,,0,catalogue,0
2026-08-11T09:38:31.128272+00:00,selgros,202768,"IL FRIZZANTE SPUMANT ALB BIO SEC 0,75",45.98,RON,,0,catalogue,1
2026-08-11T09:38:31.128585+00:00,selgros,175598,"MIONETTO PROSECCO SUPER.YELLOW VALDOB.ALB EXTRA SEC 0,75",61.99,RON,,0,catalogue,1
2026-08-11T09:38:31.128917+00:00,selgros,314575,"PICCINI PROSECCO ALB EXTRA SEC 0,75",69.99,RON,,0,catalogue,1
2026-08-11T09:38:31.129715+00:00,selgros,246277,"CATTIER SAMPANIE ROSE BRUT 0,75",209.46,RON,,0,catalogue,0
2026-08-11T09:38:31.130020+00:00,selgros,25825,"CAVICCHIOLI LAMBRUSCO DOC ROSE DEMISEC 0,75",19.53,RON,24.9,1,catalogue,0
2026-08-11T09:38:31.130694+00:00,selgros,262312,"CINZANO ASTI VIN SPUMANT ALB DULCE 0,75",49.65,RON,63.0,1,catalogue,0
2026-08-11T09:38:31.131010+00:00,selgros,93340,"MIONETTO PROSECCO TREVISO DOC ORANGE PRESTIGE ALB S 0,2",17.99,RON,,0,catalogue,1
2026-08-11T09:38:31.131409+00:00,selgros,84422,"PIPER-HEIDSIECK SAMPANIE NON VINTAGE ALB BRUT 0,75 CU.",249.99,RON,,0,catalogue,1
2026-08-11T09:38:31.132500+00:00,selgros,125716,"FRESCHELLO VIN SPUMANT ROSE EXTRA SEC 0,75",19.26,RON,24.9,1,catalogue,0
2026-08-11T09:38:31.132828+00:00,selgros,141048,"RIUNITE SPUMANTE CUVEE EXTRA DRY 0,75",27.99,RON,,0,catalogue,1
2026-08-11T09:38:31.133254+00:00,selgros,102571,"ZAREA LAMBRUSCO ROSE DEMIDULCE 0,75",30.0,RON,,0,catalogue,1
2026-08-11T09:38:31.133589+00:00,selgros,295556,"RIUNITE PROSECCO TREVISO DOC ALB EXTRA DRY 0,75",36.99,RON,,0,catalogue,1
2026-08-11T09:38:31.133930+00:00,selgros,422912,"PROSECCO VISCONTI DE LA ROCCIA ALB 0,75",36.98,RON,,0,catalogue,1
2026-08-11T09:38:31.134290+00:00,selgros,170189,"VARTELY INSPIRO SPUMANT ROSE BRUT 0,75",23.21,RON,28.99,1,catalogue,0
2026-08-11T09:38:31.134582+00:00,selgros,657559,"GRAZZIA VIN SPUMANT ALB DEMISEC 0,75",27.99,RON,,0,catalogue,1
2026-08-11T09:38:31.134842+00:00,selgros,370675,"JP CHENET DIVINE GOLD CHARD. BLANC DE BLANCS 0,75",81.34,RON,,0,catalogue,1
2026-08-11T09:38:31.135047+00:00,selgros,877101,"IL FRIZZANTE ALB BIO S0,75",30.49,RON,,0,catalogue,0
2026-08-11T09:38:31.135278+00:00,selgros,932457,"MATEUS ROSE VIN DEMISEC 0,187",14.99,RON,,0,catalogue,1
2026-08-11T09:38:31.135674+00:00,selgros,403233,"HENKELL TROCKEN VIN SPUMANT 0,75",33.54,RON,,0,catalogue,1
2026-08-11T09:38:31.135900+00:00,selgros,113099,"DUC DE PARIS VIN SPUMANT ALB DULCE 0,75",22.99,RON,,0,catalogue,1
2026-08-11T09:38:31.136078+00:00,selgros,249724,"RIUNITE PEACH 0,75",17.19,RON,21.9,1,catalogue,0
2026-08-11T09:38:31.136359+00:00,selgros,860982,"FRESCHELLO VIN SPUMANT ROSE EXTRA SEC 0,75",30.49,RON,,0,catalogue,0
2026-08-11T09:38:31.136543+00:00,selgros,320267,"ASTI MARTINI SPUMANT ALB DULCE 0,75",53.99,RON,,0,catalogue,1
2026-08-11T09:38:31.136715+00:00,selgros,262272,"CORTE DELLE CALLI PROSECCO ALB EXTRASEC 0,75",46.98,RON,,0,catalogue,1
2026-08-11T09:38:31.137531+00:00,selgros,184324,"BERNARD REMY CARTE BLANCHE SAMPANIE ALB BRUT 0,75",179.99,RON,,0,catalogue,1
2026-08-11T09:38:31.137850+00:00,selgros,639739,"MARTINI PROSECCO DOC ALB DULCE 0,2",17.98,RON,,0,catalogue,1
2026-08-11T09:38:31.138392+00:00,selgros,322220,"RIUNITE EMILIA IGT LAMBRUSCO ROSE DEMIDULCE 0,187",10.79,RON,,0,catalogue,1
2026-08-11T09:38:31.138570+00:00,selgros,12862,"ZAREA LAMBRUSCO ALB DEMIDULCE 0,75",28.99,RON,,0,catalogue,0
2026-08-11T09:38:31.138733+00:00,selgros,150299,"MIONETTO PROSECCO CARTIZZE LUXURY DOCG ALB SEC 0,75",122.0,RON,,0,catalogue,1
2026-08-11T09:38:31.139023+00:00,selgros,180265,"LUC BELAIRE GOLD BRUT 0,75",162.67,RON,,0,catalogue,1
2026-08-11T09:38:31.139288+00:00,selgros,193823,"ORO VALDO DOCG PROSECCO ALB SEC 0,75",67.09,RON,,0,catalogue,1
2026-08-11T09:38:31.139525+00:00,selgros,286412,"VARTELY INSPIRO SPUMANT ALB BRUT 0,75",39.99,RON,,0,catalogue,1
2026-08-11T09:38:31.139966+00:00,selgros,307523,"CINZANO VIN SPUMANT ROSE DULCE 0,75",45.69,RON,,0,catalogue,1
2026-08-11T09:38:31.140164+00:00,selgros,234710,"DUC DE PARIS VIN SPUMANT ALB BRUT 0,75",22.99,RON,,0,catalogue,0
2026-08-11T09:38:31.140363+00:00,selgros,255434,"ASTI MARTINI SPUMANT ALB 0,2",17.98,RON,,0,catalogue,1
2026-08-11T09:38:31.140799+00:00,selgros,183327,"ASTI MARTINI SPUMANT ALB DULCE 1,5",109.99,RON,,0,catalogue,1
2026-08-11T09:38:31.140971+00:00,selgros,197420,"LA GIOIOSA ROSEA PROSECCO BRUT 0,75",54.99,RON,,0,catalogue,1
2026-08-11T09:38:31.141234+00:00,selgros,231544,"MIONETTO PROSECCO SUPERIORE VALDOB.MO.ALB EXTRASEC 0,75SGR",72.99,RON,,0,catalogue,1
2026-08-11T09:38:31.141458+00:00,selgros,27066,"EMILIA LAMBRUS.ROSE 0,75",29.95,RON,,0,catalogue,1
2026-08-11T09:38:31.142040+00:00,selgros,82441,"EMILIA LAMBRUS.ROSU 0,75",36.59,RON,,0,catalogue,0
2026-08-11T09:38:31.142366+00:00,selgros,272056,"CIELO PROSECCO ALB SEC 0,75",31.61,RON,39.51,1,catalogue,0
2026-08-11T09:38:31.142637+00:00,selgros,99372,"BOTTEGA DOC PROSECCO ALB BRUT 0,75",77.98,RON,,0,catalogue,1
2026-08-11T09:38:31.142865+00:00,selgros,992179,"MATEUS SPUMANT ROSE BRUT 0,75",33.34,RON,33.9,1,catalogue,0
2026-08-11T09:38:31.143086+00:00,selgros,305022,"MONTPARNASSE VIN SPUMANT ALB DEMISEC 0,75",15.27,RON,18.9,1,catalogue,0
2026-08-11T09:38:31.143329+00:00,selgros,295195,"FRESCHELLO SPUMANT ALB EXTRA SEC 0,75",19.26,RON,24.9,1,catalogue,0
2026-08-11T09:38:31.143943+00:00,selgros,254711,"DOM PERIGNON SAMPANIE ALB BRUT 0,75",1727.55,RON,,0,catalogue,1
2026-08-11T09:38:31.144173+00:00,selgros,123004,"VEUVE CLICQUOT ECOYL SAMPANIE ALB BRUT 0,75",376.21,RON,,0,catalogue,1
2026-08-11T09:38:31.144463+00:00,selgros,180647,"TORLEY CHARMANT VIN SPUMANT ALB DULCE 0,75",29.48,RON,,0,catalogue,1
2026-08-11T09:38:31.144730+00:00,selgros,161818,"ANGELLI LAMBR.ROSE DD0,75SGR",18.48,RON,25.93,1,catalogue,0
2026-08-11T09:38:31.144953+00:00,selgros,228751,"CHIARLI LAMBRUSCO ROSU DULCE 0,75",17.77,RON,22.91,1,catalogue,0
2026-08-11T09:38:31.145220+00:00,selgros,87660,"VILLA SANDI PROSECCO ALB BRUT 0,75",69.99,RON,,0,catalogue,1
2026-08-11T09:38:31.145500+00:00,selgros,812514,"ZAREA PROSECCO ROSE EXTRA SEC 0,2",17.99,RON,,0,catalogue,1
2026-08-11T09:38:31.145762+00:00,selgros,841803,"ZAREA PROSECCO ALB EXTRA SEC 0,2",17.99,RON,,0,catalogue,1
2026-08-11T09:38:31.146005+00:00,selgros,103773,"MARTINI PROSECCO DOC ALB EXTRA SEC 0,75",46.98,RON,,0,catalogue,1
2026-08-11T09:38:31.146257+00:00,selgros,150855,"LA GIOIOSA PROSECCO TREVISO DOC ALB BRUT 0,75",54.99,RON,,0,catalogue,1
2026-08-11T09:38:31.146497+00:00,selgros,229344,"MIONETTO PROSECCO DOC ROSE SEC 0,75",49.99,RON,,0,catalogue,1
2026-08-11T09:38:31.146756+00:00,selgros,190933,"MARTINI PROSECCO DOC ROSE EXTRA SEC 0,75",46.98,RON,,0,catalogue,1
2026-08-11T09:38:31.147095+00:00,selgros,89248,"ZAREA PROSECCO ALB EXTRA SEC 0,75",49.99,RON,,0,catalogue,1
2026-08-11T09:38:31.147465+00:00,selgros,705484,"CASADA PROSECCO BRUT 0,75",39.99,RON,,0,catalogue,1
2026-08-11T09:38:31.147774+00:00,selgros,162259,"VINA ESMERALDA MIGUEL TORRES SPUMANT ALB SEC 0,75",36.63,RON,47.0,1,catalogue,0
2026-08-11T09:38:31.148111+00:00,selgros,166489,"PURCARI CUVEE ALB SEC 0,75",122.0,RON,,0,catalogue,1
2026-08-11T09:38:31.149116+00:00,selgros,47114,"MOET&CHANDON IMPERIAL SAMPANIE ROSE BRUT 0,75",354.99,RON,,0,catalogue,1
2026-08-11T09:38:31.149784+00:00,selgros,58368,"JP CHENET SPARKLING ICE ALB DEMI SEC 1,5",65.99,RON,,0,catalogue,1
2026-08-11T09:38:31.150769+00:00,selgros,908376,"G.H. MUMM CORDON ROUGE CHAMPAGNE 0,75",249.99,RON,,0,catalogue,1
2026-08-11T09:38:31.151174+00:00,selgros,803804,"VEUVE DU VERNAY ICE SPUMANT ALB DEMISEC 0,75",49.99,RON,,0,catalogue,1
2026-08-11T09:38:31.151784+00:00,selgros,267780,"VEUVE DU VERNAY ICE ROSE SPUMANT ROSE DEMISEC 0,75",49.99,RON,,0,catalogue,1
2026-08-11T09:38:31.152022+00:00,selgros,146789,"CRICOVA CRISECCO SPUMANT ALB BRUT 0,75",35.49,RON,,0,catalogue,1
2026-08-11T09:38:31.152539+00:00,selgros,109777,"TANDEM SPUMANT ALB BRUT 0,75",42.99,RON,,0,catalogue,1
2026-08-11T09:38:31.152713+00:00,selgros,136404,"CINZANO GRAN DOLCE VIN SPUMANT ALB DULCE 0,75",46.98,RON,,0,catalogue,1
2026-08-11T09:38:31.152951+00:00,selgros,219852,"ZAREA EMILIA IGT LAMBRUSCO ROSE DOZA 0,2",13.0,RON,,0,catalogue,1
2026-08-11T09:38:31.153219+00:00,selgros,231748,"RIUNITE EMILIA IGT LAMBRUSCO ALB DEMIDULCE 0,75",23.99,RON,,0,catalogue,1
2026-08-11T09:38:31.153408+00:00,selgros,51524,"CALVET CREMANT BORDEAUX BRUT ROSE 0,75",69.99,RON,,0,catalogue,1
2026-08-11T09:38:31.153592+00:00,selgros,52709,"CATTIER QUARTZ BRUT 0,75",186.17,RON,189.0,1,catalogue,0
2026-08-11T09:38:31.153960+00:00,selgros,446248,"CALVET CREMANT BORDEAUX BLANC EXTRA BRUT 0,75",69.99,RON,,0,catalogue,1
2026-08-11T09:38:31.154175+00:00,selgros,320418,"TERRA SERENA PROSECCO TREVISO ALB BRUT 0,75",39.99,RON,,0,catalogue,1
2026-08-11T09:38:31.154380+00:00,selgros,252847,"MIONETTO PROSECCO TREVISO DOC ORANGE PRESTIGE ALB S0,75",42.99,RON,,0,catalogue,1
2026-08-11T09:38:31.154591+00:00,selgros,249021,"MOET&CHANDON NECTAR IMPERIAL SAMPANIE ALB DEMISEC 0,75",366.04,RON,,0,catalogue,1
2026-08-11T09:38:31.154781+00:00,selgros,255281,"RUINART SAMPANIE 0,75",352.59,RON,469.0,1,catalogue,0
2026-08-11T09:38:31.155003+00:00,selgros,96043,"IL FRIZZANTE SPUMANT ROSE BIO SEC 0,75",45.98,RON,,0,catalogue,1
2026-08-11T09:38:31.155327+00:00,selgros,894669,"CRICOVA TRAMONTO SPUMANT TRAMINER ROSE DEMISEC 0,75",35.49,RON,,0,catalogue,1
2026-08-11T09:38:31.155577+00:00,selgros,372794,"VEZZO PROSECCO BRUT 0,75",39.99,RON,,0,catalogue,1
2026-08-11T09:38:31.155941+00:00,selgros,653752,"CASTELD'OR CAVA BRUT PUPITRE 0,75",49.99,RON,,0,catalogue,1
2026-08-11T09:38:31.156439+00:00,selgros,15702,"ZAREA PROSECCO ROSE EXTRA SEC 0,75",51.49,RON,,0,catalogue,1
2026-08-11T09:38:31.156635+00:00,selgros,170956,"MIONETTO PROSECCO VALDOBBIADE. LUXURY ALB EXTRA SEC 0,75",70.05,RON,,0,catalogue,0
2026-08-11T09:38:31.156836+00:00,selgros,143403,"BOTTEGA POETI VIN SPUMANT ROSE BRUT 0,75",79.98,RON,,0,catalogue,1
2026-08-11T09:38:31.157067+00:00,selgros,975369,"SANTA MARGHERITA PROSECCO EXTRA DRY DOC 0,75",71.16,RON,,0,catalogue,1
2026-08-11T09:38:31.157350+00:00,selgros,6305,"TENUTA MOSCONI PRESTIGE BLANC SPUMANT 2020 0,75",109.99,RON,,0,catalogue,1
2026-08-11T09:38:31.157642+00:00,selgros,903526,"SANTA MARGHERITA SPUMANT ROSE EXTRA DRY 0,75",64.75,RON,80.94,1,catalogue,0
2026-08-11T09:38:31.157934+00:00,selgros,219774,"GRANDE VENTO PROSECCO ALB EXTRA DRY 0,75",39.98,RON,,0,catalogue,1
2026-08-11T09:38:31.158209+00:00,selgros,249884,"CHIARLI LAMBRUSCO ROSE DULCE 0,75",33.54,RON,,0,catalogue,1
2026-08-11T09:38:31.158441+00:00,selgros,93752,"BOTTEGA MILLESIMATO VIN SPUMANT ALB BRUT 0,75",59.99,RON,,0,catalogue,1
2026-08-11T09:38:31.158759+00:00,selgros,11804,"MOET&CHANDON IMPERIAL SAMPANIE ALB BRUT 0,75 CU.",289.0,RON,,0,catalogue,1
2026-08-11T09:38:31.158987+00:00,selgros,131553,"MARTINI SPUMANT ROSE DEMISEC 0,75",61.0,RON,,0,catalogue,1
2026-08-11T09:38:31.159206+00:00,selgros,167686,"SATEN CONTADI CASTALDI FRANCIACORTA ALB BRUT 0,75",149.99,RON,,0,catalogue,1
2026-08-11T09:38:31.159452+00:00,selgros,15574,"TORLEY TALISMAN VIN SPUMANT ALB DEMISEC 0,75",29.48,RON,,0,catalogue,1
2026-08-11T09:38:31.159667+00:00,selgros,263871,"ANGELLI ELEGANCE CHARDONNAY SPUMANT ALB EXTRA SEC 0,75",20.7,RON,29.04,1,catalogue,0
2026-08-11T09:38:31.160048+00:00,selgros,35522,"RIUNITE EMILIA IGT LAMBRUSCO ROSE DEMIDULCE 0,75",23.99,RON,,0,catalogue,1
2026-08-11T09:38:31.160263+00:00,selgros,775798,"ALFABETO VIN SPUMANT BRUT 0,75",18.98,RON,,0,catalogue,1
2026-08-11T09:38:33.234581+00:00,selgros,107563,"GITANA MERLOT ROSU SEC 0,75",43.98,RON,,0,catalogue,1
2026-08-11T09:38:33.234843+00:00,selgros,178769,"CRICOVA PRESTIGE CODRU ROSU SEC 0,75",56.99,RON,,0,catalogue,1
2026-08-11T09:38:33.235049+00:00,selgros,176109,"VARTELY INDIVIDO RARA NEAGRA & MALBEC&SYRAH ROSU S0,187",13.0,RON,,0,catalogue,1
2026-08-11T09:38:33.235349+00:00,selgros,214106,"PURCARI MERLOT SEC 0,75",39.99,RON,,0,catalogue,1
2026-08-11T09:38:33.235553+00:00,selgros,214788,"VARTELY INDIVIDO RARA NEAGRA & MALBEC&SYRAH ROSU SEC 0,75",45.99,RON,,0,catalogue,1
2026-08-11T09:38:33.235781+00:00,selgros,461265,"KENDALL-JACKSON CABERNET SAUVIGNON 0,75",152.51,RON,,0,catalogue,1
2026-08-11T09:38:33.235981+00:00,selgros,662142,"CRICOVA 1952 ROSU SEC 0,75",43.98,RON,,0,catalogue,1
2026-08-11T09:38:33.236213+00:00,selgros,247134,"GITANA LUPI ROSU SEC 0,75",154.99,RON,,0,catalogue,1
2026-08-11T09:38:33.236410+00:00,selgros,247461,"BANFI BRUNELLO DI MONTALCINO DOCG ROSU SEC 0,75",337.66,RON,,0,catalogue,0
2026-08-11T09:38:33.236618+00:00,selgros,379823,"SAPIENS PURCARI RARA NEAGRA ROSU SEC 0,75",65.99,RON,,0,catalogue,1
2026-08-11T09:38:33.236826+00:00,selgros,279718,"VARTELY INDIVIDO LTD SAPERAVI ROSU SEC 0,75",65.99,RON,,0,catalogue,1
2026-08-11T09:38:33.237080+00:00,selgros,78522,"TANDEM ROSU SEC 0,75",45.99,RON,,0,catalogue,1
2026-08-11T09:38:33.237311+00:00,selgros,282392,"DIECIANNI PRIMITIVO SALENTO ROSU SEC 0,75",45.63,RON,63.03,1,catalogue,0
2026-08-11T09:38:33.237539+00:00,selgros,494094,"PRIMITIVO DI MANDURIA LIRICA SEC 0,75",60.05,RON,75.0,1,catalogue,0
2026-08-11T09:38:33.237770+00:00,selgros,740890,"TRAMONTO SAPERAVI ROSU DEMIDULCE 0,75",23.99,RON,,0,catalogue,1
2026-08-11T09:38:33.237957+00:00,selgros,109072,"LION&LION BORDEAUX VIN ROSU SEC 0,75",29.31,RON,35.9,1,catalogue,0
2026-08-11T09:38:33.238186+00:00,selgros,195314,"BRUNO BULGARINI VIN ROSU SEC 0,75",39.64,RON,51.0,1,catalogue,0
2026-08-11T09:38:33.238387+00:00,selgros,224426,"VINOHORA FETEASCA NEAGRA ROSE SEC 0,75",39.91,RON,49.01,1,catalogue,0
2026-08-11T09:38:33.238580+00:00,selgros,292503,"LOPEZ DE HARO CRIANZA ROSU SEC 0,75",39.77,RON,49.9,1,catalogue,0
2026-08-11T09:38:33.238796+00:00,selgros,300873,"PURCARI FREEDOM BLEND SAPERAVI ROSU SEC 0,75",52.99,RON,,0,catalogue,1
2026-08-11T09:38:33.239005+00:00,selgros,306011,"COTES DU RHONE CHEMIN DES PAPES ROSU SEC 0,75",54.9,RON,,0,catalogue,1
2026-08-11T09:38:33.239246+00:00,selgros,130012,"TRAPICHE OAK CASK MALBEC SEC 0,75",52.49,RON,61.0,1,catalogue,0
2026-08-11T09:38:33.239441+00:00,selgros,969039,"CRICOVA VIRGIN ROSU SEC 0,75",71.16,RON,,0,catalogue,1
2026-08-11T09:38:33.239669+00:00,selgros,131106,"BARON D`ARIGNAC ROUGE 0,75",30.49,RON,,0,catalogue,1
2026-08-11T09:38:33.239869+00:00,selgros,54087,"NEPRICA PRIMITIVO IGT ROSU SEC 0,75",53.88,RON,,0,catalogue,1
2026-08-11T09:38:33.240062+00:00,selgros,261053,"BOLLA AMARONE VALPOLICELLA ROSU SEC 0,75",133.71,RON,142.24,1,catalogue,0
2026-08-11T09:38:33.240295+00:00,selgros,279490,"GITANA SAPERAVI ROSU SEC 0,75",109.99,RON,,0,catalogue,1
2026-08-11T09:38:33.240486+00:00,selgros,964617,"CHATEAU CABERNET SAUVIGNON ROSU DEMISEC 0,75",23.99,RON,,0,catalogue,1
2026-08-11T09:38:33.240678+00:00,selgros,266131,"MC GUIGAN SHIRAZ ROSU SEC 0,75",45.75,RON,,0,catalogue,0
2026-08-11T09:38:33.240871+00:00,selgros,474391,"FLORIO MARSALA VECCHIO SECCO 18% 0,75(VIN DESERT)",71.16,RON,,0,catalogue,1
2026-08-11T09:38:33.241162+00:00,selgros,38341,"BORDEAUX DOC VIN ROSU SEC 0,75",22.99,RON,,0,catalogue,1
2026-08-11T09:38:33.241359+00:00,selgros,186625,"BOTTEGA BRUNELLO MONTALCINO VIN ROSU SEC 0,75",279.98,RON,,0,catalogue,0
2026-08-11T09:38:33.241561+00:00,selgros,266907,"GITANA RARA NEAGRA ROSU SEC 0,75",49.99,RON,,0,catalogue,1
2026-08-11T09:38:33.241749+00:00,selgros,274339,"PORTILLO MALBEC ROSU SEC 0,75",59.99,RON,,0,catalogue,1
2026-08-11T09:38:33.241937+00:00,selgros,297672,"PICCINI FRAPASSO PRIMITIVO DI MANDURIA DOC ROSU SEC 0,75",53.88,RON,,0,catalogue,1
2026-08-11T09:38:33.242185+00:00,selgros,67625,"TRAPICHE VINEYARDS MALBEC VIN ROSU SEC 0,75",61.0,RON,,0,catalogue,0
2026-08-11T09:38:33.242452+00:00,selgros,120186,"PAUL MAS VIGNOBLES CABERNET SAUVIGNON SEC 0,75",30.5,RON,32.9,1,catalogue,0
2026-08-11T09:38:33.242655+00:00,selgros,117516,"TRAPICHE BR.MALBEC S0,75SGR",69.65,RON,81.93,1,catalogue,0
2026-08-11T09:38:33.242852+00:00,selgros,113395,"COTE DES ROSES PINOT NOIR ROSU SEC 0,75",81.34,RON,,0,catalogue,0
2026-08-11T09:38:33.243049+00:00,selgros,105558,"CRICOVA HARTIE CABERNET SAUVIGNON DEMIDULCE 0,75",19.99,RON,,0,catalogue,1
2026-08-11T09:38:33.243280+00:00,selgros,162437,"BERICANTO CABERNET SAUVIGNON ROSU SEC 0,75",30.42,RON,38.03,1,catalogue,0
2026-08-11T09:38:33.243476+00:00,selgros,117864,"BANFI ROSSO DI MONTALCINO ROSU SEC 0,75",125.07,RON,,0,catalogue,1
2026-08-11T09:38:33.243671+00:00,selgros,105695,"ROSU DE PURCARI ROSU SEC 0,75",129.99,RON,,0,catalogue,1
2026-08-11T09:38:33.243859+00:00,selgros,146219,"TOMAI REGINA FLORILOR PINOT NOIR ROSU DEMIDULCE 1,0",16.26,RON,,0,catalogue,1
2026-08-11T09:38:33.244055+00:00,selgros,67894,"CECCHI CHIANTI DOCG ROSU SEC 0,75",48.48,RON,,0,catalogue,1
2026-08-11T09:38:33.244280+00:00,selgros,692962,"CRICOVA VIN PASTORAL ROSU DULCE 0,75",39.99,RON,,0,catalogue,1
2026-08-11T09:38:33.244478+00:00,selgros,208113,"MONTEMAJOR MARAVENTO IGT VIN ROSU SEC 0,75",84.39,RON,,0,catalogue,1
2026-08-11T09:38:33.244676+00:00,selgros,61489,"OPUS ONE VIN ROSU SEC 0,75",2541.0,RON,,0,catalogue,1
2026-08-11T09:38:33.244855+00:00,selgros,212807,"MARSALA AMBRA DULCE 0,75",59.99,RON,,0,catalogue,1
2026-08-11T09:38:33.245090+00:00,selgros,316942,"DAVIDESCU GENERATII SAPERAVI ROSU SEC 0,75",139.3,RON,,0,catalogue,0
2026-08-11T09:38:33.245719+00:00,selgros,239408,"ALAMOS MALBEC ROSU SEC 0,75",37.39,RON,37.9,1,catalogue,0
2026-08-11T09:38:33.245905+00:00,selgros,264771,"PAPALE PRIMITIVO DI MANDURIA ROSU SEC 0,75",111.84,RON,,0,catalogue,1
2026-08-11T09:38:33.246317+00:00,selgros,40791,"TELEKI VILLANYI PORTUGIESER SEC 0,75",33.54,RON,,0,catalogue,1
2026-08-11T09:38:33.246511+00:00,selgros,193108,"NEGRU DE PURCARI ROSU SEC 0,75",122.0,RON,,0,catalogue,1
2026-08-11T09:38:33.246699+00:00,selgros,186436,"PORTRET CABERNET SAUVIGNON& RARA NEAGRA ROSU SEC 0,75",30.49,RON,,0,catalogue,1
2026-08-11T09:38:33.246907+00:00,selgros,472905,"SUVOROV GLAMOUR FETEASCA NEAGRA ROSU 0,75 DS",37.99,RON,,0,catalogue,1
2026-08-11T09:38:33.247353+00:00,selgros,144810,"CHATEAU HAUT DAMBERT BORDEAUX ROSU SEC 0,75",59.98,RON,,0,catalogue,1
2026-08-11T09:38:33.247557+00:00,selgros,137548,"GITANA AUTOGRAF MERLOT ROSU SEC 0,75",47.27,RON,56.95,1,catalogue,0
2026-08-11T09:38:33.247756+00:00,selgros,74675,"VARTELY TARABOSTE CABERNET & MERLOT ROSU SEC 0,75",99.99,RON,,0,catalogue,1
2026-08-11T09:38:33.247976+00:00,selgros,120433,"TARAPACA GRAN RESERVA SHIRAZ SEC 0,75",59.86,RON,72.91,1,catalogue,0
2026-08-11T09:38:33.248207+00:00,selgros,152779,"J. LOHR 7 OAKS CABERNET SAUVIGNON SEC 0,75",96.45,RON,97.01,1,catalogue,0
2026-08-11T09:38:33.248412+00:00,selgros,134789,"GOVERNO IL MESSO BARBANERA ROSU SEC 0,75",74.22,RON,,0,catalogue,1
2026-08-11T09:38:33.248607+00:00,selgros,1000171,"MC GUIGAN SHIRAZ SEC 0,75",33.54,RON,,0,catalogue,0
2026-08-11T09:38:33.248818+00:00,selgros,670755,"CRICOVA SHIRAZ LTD.ED. ROSU SEC 0,75",56.99,RON,,0,catalogue,1
2026-08-11T09:38:33.249060+00:00,selgros,22786,"CECCHI TOSCANA SANGIOVESE IGT ROSU SEC 0,75",45.75,RON,,0,catalogue,1
2026-08-11T09:38:33.249310+00:00,selgros,220137,"TOMAI PASTORAL VIN BISERICESC ROSU DULCE 0,75",20.33,RON,,0,catalogue,1
2026-08-11T09:38:33.249537+00:00,selgros,172276,"CRICOVA HARTIE CHARDONNAY ALB DEMIDULCE 0,75",19.99,RON,,0,catalogue,1
2026-08-11T09:38:33.249743+00:00,selgros,199617,"EL EMPERADOR CABERNET& CARMENERE ROSU SEC 0,75",34.99,RON,,0,catalogue,1
2026-08-11T09:38:33.249969+00:00,selgros,303814,"MARSALA CUCINA ROSU DEMISEC 0,75",59.99,RON,,0,catalogue,1
2026-08-11T09:38:33.250194+00:00,selgros,226255,"GRAN MAESTRO PRIMITIVO DI MANDURIA ROSU SEC 0,75",81.34,RON,,0,catalogue,0
2026-08-11T09:38:33.250415+00:00,selgros,206928,"DOM. DAVIDESCU RARA NEAGRA& SAPERAVI ROSU SEC 0,75",49.99,RON,,0,catalogue,1
2026-08-11T09:38:33.250634+00:00,selgros,97122,"BEL COLLE BAROLO MONGIVLIERI ROSU SEC 0,75",155.33,RON,194.0,1,catalogue,0
2026-08-11T09:38:33.250854+00:00,selgros,45586,"CRICOVA VINTAGE CABERNET SAUVIGNON SEC 0,75",35.99,RON,,0,catalogue,1
2026-08-11T09:38:33.251057+00:00,selgros,460239,"EL CORTEZ XO VIN ROSU SEC 0,75",55.91,RON,,0,catalogue,1
2026-08-11T09:38:33.251284+00:00,selgros,235082,"TENUTA ULISSE MONTEPULCIANO D`ABRUZZO ROSU SEC 14% 0,75SGR",69.99,RON,,0,catalogue,1
2026-08-11T09:38:33.251510+00:00,selgros,257963,"PRIMASOLE PRIMITIVO PUGLIA ROSU SEC 0,75",59.98,RON,,0,catalogue,1
2026-08-11T09:38:33.251710+00:00,selgros,723208,"ORASUL SUBTERAN FETEASCA NEAGRA SEC 0,75",49.99,RON,,0,catalogue,1
2026-08-11T09:38:33.251905+00:00,selgros,861022,"NEGRU DE TOMAI REGINA VIN ROSU SEC 0,75",32.98,RON,,0,catalogue,1
2026-08-11T09:38:33.252099+00:00,selgros,133014,"PURCARI CABERNET SAUVIGNON SEC 0,75",42.99,RON,,0,catalogue,1
2026-08-11T09:38:33.252337+00:00,selgros,215163,"SANTA CRISTINA TOSCANA IGT ROSU SEC 0,75",52.99,RON,,0,catalogue,1
2026-08-11T09:38:33.252535+00:00,selgros,320294,"CREPUSCUL ROSU SEC 0,75",34.99,RON,,0,catalogue,1
2026-08-11T09:38:33.252718+00:00,selgros,310616,"VINOHORA RARA NEAGRA&MALBEC ROSU SEC 0,75",41.9,RON,49.99,1,catalogue,0
2026-08-11T09:38:33.252928+00:00,selgros,237092,"PURCARI RARA NEAGRA SEC 0,375",23.99,RON,,0,catalogue,1
2026-08-11T09:38:33.253200+00:00,selgros,253304,"PICCINI PINOCCHIO ROSU SEC 0,75",49.82,RON,,0,catalogue,1
2026-08-11T09:38:33.253401+00:00,selgros,82027,"APRIORI EMPIRICO RARA NEAGRA & MALBEC ROSU S0,75",40.66,RON,,0,catalogue,1
2026-08-11T09:38:33.253620+00:00,selgros,233205,"PURCARI PINOT NOIR SEC 0,75",42.99,RON,,0,catalogue,1
2026-08-11T09:38:33.253808+00:00,selgros,586151,"SETTESOLI NERO D'AVOLA VIN ROSU SEC 0,75",27.99,RON,,0,catalogue,1
2026-08-11T09:38:33.254011+00:00,selgros,114895,"BOTTEGA AMARONE VALPOLICELLA DOCG ROSU SEC 0,75",269.99,RON,,0,catalogue,0
2026-08-11T09:38:33.254268+00:00,selgros,102048,"GITANA CABERNET SAUVIGNON ROSU SEC 0,75",43.98,RON,,0,catalogue,1
2026-08-11T09:38:33.254477+00:00,selgros,243536,"MOUTON CADET BPHR ROUGE VIN ROSU SEC 0,75",49.33,RON,59.8,1,catalogue,0
2026-08-11T09:38:33.254676+00:00,selgros,264036,"PURCARI SHIRAZ ROSU SEC 0,75",66.99,RON,,0,catalogue,1
2026-08-11T09:38:33.254867+00:00,selgros,36325,"VARTELY INDIVIDO MERLOT & CAB. SAUVIGNON ROSU SEC 0,75",32.98,RON,,0,catalogue,1
2026-08-11T09:38:33.255088+00:00,selgros,93400,"GITANA MERLOT&CABERNET SAUVIGNON ROSU SEC 0,75",33.5,RON,40.99,1,catalogue,0
2026-08-11T09:38:33.255558+00:00,selgros,315815,"VARTELY SELECT CABERNET SAUVIGNON ROSU SEC 0,75",26.98,RON,,0,catalogue,1
2026-08-11T09:38:33.255760+00:00,selgros,178402,"SALENTINI PRIMITIVO D.MANDURIA VIN ROSU DEMISEC 14% 0,75",71.16,RON,,0,catalogue,1
2026-08-11T09:38:33.255974+00:00,selgros,34564,"MATSU EL PICARO ROSU SEC 0,75",47.14,RON,58.91,1,catalogue,0
2026-08-11T09:38:33.256190+00:00,selgros,124156,"MONSIEUR LOUIS BORDEAUX RESERVE ROSU SEC 0,75",42.74,RON,53.0,1,catalogue,0
2026-08-11T09:38:33.256417+00:00,selgros,117833,"CASAS DEL BOSQUE RESERVA CARMENERE ROSU SEC 0,75",44.73,RON,,0,catalogue,0
2026-08-11T09:38:33.256847+00:00,selgros,743909,"FRESCOBALDI REMOLE TOSCANA VIN ROSU SEC 0,75",38.99,RON,,0,catalogue,1
2026-08-11T09:38:33.257094+00:00,selgros,112791,"PURCARI RARA NEAGRA SEC 0,75",44.0,RON,,0,catalogue,1
2026-08-11T09:38:33.257318+00:00,selgros,122456,"MONTEMAJOR PETRA CECI VIN ROSU SEC 0,75",71.16,RON,,0,catalogue,1
2026-08-11T09:38:33.257515+00:00,selgros,15092,"TOMAI NEGRU DE TOMAI ROSU SEC 0,75",32.98,RON,,0,catalogue,1
2026-08-11T09:38:33.257911+00:00,selgros,217605,"CHATEAUNEUF DU PAPE-CHEMIN DES PAPES ROSU SEC 0,75",235.9,RON,,0,catalogue,1
2026-08-11T09:38:33.258149+00:00,selgros,277637,"BANFI CENTINE ROSSO TOSCANA ROSU SEC 0,75",43.55,RON,54.0,1,catalogue,0
2026-08-11T09:38:33.258360+00:00,selgros,255073,"PICCIINI MEMORO VIN ROSU SEC 0,75",49.99,RON,,0,catalogue,1
2026-08-11T09:38:33.258552+00:00,selgros,813420,"VILLANYI PORTUGIESER ROSU SEC 0,75",30.49,RON,,0,catalogue,1
2026-08-11T09:38:34.617226+00:00,selgros,79252,"MATEUS BRANCO VIN SEC 0,75",25.99,RON,,0,catalogue,1
2026-08-11T09:38:34.617483+00:00,selgros,964981,"FAZI BATTAGLIA VERDICCHIO VIN ALB DOC SEC 0,75",61.0,RON,,0,catalogue,1
2026-08-11T09:38:34.617693+00:00,selgros,195119,"ROCCA VENTOSA IGT PINOT GRIGIO ALB SEC 0,75",30.42,RON,38.03,1,catalogue,0
2026-08-11T09:38:34.617901+00:00,selgros,51335,"KOURTAKI RETSINA OF ATTIKA ALB SEC 0,75",16.87,RON,17.94,1,catalogue,0
2026-08-11T09:38:34.618122+00:00,selgros,299631,"CRICOVA PRESTIGE PINOT GRIGIO ALB SEC 0,75",56.99,RON,,0,catalogue,1
2026-08-11T09:38:34.618322+00:00,selgros,318163,"TOKAJI FURMINT ALB SEC 0,75",19.99,RON,,0,catalogue,1
2026-08-11T09:38:34.618502+00:00,selgros,157047,"SILK & SPICED VIN ROSU SEC 0,75",51.99,RON,,0,catalogue,0
2026-08-11T09:38:34.618686+00:00,selgros,153183,"TENUTA ULISSE PECORINO TERRE D`ABRUZZO VIN ALB 13% 0,75",69.99,RON,,0,catalogue,1
2026-08-11T09:38:34.618920+00:00,selgros,318323,"TRAPICHE VARIETAL SAUVIGNON BLANC SEC 0,75",52.99,RON,,0,catalogue,1
2026-08-11T09:38:34.619137+00:00,selgros,276037,"PURCARI TRAMINER SEC 0,75",66.99,RON,,0,catalogue,1
2026-08-11T09:38:34.619324+00:00,selgros,779078,"RIVIERA DEL GARDA LUGANA PRESTIGE VIN ALB SEC 0,75",64.75,RON,80.94,1,catalogue,1
2026-08-11T09:38:34.619564+00:00,selgros,79576,"CLOUDY BAY SAUVIGNON BLANC VIN ALB SEC 0,75",189.11,RON,,0,catalogue,1
2026-08-11T09:38:34.619815+00:00,selgros,46972,"TOKAJI SZAMORODNI ALB DULCE 0,5",39.99,RON,,0,catalogue,1
2026-08-11T09:38:34.620002+00:00,selgros,234853,"PORTRET CHARDONNAY&FETEASCA REGALA ALB SEC 0,75",30.49,RON,,0,catalogue,1
2026-08-11T09:38:34.620228+00:00,selgros,71016,"TELEKI VILLANYI CHARDONNAY SEC 0,75",33.54,RON,,0,catalogue,0
2026-08-11T09:38:34.620419+00:00,selgros,116115,"LES CALANDIERES IGP ROSE SEC 0,75",25.52,RON,31.91,1,catalogue,0
2026-08-11T09:38:34.620604+00:00,selgros,145946,"SCAIA CORVINA VENETO IGT VIN ROSU SEC 0,75",71.16,RON,,0,catalogue,1
2026-08-11T09:38:34.620831+00:00,selgros,55555,"LE BLANC VIN D´ALSACE ARTHUR METZ ALB SEC 0,75",71.16,RON,,0,catalogue,0
2026-08-11T09:38:34.621122+00:00,selgros,290541,"PURCARI MALBEC SEC 0,75",66.99,RON,,0,catalogue,1
2026-08-11T09:38:34.621314+00:00,selgros,57754,"BERICANTO PINOT GRIGIO ALB SEC 0,75",50.83,RON,,0,catalogue,1
2026-08-11T09:38:34.621510+00:00,selgros,74726,"BLEU DE MER ROSE S0,75",34.21,RON,41.9,1,catalogue,0
2026-08-11T09:38:34.621696+00:00,selgros,87663,"PURCARI CHARDONNAY SEC 0,375",23.99,RON,,0,catalogue,1
2026-08-11T09:38:34.621889+00:00,selgros,107691,"GITANA AUTOGRAF CABERNET SAUVIGNON ROSU SEC 0,75",71.16,RON,,0,catalogue,1
2026-08-11T09:38:34.622121+00:00,selgros,146187,"SCAIA GARGANEGA&CHARDONNAY VENEZIE IGT ALB SEC 0,75",75.0,RON,,0,catalogue,1
2026-08-11T09:38:34.622351+00:00,selgros,185081,"SUVOROV GLAMOUR SAUV. BLANC VIN ALB DS 0,75",37.99,RON,,0,catalogue,1
2026-08-11T09:38:34.622600+00:00,selgros,305635,"VILLA MARIA PINOT NOIR SEC 0,75",85.38,RON,,0,catalogue,1
2026-08-11T09:38:34.622801+00:00,selgros,51271,"MC GUIGAN CHARDONAY ALB SEC 0,75",45.75,RON,,0,catalogue,0
2026-08-11T09:38:34.622991+00:00,selgros,109591,"TANDEM ALB DEMISEC 0,75",45.99,RON,,0,catalogue,0
2026-08-11T09:38:34.623195+00:00,selgros,685777,"TOKAJI MUSCAT BLANC DEMISEC 0,75",19.99,RON,,0,catalogue,1
2026-08-11T09:38:34.623388+00:00,selgros,314776,"VINA ESMERALDA MIGUEL TORRES VIN ALB SEC 0,75",43.72,RON,,0,catalogue,1
2026-08-11T09:38:34.623602+00:00,selgros,288785,"PORTA 6 VIDIGAL TINTO ROSU SEC 0,75",34.99,RON,,0,catalogue,1
2026-08-11T09:38:34.623793+00:00,selgros,178356,"ACHAVAL MALBEC S0,75",157.59,RON,,0,catalogue,0
2026-08-11T09:38:34.623970+00:00,selgros,129106,"PURCARI SAUVIGNON BLANC SEC 0,75",42.99,RON,,0,catalogue,1
2026-08-11T09:38:34.624211+00:00,selgros,153199,"CREPUSCUL ALB SEC 0,75",34.99,RON,,0,catalogue,1
2026-08-11T09:38:34.624507+00:00,selgros,153604,"PAUL MAS VIGNOBLES CHARDONNAY SEC 0,75",40.66,RON,,0,catalogue,1
2026-08-11T09:38:34.624705+00:00,selgros,717771,"FRESCOBALDI REMOLE TOSCANA VIN ALB SEC 0,75",38.99,RON,,0,catalogue,1
2026-08-11T09:38:34.624906+00:00,selgros,35073,"PURCARI VIORICA ALB SEC 0,75",42.99,RON,,0,catalogue,1
2026-08-11T09:38:34.625149+00:00,selgros,743919,"CHATEAU CHARDONNAY ALB DEMISEC 0,75",23.99,RON,,0,catalogue,1
2026-08-11T09:38:34.625330+00:00,selgros,56635,"ALB DE PURCARI SEC 0,75",129.99,RON,,0,catalogue,1
2026-08-11T09:38:34.625507+00:00,selgros,244551,"A MANO PRIMITIVO PUGLIA IGT ROSU SEC 0,75",64.99,RON,,0,catalogue,1
2026-08-11T09:38:34.625703+00:00,selgros,192525,"VERMENTINO DI SARDEGNA DOC VIN ALB SEC 0,75",42.99,RON,,0,catalogue,1
2026-08-11T09:38:34.625902+00:00,selgros,229185,"PURCARI ORANGE VIN ALB SEC 0,75",44.73,RON,,0,catalogue,1
2026-08-11T09:38:34.626303+00:00,selgros,78527,"ILLUMINATI RIPAROSSO MONTEP. D`AMBRUZZO ROSU SEC 0,75",49.99,RON,,0,catalogue,1
2026-08-11T09:38:34.626513+00:00,selgros,999245,"SANTA MARGHERITA PINOT GRIGIO DOC SEC 0,75",61.0,RON,76.9,1,catalogue,0
2026-08-11T09:38:34.626706+00:00,selgros,993772,"SILK & SPICED VIN ALB SEC 0,75",51.99,RON,,0,catalogue,1
2026-08-11T09:38:34.626898+00:00,selgros,33581,"CANTINE DI MARZO-GRECO DI TUFO DOCG VIN ALB SEC 0,75",81.34,RON,,0,catalogue,1
2026-08-11T09:38:34.627135+00:00,selgros,355656,"VILLA MARIA SAUVIGNON BLANC SEC 0,75",77.27,RON,,0,catalogue,1
2026-08-11T09:38:34.627320+00:00,selgros,58909,"PURCARI CABERNET SAUVIGNON SEC 0,375",23.99,RON,,0,catalogue,1
2026-08-11T09:38:34.627519+00:00,selgros,128796,"CASAS DEL BOSQUE RESERVA SAUVIGNON BLANC SEC 0,75",41.13,RON,41.9,1,catalogue,0
2026-08-11T09:38:34.627736+00:00,selgros,140894,"PURCARI FETEASCA NEAGRA SEC 0,75",66.99,RON,,0,catalogue,1
2026-08-11T09:38:34.627910+00:00,selgros,183359,"VARTELY TARABOSTE ALB SEC 0,75",89.99,RON,,0,catalogue,1
2026-08-11T09:38:34.628107+00:00,selgros,285564,"TOKAJI CUVEE ALB DEMIDULCE 0,75",19.99,RON,,0,catalogue,1
2026-08-11T09:38:34.628300+00:00,selgros,308391,"VARTELY INDIVIDO FETEASCA REGALA&RIESLING SEC 0,187",13.0,RON,,0,catalogue,1
2026-08-11T09:38:34.628498+00:00,selgros,307011,"PURCARI CHARDONNAY SEC 0,75",42.99,RON,,0,catalogue,1
2026-08-11T09:38:34.628674+00:00,selgros,91818,"BARON DE LESTAC BORDEAUX ALB SEC 0,75",54.9,RON,,0,catalogue,1
2026-08-11T09:38:34.629145+00:00,selgros,49522,"VARTELY INDIVIDO FETEASCA REGALA&RIESLING SEC 0,75",45.99,RON,,0,catalogue,1
2026-08-11T09:38:34.629351+00:00,selgros,377051,"SAPIENS PURCARI SAUVIGNON BLANC FUME ALB SEC 0,75",65.99,RON,,0,catalogue,1
2026-08-11T09:38:34.629585+00:00,selgros,720754,"SETTESOLI PINOT GRIGIO VIN ALB SEC 0,75",27.99,RON,,0,catalogue,1
2026-08-11T09:38:34.629780+00:00,selgros,104306,"TOKAJI FURMINT VIN ALB SEC 0,75",24.99,RON,,0,catalogue,1
2026-08-11T09:38:34.629961+00:00,selgros,159438,"TOKAJI HARSLEVELU ALB DEMIDULCE 0,75",19.99,RON,,0,catalogue,1
2026-08-11T09:38:34.630164+00:00,selgros,1046558,"TRALCIO D`OR ALB SEC 5,0",59.99,RON,,0,catalogue,1
2026-08-11T09:38:34.630356+00:00,selgros,411233,"KENDALL-JACKSON CHARDONNAY 2020 0,75",132.17,RON,,0,catalogue,1
2026-08-11T09:38:34.630564+00:00,selgros,289727,"CRICOVA VINTAGE CHARDONNAY SEC 0,75",35.99,RON,,0,catalogue,1
2026-08-11T09:38:34.630759+00:00,selgros,315770,"VINA ESMERALDA MIGUEL TORRES VIN ROSE SEC 0,75",20.92,RON,27.9,1,catalogue,0
2026-08-11T09:38:34.630954+00:00,selgros,18726,"PORTA 6 VIDIGAL ALB SEC 0,75",34.99,RON,,0,catalogue,1
2026-08-11T09:38:34.631162+00:00,selgros,180087,"SANTA CRISTINA UMBRIA IGT ALB SEC 0,75",52.99,RON,,0,catalogue,1
2026-08-11T09:38:34.631353+00:00,selgros,1046492,"TRALCIO D`OR ROSU SEC 5,0",59.99,RON,,0,catalogue,1
2026-08-11T09:38:34.631525+00:00,selgros,456088,"PICCINI MEMORO VIN ALB SEC 0,75",49.99,RON,,0,catalogue,1
2026-08-11T09:38:34.631706+00:00,selgros,242253,"JP CHENET COLOMBARD&SAUVIGNON BLANC SEC 0,75",27.0,RON,,0,catalogue,1
2026-08-11T09:38:34.631901+00:00,selgros,60256,"DOMENIILE DAVIDESCU MUSCAT& ALIGOTE ALB SEC 0,75",52.99,RON,,0,catalogue,1
2026-08-11T09:38:34.632131+00:00,selgros,503548,"TRAMONTO SAUVIGNON ALB DEMIDULCE 0,75",23.99,RON,,0,catalogue,1
2026-08-11T09:38:34.632319+00:00,selgros,265555,"50 GRADE RIESLING QBA ALB SEC 0,75",36.64,RON,36.91,1,catalogue,0
2026-08-11T09:38:34.632508+00:00,selgros,235739,"CHABLIS DOMAINE DE VIRVANE ALB SEC 0,75",152.99,RON,,0,catalogue,0
2026-08-11T09:38:34.632702+00:00,selgros,255244,"LES ORMES DE CAMBRAS CABERNET SAUVIGNON ROSU SEC 0,75",42.69,RON,,0,catalogue,1
2026-08-11T09:38:34.632909+00:00,selgros,280221,"VINOHORA FETEASCA ALBA& CHARDONNAY SEC 0,75",66.08,RON,,0,catalogue,0
2026-08-11T09:38:34.633168+00:00,selgros,160080,"PURCARI PINOT GRIS ALB SEC 0,75",39.99,RON,,0,catalogue,1
2026-08-11T09:38:34.633356+00:00,selgros,807160,"ALB DE TOMAI REGINA VIN ALB SEC 0,75",32.98,RON,,0,catalogue,0
2026-08-11T09:38:34.633547+00:00,selgros,79777,"VARTELY SELECT SAUVIGNON BLANC ALB DEMISEC 0,75",26.98,RON,,0,catalogue,1
2026-08-11T09:38:34.633736+00:00,selgros,139348,"GITANA CHARDONNAY ALB SEC 0,75",43.98,RON,,0,catalogue,1
2026-08-11T09:38:34.633912+00:00,selgros,656335,"CRICOVA 1952 ALB SEC 0,75",43.98,RON,,0,catalogue,1
2026-08-11T09:38:34.634120+00:00,selgros,200445,"BARON DE LESTAC BORDEAUX ROSE SEC 0,75",32.15,RON,40.0,1,catalogue,0
2026-08-11T09:38:34.634320+00:00,selgros,305961,"APRIORI EMPIRICO BIANCO& PINOT GRIGIO VIN ALB SEC S0,75",40.66,RON,,0,catalogue,1
2026-08-11T09:38:34.634529+00:00,selgros,325113,"ALAMOS CHARDONNAY SEC 0,75",61.0,RON,,0,catalogue,0
2026-08-11T09:38:34.634705+00:00,selgros,322290,"BARON DE LESTAC BORDEAUX ROSU SEC 0,75",54.9,RON,,0,catalogue,1
2026-08-11T09:38:34.634897+00:00,selgros,463286,"BARON D`ARIGNAC BLANC 0,75",30.49,RON,,0,catalogue,1
2026-08-11T09:38:34.635078+00:00,selgros,278143,"PORTILLO SAUVIGNON BLANC SEC 0,75",59.99,RON,,0,catalogue,1
2026-08-11T09:38:34.635290+00:00,selgros,61361,"MANASTIREA ROHRBACH CRU ALB SEC 0,75",118.1,RON,142.28,1,catalogue,1
2026-08-11T09:38:34.635508+00:00,selgros,120406,"TOMAI REGINA FLORILOR MUSCAT ALB DEMIDULCE 1,0",16.26,RON,,0,catalogue,0
2026-08-11T09:38:34.635712+00:00,selgros,308974,"TOKAJI SARGAMUSKOTALY ALB DEMIDULCE 0,75",19.99,RON,,0,catalogue,1
2026-08-11T09:38:34.635907+00:00,selgros,574936,"ORASUL SUBTERAN VIORICA ALB SEC 0,75",49.99,RON,,0,catalogue,0
2026-08-11T09:38:34.636131+00:00,selgros,59166,"LES ORMES DE CAMBRAS SAUVIGNON BLANC ALB SEC 0,75",42.69,RON,,0,catalogue,1
2026-08-11T09:38:34.636349+00:00,selgros,38597,"PAUL MAS VIGNOBLES SAUVIGNON BLANC SEC 0,75",40.66,RON,,0,catalogue,1
2026-08-11T09:38:34.636551+00:00,selgros,275776,"CREPUSCUL BLUE VIN ALB DEMISEC 0,75",34.99,RON,,0,catalogue,1
2026-08-11T09:38:35.949799+00:00,selgros,153991,"CARASTELEC CARRASIA BLANC DE BLANCS ALB BRUT 0,75",139.43,RON,,0,catalogue,0
2026-08-11T09:38:35.950507+00:00,selgros,608322,"CREPUSCUL VIN SPUMANT ALB BRUT 0,75",34.99,RON,,0,catalogue,1
2026-08-11T09:38:35.950688+00:00,selgros,861188,"ZAREA ICE VIN SPUMANT ALB DEMISEC 0,75",39.99,RON,,0,catalogue,1
2026-08-11T09:38:35.950868+00:00,selgros,986047,"CLIPA VIN SPUMANT CHARDONNAY BRUT 0,75",75.07,RON,93.84,1,catalogue,1
2026-08-11T09:38:35.951051+00:00,selgros,167856,"BUCIUM SPUMANT ROSE DULCE 0,75",21.49,RON,,0,catalogue,1
2026-08-11T09:38:35.951248+00:00,selgros,57227,"RHEIN EXTRA VIN SPUMANT ROSE BRUT 0,75",63.98,RON,,0,catalogue,1
2026-08-11T09:38:35.951623+00:00,selgros,29464,"ANGELLI VIN SPUMANT BLANC DE BLANCS ALB DEMISEC 0,75",27.99,RON,,0,catalogue,1
2026-08-11T09:38:35.951819+00:00,selgros,43974,"ZAREA CRYSTAL COLLECTION MUSCAT SPUM.ALB DULCE 0,75",30.0,RON,,0,catalogue,1
2026-08-11T09:38:35.952012+00:00,selgros,21832,"ISSA CHARM SP.ALB 0,75",42.5,RON,,0,catalogue,0
2026-08-11T09:38:35.952782+00:00,selgros,852511,"CASA PANCIU FRIZZANTE ROSE DEMISEC 0,75",24.99,RON,,0,catalogue,1
2026-08-11T09:38:35.952955+00:00,selgros,299349,"ZAREA CRYSTAL COLLECTION SPUMANT ROSE DEMISEC 0,75",30.0,RON,,0,catalogue,1
2026-08-11T09:38:35.953619+00:00,selgros,291134,"PANCIU RISERVA SPUMANT ALB BRUT 0,75",33.54,RON,,0,catalogue,1
2026-08-11T09:38:35.953809+00:00,selgros,569205,"CAII DE LA LETEA VOL 1 VIN SPUMANT ROSE BRUT 0,75",35.99,RON,,0,catalogue,1
2026-08-11T09:38:35.954232+00:00,selgros,79584,"DORATO FLORENTINO VIN SPUMANT ALB DEMISEC 0,75",19.99,RON,,0,catalogue,1
2026-08-11T09:38:35.954419+00:00,selgros,409433,"CAII DE LA LETEA VOL 1 VIN SPUMANT BRUT 0,75",35.99,RON,,0,catalogue,1
2026-08-11T09:38:35.954611+00:00,selgros,203803,"ANGELLI CUVEE GOLD SPUMANT ALB DULCE 0,75",27.99,RON,,0,catalogue,1
2026-08-11T09:38:35.954995+00:00,selgros,713431,"JIDVEI SCINTTI SPUMANT ALB EXTRA SEC 0,75",29.98,RON,,0,catalogue,1
2026-08-11T09:38:35.955829+00:00,selgros,156333,"ANGELLI GRAN MOSCATO 0,75SGR",16.25,RON,24.89,1,catalogue,0
2026-08-11T09:38:35.956010+00:00,selgros,106870,"CRAMA GIRBOIU CUARTZ SPUMANT ALB BRUT 0,75",45.65,RON,,0,catalogue,1
2026-08-11T09:38:35.956230+00:00,selgros,291137,"ZAREA CRYSTAL COLLECTION SPUMANT ALB DEMISEC 0,2",10.99,RON,,0,catalogue,1
2026-08-11T09:38:35.956418+00:00,selgros,221756,"ANGELLI CUVEE IMPERIAL VIN SPUMANT ALB DEMISEC 0,75",27.99,RON,,0,catalogue,1
2026-08-11T09:38:35.956601+00:00,selgros,223765,"ZAREA PROSECCO ALB DEMISEC 0,75",49.99,RON,,0,catalogue,1
2026-08-11T09:38:35.956881+00:00,selgros,105530,"COTNARI SELECTIE FRANCUSA SPUMANT ALB EXTRASEC 0,75",28.46,RON,,0,catalogue,1
2026-08-11T09:38:35.957233+00:00,selgros,111988,"ZAREA DIAMOND COLLECTION SPUMANT ALB SEC 0,75",56.99,RON,,0,catalogue,1
2026-08-11T09:38:35.957831+00:00,selgros,94887,"MUSE STARS ROZE 0,75 SGR MUSE STARS SPUMANT",89.99,RON,,0,catalogue,1
2026-08-11T09:38:35.958026+00:00,selgros,951677,"DOMENIILE PANCIU SPUMANT MUSCAT OTTONEL DULCE 0,75",38.99,RON,,0,catalogue,1
2026-08-11T09:38:35.958446+00:00,selgros,356372,"PRAHOVA VALLEY SPUMANT DS 0,75",24.2,RON,,0,catalogue,0
2026-08-11T09:38:35.958819+00:00,selgros,184033,"ZAREA DIAMOND COLLECTION SPUMANT ALB DEMISEC 0,75",56.99,RON,,0,catalogue,1
2026-08-11T09:38:35.959002+00:00,selgros,211428,"ANGELLI CUVEE IMPERIAL SPUMANT ALB DEMISEC 0,2",13.0,RON,,0,catalogue,1
2026-08-11T09:38:35.959207+00:00,selgros,480944,"MUSE STARS SPUMANT ALB BRUT 0,75",89.99,RON,,0,catalogue,1
2026-08-11T09:38:35.959599+00:00,selgros,39730,"JIDVEI SCINTTI SPUMANT ROSE BRUT 0,75",29.98,RON,,0,catalogue,1
2026-08-11T09:38:35.959789+00:00,selgros,69784,"CLIPA VIN SPUMANT PINOT NOIR ROSE BRUT 0,75",75.07,RON,93.84,1,catalogue,1
2026-08-11T09:38:35.960452+00:00,selgros,245312,"ZAREA ROYAL GOLD 23K SPUMANT ALB DEMISEC 1,5",109.99,RON,,0,catalogue,1
2026-08-11T09:38:35.961058+00:00,selgros,268380,"CASA PANCIU SPUMANT FETEASCA REG&MUSCAT OTT. DS 0,75",33.54,RON,,0,catalogue,1
2026-08-11T09:38:35.961303+00:00,selgros,56606,"JIDVEI MARGARITAR ALB DEMISEC 0,75",26.43,RON,,0,catalogue,1
2026-08-11T09:38:35.961671+00:00,selgros,1092578,"CARASTELEC CARASSIA ROSE0,75",101.66,RON,,0,catalogue,0
2026-08-11T09:38:35.962250+00:00,selgros,992205,"DOMENIILE PANCIU SPUMANT BLANC DE BLANCS BRUT 0,75",98.62,RON,,0,catalogue,1
2026-08-11T09:38:35.962658+00:00,selgros,293417,"BUCIUM SPUMANT ALB DEMISEC 0,75",21.49,RON,,0,catalogue,0
2026-08-11T09:38:35.963424+00:00,selgros,263513,"JIDVEI SPUMANT ALB EXTRA DRY 0,75",57.95,RON,,0,catalogue,1
2026-08-11T09:38:35.963812+00:00,selgros,308388,"DORATO FLORENTINO VIN SPUMANT ALB DEMIDULCE 0,75",19.99,RON,,0,catalogue,1
2026-08-11T09:38:35.964564+00:00,selgros,200286,"ZAREA CRYSTAL COLLECTION SPUMANT ALB DEMISEC 1,5",56.99,RON,,0,catalogue,1
2026-08-11T09:38:35.964754+00:00,selgros,187526,"ZAREA CRYSTAL COLLECTION SPUMANT ALB DEMISEC 0,75",30.0,RON,,0,catalogue,1
2026-08-11T09:38:35.964939+00:00,selgros,166785,"CRICOVA SPUMANT TRAMINER ALB DEMISEC 0,75",35.49,RON,,0,catalogue,1
2026-08-11T09:38:35.965403+00:00,selgros,674449,"CASA PANCIU FRIZZANTE ALB DEMISEC 0,75",24.99,RON,,0,catalogue,0
2026-08-11T09:38:35.965755+00:00,selgros,37165,"CRAMA GIRBOIU CUARTZ SPUMANT ROSE BRUT 0,75",45.65,RON,,0,catalogue,1
2026-08-11T09:38:35.966527+00:00,selgros,152054,"BUCIUM SPUMANT ALB DULCE 0,75",21.49,RON,,0,catalogue,1
2026-08-11T09:38:35.966699+00:00,selgros,291264,"ZAREA CRYSTAL COLLECTION SPUMANT ALB SEC 0,75",30.0,RON,,0,catalogue,1
2026-08-11T09:38:37.100243+00:00,selgros,184420,"PURCARI ROSE SEC 0,375",23.99,RON,,0,catalogue,1
2026-08-11T09:38:37.100494+00:00,selgros,517118,"ORASUL SUBTERAN CAB.SAUV. & MERLOT ROSE SEC 0,75",49.99,RON,,0,catalogue,1
2026-08-11T09:38:37.100732+00:00,selgros,512393,"FRESCOBALDI REMOLE TOSCANA ROSE SEC 0,75",38.99,RON,,0,catalogue,1
2026-08-11T09:38:37.100936+00:00,selgros,295139,"PURCARI MAGNUM ROSE SEC 1,5",109.81,RON,,0,catalogue,1
2026-08-11T09:38:37.101216+00:00,selgros,286603,"BERICANTO ROSATO VIN ROSE SEC 0,75",30.42,RON,38.03,1,catalogue,0
2026-08-11T09:38:37.101405+00:00,selgros,162216,"CRICOVA VINTAGE ROSE SEC 0,75",35.99,RON,,0,catalogue,1
2026-08-11T09:38:37.101584+00:00,selgros,326431,"TELEKI VILLANYI ROSE CUVEE SEC 0,75",33.54,RON,,0,catalogue,1
2026-08-11T09:38:37.101776+00:00,selgros,264100,"JP CHENET CINSAULT ROSE DEMISEC 0,75",27.0,RON,,0,catalogue,1
2026-08-11T09:38:37.101963+00:00,selgros,556994,"CRICOVA 1952 ROSE SEC 0,75",43.98,RON,,0,catalogue,1
2026-08-11T09:38:37.102180+00:00,selgros,311845,"GITANA MERLOT ROSE SEC 0,75",28.63,RON,34.5,1,catalogue,0
2026-08-11T09:38:37.102363+00:00,selgros,342817,"SAPIENS PURCARI ROSE SEC 0,75",65.99,RON,,0,catalogue,1
2026-08-11T09:38:37.102538+00:00,selgros,250173,"TANDEM ROSE VIN DEMISEC 0,75",45.99,RON,,0,catalogue,1
2026-08-11T09:38:37.102707+00:00,selgros,381046,"TRAPICHE VIN VARIETAL ROSE S 0,75L ARGENTINA",33.54,RON,,0,catalogue,0
2026-08-11T09:38:37.102914+00:00,selgros,269669,"FAZI BATTAGLIA MARCHE VIN ROSE SEC 0,75",41.29,RON,51.9,1,catalogue,0
2026-08-11T09:38:37.103140+00:00,selgros,220736,"LION&LILLY BORDEAUX VIN ROSE SEC 0,75",29.1,RON,35.9,1,catalogue,0
2026-08-11T09:38:37.103332+00:00,selgros,272083,"MOUTON CADET BPHR VIN ROSE SEC 0,75",38.31,RON,46.0,1,catalogue,0
2026-08-11T09:38:37.103517+00:00,selgros,409431,"ARROG.F.T.FR.ROSE S.0,75SGR",27.02,RON,33.9,1,catalogue,0
2026-08-11T09:38:37.103699+00:00,selgros,160787,"PICCINI MEMORO VIN ROSE SEC 0,75",49.99,RON,,0,catalogue,1
2026-08-11T09:38:37.103885+00:00,selgros,925910,"RIVIERA DEL GARDA LUGANA ROSE SEC 0,75",64.75,RON,80.94,1,catalogue,0
2026-08-11T09:38:37.104108+00:00,selgros,47429,"PORTRET CABERNET SAUVIGNON ROSE SEC 0,75",21.62,RON,26.9,1,catalogue,0
2026-08-11T09:38:37.104493+00:00,selgros,299578,"SANTA CRISTINA TOSCANA IGT ROSE SEC 0,75",52.99,RON,,0,catalogue,1
2026-08-11T09:38:37.104684+00:00,selgros,276508,"WHISPERING ANGEL CH.D`ESCLANS VIN ROSE SEC 0,75",120.0,RON,,0,catalogue,1
2026-08-11T09:38:37.104884+00:00,selgros,661989,"TRAMONTO ROSE DEMIDULCE 0,75",23.99,RON,,0,catalogue,1
2026-08-11T09:38:37.105142+00:00,selgros,326857,"APRIORI EMPIRICO SAPERAVI & PINOT NOIR ROSE S0,75",40.66,RON,,0,catalogue,1
2026-08-11T09:38:37.105386+00:00,selgros,591950,"SETTESOLI SYRAH VIN ROSE SEC 0,75",27.99,RON,,0,catalogue,0
2026-08-11T09:38:37.105596+00:00,selgros,11996,"VARTELY INDIVIDO CABERNET SAUV&MERLOT ROSE SEC 0,187",13.0,RON,,0,catalogue,1
2026-08-11T09:38:37.105804+00:00,selgros,137553,"MATEUS ROSE VIN DEMISEC 0,75",25.99,RON,,0,catalogue,1
2026-08-11T09:38:37.105989+00:00,selgros,100462,"PAUL MAS VIGNOBLES ROSE SEC 0,75",26.1,RON,32.9,1,catalogue,0
2026-08-11T09:38:37.106238+00:00,selgros,95866,"SCAIA ROSATO VENETO IGT VIN ROSE SEC 0,75",71.16,RON,,0,catalogue,1
2026-08-11T09:38:37.106452+00:00,selgros,91255,"VARTELY INDIVIDO LTD RARA NEAGRA ROSE SEC 0,75",30.63,RON,38.9,1,catalogue,0
2026-08-11T09:38:37.106664+00:00,selgros,235312,"THE PALE CHATEAU D`ESCLANS VIN ROSE SEC 0,75",45.97,RON,55.72,1,catalogue,0
2026-08-11T09:38:37.106881+00:00,selgros,76155,"BULGARINI CHIARETTO RIVIERA DEL GARDA ROSE SEC 0,75",84.39,RON,,0,catalogue,1
2026-08-11T09:38:37.107136+00:00,selgros,69507,"PURCARI ROSE SEC 0,75",42.99,RON,,0,catalogue,1
2026-08-11T09:38:37.107319+00:00,selgros,241647,"CRUSET SYMBIOSE ROSE SEC 0,75",35.57,RON,,0,catalogue,0
2026-08-11T09:38:37.107508+00:00,selgros,882684,"CHATEAU ROSE DEMISEC 0,75",23.99,RON,,0,catalogue,1
2026-08-11T09:38:37.107682+00:00,selgros,31822,"SURORI ROSE SEC 0,75",53.68,RON,64.0,1,catalogue,0
2026-08-11T09:38:37.107892+00:00,selgros,34992,"SAINTE BEATRICE IGP MEDITERANNE ROSE SEC 0,75",35.63,RON,44.9,1,catalogue,0
2026-08-11T09:38:37.108149+00:00,selgros,94419,"DOMENIILE DAVIDESCU RARA NEAGRA ROSE SEC 0,75",49.99,RON,,0,catalogue,1
2026-08-11T09:38:37.108371+00:00,selgros,374404,"CRICOVA RARA NEAGRA LTD.ED. ROSE SEC 0,75",33.26,RON,40.0,1,catalogue,0
2026-08-11T09:38:37.108571+00:00,selgros,31604,"SUVOROV GLAMOUR MERLOT ROSE DS 0,75",37.99,RON,,0,catalogue,1
2026-08-11T09:38:37.108785+00:00,selgros,11543,"VARTELY SELECT ROSE SEC 0,75",26.98,RON,,0,catalogue,1
2026-08-11T09:38:37.108973+00:00,selgros,97530,"CRICOVA PRESTIGE ROSE SEC 0,75",56.99,RON,,0,catalogue,1
2026-08-11T09:38:37.109319+00:00,selgros,305400,"CREPUSCUL ROSE SEC 0,75",34.99,RON,,0,catalogue,1
2026-08-11T09:38:37.109511+00:00,selgros,231574,"LISTEL GR.GRIS ROSE S0,75SGR",19.42,RON,25.23,1,catalogue,0
2026-08-11T09:38:37.109712+00:00,selgros,224413,"MAISON CASTEL ROSE S0,75",38.53,RON,48.9,1,catalogue,0
2026-08-11T09:38:37.109904+00:00,selgros,897604,"BUSUIOACA DE TOMAI VIN ROSE DEMIDULCE 0,75",15.79,RON,,0,catalogue,1
2026-08-11T09:38:37.852223+00:00,selgros,250861,"ST.MARIE VIN ROSE FRIZZANTE DEMISEC 0,75",14.99,RON,24.99,1,catalogue,1
2026-08-11T09:38:37.852496+00:00,selgros,166109,"ST.MARIE VIN ALB FRIZZANTE DEMISEC 0,75",14.99,RON,24.99,1,catalogue,1
2026-08-11T09:38:37.852698+00:00,selgros,39689,"CARASTELEC FRIZA VIN PETIANT ALB DEMISEC 0,75",45.88,RON,,0,catalogue,1
2026-08-11T09:38:37.853102+00:00,selgros,115449,"ZZPELIN ROSE FRIZZANTE DEMISEC 0,75",36.99,RON,,0,catalogue,1
2026-08-11T09:38:37.853436+00:00,selgros,139158,"ROD DE LECHINTA PINOT GRIS ROSE BIO SEC 0,75",37.99,RON,,0,catalogue,1
2026-08-11T09:38:37.853657+00:00,selgros,318874,"DOMENIUL BOGDAN DUH CUPAJ ROSE BIO SEC 0,75",42.99,RON,,0,catalogue,1
2026-08-11T09:38:37.853870+00:00,selgros,51985,"DOMENIUL BOGDAN DUH CUPAJ ALB BIO SEC 0,75",42.99,RON,,0,catalogue,1
2026-08-11T09:38:37.854114+00:00,selgros,301920,"DOMENIUL BOGDAN DUH CUPAJ ROSU BIO SEC 0,75",42.99,RON,,0,catalogue,1
2026-08-11T09:38:37.854325+00:00,selgros,222482,"MADAME BLEU VIN PETIANT ALB DEMISEC 0,75",39.99,RON,,0,catalogue,1
2026-08-11T09:38:37.854515+00:00,selgros,727213,"ZZPELIN ALB FRIZZANTE 0,2",11.99,RON,,0,catalogue,1
2026-08-11T09:38:37.854713+00:00,selgros,140728,"MADEMOISELLE VIN PETIANT ROSE DEMISEC 0,75",39.99,RON,,0,catalogue,1
2026-08-11T09:38:37.854924+00:00,selgros,150423,"CARASTELEC FRIZA VIN PETIANT ROSE SEC 0,75",45.88,RON,,0,catalogue,1
2026-08-11T09:38:37.855202+00:00,selgros,196178,"DOMENIUL BOGDAN CLASIC ROSE BIO DEMISEC 0,75",34.99,RON,,0,catalogue,1
2026-08-11T09:38:37.855606+00:00,selgros,315928,"ROD DE LECHINTA PINOT NOIR ROSU BIO SEC 0,75",37.99,RON,,0,catalogue,1
2026-08-11T09:38:37.855902+00:00,selgros,211773,"LACERTA FETEASCA ALBA BIO SEC 0,75",59.99,RON,,0,catalogue,1
2026-08-11T09:38:37.856213+00:00,selgros,583774,"MUSE NIGHT VIN ROSE DEMISEC 0,75 +MUSE STARS ALB 0,75",149.99,RON,,0,catalogue,1
2026-08-11T09:38:37.856445+00:00,selgros,170061,"BUDUREASCA CHARDONNAY ALB BIO SEC 0,75",37.69,RON,45.97,1,catalogue,1
2026-08-11T09:38:37.856650+00:00,selgros,262659,"BUDUREASCA ROSE BIO SEC 0,75",37.69,RON,45.97,1,catalogue,0
2026-08-11T09:38:37.856848+00:00,selgros,442655,"COTNARI GRASA VINOTECA 1984 ALB DULCE 0,75 CU.",305.03,RON,,0,catalogue,1
2026-08-11T09:38:37.857168+00:00,selgros,797505,"LECHINTA ALB BIO S0,75",21.89,RON,,0,catalogue,0
2026-08-11T09:38:37.857379+00:00,selgros,188991,"NOMAD AURELIA VISINESCU FETEASCA ALBA BIO SEC 0,75",21.99,RON,32.98,1,catalogue,0
2026-08-11T09:38:37.857594+00:00,selgros,301856,"DOM. BOGDAN CLASIC MUSCAT OTTONEL BIO DEMIDULCE 0,75",34.99,RON,,0,catalogue,1
2026-08-11T09:38:37.857793+00:00,selgros,15248,"PREMIER GEWURZTRAMINER ALB BIO SEC 0,75",61.0,RON,,0,catalogue,1
2026-08-11T09:38:37.857997+00:00,selgros,37453,"BUDUREASCA MERLOT ROSU BIO SEC 0,75",37.69,RON,45.97,1,catalogue,0
2026-08-11T09:38:37.858241+00:00,selgros,857271,"COTNARI GRASA VINOTECA 2007 ALB DULCE 0,75 CU.",152.51,RON,,0,catalogue,1
2026-08-11T09:38:37.858469+00:00,selgros,22061,"DOM. BOGDAN CLASIC SAUVIGNON BLANC BIO DEMISEC 0,75",34.99,RON,,0,catalogue,1
2026-08-11T09:38:37.858686+00:00,selgros,240314,"ROD DE LECHINTA CHARDONNAY& MUSCAT OTTONEL BIO S 0,75",37.99,RON,,0,catalogue,1
2026-08-11T09:38:37.858920+00:00,selgros,74273,"BUDUREASCA SAUVIGNON BLANC ALB BIO SEC 0,75",37.69,RON,45.97,1,catalogue,0
2026-08-11T09:38:37.859166+00:00,selgros,892679,"COTNARI FETEASCA ALBA 1994 ALB DULCE 0,75 CU.",203.35,RON,,0,catalogue,1
2026-08-11T09:38:37.859560+00:00,selgros,98586,"PROMESSA AURELIA VISINESCU ROSE BIO SEC 0,75",42.99,RON,,0,catalogue,1
2026-08-11T09:38:37.859788+00:00,selgros,174157,"ZZPELIN ALB FRIZZANTE DEMISEC 0,75",36.99,RON,,0,catalogue,1
2026-08-11T09:38:37.859990+00:00,selgros,236207,"NOMAD AURELIA VISINESCU ROSE BIO SEC 0,75",21.99,RON,32.98,1,catalogue,1
2026-08-11T09:38:38.853332+00:00,selgros,91525,"PORTO CRUZ RUBY VIN ROSU DULCE 19% 0,75",81.34,RON,,0,catalogue,1
2026-08-11T09:38:38.853591+00:00,selgros,302928,"VIEILLES VIGNES COTES DU RHONE ROSU BIO SEC 0,75",57.0,RON,75.24,1,catalogue,0
2026-08-11T09:38:38.853807+00:00,selgros,991924,"PORTO CRUZ TAWNY VIN ROSU DULCE 19% 0,75",81.34,RON,,0,catalogue,1
2026-08-11T09:38:38.854001+00:00,selgros,54935,"PORTO CRUZ ROSE VIN DULCE 19% 0,75",48.97,RON,63.0,1,catalogue,0
2026-08-11T09:38:38.854229+00:00,selgros,208071,"PORTO CRUZ ALB VIN ALB DULCE 19% 0,75",81.34,RON,,0,catalogue,1
2026-08-11T09:38:38.854422+00:00,selgros,272494,"VILLA MARIA SAUV.BL.S0,75SGR",76.28,RON,,0,catalogue,0
2026-08-11T09:38:38.854626+00:00,selgros,11557,"PORTO CRUZ SPECIAL RESERVE VIN ROSU 19% DULCE 0,75",94.55,RON,,0,catalogue,1
2026-08-11T09:38:57.326500+00:00,sezamo,4948,Henkell Trocken Mignon Vin spumant alb sec,15.79,RON,,0,catalogue,1
2026-08-11T09:38:57.327105+00:00,sezamo,35063,Mionetto Mignon Prosecco Rosé DOC,18.79,RON,,0,catalogue,1
2026-08-11T09:38:57.327308+00:00,sezamo,4949,Mionetto Orange Mignon DOC Treviso Vin spumant prosecco brut,18.79,RON,,0,catalogue,1
2026-08-11T09:38:57.327511+00:00,sezamo,15275,Sigillum Moldaviae Vin rose demisec,18.79,RON,,0,catalogue,1
2026-08-11T09:38:57.327690+00:00,sezamo,15277,Sigillum Moldaviae Vin alb dulce Tamaioasa Romaneasca,19.29,RON,,0,catalogue,1
2026-08-11T09:38:57.327916+00:00,sezamo,15276,Sigillum Moldaviae Vin rosu demisec Feteasca Neagra,19.49,RON,,0,catalogue,1
2026-08-11T09:38:57.328110+00:00,sezamo,30452,Scavi&Ray Prosecco Rose DOC Piccolo,20.79,RON,,0,catalogue,1
2026-08-11T09:38:57.328304+00:00,sezamo,21892,Castel Starmina Vin rosu demisec Merlot,21.29,RON,,0,catalogue,1
2026-08-11T09:38:57.328492+00:00,sezamo,21893,Castel Starmina Vin rosu Feteasca Neagra,21.29,RON,,0,catalogue,1
2026-08-11T09:38:57.328842+00:00,sezamo,3842,Traditional Vin alb demisec Feteasca Regala,21.49,RON,,0,catalogue,1
2026-08-11T09:38:57.329216+00:00,sezamo,5926,Astrum Cervi Vin alb demisec Feteasca Regala,21.79,RON,,0,catalogue,1
2026-08-11T09:38:57.329543+00:00,sezamo,21891,Castel Starmina Vin roze demisec Rose,21.79,RON,,0,catalogue,1
2026-08-11T09:38:57.329912+00:00,sezamo,21890,Castel Starmina Vin alb demisec Sauvignon Blanc,22.99,RON,,0,catalogue,1
2026-08-11T09:38:57.330272+00:00,sezamo,10879,Crama Bratu Vin alb sec Feteasca Regala Grand-Pere,22.99,RON,,0,catalogue,1
2026-08-11T09:38:57.330694+00:00,sezamo,10881,Crama Bratu Vin alb sec Riesling Italian Grand-Pere,22.99,RON,,0,catalogue,1
2026-08-11T09:38:57.331146+00:00,sezamo,10880,Crama Bratu Vin alb sec Muscat Ottonel Grand-Pere,22.99,RON,,0,catalogue,1
2026-08-11T09:38:57.331517+00:00,sezamo,31511,Proles Pontica Vin rosu demidulce Merlot & Pinot Noir,23.79,RON,,0,catalogue,1
2026-08-11T09:38:57.331960+00:00,sezamo,31509,Proles Pontica Vin alb demidulce Tamaioasa Romaneasca,23.79,RON,,0,catalogue,1
2026-08-11T09:38:57.332341+00:00,sezamo,10877,Crama Bratu Vin rosu sec Feteasca Neagra Grand-Pere,23.99,RON,,0,catalogue,1
2026-08-11T09:38:57.332647+00:00,sezamo,21899,Castel Bolovanu Vin rosu sec Feteasca Neagra,24.79,RON,,0,catalogue,1
2026-08-11T09:38:57.333031+00:00,sezamo,21895,Castel Bolovanu Vin alb sec Riesling,24.79,RON,,0,catalogue,1
2026-08-11T09:38:57.333397+00:00,sezamo,3431,Beciul Domnesc Vin rosu demidulce Feteasca Neagra,24.99,RON,,0,catalogue,1
2026-08-11T09:38:57.333711+00:00,sezamo,3432,Beciul Domnesc Vin rosu dulce Cabernet Sauvignon,24.99,RON,,0,catalogue,1
2026-08-11T09:38:57.333933+00:00,sezamo,3433,Beciul Domnesc Vin rose demisec,24.99,RON,,0,catalogue,1
2026-08-11T09:38:57.334116+00:00,sezamo,21894,Castel Bolovanu Vin alb demisec Tamaioasa Romaneasca,25.29,RON,,0,catalogue,1
2026-08-11T09:38:57.334310+00:00,sezamo,3434,Beciul Domnesc Vin alb demisec Sauvignon Blanc,25.49,RON,,0,catalogue,1
2026-08-11T09:38:57.334537+00:00,sezamo,21277,Crama Viisoara Via Maria Vin alb sec Feteasca Regala,25.79,RON,,0,catalogue,1
2026-08-11T09:38:57.334729+00:00,sezamo,31510,Proles Pontica Vin rose dulce,25.79,RON,,0,catalogue,1
2026-08-11T09:38:57.334950+00:00,sezamo,5842,Sol de Chile Promessa Vin alb Sauvignon Blanc,25.79,RON,,0,catalogue,1
2026-08-11T09:38:57.335171+00:00,sezamo,21278,Crama Viisoara Via Maria Vin roze sec Cabernet Sauvignon,25.79,RON,,0,catalogue,1
2026-08-11T09:38:57.335361+00:00,sezamo,17644,Alai Vin rose demisec Rose,25.99,RON,,0,catalogue,1
2026-08-11T09:38:57.335525+00:00,sezamo,4107,Castel Huniade Vin alb demisec Feteasca Regala,26.29,RON,,0,catalogue,1
2026-08-11T09:38:57.335710+00:00,sezamo,21896,Castel Bolovanu Vin roze sec,26.49,RON,,0,catalogue,1
2026-08-11T09:38:57.335909+00:00,sezamo,21284,Crama Viisoara Liliana Vin roze demidulce Merlot,26.79,RON,,0,catalogue,1
2026-08-11T09:38:57.336092+00:00,sezamo,21283,Crama Viisoara Liliana Vin rosu demidulce Merlot,26.79,RON,,0,catalogue,1
2026-08-11T09:38:57.336283+00:00,sezamo,28626,Livia Sarba Vin alb sec DOC,26.79,RON,,0,catalogue,1
2026-08-11T09:38:57.336450+00:00,sezamo,41678,Frizzante St. Marie Vin spumant rose demisec,26.99,RON,,0,catalogue,1
2026-08-11T09:38:57.336621+00:00,sezamo,41679,Frizzante St. Marie Vin spumant alb demisec,26.99,RON,,0,catalogue,1
2026-08-11T09:38:57.336878+00:00,sezamo,3841,Grigorescu Rose Vin rose demisec,27.29,RON,,0,catalogue,1
2026-08-11T09:38:57.337153+00:00,sezamo,4133,Caloian Vin alb sec Sauvignon Blanc,27.29,RON,,0,catalogue,1
2026-08-11T09:38:57.337354+00:00,sezamo,3839,Grigorescu Vin alb demisec Dry Muscat,27.29,RON,,0,catalogue,1
2026-08-11T09:38:57.337526+00:00,sezamo,21898,Castel Bolovanu Vin rosu sec Novac,28.29,RON,,0,catalogue,1
2026-08-11T09:38:57.337710+00:00,sezamo,10058,Politika Coupage Liberal Chardonnay si Riesling Vin alb sec,28.79,RON,,0,catalogue,1
2026-08-11T09:38:57.337955+00:00,sezamo,23095,Basilescu Eclipse Vin rose sec,28.99,RON,,0,catalogue,1
2026-08-11T09:38:57.338136+00:00,sezamo,23100,Basilescu Eclipse Vin rose demidulce Busuioaca,28.99,RON,,0,catalogue,1
2026-08-11T09:38:57.338334+00:00,sezamo,17642,Alai Vin alb demisec Sauvignon Blanc,29.79,RON,,0,catalogue,1
2026-08-11T09:38:57.338537+00:00,sezamo,35064,Angelli Cuvee Imperial Vin spumant sec,30.29,RON,,0,catalogue,1
2026-08-11T09:38:57.338711+00:00,sezamo,10845,Aurelia Visinescu Nomad Rose Vin rose sec,30.29,RON,,0,catalogue,1
2026-08-11T09:38:57.338935+00:00,sezamo,23080,Basilescu Eclipse Vin alb sec Tamaioasa,30.49,RON,,0,catalogue,1
2026-08-11T09:38:57.339128+00:00,sezamo,5841,Sol de Chile Promessa Vin rosu Syrah,30.99,RON,,0,catalogue,1
2026-08-11T09:38:57.339320+00:00,sezamo,31340,Bacio di Bolle White Moscato,30.99,RON,,0,catalogue,1
2026-08-11T09:38:57.339534+00:00,sezamo,10844,Aurelia Visinescu Nomad Vin rosu sec Feteasca Neagra,30.99,RON,,0,catalogue,1
2026-08-11T09:38:57.339728+00:00,sezamo,23085,Basilescu Eclipse Vin rosu sec Pinot Noir,31.99,RON,,0,catalogue,1
2026-08-11T09:38:57.339941+00:00,sezamo,23090,Basilescu Eclipse Vin rosu demisec Feteasca Neagra,31.99,RON,,0,catalogue,1
2026-08-11T09:38:57.340124+00:00,sezamo,40431,Aurelia Visinescu Nomad Feteasca Regala Vin alb demisec,32.29,RON,,0,catalogue,1
2026-08-11T09:38:57.340312+00:00,sezamo,40432,Aurelia Visinescu Nomad Merlot Vin rosu,32.29,RON,,0,catalogue,1
2026-08-11T09:38:57.340690+00:00,sezamo,31415,Botter Gran Passione Spumante Brut,32.99,RON,,0,catalogue,1
2026-08-11T09:38:57.340897+00:00,sezamo,9882,Zarea Vin spumant alb Colectia Bella Vita Lambrusco Alb Emilia IGT,32.99,RON,,0,catalogue,1
2026-08-11T09:38:57.341190+00:00,sezamo,43329,Principessa Lambrusco Rosso Frizzante Vin spumant,32.99,RON,,0,catalogue,1
2026-08-11T09:38:57.341392+00:00,sezamo,9883,Zarea Vin spumant Colectia Bella Vita Lambrusco Rose Emilia IGT,32.99,RON,,0,catalogue,1
2026-08-11T09:38:57.341613+00:00,sezamo,43328,Principessa Lambrusco Frizzante Vin spumant rose,32.99,RON,,0,catalogue,1
2026-08-11T09:38:57.341832+00:00,sezamo,31416,Botter Gran Passione Spumante Extra Dry,32.99,RON,,0,catalogue,1
2026-08-11T09:38:57.342012+00:00,sezamo,41677,Livia Cabernet Sauvignon DOC CMD Cotesti Vin rosu sec,32.99,RON,,0,catalogue,1
2026-08-11T09:38:57.342204+00:00,sezamo,23099,Basilescu Eclipse Vin rose sec Busuioaca,32.99,RON,,0,catalogue,1
2026-08-11T09:38:57.342387+00:00,sezamo,39945,Carlo Pellegrino Zebo Vin spumant alb,34.29,RON,,0,catalogue,1
2026-08-11T09:38:57.342563+00:00,sezamo,39934,Pasqua Pinot Grigio de Venezie Capitoli Vin alb,34.29,RON,,0,catalogue,1
2026-08-11T09:38:57.342873+00:00,sezamo,3849,Navigo Compas Vin rosu sec Shiraz,34.79,RON,,0,catalogue,1
2026-08-11T09:38:57.343061+00:00,sezamo,10059,"Politika Coupage Conservator Vin rosu sec Merlot, Cabernet Sauvignon si Cabernet Franc",34.99,RON,,0,catalogue,1
2026-08-11T09:38:57.343311+00:00,sezamo,21276,Crama Viisoara Conu Albu Vin roze sec Cabernet Sauvignon,34.99,RON,,0,catalogue,1
2026-08-11T09:38:57.343512+00:00,sezamo,39950,CVBG Duchesse de Paris Vin spumant brut,35.29,RON,,0,catalogue,1
2026-08-11T09:38:57.343684+00:00,sezamo,3417,Rose Verite Vin rose demisec Cabernet Sauvignon,35.29,RON,,0,catalogue,1
2026-08-11T09:38:57.343890+00:00,sezamo,1171,Domeniile Samburesti Vin alb Chardonnay,35.49,RON,,0,catalogue,1
2026-08-11T09:38:57.344093+00:00,sezamo,1172,Domeniile Samburesti Vin alb Sauvignon Blanc,35.49,RON,,0,catalogue,1
2026-08-11T09:38:57.344295+00:00,sezamo,1178,Domeniile Samburesti Vin roze,35.79,RON,,0,catalogue,1
2026-08-11T09:38:57.345156+00:00,sezamo,40437,Aurelia Visinescu ECO Nomad Feteasca Alba Vin alb demisec,36.49,RON,,0,catalogue,1
2026-08-11T09:38:57.345544+00:00,sezamo,31337,Bacio di Bolle Grand Cuvee Brut,37.29,RON,,0,catalogue,1
2026-08-11T09:38:57.345822+00:00,sezamo,25095,Serafim Vin alb sec Feteasca Regala,37.29,RON,,0,catalogue,1
2026-08-11T09:38:57.346170+00:00,sezamo,43548,Ungheni Pastoral Licoros Vin Rosu,37.49,RON,,0,catalogue,1
2026-08-11T09:38:57.346524+00:00,sezamo,15024,Chateau Vartely Totem Vin alb sec Viorica,37.79,RON,,0,catalogue,1
2026-08-11T09:38:57.346905+00:00,sezamo,10661,Caii de la Letea Volumul 1 Rose Vin roze sec Merlot & Syrah & Pinot Noir,37.99,RON,,0,catalogue,1
2026-08-11T09:38:57.347351+00:00,sezamo,39947,Carlo Pellegrino Tareni Nero D'avola Vin rosu,38.29,RON,,0,catalogue,1
2026-08-11T09:38:57.347704+00:00,sezamo,28624,Tectonic Vin alb demisec Tamaioasa Romaneasca DOC,38.29,RON,,0,catalogue,1
2026-08-11T09:38:57.348117+00:00,sezamo,28623,Tectonic Traminer Vin roze demisec DOC,38.29,RON,,0,catalogue,1
2026-08-11T09:38:57.348468+00:00,sezamo,41674,Tectonic Rose DOC CMD Cotesti Vin rose sec,38.29,RON,,0,catalogue,1
2026-08-11T09:38:57.348897+00:00,sezamo,41673,Tectonic Sauvignon Blanc & Chardonnay Fume DOC CMD Cotesti Vin alb sec,38.29,RON,,0,catalogue,1
2026-08-11T09:38:57.349404+00:00,sezamo,15033,Chateau Vartely Individo Vin rosu sec Rara neagra & Malbec & Syrah,38.49,RON,,0,catalogue,1
2026-08-11T09:38:57.349648+00:00,sezamo,43551,Glamour Suvorov Sauvignon Blanc Vin alb,38.99,RON,,0,catalogue,1
2026-08-11T09:38:57.349881+00:00,sezamo,43550,Glamour Suvorov Merlot Vin rose,38.99,RON,,0,catalogue,1
2026-08-11T09:38:57.350079+00:00,sezamo,28625,Tectonic Vin rosu sec Cabernet Sauvignon&Syrah DOC,38.99,RON,,0,catalogue,1
2026-08-11T09:38:57.350281+00:00,sezamo,43549,Glamour Suvorov Feteasca Neagra Vin Rosu,38.99,RON,,0,catalogue,1
2026-08-11T09:38:57.350475+00:00,sezamo,43326,Villa Loren Icy Vin spumant sec,38.99,RON,,0,catalogue,1
2026-08-11T09:38:57.350637+00:00,sezamo,41675,Tectonic Feteasca Neagra Barrique DOC CMD Cotesti Vin rosu sec,38.99,RON,,0,catalogue,1
2026-08-11T09:38:57.350880+00:00,sezamo,1176,Domeniile Samburesti Vin rosu Feteasca Neagra,39.29,RON,,0,catalogue,1
2026-08-11T09:38:57.351084+00:00,sezamo,1174,Domeniile Samburesti Vin rosu Merlot,39.29,RON,,0,catalogue,1
2026-08-11T09:38:57.351288+00:00,sezamo,10858,Aurelia Visinescu Promessa Vin alb sec Chardonnay,39.49,RON,,0,catalogue,1
2026-08-11T09:38:57.351483+00:00,sezamo,9901,Zarea Vin spumant alb demisec Diamond Collection Metoda Traditionala,39.99,RON,53.99,1,catalogue,1
2026-08-11T09:38:57.351682+00:00,sezamo,43344,Aveleda Fonte Vinho Verde Cork & Screwcap Vin alb,39.99,RON,,0,catalogue,1
2026-08-11T09:38:57.351927+00:00,sezamo,43348,Ca del Doge Il Silvestre D.O.C Cuvee Bianco Vin spumant,39.99,RON,,0,catalogue,1
2026-08-11T09:38:57.352139+00:00,sezamo,43540,Apriori Vin spumant Muscat rose dulce,40.49,RON,,0,catalogue,1
2026-08-11T09:38:57.352311+00:00,sezamo,43539,Apriori Vin spumant Glera brut alb,40.49,RON,,0,catalogue,1
2026-08-11T09:38:57.352480+00:00,sezamo,3050,Corcova Chardonnay Vin alb sec,40.79,RON,,0,catalogue,1
2026-08-11T09:38:57.352656+00:00,sezamo,15026,Chateau Vartely Totem rosu Vin rosu sec Rara neagra,40.79,RON,,0,catalogue,1
2026-08-11T09:38:57.352875+00:00,sezamo,25099,Serafim Vin rosu sec Merlot,40.79,RON,,0,catalogue,1
2026-08-11T09:38:57.353099+00:00,sezamo,25098,Serafim Vin rosu sec Cabernet Sauvignon,40.79,RON,,0,catalogue,1
2026-08-11T09:38:57.353298+00:00,sezamo,3051,Corcova Sauvignon Blanc Vin alb sec,40.79,RON,,0,catalogue,1
2026-08-11T09:38:57.353532+00:00,sezamo,10662,Caii de la Letea Volumul 1 Quintessence Vin rosu sec Feteasca Neagra & Cabernet Sauvignon & Merlot & Cabernet Franc & Petit Verdot,40.99,RON,,0,catalogue,1
2026-08-11T09:38:57.353992+00:00,sezamo,15032,Chateau Vartely Individo Vin rose sec Malbec & Syrah,40.99,RON,,0,catalogue,1
2026-08-11T09:38:57.354219+00:00,sezamo,4332,Purcari 1827 Vin alb sec Sauvignon de Purcari,40.99,RON,,0,catalogue,1
2026-08-11T09:38:57.354419+00:00,sezamo,34641,Breganze Prosecco Glera Extra Dry,41.29,RON,,0,catalogue,1
2026-08-11T09:38:57.354616+00:00,sezamo,27516,Friza Rose Vin rose sec,41.29,RON,,0,catalogue,1
2026-08-11T09:38:57.354841+00:00,sezamo,5851,Corte delle Calli Prosecco frizzante alb DOC,41.29,RON,,0,catalogue,1
2026-08-11T09:38:57.355040+00:00,sezamo,25350,Domeniile Blaga Vin alb sec Blanc de Noir Cabernet Franc 2023,41.79,RON,,0,catalogue,1
2026-08-11T09:38:57.355285+00:00,sezamo,46526,Cecilia Beretta Pinot Grigio delle Venezie IGT Veneto Vin alb sec,41.99,RON,,0,catalogue,1
2026-08-11T09:38:57.355508+00:00,sezamo,35979,Montelvini Frizzante Promosso Vin alb spumant,42.19,RON,,0,catalogue,1
2026-08-11T09:38:57.355707+00:00,sezamo,28631,Varancha Vin rosu sec bag in box Feteasca Neagra IG,42.19,RON,,0,catalogue,1
2026-08-11T09:38:57.356123+00:00,sezamo,28630,Varancha Vin roze sec bag in box,42.29,RON,,0,catalogue,1
2026-08-11T09:38:57.356353+00:00,sezamo,28629,Varancha Vin alb sec bag in box Chardonnay IG,42.29,RON,,0,catalogue,1
2026-08-11T09:38:57.356560+00:00,sezamo,43342,Vila Fura Pinot Grigio delle Venezie Vin alb sec,42.99,RON,,0,catalogue,1
2026-08-11T09:38:57.356762+00:00,sezamo,43346,Angelli Ice Vin spumant demisec,43.99,RON,,0,catalogue,1
2026-08-11T09:38:57.357060+00:00,sezamo,20993,Cava La Brava Vin spumant brut,43.99,RON,,0,catalogue,1
2026-08-11T09:38:57.357280+00:00,sezamo,17449,Paul Mas Frog Arrogant Tutti Frutti Vin rosu sec,43.99,RON,,0,catalogue,1
2026-08-11T09:38:57.357486+00:00,sezamo,23093,Basilescu Ingeri din Micul Paris Vin alb sec Feteasca Alba,44.29,RON,,0,catalogue,1
2026-08-11T09:38:57.357705+00:00,sezamo,21294,Crama Viisoara Vin roze demisec Cabernet Sauvignon,44.29,RON,,0,catalogue,1
2026-08-11T09:38:57.357929+00:00,sezamo,21291,Crama Viisoara Vin alb demisec Muscat Ottonel,44.29,RON,,0,catalogue,1
2026-08-11T09:38:57.358325+00:00,sezamo,16207,Rose Mary Prosecco rose,44.99,RON,,0,catalogue,1
2026-08-11T09:38:57.358490+00:00,sezamo,27520,Freamat Vin rose sec,45.29,RON,,0,catalogue,1
2026-08-11T09:38:57.359081+00:00,sezamo,35053,Mionetto Prosecco Rosé DOC,45.89,RON,49.49,1,catalogue,1
2026-08-11T09:38:57.359259+00:00,sezamo,39931,Pasqua Prosecco Brut R&J Vin spumant,45.99,RON,,0,catalogue,1
2026-08-11T09:38:57.359649+00:00,sezamo,20998,Cava Selecta Vin spumant brut nature,46.29,RON,,0,catalogue,1
2026-08-11T09:38:57.359842+00:00,sezamo,4963,Freixenet Carta Nevada Vin spumant premium demisec,46.29,RON,,0,catalogue,1
2026-08-11T09:38:57.360409+00:00,sezamo,4916,Angelli Cuvee Deluxe Vin spumant alb extra sec,47.49,RON,,0,catalogue,1
2026-08-11T09:38:57.360577+00:00,sezamo,4918,Angelli Cuvee Deluxe Vin spumant rose extra sec,47.49,RON,,0,catalogue,1
2026-08-11T09:38:57.360753+00:00,sezamo,21917,Crama Starmina Cuvee Vin alb demisec,47.99,RON,,0,catalogue,1
2026-08-11T09:38:57.360973+00:00,sezamo,41430,Tectonic Rezerva Cuvee Cotesti DOC CMD vin rosu sec,48.29,RON,,0,catalogue,1
2026-08-11T09:38:57.361247+00:00,sezamo,10860,Aurelia Visinescu Promessa Vin rosu sec Feteasca Neagra&Syrah,48.29,RON,,0,catalogue,1
2026-08-11T09:38:57.361465+00:00,sezamo,21918,Crama Starmina Vin rosu sec Merlot,48.29,RON,,0,catalogue,1
2026-08-11T09:38:57.361652+00:00,sezamo,41429,Tectonic Rezerva Cuvee Cotesti DOC CMD Vin rose sec,48.29,RON,,0,catalogue,1
2026-08-11T09:38:57.361871+00:00,sezamo,21920,Crama Starmina Cuvee Vin roze demisec,48.49,RON,,0,catalogue,1
2026-08-11T09:38:57.362054+00:00,sezamo,39944,Pellegrino Diantha Vin alb,48.49,RON,,0,catalogue,1
2026-08-11T09:38:57.362244+00:00,sezamo,21919,Crama Starmina Vin roze demidulce Varietal,48.49,RON,,0,catalogue,1
2026-08-11T09:38:57.362420+00:00,sezamo,25133,Grande Alberone Vino D'Italia Bianco Vin alb sec,48.49,RON,,0,catalogue,1
2026-08-11T09:38:57.362607+00:00,sezamo,28619,Cuartz Vin spumant roze extrasec,48.79,RON,,0,catalogue,1
2026-08-11T09:38:57.362806+00:00,sezamo,43345,Aveleda Fonte Vinho Verde Screwcap Vin rose,48.99,RON,,0,catalogue,1
2026-08-11T09:38:57.363017+00:00,sezamo,15035,Chateau Vartely Individo Vin rosu sec Merlot & Cabernet Sauvignon,48.99,RON,,0,catalogue,1
2026-08-11T09:38:57.363245+00:00,sezamo,15029,Chateau Vartely Individo Vin alb sec Pinot Gris & Chardonnay,48.99,RON,,0,catalogue,1
2026-08-11T09:38:57.363450+00:00,sezamo,31698,Tre di Tre Botter Vin rosu sec,49.49,RON,,0,catalogue,1
2026-08-11T09:38:57.363631+00:00,sezamo,31700,Due di Due Botter Vin rosu sec,49.99,RON,,0,catalogue,1
2026-08-11T09:38:57.363847+00:00,sezamo,43872,Sogrape Mateus Martisor Vin Rose demisec,49.99,RON,,0,catalogue,1
2026-08-11T09:38:57.364040+00:00,sezamo,21903,Avenue Alb de Starmina Vin alb sec Sauvignon Blanc,50.89,RON,,0,catalogue,1
2026-08-11T09:38:57.364245+00:00,sezamo,4955,Mionetto IL Prosecco Vin frizzante prosecco,50.99,RON,,0,catalogue,1
2026-08-11T09:38:57.364431+00:00,sezamo,34607,Osborne Vin rosu Cream Sherry,51.49,RON,,0,catalogue,1
2026-08-11T09:38:57.364622+00:00,sezamo,16699,Rose Verite Vin spumant rose brut Merlot,51.99,RON,,0,catalogue,1
2026-08-11T09:38:57.364857+00:00,sezamo,27517,Friza Vin alb sec,51.99,RON,,0,catalogue,1
2026-08-11T09:38:57.365076+00:00,sezamo,40434,Aurelia Visinescu ECO Promessa Rose Vin rose,51.99,RON,,0,catalogue,1
2026-08-11T09:38:57.365289+00:00,sezamo,25149,Tinazzi Ista Ca De Rocchi Pinot Grigio Delle Venezie DOP Vin alb sec,52.49,RON,,0,catalogue,1
2026-08-11T09:38:57.365678+00:00,sezamo,27519,Freamat Vin alb sec,52.99,RON,,0,catalogue,1
2026-08-11T09:38:57.365866+00:00,sezamo,32698,Botter Susumaniello Salento Vin rosu sec,52.99,RON,,0,catalogue,1
2026-08-11T09:38:57.366061+00:00,sezamo,5850,Serena 1881 Prosecco alb brut DOC,52.99,RON,,0,catalogue,1
2026-08-11T09:38:57.367447+00:00,sezamo,28633,Varancha Vin rosu bag in box,54.99,RON,,0,catalogue,1
2026-08-11T09:38:57.367626+00:00,sezamo,46157,Saint Pierre Secret Vin rose sec,54.99,RON,,0,catalogue,1
2026-08-11T09:38:57.367844+00:00,sezamo,46158,Saint Pierre Tradition Vin rose sec,54.99,RON,,0,catalogue,1
2026-08-11T09:38:57.368036+00:00,sezamo,28632,Varancha Vin alb bag in box,54.99,RON,,0,catalogue,1
2026-08-11T09:38:57.368223+00:00,sezamo,46156,Saint Pierre Tradition Blanc Vin alb sec,54.99,RON,,0,catalogue,1
2026-08-11T09:38:57.368403+00:00,sezamo,21901,Nedeea Vin roze sec Babeasca Neagra & Feteasca Neagra,55.59,RON,,0,catalogue,1
2026-08-11T09:38:57.368598+00:00,sezamo,21902,Nedeea Vin rosu sec Feteasca Neagra & Novac & Negru de Dragasani,55.99,RON,,0,catalogue,1
2026-08-11T09:38:57.368869+00:00,sezamo,40430,Aurelia Visinescu Artisan White Vin alb,55.99,RON,,0,catalogue,1
2026-08-11T09:38:57.369100+00:00,sezamo,21009,Zonin Prosecco D.O.C. spumante brut,55.99,RON,,0,catalogue,1
2026-08-11T09:38:57.369292+00:00,sezamo,8940,Lacerta Blanc de Noir Vin alb sec,55.99,RON,,0,catalogue,1
2026-08-11T09:38:57.369497+00:00,sezamo,4947,Mionetto Orange DOC Treviso Vin spumant prosecco brut,55.99,RON,,0,catalogue,1
2026-08-11T09:38:57.369704+00:00,sezamo,30433,Scavi&Ray Ice Prestige,56.59,RON,,0,catalogue,1
2026-08-11T09:38:57.369918+00:00,sezamo,21900,Nedeea Vin alb sec Feteasca alba & Feteasca Regala & Tamaioasa Romaneasca,56.99,RON,,0,catalogue,1
2026-08-11T09:38:57.370136+00:00,sezamo,10852,Aurelia Visinescu Karakter Rose Vin rose sec,56.99,RON,,0,catalogue,1
2026-08-11T09:38:57.370331+00:00,sezamo,9900,Zarea Vin spumant alb brut Diamond Collection Metoda Traditionala,56.99,RON,,0,catalogue,1
2026-08-11T09:38:57.370525+00:00,sezamo,35045,Freixenet Pinot Grigio DOC Garda Vin,56.99,RON,,0,catalogue,1
2026-08-11T09:38:57.370721+00:00,sezamo,1838,Averesti Diamond Vin rose demidulce Busuioaca de Averesti,56.99,RON,,0,catalogue,1
2026-08-11T09:38:57.370946+00:00,sezamo,9893,Zarea Prosecco Vin Spumant demisec alb Colectia Bella Vita,56.99,RON,,0,catalogue,1
2026-08-11T09:38:57.371134+00:00,sezamo,9894,Zarea Prosecco Vin Spumant extrasec alb Colectia Bella Vita,56.99,RON,,0,catalogue,1
2026-08-11T09:38:57.371383+00:00,sezamo,35057,Freixenet Italian Rose IGT Veneto Vin,56.99,RON,,0,catalogue,1
2026-08-11T09:38:57.371677+00:00,sezamo,4962,Freixenet Cordon Rosado Vin spumant premium sec,57.59,RON,,0,catalogue,1
2026-08-11T09:38:57.372036+00:00,sezamo,4961,Freixenet Cordon Negro Vin spumant premium brut,57.59,RON,,0,catalogue,1
2026-08-11T09:38:57.372366+00:00,sezamo,17443,Paul Mas Frog Arrogant Ribet Pink Vin rose sec Syrah,57.59,RON,,0,catalogue,1
2026-08-11T09:38:57.372717+00:00,sezamo,40429,Aurelia Visinescu Karakter Chardonnay Vin alb,57.99,RON,,0,catalogue,1
2026-08-11T09:38:57.373135+00:00,sezamo,10850,Aurelia Visinescu Karakter Vin alb sec Sauvignon Blanc,57.99,RON,,0,catalogue,1
2026-08-11T09:38:57.373488+00:00,sezamo,43335,Calecara Appassimento di Puglia Vin rosu,57.99,RON,,0,catalogue,1
2026-08-11T09:38:57.373853+00:00,sezamo,43336,Calecara Primitivo di Puglia Vin rosu,57.99,RON,,0,catalogue,1
2026-08-11T09:38:57.374181+00:00,sezamo,39933,Pasqua 11 Minutes Rose Vin rose,57.99,RON,,0,catalogue,1
2026-08-11T09:38:57.374495+00:00,sezamo,43325,Villa Fura Prosecco D.O.C. Vin spumant brut,58.99,RON,,0,catalogue,1
2026-08-11T09:38:57.374856+00:00,sezamo,43341,Tombacco Terre di Chieti Pecorino Abruzzo IGT Vin alb,58.99,RON,,0,catalogue,1
2026-08-11T09:38:57.375091+00:00,sezamo,17439,Paul Mas Frog Arrogant Ribet Vin rosu sec Cabernet&Merlot,59.59,RON,,0,catalogue,1
2026-08-11T09:38:57.375310+00:00,sezamo,9899,Zarea Vin spumant rose sec Diamond Collection Metoda Traditionala,59.99,RON,,0,catalogue,1
2026-08-11T09:38:57.375505+00:00,sezamo,46538,Allegrini Corte Giara Pinot Grigio Delle Venezie Vin alb sec,59.99,RON,,0,catalogue,1
2026-08-11T09:38:57.375711+00:00,sezamo,43347,Furst von Metternich Vin spumant alb sec,59.99,RON,,0,catalogue,1
2026-08-11T09:38:57.375928+00:00,sezamo,41422,Produttori Di Manduria Electric Bee Primitivo Vin rosu,59.99,RON,,0,catalogue,1
2026-08-11T09:38:57.376180+00:00,sezamo,43343,Domaine de Cantarelle Amor Vin rose,59.99,RON,,0,catalogue,1
2026-08-11T09:38:57.376377+00:00,sezamo,9896,Zarea Vin spumant rose Royal Gold cu foita de aur 23K,59.99,RON,,0,catalogue,1
2026-08-11T09:38:57.376584+00:00,sezamo,9897,Zarea Vin spumant alb Royal Gold cu foita de aur 23K,59.99,RON,,0,catalogue,1
2026-08-11T09:38:57.376848+00:00,sezamo,30441,Scavi&Ray Prosecco Rose DOC,60.59,RON,,0,catalogue,1
2026-08-11T09:38:57.377199+00:00,sezamo,40075,Carpathia Feteasca Neagra DOC Vin rosu sec,60.99,RON,,0,catalogue,1
2026-08-11T09:38:57.377511+00:00,sezamo,40074,Carpathia Sauvignon Blanc DOC Vin alb sec,60.99,RON,,0,catalogue,1
2026-08-11T09:38:57.377703+00:00,sezamo,39932,Pasqua Prosecco Rose R&J Vin spumant,60.99,RON,,0,catalogue,1
2026-08-11T09:38:57.377946+00:00,sezamo,40077,Carpathia Cupaj Cabernet Sauvignon & Merlot DOC Vin rosu sec,60.99,RON,,0,catalogue,1
2026-08-11T09:38:57.378149+00:00,sezamo,39935,Pasqua Rosso R&J Vin rosu,60.99,RON,,0,catalogue,1
2026-08-11T09:38:57.378336+00:00,sezamo,40073,Carpathia Chardonnay DOC Vin alb sec,60.99,RON,,0,catalogue,1
2026-08-11T09:38:57.378509+00:00,sezamo,31331,Aurelius Cabernet Sauvignon Vin rosu sec,61.79,RON,,0,catalogue,1
2026-08-11T09:38:57.378688+00:00,sezamo,22165,Passo Del Sud Pecorino Vin alb sec,61.79,RON,,0,catalogue,1
2026-08-11T09:38:57.378954+00:00,sezamo,31333,Aurelius Feteasca Neagra Vin rosu sec,61.79,RON,,0,catalogue,1
2026-08-11T09:38:57.379130+00:00,sezamo,43561,Vinum Sauvignon Blanc Vin alb sec,61.99,RON,,0,catalogue,1
2026-08-11T09:38:57.379335+00:00,sezamo,21274,Crama Viisoara Luna Vin alb dulce,61.99,RON,,0,catalogue,1
2026-08-11T09:38:57.379552+00:00,sezamo,40076,Carpathia Rose DOC Vin rose sec,61.99,RON,,0,catalogue,1
2026-08-11T09:38:57.379735+00:00,sezamo,34609,Osborne Vin rosu Porto Ruby,61.99,RON,,0,catalogue,1
2026-08-11T09:38:57.379942+00:00,sezamo,16255,Vidiano Vin alb sec,61.99,RON,,0,catalogue,1
2026-08-11T09:38:57.380145+00:00,sezamo,3322,Caii de la Letea Volumul 2 Sauvignon Blanc Fume Vin alb sec,61.99,RON,,0,catalogue,1
2026-08-11T09:38:57.380366+00:00,sezamo,3321,Caii de la Letea Volumul 2 Aligote Vin alb sec,61.99,RON,,0,catalogue,1
2026-08-11T09:38:57.380567+00:00,sezamo,3323,Caii de la Letea Volumul 2 Cabernet Sauvignon Vin rosu sec,61.99,RON,,0,catalogue,1
2026-08-11T09:38:57.380765+00:00,sezamo,21910,Prince Mircea Vin rosu sec Feteasca Neagra,61.99,RON,,0,catalogue,1
2026-08-11T09:38:57.381026+00:00,sezamo,23136,Choya Vin Original UME,61.99,RON,,0,catalogue,1
2026-08-11T09:38:57.381218+00:00,sezamo,22152,Montelvini Master Prosecco Brut,61.99,RON,,0,catalogue,1
2026-08-11T09:38:57.381395+00:00,sezamo,6124,Domeniul Bogdan Cuvee Experience ECO Vin alb sec,61.99,RON,,0,catalogue,1
2026-08-11T09:38:57.381651+00:00,sezamo,10847,Aurelia Visinescu Artisan Red Vin rosu sec,62.99,RON,,0,catalogue,1
2026-08-11T09:38:57.381877+00:00,sezamo,21907,Prince Mircea Vin rosu sec Merlot,62.99,RON,,0,catalogue,1
2026-08-11T09:38:57.382069+00:00,sezamo,46874,Salentein Callia Syrah Malbec 2024 Vin rosu sec,62.99,RON,,0,catalogue,1
2026-08-11T09:38:57.382285+00:00,sezamo,21909,Prince Mircea Vin rosu sec Cabernet Sauvignon,62.99,RON,,0,catalogue,1
2026-08-11T09:38:57.382657+00:00,sezamo,43547,Mircesti Rose Cherry Flower Vin rose demisec,63.99,RON,,0,catalogue,1
2026-08-11T09:38:57.382866+00:00,sezamo,8021,Bendis Rose Petro Vaselo Vin spumant rose brut,64.99,RON,,0,catalogue,1
2026-08-11T09:38:57.383058+00:00,sezamo,15037,Chateau Vartely Individo Vin rosu sec Saperavi editie limitata,64.99,RON,,0,catalogue,1
2026-08-11T09:38:57.383292+00:00,sezamo,4945,Mionetto Yellow DOCG Valdobbiadene Vin spumant prosecco alb,64.99,RON,,0,catalogue,1
2026-08-11T09:38:57.383526+00:00,sezamo,46873,Salentein Callia Chardonnay Torrontes 2024 Vin alb sec,64.99,RON,,0,catalogue,1
2026-08-11T09:38:57.383728+00:00,sezamo,46870,Leopard's Leap Shiraz 2023 Vin rosu sec,64.99,RON,,0,catalogue,1
2026-08-11T09:38:57.383975+00:00,sezamo,21913,Prince Mircea Rose D'excellence Vin roze sec Merlot & Cabernet Sauvignon,65.99,RON,,0,catalogue,1
2026-08-11T09:38:57.384371+00:00,sezamo,40436,Aurelia Visinescu Karakter Cabernet Sauvignon Vin rosu,66.99,RON,,0,catalogue,1
2026-08-11T09:38:57.384571+00:00,sezamo,4954,Mionetto ECO DOC Vin spumant prosecco,66.99,RON,,0,catalogue,1
2026-08-11T09:38:57.384758+00:00,sezamo,35055,Freixenet Chianti DOCG Vin rosu sec,67.69,RON,,0,catalogue,1
2026-08-11T09:38:57.385081+00:00,sezamo,31706,Brilla Extra Dry Prosecco,67.89,RON,,0,catalogue,1
2026-08-11T09:38:57.385261+00:00,sezamo,25131,Grande Alberone Platinum Collection Zinfandel Vin rosu sec,67.99,RON,,0,catalogue,1
2026-08-11T09:38:57.385647+00:00,sezamo,43541,Maestro Prosecco Millesimato DOC Extra Dry,68.99,RON,,0,catalogue,1
2026-08-11T09:38:57.385853+00:00,sezamo,5608,Cecchi Chianti Classico Storia di Famiglia DOCG Vin rosu,68.99,RON,,0,catalogue,1
2026-08-11T09:38:57.386073+00:00,sezamo,43337,Calecara Primitivo di Manduria Vin rosu,68.99,RON,,0,catalogue,1
2026-08-11T09:38:57.386271+00:00,sezamo,43330,Hola Barcelona Verde Organic Cava Vin spumant Brut,68.99,RON,,0,catalogue,1
2026-08-11T09:38:57.386476+00:00,sezamo,46879,Cantina Tramin 2025 Vigneti delle Dolomiti IGT Vin Alb Sec,69.99,RON,,0,catalogue,1
2026-08-11T09:38:57.386688+00:00,sezamo,23089,Basilescu Golem Vin alb,69.99,RON,,0,catalogue,1
2026-08-11T09:38:57.386898+00:00,sezamo,46153,Tombacco Primitivo DOC Manduria Vin rosu sec,69.99,RON,,0,catalogue,1
2026-08-11T09:38:57.387118+00:00,sezamo,9902,Zarea 100 Vin Spumant brut Metoda Traditionala,70.99,RON,,0,catalogue,1
2026-08-11T09:38:57.387334+00:00,sezamo,39948,Carlo Pellegrino Marsala Vin rosu,70.99,RON,,0,catalogue,1
2026-08-11T09:38:57.387821+00:00,sezamo,32846,Marcati Prosecco exra dry doc,71.19,RON,,0,catalogue,1
2026-08-11T09:38:57.388137+00:00,sezamo,43338,Capo Zafferanno Appasimento Rosso di Puglia Vin rosu,71.99,RON,,0,catalogue,1
2026-08-11T09:38:57.388549+00:00,sezamo,43339,Capo Zafferanno Primitivo di Puglia Vin rosu,71.99,RON,,0,catalogue,1
2026-08-11T09:38:57.389020+00:00,sezamo,9679,Taylor’s Fine White Vin de Porto Vin alb dulce,71.99,RON,,0,catalogue,1
2026-08-11T09:38:57.389505+00:00,sezamo,25144,Foss Marai Marai De Marai Extra Dry Vin spumant alb Cutie Cadou,71.99,RON,,0,catalogue,1
2026-08-11T09:38:57.389744+00:00,sezamo,4124,Dragaica Rosie Vin rosu sec,71.99,RON,,0,catalogue,1
2026-08-11T09:38:57.389957+00:00,sezamo,10885,Crama Bratu Vin rosu demisec Feteasca Neagra Bag-in-Box,71.99,RON,,0,catalogue,1
2026-08-11T09:38:57.390164+00:00,sezamo,21295,Crama Viisoara Vin roze demisec Cabernet Sauvignon,71.99,RON,,0,catalogue,1
2026-08-11T09:38:57.390371+00:00,sezamo,5906,Serena Wines ECO Prosecco alb brut DOC,71.99,RON,,0,catalogue,1
2026-08-11T09:38:57.390682+00:00,sezamo,41671,Bacanta Chardonnay Barrique DOC CMD Cotesti Vin alb sec,71.99,RON,,0,catalogue,1
2026-08-11T09:38:57.391101+00:00,sezamo,20698,Paul Mas Jean Claude Mas Mon Gewurztraminer Vin alb sec,71.99,RON,,0,catalogue,1
2026-08-11T09:38:57.391480+00:00,sezamo,10887,Crama Bratu Vin rosu demisec Rose Bag-in-Box,71.99,RON,,0,catalogue,1
2026-08-11T09:38:57.391857+00:00,sezamo,10888,Crama Bratu Vin alb sec Feteasca Regala Bag-in-Box,71.99,RON,,0,catalogue,1
2026-08-11T09:38:57.392574+00:00,sezamo,35049,Mionetto Prosecco Superiore D.O.C.G. Valdobbiadene Vin spumant,72.99,RON,,0,catalogue,1
2026-08-11T09:38:57.393070+00:00,sezamo,46532,Cecilia Beretta Prosecco brut DOC,72.99,RON,,0,catalogue,1
2026-08-11T09:38:57.393427+00:00,sezamo,46531,Cecilia Beretta Prosecco Extra Dry DOC,72.99,RON,,0,catalogue,1
2026-08-11T09:38:57.394249+00:00,sezamo,31503,Rose Verite Vin rose sec Cabernet Sauvignon,73.99,RON,,0,catalogue,1
2026-08-11T09:38:57.394805+00:00,sezamo,25100,Anno Vin alb sec Sauvignon Blanc,74.09,RON,,0,catalogue,1
2026-08-11T09:38:57.395022+00:00,sezamo,21915,Soare Blanc de Noir Vin alb sec Cabernet Sauvignon,74.99,RON,,0,catalogue,1
2026-08-11T09:38:57.395231+00:00,sezamo,6121,Domeniul Bogdan Primordial ECO Vin alb sec Chardonnay,75.99,RON,,0,catalogue,1
2026-08-11T09:38:57.395451+00:00,sezamo,46878,Salentein Portillo Sauvignon Blanc 2024 Vin Alb Sec,75.99,RON,,0,catalogue,1
2026-08-11T09:38:57.395647+00:00,sezamo,46876,Salentein Portillo Malbec 2024 Vin rosu sec,75.99,RON,,0,catalogue,1
2026-08-11T09:38:57.395894+00:00,sezamo,23087,Basilescu Ingerii din Micul Paris Rouge Vin rosu sec,76.99,RON,,0,catalogue,1
2026-08-11T09:38:57.396273+00:00,sezamo,43322,Anno Domini ECO prosecco Millesimato D.O.C. Vin spumant sec,76.99,RON,,0,catalogue,1
2026-08-11T09:38:57.396463+00:00,sezamo,23092,Basilescu Autentique Vin rosu sec Feteasca Neagra,76.99,RON,,0,catalogue,1
2026-08-11T09:38:57.396660+00:00,sezamo,4959,Freixenet Prosecco DOC Vin spumant prosecco alb,76.99,RON,,0,catalogue,1
2026-08-11T09:38:57.396885+00:00,sezamo,10765,Bernard Magrez Aries Mendoza Argentina Vin rosu sec,102.99,RON,,0,catalogue,1
2026-08-11T09:38:57.397309+00:00,sezamo,4340,Purcari Vinohora Vin rose sec Feteasca Neagra & Pinot Grigio,76.99,RON,,0,catalogue,1
2026-08-11T09:38:57.397581+00:00,sezamo,35039,Gratien & Meyer Crémant de Loire AOC Vin spumant alb,76.99,RON,,0,catalogue,1
2026-08-11T09:38:57.397838+00:00,sezamo,40253,Boss Monsieur Prosecco Alb,77.99,RON,,0,catalogue,1
2026-08-11T09:38:57.398016+00:00,sezamo,40248,Boss Madame Prosecco Rose,77.99,RON,,0,catalogue,1
2026-08-11T09:38:57.398180+00:00,sezamo,20701,Lacerta Blaufraenkisch Vin rosu sec,79.09,RON,,0,catalogue,1
2026-08-11T09:38:57.398353+00:00,sezamo,46530,Gueissard Cotes De Provence Rose Vin rose sec,79.99,RON,,0,catalogue,1
2026-08-11T09:38:57.399017+00:00,sezamo,9659,Taylor’s Fine Tawny Vin de Porto Vin rosu dulce,80.99,RON,,0,catalogue,1
2026-08-11T09:38:57.399268+00:00,sezamo,28616,Bacanta Sarba Barrique Vin alb sec DOC,80.99,RON,,0,catalogue,1
2026-08-11T09:38:57.399453+00:00,sezamo,25147,Foss Marai Strada Di Guia 109 Prosecco Valdobbiadene DOCG Extra Dry,81.39,RON,,0,catalogue,1
2026-08-11T09:38:57.399694+00:00,sezamo,43332,Hola Barcelona Mediteraneo Organic Vin spumant Brut,81.99,RON,,0,catalogue,1
2026-08-11T09:38:57.399929+00:00,sezamo,43331,Hola Barcelona Mediteraneo Organic Vin spumant rose,81.99,RON,,0,catalogue,1
2026-08-11T09:38:57.400123+00:00,sezamo,25142,Foss Marai Gold Cuvee Brut Vin spumant alb,82.29,RON,,0,catalogue,1
2026-08-11T09:38:57.400321+00:00,sezamo,15057,Crama Mircesti Bardul din Mircesti fume blanc Vin alb sec Sauvignon Blanc,82.99,RON,,0,catalogue,1
2026-08-11T09:38:57.400580+00:00,sezamo,43324,Anno Domini ECO Prosseco Millesimato D.O.C. Vin spumant rose sec,82.99,RON,,0,catalogue,1
2026-08-11T09:38:57.400805+00:00,sezamo,10772,Hacienda Lopez De Haro Rioja Crianza Vin rosu sec,82.99,RON,,0,catalogue,1
2026-08-11T09:38:57.401088+00:00,sezamo,43323,Anno Domini ECO Prosecco Millesimato Vin spumant extra brut,82.99,RON,,0,catalogue,1
2026-08-11T09:38:57.401286+00:00,sezamo,25146,Foss Marai Strada Di Guia 109 Prosecco Valdobbiadene DOCG Brut,82.99,RON,,0,catalogue,1
2026-08-11T09:38:57.401495+00:00,sezamo,9086,Liliac Red Cuvee Vin rosu sec Feteasca Neagra & Merlot & Pinot Noir,83.99,RON,,0,catalogue,1
2026-08-11T09:38:57.401697+00:00,sezamo,8939,Lacerta Cuvee X Vin alb sec,83.99,RON,,0,catalogue,1
2026-08-11T09:38:57.401916+00:00,sezamo,25103,Anno Vin rosu sec Feteasca Neagra,83.99,RON,,0,catalogue,1
2026-08-11T09:38:57.402104+00:00,sezamo,3413,Mirabilis Machina Vin rosu sec Cabernet Sauvignon si Feteasca Neagra,83.99,RON,,0,catalogue,1
2026-08-11T09:38:57.402319+00:00,sezamo,25101,Anno Vin rosu sec Merlot,83.99,RON,,0,catalogue,1
2026-08-11T09:38:57.402695+00:00,sezamo,31745,Purcari 1827 Limited Edition Malbec Vin rosu sec,84.99,RON,,0,catalogue,1
2026-08-11T09:38:57.402917+00:00,sezamo,4939,Mionetto Luxury DOC Vin spumant prosecco rose,84.99,RON,,0,catalogue,1
2026-08-11T09:38:57.403108+00:00,sezamo,4336,Purcari Limited Edition 1827 Vin rosu sec Shiraz,85.99,RON,,0,catalogue,1
2026-08-11T09:38:57.403313+00:00,sezamo,41670,Bacanta Feteasca Neagra DOC CMD Cotesti Vin rosu sec,85.99,RON,,0,catalogue,1
2026-08-11T09:38:57.403513+00:00,sezamo,4338,Purcari Limited Edition 1827 Vin rosu sec Maluri de Prut,85.99,RON,,0,catalogue,1
2026-08-11T09:38:57.403708+00:00,sezamo,28615,Bacanta Merlot Barrique Vin rosu sec DOC,85.99,RON,,0,catalogue,1
2026-08-11T09:38:57.403942+00:00,sezamo,3414,Mirabilis Machina Vin alb sec Pinot Noir Blanc de Noir,86.49,RON,,0,catalogue,1
2026-08-11T09:38:57.404152+00:00,sezamo,4113,Sole Vin alb sec Chardonnay,86.99,RON,,0,catalogue,1
2026-08-11T09:38:57.404328+00:00,sezamo,46883,Nachbil Riesling De Rhin 2024 ECO Vin rosu sec,86.99,RON,,0,catalogue,1
2026-08-11T09:38:57.404537+00:00,sezamo,46533,Cecilia Beretta Prosecco Millesimato brut DOCG,86.99,RON,,0,catalogue,1
2026-08-11T09:38:57.404733+00:00,sezamo,41672,Bacanta Sauvignon Blanc Fume DOC CMD Cotesti Vin alb sec,86.99,RON,,0,catalogue,1
2026-08-11T09:38:57.404966+00:00,sezamo,28617,Bacanta Traminer Vin roze sec DOC,86.99,RON,,0,catalogue,1
2026-08-11T09:38:57.405229+00:00,sezamo,10853,Aurelia Visinescu Anima Vin alb sec Chardonnay,86.99,RON,,0,catalogue,1
2026-08-11T09:38:57.405430+00:00,sezamo,4115,Muse Stars Vin alb spumant brut,87.99,RON,,0,catalogue,1
2026-08-11T09:38:57.405590+00:00,sezamo,24688,I Frati Ca Dei Frati Lugana Vin alb sec,89.99,RON,,0,catalogue,1
2026-08-11T09:38:57.405808+00:00,sezamo,43544,Maestro Secret Blend Reserve Vin rosu demisec,89.99,RON,,0,catalogue,1
2026-08-11T09:38:57.406014+00:00,sezamo,43546,Maestro Chardonnay Barrique Vin alb sec,89.99,RON,,0,catalogue,1
2026-08-11T09:38:57.406210+00:00,sezamo,43340,Capo Zafferanno Primitivo di Manduria Vin rosu,90.99,RON,,0,catalogue,1
2026-08-11T09:38:57.406421+00:00,sezamo,4941,Mionetto Luxury DOCG Rive di Santo Stefano Millesimato Vin spumant prosecco alb,91.99,RON,,0,catalogue,1
2026-08-11T09:38:57.406653+00:00,sezamo,25143,Foss Marai Guia Prosecco Valdobbiadene DOCG Millesimato Brut,92.99,RON,,0,catalogue,1
2026-08-11T09:38:57.406883+00:00,sezamo,9903,Mott Vin Spumant Extrasec Alb Metoda Traditionala,92.99,RON,,0,catalogue,1
2026-08-11T09:38:57.407148+00:00,sezamo,15043,Chateau Vartely Taraboste alb Vin alb sec Chardonnay,94.99,RON,,0,catalogue,1
2026-08-11T09:38:57.407519+00:00,sezamo,39949,CVBG Veuve Ambal Vin spumant brut,95.99,RON,,0,catalogue,1
2026-08-11T09:38:57.407690+00:00,sezamo,8935,Lacerta Vin rosu sec Cabernet Sauvignon Shiraz,96.49,RON,,0,catalogue,1
2026-08-11T09:38:57.407903+00:00,sezamo,21916,Soare Roze Vin roze sec Cabernet Sauvignon,96.59,RON,,0,catalogue,1
2026-08-11T09:38:57.408280+00:00,sezamo,46932,Cipriani Vin spumant brut rose,99.99,RON,,0,catalogue,1
2026-08-11T09:38:57.408443+00:00,sezamo,46931,Cipriani Prosecco spumant brut,99.99,RON,,0,catalogue,1
2026-08-11T09:38:57.408612+00:00,sezamo,22167,Falsole Rosso Verona Vin rosu sec,100.99,RON,,0,catalogue,1
2026-08-11T09:38:57.408822+00:00,sezamo,23088,Basilescu Golem Vin rosu sec,101.99,RON,,0,catalogue,1
2026-08-11T09:38:57.409153+00:00,sezamo,25126,Elettra Primitivo & Negroamaro Puglia IGT Vin rosu sec,102.99,RON,,0,catalogue,1
2026-08-11T09:38:57.409385+00:00,sezamo,31701,Primitivo Quatro Passi Villa Degli Olmi Vin rosu sec,102.99,RON,,0,catalogue,1
2026-08-11T09:38:57.409581+00:00,sezamo,4121,Solo Quinta Vin alb sec,103.99,RON,,0,catalogue,1
2026-08-11T09:38:57.409803+00:00,sezamo,8937,Lacerta Vin rosu sec Feteasca Neagra,103.99,RON,,0,catalogue,1
2026-08-11T09:38:57.409998+00:00,sezamo,15250,Louis Latour Ardeche Vin alb sec Chardonnay,106.99,RON,,0,catalogue,1
2026-08-11T09:38:57.410186+00:00,sezamo,15045,Chateau Vartely Spumant clasic alb brut Chardonnay,109.99,RON,,0,catalogue,1
2026-08-11T09:38:57.410361+00:00,sezamo,43553,Pripa Saperavi Vin rosu sec,112.99,RON,,0,catalogue,1
2026-08-11T09:38:57.410533+00:00,sezamo,43554,Pripa Feteasca Neagra Vin Rosu Sec,112.99,RON,,0,catalogue,1
2026-08-11T09:38:57.410711+00:00,sezamo,38720,Torri Bakan Montepulciano D’Abruzzo Vin rosu sec,112.99,RON,,0,catalogue,1
2026-08-11T09:38:57.410963+00:00,sezamo,43552,Pripa Rara Neagra Vin rosu sec,112.99,RON,,0,catalogue,1
2026-08-11T09:38:57.411144+00:00,sezamo,10854,Aurelia Visinescu Anima Vin rosu sec Merlot,113.99,RON,,0,catalogue,1
2026-08-11T09:38:57.411353+00:00,sezamo,31717,Fasoli Gino Lugana Vin alb sec,113.99,RON,,0,catalogue,1
2026-08-11T09:38:57.411523+00:00,sezamo,7773,Gitana Winery Vin rosu sec Saperavi,113.99,RON,,0,catalogue,1
2026-08-11T09:38:57.411713+00:00,sezamo,15259,Castello Banfi San Angelo Vin alb sec Pinot Grigio Toscana,114.99,RON,,0,catalogue,1
2026-08-11T09:38:57.411958+00:00,sezamo,15044,Chateau Vartely Taraboste rosu Vin rosu sec Cabernet Sauvignon & Merlot,114.99,RON,,0,catalogue,1
2026-08-11T09:38:57.412191+00:00,sezamo,15260,Feudi Di San Gregorio Grecco di Tufo docg Vin alb sec,114.99,RON,,0,catalogue,1
2026-08-11T09:38:57.412408+00:00,sezamo,31699,Botter Tre di Tre Magnum Vin rosu sec,115.09,RON,,0,catalogue,1
2026-08-11T09:38:57.412583+00:00,sezamo,15257,Castello Banfi Rosa Regale spumante dolce+gb Spumant,115.99,RON,,0,catalogue,1
2026-08-11T09:38:57.412816+00:00,sezamo,46881,Nachbil Syrah 2022 ECO Vin rosu sec,119.99,RON,,0,catalogue,1
2026-08-11T09:38:57.413083+00:00,sezamo,43562,Vinum Feteasca Regala Vin spumant brut,120.99,RON,,0,catalogue,1
2026-08-11T09:38:57.413263+00:00,sezamo,9664,Baron Edmond de Rothschild Rimapere Vin alb sec Sauvignon Blanc,121.99,RON,,0,catalogue,1
2026-08-11T09:38:57.413496+00:00,sezamo,25136,Ronco Di Sassi Primitivo Di Manduria Riserva DOC Vin rosu sec,123.99,RON,,0,catalogue,1
2026-08-11T09:38:57.413721+00:00,sezamo,25135,Ronco Di Sassi Primitivo Appassimento Vin rosu sec,123.99,RON,,0,catalogue,1
2026-08-11T09:38:57.413963+00:00,sezamo,46536,Mottura Stilio Primitivo Manduria DOC Vin rosu sec,124.99,RON,,0,catalogue,1
2026-08-11T09:38:57.414171+00:00,sezamo,46535,Mottura Rosone Negroamaro Salento IGT Vin rosu sec,124.99,RON,,0,catalogue,1
2026-08-11T09:38:57.414389+00:00,sezamo,8936,Lacerta Cuvee IX Vin rosu sec,127.99,RON,,0,catalogue,1
2026-08-11T09:38:57.414565+00:00,sezamo,21296,Crama Viisoara Vin roze demisec Cabernet Sauvignon,133.99,RON,,0,catalogue,1
2026-08-11T09:38:57.414834+00:00,sezamo,35048,Mionetto Magnum Prosecco D.O.C Treviso,133.99,RON,,0,catalogue,1
2026-08-11T09:38:57.415029+00:00,sezamo,21914,Soare Vin rosu sec Cabernet Sauvignon,137.99,RON,,0,catalogue,1
2026-08-11T09:38:57.415268+00:00,sezamo,10856,Aurelia Visinescu Anima Vin rosu sec Cabernet Sauvignon,140.99,RON,,0,catalogue,1
2026-08-11T09:38:57.415474+00:00,sezamo,5352,Davino Domaine Ceptura Rouge Vin rosu sec,142.99,RON,,0,catalogue,1
2026-08-11T09:38:57.415676+00:00,sezamo,15262,Clarendelle Bordeaux blanc Vin alb sec,148.99,RON,,0,catalogue,1
2026-08-11T09:38:57.417018+00:00,sezamo,9696,Lavantureux Chablis Vin alb sec,149.99,RON,,0,catalogue,1
2026-08-11T09:38:57.417217+00:00,sezamo,46529,Allegrini Lugana Oasi Mantellina 2023 Vin alb sec,149.99,RON,,0,catalogue,1
2026-08-11T09:38:57.417680+00:00,sezamo,15236,Simonnet Febvre Chablis Vin alb sec,152.99,RON,,0,catalogue,1
2026-08-11T09:38:57.417908+00:00,sezamo,15059,Crama Mircesti Bardul din Mircesti cuvee rouge Vin rosu sec Cabernet Sauvignon & Saperavi,159.99,RON,,0,catalogue,1
2026-08-11T09:38:57.418164+00:00,sezamo,46150,Muratori Franciacorta DOCG Vin alb spumant brut,159.99,RON,,0,catalogue,1
2026-08-11T09:38:57.418354+00:00,sezamo,46537,Jean Collet Chablis Vin alb sec,159.99,RON,,0,catalogue,1
2026-08-11T09:38:57.418534+00:00,sezamo,40435,Aurelia Visinescu Anima 3 Fete Negre Vin rosu,165.99,RON,,0,catalogue,1
2026-08-11T09:38:57.418738+00:00,sezamo,39938,Ferrari Maximum Brut Vin spumant,171.99,RON,,0,catalogue,1
2026-08-11T09:38:57.418950+00:00,sezamo,41669,Bacanta Reserva Premium Red Blend DOC CMD Cotesti Vin rosu sec,171.99,RON,,0,catalogue,1
2026-08-11T09:38:57.419204+00:00,sezamo,10857,Aurelia Visinescu Anima Grand Reserve Vin rosu sec,176.99,RON,,0,catalogue,1
2026-08-11T09:38:57.419406+00:00,sezamo,39937,Ferrari Rose Vin spumant,190.99,RON,,0,catalogue,1
2026-08-11T09:38:57.419573+00:00,sezamo,46527,Cecilia Beretta Amarone della Valpolicella DOCG Vin rosu sec,208.99,RON,,0,catalogue,1
2026-08-11T09:38:57.419827+00:00,sezamo,32701,Berlucchi 61 Franciacorta Vin spumant extra brut,215.99,RON,,0,catalogue,1
2026-08-11T09:38:57.420034+00:00,sezamo,15238,Calvet Chateauneuf Du Pape Rouge Vin rosu sec,219.99,RON,,0,catalogue,1
2026-08-11T09:38:57.420240+00:00,sezamo,11553,Equinox Sintagma Vin rosu sec 2018,227.99,RON,,0,catalogue,1
2026-08-11T09:38:57.420423+00:00,sezamo,39941,Canard Duchene Champagne Brut,229.99,RON,,0,catalogue,1
2026-08-11T09:38:57.420588+00:00,sezamo,5899,De Vilmont Sampanie Grande Reserve Cru brut,229.99,RON,,0,catalogue,1
2026-08-11T09:38:57.420808+00:00,sezamo,46149,Muratori Franciacorta DOCG Saten Vin alb brut,229.99,RON,,0,catalogue,1
2026-08-11T09:38:57.421127+00:00,sezamo,46148,Muratori Franciacorta DOCG Vin rose extra brut,229.99,RON,,0,catalogue,1
2026-08-11T09:38:57.421368+00:00,sezamo,39940,Ferrari Perle Vin spumant brut,233.99,RON,,0,catalogue,1
2026-08-11T09:38:57.421539+00:00,sezamo,32699,Berlucchi 61 Franciacorta Vin spumant rose brut,236.99,RON,,0,catalogue,1
2026-08-11T09:38:57.421731+00:00,sezamo,31323,Aurelius Ice Sparkling Wine Feteasca Regala Vin spumant alb,256.99,RON,,0,catalogue,1
2026-08-11T09:38:57.421966+00:00,sezamo,39943,Canard Duchene Iconic Blanc de Noirs Champagne,286.99,RON,,0,catalogue,1
2026-08-11T09:38:57.422162+00:00,sezamo,39942,Canard Duchene Iconic Blanc de Blancs Champagne,286.99,RON,,0,catalogue,1
2026-08-11T09:38:57.422355+00:00,sezamo,46528,Cecilia Beretta Amarone della Valpolicella DOCG Riserva Vin rosu sec,289.99,RON,,0,catalogue,1
2026-08-11T09:38:57.422591+00:00,sezamo,4122,La Stejari Vin rosu sec Merlot,290.99,RON,,0,catalogue,1
2026-08-11T09:38:57.422769+00:00,sezamo,31720,Amarone Tommasi Vin rosu sec,308.99,RON,,0,catalogue,1
2026-08-11T09:38:57.422982+00:00,sezamo,9699,Taylor’s 20 ani Tawny Vin de Porto Vin rosu dulce,351.99,RON,,0,catalogue,1
2026-08-11T09:38:57.423239+00:00,sezamo,40438,Aurelia Visinescu Anima 3 Fete Negre Vin rosu,386.99,RON,,0,catalogue,1
2026-08-11T09:38:57.423444+00:00,sezamo,7874,Bulgarini Amarone Della Valpolicella Vin rosu sec,392.99,RON,,0,catalogue,1
2026-08-11T09:38:57.423752+00:00,sezamo,10752,Legras & Haas Grand Cru Blanc de Blancs Brut millesime 2014 Vin alb spumant brut,546.99,RON,,0,catalogue,1
2026-08-11T09:38:57.424228+00:00,sezamo,15235,Louis Roederer Sampanie brut rose vintage gift box,473.99,RON,,0,catalogue,1
2026-08-11T09:38:57.424435+00:00,sezamo,31716,Amarone Fratelli Giuliari Vin rosu sec cutie lemn,616.99,RON,,0,catalogue,1
2026-08-11T09:38:57.424637+00:00,sezamo,31713,Amarone Tommasi Vin rosu sec cutie lemn,616.99,RON,,0,catalogue,1
2026-08-11T09:38:57.424874+00:00,sezamo,9666,Barons de Rothschild Blanc de Blancs Sampanie,625.99,RON,,0,catalogue,1
2026-08-11T09:38:57.425122+00:00,sezamo,4323,Budureasca Premium Vin rosu sec Miniaturi Cabernet Sauvignon,14.99,RON,,0,catalogue,0
2026-08-11T09:38:57.425365+00:00,sezamo,4326,Budureasca Premium Vin alb sec Miniaturi Fume,14.99,RON,,0,catalogue,0
2026-08-11T09:38:57.425819+00:00,sezamo,3843,Traditional Vin alb sec Feteasca Alba,21.49,RON,,0,catalogue,0
2026-08-11T09:38:57.426204+00:00,sezamo,31705,Brilla Extra Dry Prosecco,26.79,RON,,0,catalogue,0
2026-08-11T09:38:57.426585+00:00,sezamo,5858,Miguel Torres Sangre de Toro clasico Vin alb,41.49,RON,,0,catalogue,0
2026-08-11T09:38:57.426813+00:00,sezamo,15903,Martini Prosecco Vin rose spumant extra-sec 11.5%,48.99,RON,,0,catalogue,0
2026-08-11T09:38:57.427013+00:00,sezamo,4881,Terra Romana Sauvignon Blanc si Feteasca Alba Vin alb sec,63.99,RON,,0,catalogue,0
2026-08-11T09:38:57.427228+00:00,sezamo,10886,Crama Bratu Vin alb demisec Muscat Ottonel Bag-in-Box,71.99,RON,,0,catalogue,0
2026-08-11T09:38:57.427443+00:00,sezamo,25102,Anno Vin alb sec Cabernet Sauvignon,83.99,RON,,0,catalogue,0
2026-08-11T09:38:57.427641+00:00,sezamo,46534,Cecilia Beretta Lugana DOC 2024 Vin alb sec,85.99,RON,,0,catalogue,0
2026-08-11T09:38:57.427877+00:00,sezamo,32697,Masca Del Tacco Susumaniello Vin rosu sec,89.99,RON,,0,catalogue,0
2026-08-11T09:38:57.428298+00:00,sezamo,5898,Dulce de Fintesti Via Mirabilis Vin rosu Feteasca Neagra,119.99,RON,,0,catalogue,0
2026-08-11T09:38:59.774366+00:00,supeco_glovo,10004602,Vin 3 Pietre Sauvignon Blanc 0.75L,11.69,RON,,0,catalogue,
2026-08-11T09:38:59.774654+00:00,supeco_glovo,10005332,Vin Castel Huniade Sauvignon Blanc Demisec 0.187 L,5.99,RON,,0,catalogue,
2026-08-11T09:38:59.774884+00:00,supeco_glovo,10004878,Traditional Feteasca Regala,19.59,RON,,0,catalogue,
2026-08-11T09:38:59.775099+00:00,supeco_glovo,10004823,Grigorescu Dry Muscat,25.99,RON,,0,catalogue,
2026-08-11T09:38:59.775275+00:00,supeco_glovo,10004880,Grigorescu Gewurztraminer',25.99,RON,,0,catalogue,
2026-08-11T09:38:59.775477+00:00,supeco_glovo,10004820,Traditional Riesling,20.99,RON,,0,catalogue,
2026-08-11T09:38:59.775651+00:00,supeco_glovo,10004876,Traditional Feteasca Alba,20.99,RON,,0,catalogue,
2026-08-11T09:38:59.775848+00:00,supeco_glovo,10003082,Nec Plus Ultra Sauvignon Blanc,22.99,RON,,0,catalogue,
2026-08-11T09:38:59.776028+00:00,supeco_glovo,10004910,Tezaur Sauvignon Blanc + Feteasca Regala,37.59,RON,,0,catalogue,
2026-08-11T09:38:59.776225+00:00,supeco_glovo,10005272,"Vin alb Cotnari, Eticheta Galbena, Demidulce 1.5L",20.49,RON,,0,catalogue,
2026-08-11T09:38:59.776415+00:00,supeco_glovo,10005212,Tamaioasa Romaneasca 0.75L Cotnari,16.99,RON,,0,catalogue,
2026-08-11T09:38:59.776605+00:00,supeco_glovo,10005273,Vin alb demisec Cotnari Eticheta Galbena 1.5L,20.49,RON,,0,catalogue,
2026-08-11T09:38:59.776837+00:00,supeco_glovo,10005218,Tamaioasa Romameasca 0.75L,16.99,RON,,0,catalogue,
2026-08-11T09:38:59.777097+00:00,supeco_glovo,10005807,Vin alb Castel Huniade Feteasca Regala IG 0.75L,21.49,RON,,0,catalogue,
2026-08-11T09:38:59.777427+00:00,supeco_glovo,10005259,Vin alb sec Recas Castel Huniade Sauvignon Blanc 0.75L,22.45,RON,,0,catalogue,
2026-08-11T09:38:59.777660+00:00,supeco_glovo,10005806,Vin alb sec Castel Huniade Recas 0.75L,21.49,RON,,0,catalogue,
2026-08-11T09:38:59.777876+00:00,supeco_glovo,10005329,"Cervus Cepturum, Vin Muscat Ottonel Demidulce 0.75L",14.99,RON,,0,catalogue,
2026-08-11T09:38:59.778067+00:00,supeco_glovo,10002975,Vin Alb Demisec Pelin Urlati 0.75L,25.49,RON,,0,catalogue,
2026-08-11T09:38:59.778248+00:00,supeco_glovo,10002874,"Domeniile Samburesti Chardonnay 0.75L, Sec",40.49,RON,,0,catalogue,
2026-08-11T09:38:59.778481+00:00,supeco_glovo,10005799,Vin Schwaben Wein Feteasca Regala Demisec 0.75 L,17.45,RON,,0,catalogue,
2026-08-11T09:38:59.778671+00:00,supeco_glovo,10005798,Vin Schwaben Wein Riesling Sec 0.75 L,14.84,RON,,0,catalogue,
2026-08-11T09:38:59.778886+00:00,supeco_glovo,10003174,Pelin Carpatin de Urlati Alb 1.5L,27.62,RON,,0,catalogue,
2026-08-11T09:38:59.779086+00:00,supeco_glovo,10005800,Vin alb demidulce Recas 0.75L,19.49,RON,,0,catalogue,
2026-08-11T09:38:59.779259+00:00,supeco_glovo,10005211,Grasa De Cotnari 0.75 Demi-Dulce,16.41,RON,,0,catalogue,
2026-08-11T09:38:59.779428+00:00,supeco_glovo,10005278,Grasa De Cotnari Demi-Sec 0.75 L,16.41,RON,,0,catalogue,
2026-08-11T09:38:59.779593+00:00,supeco_glovo,10005811,Proles Pontica tamaioasa romaneasca demidulce 1.5L,22.89,RON,,0,catalogue,
2026-08-11T09:38:59.779805+00:00,supeco_glovo,10005199,"Vin alb sec, Sauvignon Blanc, Magnus Monte 0.75L",29.93,RON,,0,catalogue,
2026-08-11T09:38:59.780001+00:00,supeco_glovo,10003040,Feteasa Regala Si Muscat Ottonel Panciu 750 ML,19.69,RON,,0,catalogue,
2026-08-11T09:38:59.780201+00:00,supeco_glovo,10004595,Vin Alb Alai Demisec Chardonnay 0.75L,20.49,RON,,0,catalogue,
2026-08-11T09:38:59.780374+00:00,supeco_glovo,10509213,Vin Feteasca Alba Dom Kogalniceanu 0.75L,19.99,RON,,0,catalogue,
2026-08-11T09:39:00.330337+00:00,supeco_glovo,10005294,"Cervus Cepturum, Vin Feteasca Neagra & Merlot Demisec 0.75L",14.99,RON,,0,catalogue,
2026-08-11T09:39:00.330604+00:00,supeco_glovo,10005802,Vin rosu demidulce Recas 0.75L,14.79,RON,,0,catalogue,
2026-08-11T09:39:00.330814+00:00,supeco_glovo,10004600,Vin 3 Pietre Merlot 0.75L,11.69,RON,,0,catalogue,
2026-08-11T09:39:00.331009+00:00,supeco_glovo,10005812,Vin Rosu Demidulce Feteasca Neagra Beciul Domnesc 0.75 L,22.49,RON,,0,catalogue,
2026-08-11T09:39:00.331229+00:00,supeco_glovo,10005813,"Beciul Domnesc Pinot Noir, Demisec 750 ML",22.49,RON,,0,catalogue,
2026-08-11T09:39:00.331410+00:00,supeco_glovo,10005797,Vin rosu demisec Recas Merlot 0.75L,19.49,RON,,0,catalogue,
2026-08-11T09:39:00.331604+00:00,supeco_glovo,10005803,Vin rosu demidulce Castel Huniade Merlot/Pinot Noir 0.75L,18.54,RON,,0,catalogue,
2026-08-11T09:39:00.331850+00:00,supeco_glovo,10005805,Vin Castel Huniade Cabernet Sauvignon Sec 0.75 L,21.49,RON,,0,catalogue,
2026-08-11T09:39:00.332048+00:00,supeco_glovo,10002734,Vin Rosu Sec Domeniile Samburesti Cabernet Sauvignon 0.75L,32.39,RON,,0,catalogue,
2026-08-11T09:39:00.332275+00:00,supeco_glovo,10002902,Vin Rosu Sec Domeniile Samburesti Merlot 0.75L,32.49,RON,,0,catalogue,
2026-08-11T09:39:00.332480+00:00,supeco_glovo,10003130,"Domeniile Samburesti Feteasca Neagra 0.75L, Sec",32.49,RON,,0,catalogue,
2026-08-11T09:39:00.332698+00:00,supeco_glovo,10003131,"Domeniile Samburesti Pinot Noir 0.75L, Sec",40.49,RON,,0,catalogue,
2026-08-11T09:39:00.332926+00:00,supeco_glovo,10003255,Vin Feteasca Neagra Panciu 0.75 L,19.69,RON,,0,catalogue,
2026-08-11T09:39:00.333179+00:00,supeco_glovo,10005198,Vin sec Feteasca Neagra Magnus Monte 0.75L,29.93,RON,,0,catalogue,
2026-08-11T09:39:00.333366+00:00,supeco_glovo,10509212,Vin Feteasca Neagra Dom Kogalniceanu 0.75L,30.99,RON,,0,catalogue,
2026-08-11T09:39:02.667336+00:00,supeco_glovo,10004983,"Clasic, Busuioaca De Bohotin, Vin Roze Demidulce, 0.75 L - D.O.C. Husi",15.49,RON,,0,catalogue,
2026-08-11T09:39:02.667603+00:00,supeco_glovo,10004601,Vin 3 Pietre Syraz Roze 0.75L,11.69,RON,,0,catalogue,
2026-08-11T09:39:02.667829+00:00,supeco_glovo,10004610,"Roze Premiat 0,75L Roze Demisec",12.99,RON,,0,catalogue,
2026-08-11T09:39:02.668002+00:00,supeco_glovo,10003428,Traditional Roze Demidulce,20.99,RON,,0,catalogue,
2026-08-11T09:39:02.668167+00:00,supeco_glovo,10005239,Vin rose demidulce Schwaben Wein 0.75L,14.08,RON,,0,catalogue,
2026-08-11T09:39:02.668337+00:00,supeco_glovo,10005295,"Cervus Cepturum, Vin Rose Demisec 0.75L",14.99,RON,,0,catalogue,
2026-08-11T09:39:02.668511+00:00,supeco_glovo,10005238,Vin roze demisec Castel Huniade IG 0.75L,22.19,RON,,0,catalogue,
2026-08-11T09:39:02.668687+00:00,supeco_glovo,10005380,Caii de la Letea Volumul I Rose,34.39,RON,,0,catalogue,
2026-08-11T09:39:02.668917+00:00,supeco_glovo,10003027,"Domeniile Samburesti Roze 0.75L, Sec",25.49,RON,,0,catalogue,
2026-08-11T09:39:02.669161+00:00,supeco_glovo,10003331,Pelin Carpatin de Urlati Rose 0.75L,25.49,RON,,0,catalogue,
2026-08-11T09:39:02.669354+00:00,supeco_glovo,10508194,"Vin Rose Sange De Taur, 1.5L",27.09,RON,,0,catalogue,
2026-08-11T09:39:02.669536+00:00,supeco_glovo,10003266,"Regala, Busuioaca De Bohotin, Vin Roze Demidulce, 0.75 L - D.O.C. Husi",28.49,RON,,0,catalogue,
2026-08-11T09:39:02.669762+00:00,supeco_glovo,10003260,Vin rose Casa Panciu 0.75L,19.07,RON,,0,catalogue,
2026-08-11T09:39:02.669941+00:00,supeco_glovo,10004596,Vin Rose Alai Demisec 0.75L,20.49,RON,,0,catalogue,
2026-08-11T09:39:02.670106+00:00,supeco_glovo,10509211,Vin Rose Domeniile Kogalniceanu 0.75L,15.5,RON,,0,catalogue,
2026-08-11T09:39:03.801287+00:00,supeco_glovo,10005254,Prosecco D.O.C Treviso Brut 0.75l Mionetto Orange,40.39,RON,,0,catalogue,
2026-08-11T09:39:03.801603+00:00,supeco_glovo,10003717,"Vin Rose Spumant, Riunite Lambrusco Emilia, 0.75L",30.49,RON,,0,catalogue,
2026-08-11T09:39:03.802137+00:00,supeco_glovo,10003579,Vin Spumant Rose Zarea Lambrusco 0.75L,24.29,RON,,0,catalogue,
2026-08-11T09:39:03.802320+00:00,supeco_glovo,10004976,Vin Spumant Alb Demisec Zarea Crystal Collection 0.75L,27.49,RON,,0,catalogue,
2026-08-11T09:39:03.802525+00:00,supeco_glovo,10003258,Prosecco 0.75L Zarea,40.49,RON,,0,catalogue,
2026-08-11T09:39:03.803192+00:00,supeco_glovo,10003146,"Vin Spumant Alb Prosecco Doc Zarea, Demisec, 0.75 L",40.49,RON,,0,catalogue,
2026-08-11T09:39:03.803380+00:00,supeco_glovo,10003578,Vin Spumant Rosu Zarea Lambrusco 0.75L,25.49,RON,,0,catalogue,
2026-08-11T09:39:03.803555+00:00,supeco_glovo,10003989,Vin Spumant Zarea Prosecco Rose 0.75L,40.49,RON,,0,catalogue,
2026-08-11T09:39:03.803767+00:00,supeco_glovo,10003714,"Vin Spumant Alb, Extra Dry, Maschio Prosecco Doc Treviso, 0.75L",39.44,RON,,0,catalogue,
2026-08-11T09:39:03.803992+00:00,supeco_glovo,10003980,"Vin Spumant Rose Prosecco, Extra Dry, Machio Rose , 0.75L",39.44,RON,,0,catalogue,
2026-08-11T09:39:03.804373+00:00,supeco_glovo,10005769,Cuvee Imperial Angelli 0.75l,25.49,RON,,0,catalogue,
2026-08-11T09:39:03.804758+00:00,supeco_glovo,10003502,Feteasca Regala Si Muscat Ottonel 0.75 L Domeniile Panciu,23.86,RON,,0,catalogue,
2026-08-11T09:39:03.804962+00:00,supeco_glovo,10003185,Frizzante Rose Demisec Casa Panciu 750 ML,20.51,RON,,0,catalogue,
2026-08-11T09:39:04.839344+00:00,supeco_glovo,10005833,Vin Purcari 1827 Sauvignon Blanc Sec 0.75L,35.49,RON,,0,catalogue,
2026-08-11T09:39:04.839662+00:00,supeco_glovo,10005207,"Purcari 1827, Vin Rose Sec 0.75L",35.49,RON,,0,catalogue,
2026-08-11T09:39:04.840045+00:00,supeco_glovo,10005219,"Purcari 1827, Vin Rara Neagra De Purcari Sec 0.75L",35.49,RON,,0,catalogue,
2026-08-11T09:39:04.840320+00:00,supeco_glovo,10510122,Vin Pinot Noir Les Allies 0.75L,19.99,RON,,0,catalogue,
2026-08-11T09:39:04.840632+00:00,supeco_glovo,10005832,"Purcari 1827, Vin Chardonnay Sec 0.75L",35.49,RON,,0,catalogue,
2026-08-11T09:39:04.840887+00:00,supeco_glovo,10004928,"Vin Demisec Rose Mateus 0,75L Vol.11%",23.49,RON,,0,catalogue,
2026-08-11T09:39:04.841158+00:00,supeco_glovo,10004929,"Vin Alb Demisec Mateus 0,75L Vol.10%",25.49,RON,,0,catalogue,
2026-08-11T09:39:04.841346+00:00,supeco_glovo,10003045,Vin Cricova Hartie Chardonnay 0.75L,20.49,RON,,0,catalogue,
2026-08-11T09:39:04.841565+00:00,supeco_glovo,10003044,Vin Cricova Hartie Cabernet Sauvignon 0.75L,20.49,RON,,0,catalogue,
2026-08-11T09:39:04.841810+00:00,supeco_glovo,10510116,Vin Sauvignon Blanc Tussock Jumper 0.75L,25.99,RON,,0,catalogue,
2026-08-11T09:39:04.842030+00:00,supeco_glovo,10003781,"Vin Vartely Individo Pinot Gris & Chardonnay Alb 0.75L, Sec",37.49,RON,,0,catalogue,
2026-08-11T09:39:04.842272+00:00,supeco_glovo,10003545,"Vartely Individo Rara Neagra & Malbec & Syrah Rosu 0.75L, Sec",37.49,RON,,0,catalogue,
2026-08-11T09:39:04.842551+00:00,supeco_glovo,10004891,"Vin Rosu Sec Jp Chenet Cabernet-Syrah 0,75L Vol.13,5%",25.49,RON,,0,catalogue,
2026-08-11T09:39:04.842821+00:00,supeco_glovo,10509743,Vin Individo Rose Sec 0.75,36.99,RON,,0,catalogue,
2026-08-11T09:39:04.843045+00:00,supeco_glovo,10003547,Vin Rose Demidulce Suvorov Letto Grand Moscato 1L,27.99,RON,,0,catalogue,
2026-08-11T09:39:04.843251+00:00,supeco_glovo,10003548,Vin Alb Demidulce Suvorov Letto Viorica 1L,28.49,RON,,0,catalogue,
2026-08-11T09:39:04.843443+00:00,supeco_glovo,10003546,Vin Rosu Demidulce Suvorov Letto Merlot 1L,27.99,RON,,0,catalogue,
2026-08-11T09:39:04.843641+00:00,supeco_glovo,10005645,"Sol De Chile, Vin Rose Syrah 0.75L",19.87,RON,,0,catalogue,
2026-08-11T09:39:04.843870+00:00,supeco_glovo,10511092,Mateus Branco 0.187L,13.49,RON,,0,catalogue,
2026-08-11T09:39:04.844052+00:00,supeco_glovo,10508288,"Vin Demisec Rose Mateus 0,187L Vol.11%",13.49,RON,,0,catalogue,
2026-08-12T06:46:22.605822+00:00,auchan,694686,"Vin alb demisec Suvorov Glamour, Sauvignon Blanc, 0.75 l",26.9,RON,38.49,1,catalogue,1
2026-08-12T06:46:22.607965+00:00,auchan,691880,"Vin alb sec Domeniul Coroanei Segarcea Elite, Chardonnay 0.75 l",33.89,RON,39.99,1,catalogue,1
2026-08-12T06:46:22.608264+00:00,auchan,542709,"Vin alb demisec Castel Huniade, Feteasca Regala, 0.75 l",25.89,RON,,0,catalogue,1
2026-08-12T06:46:22.609463+00:00,auchan,691889,"Vin alb sec Domeniul Coroanei Segarcea Elite, Sauvignon Blanc 0.75 l",33.89,RON,39.99,1,catalogue,1
2026-08-12T06:46:22.610102+00:00,auchan,542715,"Vin alb demidulce Castel Huniade, Muscat Ottonel, alcool 12%, 0.75 l",25.89,RON,,0,catalogue,1
2026-08-12T06:46:22.611776+00:00,auchan,455827,"Pelin Carpatin, Pelin alb demisec de Urlati, 0.75 l",16.79,RON,,0,catalogue,1
2026-08-12T06:46:22.612011+00:00,auchan,455823,"Pelin Carpatin, Pelin alb demisec de Urlati, 1.5 l",24.99,RON,29.49,1,catalogue,1
2026-08-12T06:46:22.614139+00:00,auchan,691890,"Vin alb sec Domeniul Coroanei Segarcea Elite, Tamaioasa Romaneasca 0.75 l",33.89,RON,39.99,1,catalogue,1
2026-08-12T06:46:22.614425+00:00,auchan,691888,"Vin alb sec Domeniul Coroanei Segarcea Elite, Feteasca Alba 0.75 l",33.89,RON,39.99,1,catalogue,1
2026-08-12T06:46:22.615191+00:00,auchan,542710,"Vin alb sec Castel Huniade, Riesling Italian 0.75 l",25.89,RON,,0,catalogue,1
2026-08-12T06:46:22.616749+00:00,auchan,490288,"Vin alb Domeniile Vinju Mare, Tamaioasa Romaneasca 0.75 l",13.49,RON,17.99,1,catalogue,1
2026-08-12T06:46:22.617010+00:00,auchan,490189,"Vin alb demisec Casa Panciu, Feteasca Regala, Muscat Ottonel 0.75 l",19.99,RON,,0,catalogue,1
2026-08-12T06:46:22.617373+00:00,auchan,490114,"Vin alb sec Caii De La Letea Legenda, 0.75 l",29.99,RON,42.99,1,catalogue,1
2026-08-12T06:46:22.618189+00:00,auchan,455642,"Vin alb sec Jidvei Tezaur, Sauvignon Blanc si Feteasca Regala, 0.75 l",42.49,RON,,0,catalogue,1
2026-08-12T06:46:22.619591+00:00,auchan,455610,Vin alb demidulce Jidvei Craita Transilvaniei 0.75 l,15.99,RON,,0,catalogue,1
2026-08-12T06:46:22.619828+00:00,auchan,455609,Vin alb demisec Jidvei Craita Transilvaniei 0.75 l,15.99,RON,,0,catalogue,1
2026-08-12T06:46:22.621103+00:00,auchan,167278,"Vin alb sec Chateau Cristi Bravoure Fume, Chardonnay si Rkatsiteli, 0.75 l",35.49,RON,47.39,1,catalogue,1
2026-08-12T06:46:22.621643+00:00,auchan,724893,"Vin alb sec Caii de la Letea Volumul II, 0.75 l",60.99,RON,,0,catalogue,1
2026-08-12T06:46:22.625390+00:00,auchan,291946,"Vin alb sec Castel Huniade, Sarba, 0.75 l",25.89,RON,,0,catalogue,1
2026-08-12T06:46:22.625574+00:00,auchan,965461,"Vin alb sec Domeniile Vinju Mare Prince Vlad, Chardonnay, 0.75 l",31.59,RON,39.49,1,catalogue,1
2026-08-12T06:46:22.626860+00:00,auchan,777044,"Vin alb demisec Prahova Valley Feteasca Regala, 0.75 l",27.29,RON,,0,catalogue,1
2026-08-12T06:46:22.627392+00:00,auchan,741362,"Vin alb demisec Fautor Vie de Vis, Aligote, 0.75 l",25.0,RON,35.99,1,catalogue,1
2026-08-12T06:46:22.627470+00:00,auchan,741361,"Vin alb sec Fautor Vie de Vis, Sauvignon Blanc, 0.75 l",35.99,RON,,0,catalogue,1
2026-08-12T06:46:22.628482+00:00,auchan,694682,"Vin alb sec Chateau Vartely Sauvignon Blanc, 0.75 l",20.89,RON,32.29,1,catalogue,1
2026-08-12T06:46:22.629765+00:00,auchan,693441,"Vin alb sec Cricova Prestige, Pinot Grigio, alcool 12%, 0.75 l",38.69,RON,,0,catalogue,1
2026-08-12T06:46:22.629862+00:00,auchan,693440,"Vin alb sec Cricova Prestige, Chardonnay, alcool 12.5%, 0.75 l",38.69,RON,,0,catalogue,1
2026-08-12T06:46:22.631340+00:00,auchan,692285,"Vin alb sec de Livia, Plavaie 0.75 l",25.99,RON,,0,catalogue,1
2026-08-12T06:46:22.631848+00:00,auchan,692129,"Vin alb demisec de Varancha, Feteasca Regala 0.75 l",16.99,RON,21.39,1,catalogue,1
2026-08-12T06:46:22.634647+00:00,auchan,640195,"Vin alb sec Vinul Cavalerului, Chardonnay, 0.75 l",23.49,RON,29.39,1,catalogue,1
2026-08-12T06:46:22.637270+00:00,auchan,542727,"Vin alb demisec Cramele Recas Muse White, Feteasca Regala si Muscat Ottonel, 0.75 l",78.49,RON,,0,catalogue,1
2026-08-12T06:46:22.639835+00:00,auchan,532762,"Vin alb demidulce Beciul Domnesc, Muscat Ottonel 0.75 l",18.69,RON,24.93,1,catalogue,1
2026-08-12T06:46:22.640065+00:00,auchan,532723,"Vin alb demidulce Beciul Domnesc Tamaioasa Romaneasca, 0.75 l",18.69,RON,24.93,1,catalogue,1
2026-08-12T06:46:22.640151+00:00,auchan,532722,"Vin alb demisec Beciul Domnesc, Feteasca Regala 0.75 l",18.69,RON,24.93,1,catalogue,1
2026-08-12T06:46:22.640391+00:00,auchan,532721,"Vin alb demisec Beciul Domnesc, Sauvignon Blanc 0.75 l",18.69,RON,24.93,1,catalogue,1
2026-08-12T06:46:22.640614+00:00,auchan,532720,"Vin alb sec Beciul Domnesc, Chardonnay 0.75 l",18.69,RON,24.93,1,catalogue,1
2026-08-12T06:46:22.644296+00:00,auchan,455664,"Vin alb sec Chateau Vartely, alcool 13.5%, 0. 187 l",15.99,RON,,0,catalogue,1
2026-08-12T06:46:22.644782+00:00,auchan,455644,"Vin alb demisec Jidvei Weinland, Feteasca Regala, 0.75 l",21.49,RON,,0,catalogue,1
2026-08-12T06:46:22.644870+00:00,auchan,455643,"Vin alb demisec Jidvei Weinland, Sauvignon Blanc, 0.75 l",21.49,RON,,0,catalogue,1
2026-08-12T06:46:22.644947+00:00,auchan,455636,Navigo Compas Chardonnay Alb 13.5% Sec 0.75 l,33.99,RON,,0,catalogue,1
2026-08-12T06:46:22.645196+00:00,auchan,455635,Vin Alb Sec Navigo Compas Pinot Grigio 12.5% 0.75 l,33.99,RON,,0,catalogue,1
2026-08-12T06:46:22.645552+00:00,auchan,455623,"Vin alb demisec Jidvei Nec Plus Ultra, Sauvignon Blanc 0.75 l",35.99,RON,,0,catalogue,1
2026-08-12T06:46:22.647679+00:00,auchan,455550,"Vin alb sec, Zghihara De Husi Averesti 0.75 l",20.99,RON,,0,catalogue,1
2026-08-12T06:46:22.647919+00:00,auchan,455549,"Vin sec Sauvignon Blanc Zghihara de Husi, 0.75 l",26.69,RON,,0,catalogue,1
2026-08-12T06:46:22.650400+00:00,auchan,454842,"Vin alb sec Vinarte, Sauvignon Blanc 0.75 l",22.39,RON,,0,catalogue,1
2026-08-12T06:46:22.650624+00:00,auchan,454840,"Vin alb demisec Vinarte, Tamaioasa Romaneasca 0.75 l",22.39,RON,,0,catalogue,1
2026-08-12T06:46:22.652094+00:00,auchan,226369,"Vin alb sec Domeniile Dealu Mare, Sauvignon Blanc si Feteasca Alba, 0.75 l",22.69,RON,34.99,1,catalogue,1
2026-08-12T06:46:22.652287+00:00,auchan,225084,"Vin alb sec Cramele Recas Sole, Viognier, 0.75 l",61.89,RON,,0,catalogue,1
2026-08-12T06:46:22.652800+00:00,auchan,202720,"Vin alb sec Beciul Domnesc, Galbena de Odobesti, 0.75 l",18.69,RON,24.93,1,catalogue,1
2026-08-12T06:46:22.665290+00:00,auchan,490319,"Vin alb sec Castel Mimi Chardonnay 2018, 14% alcool, 0.75 l",52.99,RON,,0,catalogue,1
2026-08-12T06:46:32.563407+00:00,auchan,291925,"Vin rosu sec Cotnari Concept, Feteasca Neagra, 0.75 l",33.99,RON,,0,catalogue,1
2026-08-12T06:46:32.563863+00:00,auchan,691886,"Vin rosu sec Domeniul Coroanei Segarcea Elite, Pinot Noir 0.75 l",33.89,RON,39.99,1,catalogue,1
2026-08-12T06:46:32.563962+00:00,auchan,691877,"Vin rosu sec Domeniul Coroanei Segarcea Elite, Cabernet Sauvignon 0.75 l",33.89,RON,39.99,1,catalogue,1
2026-08-12T06:46:32.564068+00:00,auchan,542706,"Vin rosu demidulce Castel Huniade, Merlot si Pinot Noir, 0.75 l",25.89,RON,,0,catalogue,1
2026-08-12T06:46:32.564419+00:00,auchan,490117,"Vin rosu sec Caii De La Letea Legenda, 0.75 l",29.99,RON,42.99,1,catalogue,1
2026-08-12T06:46:32.564866+00:00,auchan,741364,"Vin rosu sec Fautor Vie de Vis, Cabernet Sauvignon, 0.75 l",25.0,RON,35.99,1,catalogue,1
2026-08-12T06:46:32.564967+00:00,auchan,694688,"Vin rosu demisec Suvorov Glamour, Feteasca Neagra, 0.75 l",26.9,RON,38.49,1,catalogue,1
2026-08-12T06:46:32.565644+00:00,auchan,691884,"Vin rosu sec Domeniul Coroanei Segarcea Elite, Merlot 0.75 l",33.89,RON,39.99,1,catalogue,1
2026-08-12T06:46:32.565939+00:00,auchan,542707,"Vin rosu sec Castel Huniade, Cabernet Sauvignon, 0.75 l",25.89,RON,,0,catalogue,1
2026-08-12T06:46:32.566312+00:00,auchan,455824,"Pelin Carpatin, Pelin rosu demisec de Urlati, 1.5 l",24.99,RON,29.49,1,catalogue,1
2026-08-12T06:46:32.566548+00:00,auchan,455749,"Vin rosu dulce Sange de Taur, Cupaj, 1,5 l",27.99,RON,,0,catalogue,1
2026-08-12T06:46:32.566858+00:00,auchan,455607,"Vin rosu demidulce Jidvei Craita Transilvaniei, 0.75 l",15.99,RON,,0,catalogue,1
2026-08-12T06:46:32.568130+00:00,auchan,542708,"Vin rosu sec Castel Huniade, Feteasca Neagra, 0.75 l",25.89,RON,,0,catalogue,1
2026-08-12T06:46:32.568586+00:00,auchan,490089,"Vin rosu sec Caii de la Letea Volumul II, 0.75 l",60.99,RON,,0,catalogue,1
2026-08-12T06:46:32.568766+00:00,auchan,455828,"Pelin Carpatin, Pelin rosu demisec de Urlati, 0.75 l",16.79,RON,,0,catalogue,1
2026-08-12T06:46:32.569613+00:00,auchan,454885,"Vin rosu sec Cricova Prestige, Cabernet Sauvignon, 0.75 l",38.69,RON,,0,catalogue,1
2026-08-12T06:46:32.571583+00:00,auchan,839573,"Vin rosu sec Vivaldi Apassimento Veneto I.G.T, 0.75 l",71.89,RON,89.89,1,catalogue,1
2026-08-12T06:46:32.571755+00:00,auchan,839571,"Vin rosu sec Cantina di Negrar Il Viaggio Appassimento, Cupaj, 0.75 l",65.99,RON,,0,catalogue,1
2026-08-12T06:46:32.571935+00:00,auchan,839570,"Vin rosu demisec Cantina di Negrar Si. Mento, Corvina si Corvinone, 0.75 l",44.99,RON,,0,catalogue,1
2026-08-12T06:46:32.573023+00:00,auchan,741365,"Vin rosu sec Fautor Vie de Vis, Merlot, 0.75 l",25.0,RON,35.99,1,catalogue,1
2026-08-12T06:46:32.576885+00:00,auchan,693442,"Vin rosu sec Cricova Prestige Codru, Cabernet Sauvignon si Merlot, 0.75 l",38.69,RON,,0,catalogue,1
2026-08-12T06:46:32.583688+00:00,auchan,542714,"Vin rosu demisec Castel Huniade, Merlot, 0.75 l",25.89,RON,,0,catalogue,1
2026-08-12T06:46:32.586313+00:00,auchan,490276,"Vin rosu sec Domeniile Vinju Mare Prince Vlad, Feteasca Neagra, 0.75 l",29.99,RON,37.49,1,catalogue,1
2026-08-12T06:46:32.586507+00:00,auchan,490182,"Vin rosu demisec Casa Panciu, Feteasca Neagra, 0.75 l",19.99,RON,,0,catalogue,1
2026-08-12T06:46:32.586690+00:00,auchan,490087,"Vin rosu sec Caii de la Letea Volumul II, 0.75 l",60.99,RON,,0,catalogue,1
2026-08-12T06:46:32.587030+00:00,auchan,489128,"Vin rosu demisec Prahova Valley, Feteasca Neagra, 0.75 l",27.29,RON,,0,catalogue,1
2026-08-12T06:46:32.588149+00:00,auchan,455666,"Vin rosu sec Chateau Vartely Individo, Rara Neagra, Malbec si Syrah, 0.187 l",15.99,RON,,0,catalogue,1
2026-08-12T06:46:32.588268+00:00,auchan,455655,"Vin rosu sec Chateau Vartely, Cabernet Sauvignon, 0.75 l",20.89,RON,32.29,1,catalogue,1
2026-08-12T06:46:32.588432+00:00,auchan,455638,"Vin rosu sec Navigo Compas, Shiraz, 0.75 l",33.99,RON,,0,catalogue,1
2026-08-12T06:46:32.588598+00:00,auchan,455606,"Vin rosu demisec Jidvei Craita Transilvaniei, 0.75 l",15.99,RON,,0,catalogue,1
2026-08-12T06:46:32.595927+00:00,auchan,226371,"Vin rosu demisec Domeniile Dealu Mare, Cabernet Sauvignon si Feteasca Neagra, 0.75 l",22.69,RON,34.99,1,catalogue,1
2026-08-12T06:46:32.596782+00:00,auchan,199362,"Vin rosu demisec Crama Girboiu Varancha, Merlot, 0.75 l",16.99,RON,21.39,1,catalogue,1
2026-08-12T06:46:32.596862+00:00,auchan,199361,"Vin rosu sec Crama Girboiu Livia, Feteasca Neagra, 0.75 l",25.99,RON,,0,catalogue,1
2026-08-12T06:46:32.606770+00:00,auchan,324468,"Vin rosu sec Caii de la Letea Volumul 1, Rara Neagra, 0.75 l",37.99,RON,,0,catalogue,1
2026-08-12T06:46:38.694030+00:00,auchan,691887,"Vin rose sec Domeniul Coroanei Segarcea, 0.75 l",33.89,RON,39.99,1,catalogue,1
2026-08-12T06:46:38.695276+00:00,auchan,455826,"Pelin Carpatin, Pelin rose demisec de Urlati, 0.75 l",16.79,RON,,0,catalogue,1
2026-08-12T06:46:38.695518+00:00,auchan,455825,"Pelin Carpatin, Pelin rose demisec de Urlati, 1.5 l",24.99,RON,29.49,1,catalogue,1
2026-08-12T06:46:38.695998+00:00,auchan,455560,"Vin rose demidulce Domeniile Averesti, Busuioaca de Bohotin, 0.75 l",13.59,RON,15.99,1,catalogue,1
2026-08-12T06:46:38.696502+00:00,auchan,777695,"Vin perlant rose dulce Rose Verite, doza, 0.25 l",13.79,RON,,0,catalogue,1
2026-08-12T06:46:38.696739+00:00,auchan,694687,"Vin rose demisec Suvorov Glamour, Merlot, 0.75 l",26.9,RON,38.49,1,catalogue,1
2026-08-12T06:46:38.697018+00:00,auchan,542726,"Vin rose demisec Cramele Recas Muse Night, Merlot si Cabernet Sauvignon, 0.75 l",78.49,RON,,0,catalogue,1
2026-08-12T06:46:38.697839+00:00,auchan,490289,"Vin rose demidulce Domeniile Vinju, Feteasca Neagra, 0.75 l",13.49,RON,17.99,1,catalogue,1
2026-08-12T06:46:38.698079+00:00,auchan,490115,"Vin rose sec Caii De La Letea Legenda, 0.75 l",29.99,RON,42.99,1,catalogue,1
2026-08-12T06:46:38.699355+00:00,auchan,777696,"Vin perlant rose sec Rose Verite, doza, 0.25 l",13.79,RON,,0,catalogue,1
2026-08-12T06:46:38.700434+00:00,auchan,532764,"Vin rose demisec Beciul domnesc, 0.75 l",18.69,RON,24.93,1,catalogue,1
2026-08-12T06:46:38.701342+00:00,auchan,455559,"Vin rose sec Domeniile Averesti, Magnum, 1.5 l",170.69,RON,,0,catalogue,1
2026-08-12T06:46:38.701580+00:00,auchan,455558,"Vin rose demidulce Nativa, Busuioaca de Averesti 0.75 l",32.99,RON,47.19,1,catalogue,1
2026-08-12T06:46:38.702545+00:00,auchan,226370,"Vin rose sec Domeniile Dealu Mare, Cabernet Sauvignon si Feteasca Neagra, 0.75 l",22.69,RON,34.99,1,catalogue,1
2026-08-12T06:46:38.703781+00:00,auchan,777048,"Vin rose demisec Prahova Valley Feteasca Neagra, 0.75 l",27.29,RON,,0,catalogue,1
2026-08-12T06:46:38.704653+00:00,auchan,741363,"Vin rose demisec Fautor Vie de Vis, Merlot si Cabernet Sauvignon, 0.75 l",35.99,RON,,0,catalogue,1
2026-08-12T06:46:38.704737+00:00,auchan,729159,"Vin rose dulce Sange de Taur, 1.5 l",27.99,RON,,0,catalogue,1
2026-08-12T06:46:38.706799+00:00,auchan,692389,"Vin rose demisec Varancha, 12% alcool, 0.75 l",16.99,RON,21.39,1,catalogue,1
2026-08-12T06:46:38.713410+00:00,auchan,542725,"Vin rose sec Cramele Recas Muse Day, Merlot si Cabernet Sauvignon, 0.75 l",78.49,RON,,0,catalogue,1
2026-08-12T06:46:38.714008+00:00,auchan,542671,"Vin ecologic rose demisec Domeniul Bogdan, 0.75 l",27.59,RON,34.59,1,catalogue,1
2026-08-12T06:46:38.717643+00:00,auchan,490273,"Vin rose demisec Casa Panciu Cabernet Sauvignon, 0.75 l",21.29,RON,,0,catalogue,1
2026-08-12T06:46:38.717869+00:00,auchan,490090,"Vin rose sec Caii de la Letea Volumul II, 0.75 l",45.69,RON,60.99,1,catalogue,1
2026-08-12T06:46:38.720047+00:00,auchan,455665,"Vin rose sec Chateau Vartely, alcool 13.%, 0.187 l",15.99,RON,,0,catalogue,1
2026-08-12T06:46:38.720304+00:00,auchan,455654,"Vin rose sec Chateau Vartely, Malbec si Syrah, 0.75 l",20.89,RON,32.29,1,catalogue,1
2026-08-12T06:46:38.720401+00:00,auchan,455645,"Vin rose demisec Jidvei Weinland, Pinot Noir, Cabernet Sauvignon si Syrah, 0.75 l",21.49,RON,,0,catalogue,1
2026-08-12T06:46:38.720490+00:00,auchan,455641,"Vin rose sec Jidvei Tezaur, Pinot Noir si Syrah, 0.75 l",42.49,RON,,0,catalogue,1
2026-08-12T06:46:38.720792+00:00,auchan,455637,Vin rose sec Navigo Compas 13% 0.75 l,33.99,RON,,0,catalogue,1
2026-08-12T06:46:38.721231+00:00,auchan,455624,Vin rose demisec Jidvei Nec Plus Ultra 0.75 l,34.89,RON,,0,catalogue,1
2026-08-12T06:46:38.722394+00:00,auchan,455561,"Vin rose sec Busuioaca De Averesti 14%, 0.75 l",57.99,RON,83.49,1,catalogue,1
2026-08-12T06:46:38.722624+00:00,auchan,455552,"Vin rose demidulce, Regala de Averesti 0.75 l",26.79,RON,,0,catalogue,1
2026-08-12T06:46:38.722836+00:00,auchan,455551,Vin rose sec Regala de Averesti 0.75 l,21.49,RON,,0,catalogue,1
2026-08-12T06:46:38.724684+00:00,auchan,454886,"Vin rose sec Cricova, Cabernet Sauvignon, 0.75 l",38.69,RON,,0,catalogue,1
2026-08-12T06:46:38.725594+00:00,auchan,454843,"Vin rose demisec Vinarte, Merlot, Cabernet Sauvignon, Feteasca Neagra 0.75 l",22.39,RON,,0,catalogue,1
2026-08-12T06:46:43.756284+00:00,auchan,455802,"Vin frizzante rose demidulce Zarea Bella Vita Lambrusco Emilia I.G.T., 0.75 l",29.99,RON,,0,catalogue,1
2026-08-12T06:46:43.757592+00:00,auchan,455732,"Vin frizzante alb Zarea Bella Vita Lambrusco Emilia I.G.T., 0.75 l",29.99,RON,,0,catalogue,1
2026-08-12T06:46:43.760445+00:00,auchan,455803,"Vin frizzante rosu Zarea Bella Vita Lambrusco Emilia I.G.T., 0.75 l",29.99,RON,,0,catalogue,1
2026-08-12T06:46:43.763904+00:00,auchan,542728,"Vin spumant alb sec Cramele Recas Muse Stars, Mustoasa, 0.75 l",87.69,RON,,0,catalogue,1
2026-08-12T06:46:43.764839+00:00,auchan,911483,"Vin spumant rose sec Cramele Recas Muse Stars, Pinot Noir, 0.75 l",87.69,RON,,0,catalogue,1
2026-08-12T06:46:43.765264+00:00,auchan,741348,"Vin spumant alb dulce Gemma Di Luna, Moscato, 0.75 l",37.9,RON,54.19,1,catalogue,1
2026-08-12T06:46:43.766981+00:00,auchan,546049,"Vin spumant rose sec Luc Belaire Rose, Syrah, Grenache si Cinsault, 0.75 l",180.89,RON,,0,catalogue,1
2026-08-12T06:46:43.767258+00:00,auchan,546046,"Vin spumant alb sec Luc Belaire Gold, Chardonnay si Pinot Noir, 0.75 l",180.89,RON,,0,catalogue,1
2026-08-12T06:46:43.768578+00:00,auchan,490264,"Vin spumant alb dulce Panciu Riserva, Muscat Ottonel 0.75 l",30.89,RON,38.69,1,catalogue,1
2026-08-12T06:46:43.768644+00:00,auchan,490203,"Vin Spumant Casa Panciu Feteasca Regala & Muscat Ottonel Alb Demisec, 12.5%, 0.75 l",24.8,RON,35.49,1,catalogue,1
2026-08-12T06:46:43.768904+00:00,auchan,490047,"Vin Spumant rose Freixenet, extra sec, 11% alcool, 0.7 l",53.89,RON,,0,catalogue,1
2026-08-12T06:46:43.769814+00:00,auchan,489854,"Vin spumant rose sec Angelli, Rose de Noires 0.75 l",26.69,RON,,0,catalogue,1
2026-08-12T06:46:43.770033+00:00,auchan,489850,"Vin spumant alb demisec Angelli, Blanc de Blancs 0.75 l",26.39,RON,,0,catalogue,1
2026-08-12T06:46:43.770261+00:00,auchan,489800,Vin spumant alb dulce Torley Charmant 0.75 l,22.0,RON,31.79,1,catalogue,1
2026-08-12T06:46:43.770726+00:00,auchan,489179,"Vin spumant rose Rhein, Pinot Noir 0.75 l",53.8,RON,67.29,1,catalogue,1
2026-08-12T06:46:43.771250+00:00,auchan,457563,Vin spumant Cinzano GranDolce 0.75 l,43.79,RON,,0,catalogue,1
2026-08-12T06:46:43.775324+00:00,auchan,253225,"Vin spumant alb brut Freixenet Cava Cordon Negro, 0.75 l",35.79,RON,47.79,1,catalogue,1
2026-08-12T06:46:43.775442+00:00,auchan,151496,"Vin spumant rose demisec Freixenet Ice Rose Cuvee Especial Cava, 0.75 l",35.79,RON,47.79,1,catalogue,1
2026-08-12T06:46:43.775683+00:00,auchan,151494,"Vin spumant alb demisec Freixenet Ice Cuvee Especial Cava, 0.75 l",35.79,RON,47.79,1,catalogue,1
2026-08-12T06:46:46.238787+00:00,auchan,4950,"Vin alb demisec Val Duna, Cupaj Alb, 3 l, Bag in box",49.99,RON,,0,catalogue,1
2026-08-12T06:46:46.239032+00:00,auchan,4725,Vin Alb demisec Val Duna Muscat Ottonel 3 l,49.99,RON,,0,catalogue,1
2026-08-12T06:46:49.613312+00:00,auchan,455787,"Prosecco alb demisec Zarea Bella Vita D.O.C., 0.75 l",39.89,RON,49.99,1,catalogue,1
2026-08-12T06:46:49.613539+00:00,auchan,291924,"Prosecco alb extra sec Costaross D.O.C, 0.75 l",23.99,RON,,0,catalogue,1
2026-08-12T06:46:49.614318+00:00,auchan,455809,"Prosecco alb extra sec Zarea Bella Vita D.O.C., 0.75 l",39.89,RON,49.99,1,catalogue,1
2026-08-12T06:46:49.614556+00:00,auchan,455733,"Prosecco rose extra sec Zarea Bella Vita D.O.C., 0.75 l",39.89,RON,49.99,1,catalogue,1
2026-08-12T06:46:49.615140+00:00,auchan,489633,"Prosecco Maschio Treviso Extra Dry, 0.75 l",37.99,RON,45.16,1,catalogue,1
2026-08-12T06:46:49.615368+00:00,auchan,489631,"Prosecco Rose Riunite D.O.C, 0.75 l",40.59,RON,,0,catalogue,1
2026-08-12T06:46:49.615792+00:00,auchan,202700,"Prosecco alb brut Pasqua Romeo & Juliet, Glera, 0.75 l",39.89,RON,49.99,1,catalogue,1
2026-08-12T06:46:49.617662+00:00,auchan,489858,"Prosecco alb extra sec Mionetto Valdobbiadene superiore docg, 0.75 l",49.99,RON,71.99,1,catalogue,1
2026-08-12T06:46:49.617981+00:00,auchan,489636,"Prosecco Maschio Treviso D.O.C, 11% alcool, 0.75l",37.99,RON,45.16,1,catalogue,1
2026-08-12T06:46:49.618331+00:00,auchan,489634,"Proseco rose Maschio Extra Dry, 0.75 l",37.99,RON,45.16,1,catalogue,1
2026-08-12T06:46:49.618579+00:00,auchan,489628,"Prosecco White Riunite Frizzante Treviso D.O.C, extra sec, 0.75 l",38.99,RON,,0,catalogue,1
2026-08-12T06:46:49.618665+00:00,auchan,489621,"Prosecco alb sec Riunite Treviso D.O.C, 11% alcool, 0.75 l",40.59,RON,,0,catalogue,1
2026-08-12T06:46:49.620885+00:00,auchan,323064,"Prosecco extra sec Zonin Valdobbiadene Superiore DOCG, Glera, 0.75 l",73.99,RON,,0,catalogue,1
2026-08-12T06:46:49.621246+00:00,auchan,202701,"Prosecco rose brut Pasqua Millesimato Romeo & Juliet, Glera si Pinot Noir, 0.75 l",41.3,RON,51.69,1,catalogue,1
2026-08-12T06:47:06.044225+00:00,carrefour,10511632,"Tectonic Reserva - Cuvee Alb Doc Sec 0,75L",39.9,RON,,0,catalogue,1
2026-08-12T06:47:06.045515+00:00,carrefour,10511631,"Tectonic - Cabernet Sauvignon & Syrah Doc Sec 0,75L",23.99,RON,,0,catalogue,1
2026-08-12T06:47:06.046721+00:00,carrefour,10511636,"Premium White Blend Doc Cmd Cotesti, Sec 0,75L Petite Helena",114.99,RON,,0,catalogue,1
2026-08-12T06:47:37.374327+00:00,carrefour,10509802,"Bianco Puglia Igt 2024 12,5% Amornero 0.75L",25.9,RON,,0,catalogue,1
2026-08-12T06:47:52.550020+00:00,carrefour,10509738,"Vin Rosu Ungheni, Bridge, Merlot, Sec, 0.75l",32.49,RON,,0,catalogue,1
2026-08-12T06:47:52.550340+00:00,carrefour,10509739,"Vin Alb Ungheni, Bridge, Chardonnay, Sec, 0.75l",32.49,RON,,0,catalogue,1
2026-08-12T06:47:52.556014+00:00,carrefour,10005353,"Tata Si Fiul Rose 0.75L, sec",36.9,RON,,0,catalogue,1
2026-08-12T06:47:52.556289+00:00,carrefour,10509747,"Vin Tamaioasa Roza, Vinarte, Sec, 0.75l",87.49,RON,,0,catalogue,1
2026-08-12T06:48:16.066562+00:00,carrefour,10509138,"Zarea Ice Rose Vin Spumant, Demisec 0.75L",37.5,RON,,0,catalogue,1
2026-08-12T06:48:50.258951+00:00,carrefour,10508736,"Vin Roze Demisec Metafora Cabernet Sauvignon 0,75L",24.49,RON,,0,catalogue,1
2026-08-12T06:48:50.259605+00:00,carrefour,10508737,"Vin Alb Demisec Metafora Feteasca Regala 0,75L",24.49,RON,,0,catalogue,1
2026-08-12T06:48:50.259893+00:00,carrefour,10005624,"Vin Alb Purcari, Traminer De Purcari, 0.75 L",59.49,RON,,0,catalogue,1
2026-08-12T06:48:50.260550+00:00,carrefour,10508985,"Vin Spumant Caii de la Letea, Volumul I, Babeasca Neagra, Brut, 0.75l",44.35,RON,,0,catalogue,1
2026-08-12T06:49:04.893446+00:00,carrefour,10005589,"Vin Rosu Cantina di Negrar Il Viaggio Apassimento Veneto IGT, Sec, 0.75l",66.79,RON,,0,catalogue,1
2026-08-12T06:49:04.901071+00:00,carrefour,10005625,"Vin Rosu Purcari, Malbec, Sec, 0.75l",59.49,RON,,0,catalogue,1
2026-08-12T06:49:40.967276+00:00,carrefour,10005736,"Vin rosu demisec Domeniile Vinju Mare Bucura, Feteasca Neagra, 0.75L",15.09,RON,,0,catalogue,1
2026-08-12T06:50:12.084727+00:00,carrefour,10005800,"Vin Alb Schwaben Muscat Ottonel, Demidulce, 0.75l",19.9,RON,,0,catalogue,1
2026-08-12T06:50:12.085009+00:00,carrefour,10005798,"Vin Alb Schwaben, Riesling Italian, Sec, 0.75l",19.9,RON,,0,catalogue,1
2026-08-12T06:50:12.090345+00:00,carrefour,10005797,"Vin rosu Schwaben, Merlot, Demisec, 0.75l",19.9,RON,,0,catalogue,1
2026-08-12T06:50:31.848234+00:00,carrefour,10005739,"Vin alb demidulce Domeniile Vinju Mare Bucura, Tamaioasa Romaneasca, 0.75L",15.09,RON,,0,catalogue,1
2026-08-12T06:50:31.848566+00:00,carrefour,10005738,"Vin alb demisec Domeniile Vinju Mare Bucura, Sauvignon Blanc, 0.75L",15.09,RON,,0,catalogue,1
2026-08-12T06:50:31.849240+00:00,carrefour,10005615,"Vin alb demidulce, Domeniile Recas Gewurtztraminer, Cramele Recas, 0.75 l",38.99,RON,,0,catalogue,1
2026-08-12T06:50:46.042489+00:00,carrefour,10005252,"Vin rose demisec, Magnus Monte Ceptura, 0.75L",31.99,RON,,0,catalogue,1
2026-08-12T06:50:46.043987+00:00,carrefour,10005407,"Vin spumant Purcari, Cuvee Alb, Brut, 0.75L",114.15,RON,,0,catalogue,1
2026-08-12T06:50:46.047084+00:00,carrefour,10005770,"Vin Spumant, Angelli, Gran Dolce, 0.75l",29.5,RON,,0,catalogue,1
2026-08-12T06:50:46.050609+00:00,carrefour,10005820,"Vin Spumant, Angelli Blanc de Blancs, Demisec, 0.75l",29.5,RON,,0,catalogue,1
2026-08-12T06:50:46.051195+00:00,carrefour,10508296,"Vin spumant Zarea, Dulce Bella Vita Asti, Alb, 0.75L",54.9,RON,,0,catalogue,1
2026-08-12T06:50:46.053225+00:00,carrefour,10005769,"Vin Spumant, Angelli Cuvee Imperial, Demisec, 0.75l",29.5,RON,,0,catalogue,1
2026-08-12T06:50:58.199978+00:00,carrefour,10005239,Vin roze demidulce Schwaben 0.75L,19.9,RON,,0,catalogue,1
2026-08-12T06:50:58.200246+00:00,carrefour,10005802,"Vin rosu Schwaben, Cabernet Sauvignon/ Pinot Noir, 0.75L",19.9,RON,,0,catalogue,1
2026-08-12T06:50:58.201160+00:00,carrefour,10005799,Vin alb demisec Schwaben Feteasca Regala 0.75L,19.9,RON,,0,catalogue,1
2026-08-12T06:50:58.201452+00:00,carrefour,10005254,Prosecco Mionetto Treviso D.O.C Brut 0.75L,47.99,RON,,0,catalogue,1
2026-08-12T06:50:58.208174+00:00,carrefour,10005603,Vin alb Domeniile Prince Matei Rosturi 0.75L,35.49,RON,,0,catalogue,1
2026-08-12T06:50:58.208490+00:00,carrefour,10005605,Vin rosu Domeniile Prince Matei Rosturi 0.75L,35.49,RON,,0,catalogue,1
2026-08-12T06:50:58.209085+00:00,carrefour,10005604,Vin rose Domeniile Prince Matei Rosturi 0.75L,35.49,RON,,0,catalogue,1
2026-08-12T06:50:58.209975+00:00,carrefour,10005568,"Vin rosu sec Domenille Davidescu Rara Neagra & Saperavi, 13.5%, 0.75 L",41.29,RON,,0,catalogue,1
2026-08-12T06:51:10.504947+00:00,carrefour,10004994,"Vin Rosu Sange de Taur, Dulce, 0.75l",17.5,RON,,0,catalogue,1
2026-08-12T06:51:25.060081+00:00,carrefour,10003337,"Vin rosu Serve Cuvee Guillaume, Sec, 0.75L",91.99,RON,,0,catalogue,1
2026-08-12T06:51:37.442491+00:00,carrefour,10003131,"Vin rosu sec, Domeniile Samburesti Pinot Noir, 0.75L",38.69,RON,,0,catalogue,1
2026-08-12T06:51:37.442890+00:00,carrefour,10003130,"Vin rosu sec, Domeniile Samburesti Feteasca Neagra, 0.75L",38.69,RON,,0,catalogue,1
2026-08-12T06:51:37.443234+00:00,carrefour,10002902,"Vin rosu sec, Domeniile Samburesti Merlot, 0.75L",38.69,RON,,0,catalogue,1
2026-08-12T06:51:37.454816+00:00,carrefour,10003258,Prosecco Zarea 0.75 L,49.99,RON,,0,catalogue,1
2026-08-12T06:51:37.455066+00:00,carrefour,10003146,"Vin spumant alb Prosecco DOC Zarea, demisec, 0.75 L",49.99,RON,,0,catalogue,1
2026-08-12T06:52:03.369132+00:00,carrefour,10004835,"Vin rosu sec, Prince Mircea Merlot Vinarte, 0.75L",58.49,RON,,0,catalogue,1
2026-08-12T06:52:03.369449+00:00,carrefour,10003853,"Vin rosu sec, Prince Mircea Feteasca Neagra, 0.75L",58.49,RON,,0,catalogue,1
2026-08-12T06:52:03.369742+00:00,carrefour,10003852,"Vin rosu sec, Prince Mircea Cabernet Sauvignon Vinarte, 0.75L",57.99,RON,,0,catalogue,1
2026-08-12T06:52:03.375025+00:00,carrefour,10003204,"Vin alb sec, Budureasca Origini Oromanisa Cupaj, alcool 13.5%, 0.75L",90.75,RON,,0,catalogue,1
2026-08-12T06:52:16.864216+00:00,carrefour,10002659,"Vin rose Zarea, Sange De Taur, Dulce, 0.75L",17.5,RON,,0,catalogue,1
2026-08-12T06:52:16.864507+00:00,carrefour,10004105,"Vin rose Silvania Pinot Noir, 0.75l",32.99,RON,,0,catalogue,1
2026-08-12T06:52:16.865483+00:00,carrefour,10003015,"Vin rose Jidvei Nec Plus Ultra, Demisec, 0.75l",36.69,RON,,0,catalogue,1
2026-08-12T06:52:16.866049+00:00,carrefour,10003639,"Vin rose, Samburel De Olt, demisec, 0.75L",24.9,RON,,0,catalogue,1
2026-08-12T06:52:16.869442+00:00,carrefour,10003925,"Vin rose sec, Roza de Samburesti, 0.75L",48.99,RON,,0,catalogue,1
2026-08-12T06:52:16.870311+00:00,carrefour,10003027,"Vin rose sec, Domeniile Samburesti, 0.75L",38.69,RON,,0,catalogue,1
2026-08-12T06:52:27.643628+00:00,carrefour,10002734,"Vin rosu sec, Domeniile Samburesti Cabernet Sauvignon, 0.75L",38.69,RON,,0,catalogue,1
2026-08-12T06:52:49.666703+00:00,carrefour,10002938,"Vin alb Samburel De Olt, Sauvignon Blanc, demisec, 0.75L",24.9,RON,,0,catalogue,1
2026-08-12T06:52:49.667095+00:00,carrefour,10002939,"Vin alb Samburel De Olt, Chardonnay, demisec, 0.75L",24.9,RON,,0,catalogue,1
2026-08-12T06:52:49.673092+00:00,carrefour,10002735,"Vin alb, Domeniile Samburesti Sauvignon Blanc, 0.75L",38.69,RON,,0,catalogue,1
2026-08-12T06:52:49.678033+00:00,carrefour,10002969,"Vin alb demisec, Budureasca Clasic Sauvignon Blanc, 0.75L",32.99,RON,,0,catalogue,1
2026-08-12T06:53:03.951835+00:00,carrefour,10004976,"Vin Spumant Zarea Crystal Collection, Alb Demisec, 0.75l",34.9,RON,,0,catalogue,1
2026-08-12T06:53:03.962687+00:00,carrefour,10003036,"Vin Spumant Alb Zarea Crystal Collection, Dulce, 0.75l",34.9,RON,,0,catalogue,1
2026-08-12T06:53:15.293138+00:00,carrefour,10003254,"Vin spumant Alb Cricova Lacrima Dulce, Demisec 0.75l",33.99,RON,,0,catalogue,1
2026-08-12T06:53:15.294752+00:00,carrefour,10003989,"Vin spumant Prosseco Zarea,11 % alc. 750 ml",53.49,RON,,0,catalogue,1
2026-08-12T06:53:15.297687+00:00,carrefour,10002852,"Vin spumant alb, dulce, Silvania Premium lux, 0.75L",54.99,RON,,0,catalogue,1
2026-08-12T06:53:49.114560+00:00,carrefour,10507316,Vin rosu demisec Domeniile Vinju Mare Merlot 2L,33.55,RON,,0,catalogue,1
2026-08-12T06:53:49.115125+00:00,carrefour,10507318,"Vin alb Domeniile Vinju Mare Sauvignon Blanc, demisec, 2L",33.55,RON,,0,catalogue,1
2026-08-12T06:53:49.116288+00:00,carrefour,10507315,Vin rose demisec Domeniile Vinju Mare Bag in Bag 2L,29.19,RON,,0,catalogue,1
2026-08-12T06:53:52.156782+00:00,freshful,100169715,"Vin spumant Prosecco alb brut Treviso, 11%, 750ml",47.99,RON,,0,catalogue,1
2026-08-12T06:53:53.474638+00:00,freshful,100171998,"Vin spumant dulce Asti D.O.C.G., 7.5%, 750ml",56.99,RON,,0,catalogue,1
2026-08-12T06:53:54.658630+00:00,freshful,100171480,"Vin alb sec Livia Șarba D.O.C., 12%, 750ml",32.99,RON,,0,catalogue,1
2026-08-12T06:53:57.433898+00:00,freshful,100171084,"Vin alb demisec Sauvignon Blanc, 13%, 750ml",25.49,RON,,0,catalogue,1
2026-08-12T06:54:01.273611+00:00,freshful,100175752,"Vin rose sec Cabernet Sauvignon, Pinot Noir & Syrah, 12.5%, 750ml",64.49,RON,,0,catalogue,1
2026-08-12T06:54:10.677945+00:00,freshful,100217409,"Vin alb sec Origin Fetească Albă, 12%, 750ml",85.62,RON,,0,catalogue,1
2026-08-12T06:54:10.678189+00:00,freshful,100217410,"Vin roșu sec Origin Fetească Neagră, 13.5%, 750ml",85.62,RON,,0,catalogue,1
2026-08-12T06:54:10.678689+00:00,freshful,100217412,"Vin alb sec Projekt Rhein Riesling, 12%, 750ml",85.62,RON,,0,catalogue,1
2026-08-12T06:54:10.680057+00:00,freshful,100217710,"Vin rose dulce Desert, 10.5%, 500ml",58.8,RON,,0,catalogue,1
2026-08-12T06:54:10.680288+00:00,freshful,100217722,"Vin rose sec Rose Cosmina, 13.5%, 750ml",62.44,RON,,0,catalogue,1
2026-08-12T06:54:10.680518+00:00,freshful,100217723,"Vin alb sec Sauvignon Blanc Madame S., 13.35%, 750ml",72.05,RON,,0,catalogue,1
2026-08-12T06:54:10.680771+00:00,freshful,100217724,"Vin alb sec Cuvee Alexandra, 13%, 750ml",81.67,RON,,0,catalogue,1
2026-08-12T06:54:10.681733+00:00,freshful,100171336,"Vin roșu sec Quintessence II, 14%, 750ml",59.99,RON,,0,catalogue,0
2026-08-12T06:54:10.682633+00:00,freshful,100172771,"Vin rose demisec, 11.5%, 750ml",20.49,RON,,0,catalogue,0
2026-08-12T06:54:11.773161+00:00,kaufland,00061252,Varancha Vin alb / roşu sec,32.99,RON,39.99,1,promo,
2026-08-12T06:54:11.773457+00:00,kaufland,20728012,"Fetească de Tohani Vin rose sec 0,75 l",28.99,RON,37.99,1,promo,
2026-08-12T06:54:11.774326+00:00,kaufland,20677101,Beciul Domnesc Vin roșu / alb / rosé,29.99,RON,34.99,1,promo,
2026-08-12T06:54:11.775860+00:00,kaufland,20677277,Euforia Vin alb / roșu / rosé,34.99,RON,39.99,1,promo,
2026-08-12T06:54:11.776154+00:00,kaufland,20677083,Martini Prosecco / Prosecco rosé,34.99,RON,44.99,1,promo,
2026-08-12T06:54:11.776457+00:00,kaufland,20677015,"Mionetto Prosecco Rose 0,75 l",39.99,RON,49.99,1,promo,
2026-08-12T06:54:11.777330+00:00,kaufland,00168989,Cape Buffalo Vin alb sec 3 l,29.99,RON,34.99,1,promo,
2026-08-12T06:54:11.778195+00:00,kaufland,20875493,Pasqua Desire Lush&Zin Primitivo Puglia Vin roșu sec,44.99,RON,52.99,1,promo,
2026-08-12T06:54:11.778961+00:00,kaufland,20677696,"Tectonic Vin rosé sec 0,75 l",29.99,RON,37.99,1,promo,
2026-08-12T06:54:11.852562+00:00,kaufland,20901140,El Carisma Vin roșu,15.0,RON,21.99,1,promo,
2026-08-12T06:54:11.852842+00:00,kaufland,20679664,Voscarini Vin roșu sec,15.0,RON,19.99,1,promo,
2026-08-12T06:54:11.857386+00:00,kaufland,20740449,Escapade Vin rosé demisec,25.89,RON,36.99,1,promo,
2026-08-12T06:54:13.619629+00:00,kaufland_bolt,20770258,SALENTEIN PORTILLO SV BL SEC 12.5%0.75LS,64.99,RON,,0,catalogue,1
2026-08-12T06:54:13.620399+00:00,kaufland_bolt,20678037,V CAVALERULUI SAUV BL SEC 13% 0.75L,28.49,RON,,0,catalogue,1
2026-08-12T06:54:13.620838+00:00,kaufland_bolt,20678086,MOSIA TOHANI SAUV BL SEC12% DOC 0.75LS,28.55,RON,,0,catalogue,1
2026-08-12T06:54:13.633115+00:00,kaufland_bolt,20278018,EL CARISMA AIREN ALB 10% 3L BIB,26.99,RON,,0,catalogue,1
2026-08-12T06:54:13.642958+00:00,kaufland_bolt,20678076,DOM TOHANI FET.REGALA DMS 12.5% 0.75L,18.89,RON,,0,catalogue,1
2026-08-12T06:54:13.655211+00:00,kaufland_bolt,00063744,VIGNE NOBILE VIN ALB 10.5% SEC 5L,49.99,RON,,0,catalogue,1
2026-08-12T06:54:13.670060+00:00,kaufland_bolt,20678081,MOSIA TOHANI BUS MER DMD 11.5% DOC0.75LS,28.55,RON,,0,catalogue,1
2026-08-12T06:54:13.673330+00:00,kaufland_bolt,20677496,DOM BLAGA PELIN ROSE DMD 13.9% 0.75L,28.99,RON,,0,catalogue,1
2026-08-12T06:54:13.675846+00:00,kaufland_bolt,20679315,ROSTURI ROSE SEC 13% 0.75L,35.99,RON,,0,catalogue,1
2026-08-12T06:54:13.676044+00:00,kaufland_bolt,00025908,BUDUREASCA ROSE DMS 13% 2L BIB,51.99,RON,,0,catalogue,1
2026-08-12T06:54:13.676259+00:00,kaufland_bolt,00159356,CERVUS CEPTURUM ROSE DMS 13% 3L BIB,40.99,RON,,0,catalogue,1
2026-08-12T06:54:13.686487+00:00,kaufland_bolt,00063750,VIGNE NOBILE VIN ROZE 10.5% SEC 5L,49.99,RON,,0,catalogue,1
2026-08-12T06:54:13.694114+00:00,kaufland_bolt,20677632,ANNO MERLOT 12L SEC 14% 0.75L,69.99,RON,,0,catalogue,1
2026-08-12T06:54:13.705157+00:00,kaufland_bolt,20678247,ALIRA CAB SAUV 18L SEC 14% 0.75L,48.99,RON,,0,catalogue,1
2026-08-12T06:54:13.715684+00:00,kaufland_bolt,00025911,BUDUREASCA CAB SAUV SEC 14% 2L BIB,51.99,RON,,0,catalogue,1
2026-08-12T06:54:13.718884+00:00,kaufland_bolt,20677339,SANGELE URSULUI ROSU DLC 12.5% 0.75L,13.29,RON,,0,catalogue,1
2026-08-12T06:54:13.719608+00:00,kaufland_bolt,20677200,BUDUREASCA FET NEAGRA DMS 14%0.75L,32.99,RON,,0,catalogue,1
2026-08-12T06:54:13.722125+00:00,kaufland_bolt,20678240,W.P. FET N&CADARCA SEC 13.5% 0.75L,55.49,RON,,0,catalogue,1
2026-08-12T06:54:13.753599+00:00,kaufland_bolt,20677945,GARRONE ASTI SPUMANT DULCE 7.5% 0.75L,39.69,RON,,0,catalogue,1
2026-08-12T06:54:13.765774+00:00,kaufland_bolt,20677420,TAITTINGER CHAMPAGNE BRUT 12.5% 0.375LSG,191.9,RON,,0,catalogue,1
2026-08-12T06:54:24.429266+00:00,mega_image,42886,Vin rosu demisec Feteasca Neagra & Merlot 750ml,15.79,RON,,0,catalogue,1
2026-08-12T06:54:24.430825+00:00,mega_image,43206,Vin Busuioaca de Bohotin 0.75L,14.99,RON,,0,catalogue,1
2026-08-12T06:54:24.432001+00:00,mega_image,41813,Vin alb sec Chardonnay de Purcari 0.75L,38.39,RON,,0,catalogue,1
2026-08-12T06:54:24.432432+00:00,mega_image,41830,Prosecco DOC Treviso Orange 0.75L,47.99,RON,,0,catalogue,1
2026-08-12T06:54:24.433275+00:00,mega_image,43226,Vin alb sec Chardonnay 0.75L,33.19,RON,,0,catalogue,1
2026-08-12T06:54:24.433640+00:00,mega_image,41823,Vin roze sec 0.75L,40.19,RON,,0,catalogue,1
2026-08-12T06:54:24.434218+00:00,mega_image,42813,Vin alb sec Pinot Grigio de Purcari 0.75L,38.39,RON,,0,catalogue,1
2026-08-12T06:54:24.434434+00:00,mega_image,42723,Vin alb sec Sauvignon Blanc 0.75L,38.39,RON,,0,catalogue,1
2026-08-12T06:54:25.452149+00:00,mega_image,43861,Vin alb demidulce 1.5L,24.19,RON,,0,catalogue,1
2026-08-12T06:54:25.452689+00:00,mega_image,58449,Spumant roze brut Rara Neagra 0.75L,41.49,RON,,0,catalogue,1
2026-08-12T06:54:25.453082+00:00,mega_image,43351,Vin rose demisec Sorginte 0.75L,45.09,RON,,0,catalogue,1
2026-08-12T06:54:25.454516+00:00,mega_image,43326,Vin rose demidulce Busuioaca & Merlot 0.75L,29.69,RON,,0,catalogue,1
2026-08-12T06:54:25.459022+00:00,mega_image,43361,"Vin rosu sec Cabernet Sauvignon, Feteasca Neagra 0.75L",44.29,RON,,0,catalogue,1
2026-08-12T06:54:25.924880+00:00,mega_image,43054,Vin alb sec Chardonnay 0.75L,24.49,RON,,0,catalogue,1
2026-08-12T06:54:25.926263+00:00,mega_image,42661,Vin spumant dulce 0.75L,43.89,RON,,0,catalogue,1
2026-08-12T06:54:25.927038+00:00,mega_image,57117,Vin rosu sec 0.75L,42.49,RON,,0,catalogue,1
2026-08-12T06:54:25.929469+00:00,mega_image,43778,Vin alb sec Sauvignon Blanc Chardonnay 0.75L,44.99,RON,,0,catalogue,1
2026-08-12T06:54:25.930821+00:00,mega_image,2976,Vin spumant alb demisec 0.75L,28.99,RON,,0,catalogue,1
2026-08-12T06:54:26.342354+00:00,mega_image,57119,Vin rose sec 750ml,39.09,RON,,0,catalogue,1
2026-08-12T06:54:26.342531+00:00,mega_image,57116,Vin alb sec 750ml,40.89,RON,,0,catalogue,1
2026-08-12T06:54:26.348230+00:00,mega_image,6311,Vin alb sec Galbena de Odobesti 0.75L,29.79,RON,,0,catalogue,1
2026-08-12T06:54:26.650167+00:00,mega_image,42540,Vin alb sec Riesling Italian 0.75L,20.19,RON,,0,catalogue,1
2026-08-12T06:54:26.651214+00:00,mega_image,45692,Vin roze demisec Busuioaca de Bohotin 0.75L,57.79,RON,,0,catalogue,1
2026-08-12T06:54:26.651770+00:00,mega_image,14021,Vin alb demisec Tamaioasa Romaneasca 0.75L,20.99,RON,,0,catalogue,1
2026-08-12T06:54:26.651970+00:00,mega_image,42900,Vin alb sec Sauvignon Blanc 0.75L,25.49,RON,,0,catalogue,1
2026-08-12T06:54:26.652900+00:00,mega_image,57570,Vin alb sec Traminer 0.75L,59.69,RON,,0,catalogue,1
2026-08-12T06:54:39.485571+00:00,metro,BTY-X794741,"JIDVEI TEZAUR Sauvignon Blanc & Feteasca Regala Sec SGR 0,75 L",34.11,RON,,0,catalogue,1
2026-08-12T06:54:39.526567+00:00,metro,BTY-X824127,"KAIKOURA BAY Sauvignon Blanc Vin Alb Sec SGR 0,75 L",28.51,RON,,0,catalogue,0
2026-08-12T06:54:39.527518+00:00,metro,BTY-X817570,"PORTA NOVA Vin Alb Sec SGR 0,75 L",37.0,RON,,0,catalogue,0
2026-08-12T06:54:51.002353+00:00,metro,BTY-X809040,"DOMENIUL COROANEI SEGARCEA Elite Cabernet Sauvignon Vin Rosu Sec SGR 0,75 L",28.53,RON,,0,catalogue,1
2026-08-12T06:54:51.020814+00:00,metro,BTY-X823584,"PURCARI 1827 Saperavi Vin Rosu Sec SGR 0,75 L",49.9,RON,,0,catalogue,1
2026-08-12T06:54:51.027504+00:00,metro,BTY-X822832,"STIRBEY Novac Vin Rosu Sec SGR 0,75 L",125.01,RON,,0,catalogue,0
2026-08-12T06:54:57.242063+00:00,metro,BTY-X805502,"MINUTY M Vin Rose Sec SGR 0,75 L",90.0,RON,,0,catalogue,1
2026-08-12T06:55:04.106624+00:00,metro,BTY-X797403,"LOUIS ROEDERER Gift Vin Spumant SGR 0,75 L",295.0,RON,,0,catalogue,0
2026-08-12T06:55:07.402305+00:00,penny_bolt,RR-964094,Zarea Prosecco 750 ml 11% alc,49.99,RON,,0,catalogue,1
2026-08-12T06:55:07.403400+00:00,penny_bolt,RR-964093,Zarea Lambrusco Vin rose 7.5% alc. 750 ml,21.99,RON,,0,catalogue,1
2026-08-12T06:55:07.410999+00:00,penny_bolt,RR-964081,Caii de la Letea vol.1 Vin roze sec 750 ml,30.3,RON,,0,catalogue,1
2026-08-12T06:55:07.411846+00:00,penny_bolt,RR-964417,Schwaben Wein vin roze demidulce 750 ml,14.55,RON,,0,catalogue,1
2026-08-12T06:55:07.412450+00:00,penny_bolt,RR-965647,Pelin Carpatin vin rose 750 ml,13.48,RON,,0,catalogue,1
2026-08-12T06:55:07.412659+00:00,penny_bolt,RR-963893,Budureasca Vin rose dms 750 ml,26.39,RON,,0,catalogue,1
2026-08-12T06:55:07.412858+00:00,penny_bolt,RR-990194,"Aerosoli Feteasca neagra & Pinot noir vin roze sec 12,5% alc. 750 ml",31.99,RON,,0,catalogue,1
2026-08-12T06:55:07.413126+00:00,penny_bolt,RR-989716,Colinele nobile vin rose demisec 750 ml,7.75,RON,,0,catalogue,1
2026-08-12T06:55:07.413338+00:00,penny_bolt,RR-964076,Domeniile Samburesti Vin rose sec 750 ml,25.51,RON,,0,catalogue,1
2026-08-12T06:55:07.413554+00:00,penny_bolt,RR-963999,Jidvei Grigorescu Vin roze demisec 750 ml,20.79,RON,,0,catalogue,1
2026-08-12T06:55:07.416522+00:00,penny_bolt,RR-969755,Mateus Vin rose 11% alc. 750 ml,20.79,RON,,0,catalogue,1
2026-08-12T06:55:07.416734+00:00,penny_bolt,RR-964091,Sange de taur Vin rose dulce 750 ml,12.15,RON,,0,catalogue,1
2026-08-12T06:55:07.418051+00:00,penny_bolt,RR-964090,Sange de taur Vin rosu dulce 750 ml,12.15,RON,,0,catalogue,1
2026-08-12T06:55:08.676711+00:00,profi_glovo,093918-000,Jidvei Grigorescu Muscat Dry Vin Alb Demisec 0.75L,26.99,RON,,0,catalogue,
2026-08-12T06:55:08.677461+00:00,profi_glovo,093913-000,"Feteasca Regala 0,750 Lit - Doc Demisec",21.49,RON,,0,catalogue,
2026-08-12T06:55:08.681911+00:00,profi_glovo,093754-000,Livia Sarba Vin Alb Sec 0.75L,31.49,RON,,0,catalogue,
2026-08-12T06:55:12.138035+00:00,profi_glovo,093590-000,Zarea Crystal Spumant Demisec 0.75L,29.99,RON,,0,catalogue,
2026-08-12T06:55:32.005515+00:00,selgros,119814,"DOMENIILE AVERESTI NATIVUS ZGHIHARA ALB SEC 0,75",42.99,RON,,0,catalogue,1
2026-08-12T06:55:32.010742+00:00,selgros,22518,"SCEPTRUS CHARDONNAY&SAUVIGNON BLANC FUME ALB SEC 0,75",39.64,RON,,0,catalogue,1
2026-08-12T06:55:32.013274+00:00,selgros,609876,"DOMENIILE URLATI VIN ALB DRY MUSCAT DS 0,75",23.99,RON,,0,catalogue,1
2026-08-12T06:55:32.015283+00:00,selgros,631489,"EXPLICIT SAUVIGNON BLANC SEC 0,375",19.99,RON,,0,catalogue,1
2026-08-12T06:55:32.015498+00:00,selgros,87366,"BUDUREASCA CLASIC FUME ALB DEMISEC 0,75",31.99,RON,,0,catalogue,1
2026-08-12T06:55:32.016653+00:00,selgros,977022,"ALAI CHARDONNAY ALB DEMISEC 0,75",25.41,RON,,0,catalogue,1
2026-08-12T06:55:32.016858+00:00,selgros,834962,"BECIUL DOMNESC SAUVIGNON BLANC DEMISEC 0,187",10.15,RON,,0,catalogue,1
2026-08-12T06:55:32.035382+00:00,selgros,104373,"DOMENIILE AVERESTI NATIVUS SAUVIGNON BLANC SEC 0,75",42.99,RON,,0,catalogue,1
2026-08-12T06:55:32.047711+00:00,selgros,301358,"BECIUL DOMNESC SAUVIGNON BLANC DEMISEC 0,75",24.99,RON,,0,catalogue,1
2026-08-12T06:55:32.067576+00:00,selgros,818647,"DOMENIILE AVERESTI VIN ALB DE HUSI DEMIDULCE 3,0",38.08,RON,47.0,1,catalogue,0
2026-08-12T06:55:32.071719+00:00,selgros,924206,"DOMENIILE AVERESTI NATIVUS CUVEE ALB DEMISEC 0,75",42.99,RON,,0,catalogue,1
2026-08-12T06:55:32.086092+00:00,selgros,249343,"BACANTA SARBA ALB SEC 0,75",79.98,RON,,0,catalogue,1
2026-08-12T06:55:35.139088+00:00,selgros,189055,"SARICA ESSENTIA 4 SFINTI CUVEE ROSU SEC 0,75",14.13,RON,17.9,1,catalogue,0
2026-08-12T06:55:35.140660+00:00,selgros,297100,"TOHANI DOMENII PINOT NOIR ROSU DEMIDULCE 0,75",20.33,RON,,0,catalogue,1
2026-08-12T06:55:36.973144+00:00,selgros,251308,"DOMENIILE AVERESTI NATIVUS MERLOT ROSE SEC 0,75",42.99,RON,,0,catalogue,1
2026-08-12T06:55:36.990268+00:00,selgros,280156,"DOMENIILE AVERESTI NATIVUS BUSUIOACA ROSE DD 0,75",42.99,RON,,0,catalogue,1
2026-08-12T06:55:36.996123+00:00,selgros,1013626,"VAL DUNA BLANC DE ROUMANIE DEMISEC 10,0",110.84,RON,,0,catalogue,1
2026-08-12T06:55:36.996360+00:00,selgros,136251,"VILLA VINEA CLASSIC KERNER PINOT NOIR ROSE SEC 0,75",42.99,RON,,0,catalogue,0
2026-08-12T06:55:37.008656+00:00,selgros,179542,"DOM.AVERESTI DIAMOND MAGNUM BUSUIOACA ROSE SEC 1,5",129.99,RON,,0,catalogue,1
2026-08-12T06:55:37.011249+00:00,selgros,25982,"C`EST SOIR FETEASCA NEAGRA ROSE SEC 0,75",54.99,RON,,0,catalogue,1
2026-08-12T06:55:37.011945+00:00,selgros,235964,"DOMENIILE SAMBURESTI ROSE SEC 0,75",33.99,RON,,0,catalogue,1
2026-08-12T06:55:37.015309+00:00,selgros,943943,"DOMENIILE AVERESTI ROZE AROMAT DE HUSI DEMISEC 3,0",49.99,RON,,0,catalogue,1
2026-08-12T06:55:38.502804+00:00,selgros,44443,"HENRI MARCEL SPUMANT ALB DEMISEC 0,75",19.99,RON,,0,catalogue,1
2026-08-12T06:55:38.503601+00:00,selgros,494906,"VEZZO BLANC DE BLANCS BRUT 0,75",37.98,RON,,0,catalogue,1
2026-08-12T06:55:38.516081+00:00,selgros,188927,"FREIX.CARTA NEV.DS0,75",32.09,RON,45.02,1,catalogue,0
2026-08-12T06:55:38.517342+00:00,selgros,203086,"MIONETTO PROSECCO TREVISO DOC ORANGE PRESTIGE ALB S 1,5",120.0,RON,,0,catalogue,1
2026-08-12T06:55:38.524656+00:00,selgros,219774,"GRANDE VENTO PROSECCO ALB EXTRA DRY 0,75",43.79,RON,,0,catalogue,1
2026-08-12T06:55:39.637145+00:00,selgros,184473,"BANFI CHIANTI DOCG ROSU SEC 0,75",81.34,RON,,0,catalogue,1
2026-08-12T06:55:39.637374+00:00,selgros,200753,"VARTELY INDIVIDO LTD RARA NEAGRA ROSU SEC 0,75",39.93,RON,49.92,1,catalogue,0
2026-08-12T06:55:39.637820+00:00,selgros,68841,"CECCHI CHIANTI CLASSICO STORIA FAMILIA DOCG ROSU SEC 0,75",82.24,RON,,0,catalogue,0
2026-08-12T06:55:39.658189+00:00,selgros,475311,"FLORIO MARSALA VECCHIO DOLCE 18% 0,75(VIN DESERT)",71.16,RON,,0,catalogue,1
2026-08-12T06:55:41.497174+00:00,selgros,64212,"RHEIN EXTRA VIN SPUMANT ALB BRUT 0,75",63.98,RON,,0,catalogue,1
2026-08-12T06:55:41.497396+00:00,selgros,295899,"CARASTELEC CARASSIA SPUMANT ROSE BRUT 0,75",121.0,RON,,0,catalogue,1
2026-08-12T06:55:41.497615+00:00,selgros,194215,"ANGELLI VIN SPUMANT ROSE DEMISEC 0,75",27.99,RON,,0,catalogue,1
2026-08-12T06:56:01.099791+00:00,sezamo,4133,Caloian Vin alb sec Sauvignon Blanc,26.99,RON,,0,catalogue,1
2026-08-12T06:56:01.115478+00:00,sezamo,41673,Tectonic Sauvignon Blanc & Chardonnay Fume DOC CMD Cotesti Vin alb sec,37.99,RON,,0,catalogue,1
2026-08-12T06:56:01.115730+00:00,sezamo,28624,Tectonic Vin alb demisec Tamaioasa Romaneasca DOC,37.99,RON,,0,catalogue,1
2026-08-12T06:56:01.150835+00:00,sezamo,21907,Prince Mircea Vin rosu sec Merlot,61.99,RON,,0,catalogue,1
2026-08-12T06:56:01.152692+00:00,sezamo,21909,Prince Mircea Vin rosu sec Cabernet Sauvignon,61.99,RON,,0,catalogue,1
2026-08-12T06:56:01.162953+00:00,sezamo,10886,Crama Bratu Vin alb demisec Muscat Ottonel Bag-in-Box,71.99,RON,,0,catalogue,1
2026-08-12T06:56:01.202588+00:00,sezamo,25095,Serafim Vin alb sec Feteasca Regala,37.29,RON,,0,catalogue,0
2026-08-12T06:56:02.242403+00:00,supeco_glovo,10004878,Traditional Feteasca Regala,17.39,RON,,0,catalogue,
2026-08-12T06:56:02.242755+00:00,supeco_glovo,10004823,Grigorescu Dry Muscat,22.99,RON,,0,catalogue,
2026-08-12T06:56:02.242966+00:00,supeco_glovo,10004880,Grigorescu Gewurztraminer',22.99,RON,,0,catalogue,
2026-08-12T06:56:02.243159+00:00,supeco_glovo,10004820,Traditional Riesling,17.88,RON,,0,catalogue,
2026-08-12T06:56:02.243394+00:00,supeco_glovo,10004876,Traditional Feteasca Alba,17.39,RON,,0,catalogue,
2026-08-12T06:56:02.248590+00:00,supeco_glovo,10004594,Vin Alb Demisec Alai Sauvignon Blanc 0.75L,20.49,RON,,0,catalogue,
2026-08-12T06:56:05.736832+00:00,supeco_glovo,10003428,Traditional Roze Demidulce,19.49,RON,,0,catalogue,
2026-08-12T06:56:06.859422+00:00,supeco_glovo,10005254,Prosecco D.O.C Treviso Brut 0.75l Mionetto Orange,45.49,RON,,0,catalogue,
